Latitude    Longitude    Seafloor_Age(Myr)    Plate_Thickness(km)    lithosphere_carbon(Mt/km^2)    Serpentinite_carbon(Mt/km^2)    Crust_carbon(Mt/km^2)    Sediment_carbon(Mt/km^2)    Total_carbon(Mt/km^2)    
====================Subduction_Zone_0====================
32.64       27.55        60.27                79.95                  10.893409                      5.454766                        8.994432                 20.269177                   45.611784                
32.92       28.26        60.90                80.36                  10.655106                      5.454766                        8.866783                 12.818450                   37.795104                
33.20       28.98        59.95                79.74                  10.367734                      5.395796                        8.895352                 11.348652                   36.007535                
33.53       29.86        63.09                81.80                  10.121910                      5.395796                        8.941586                 11.148824                   35.608117                
33.82       30.57        60.05                79.80                  9.937280                       5.395796                        9.026825                 11.612194                   35.972094                
34.02       31.08        59.09                79.16                  9.822502                       5.395796                        9.009655                 10.374539                   34.602492                
34.21       31.59        57.61                78.16                  9.735383                       5.395796                        8.100641                 9.174155                    32.405974                
34.60       32.55        48.17                71.47                  9.494951                       5.366310                        7.912243                 13.906497                   36.680001                
34.76       33.07        47.71                71.13                  9.461763                       5.356450                        7.661616                 15.196507                   37.676336                
34.93       33.58        47.38                70.88                  9.352675                       5.336825                        7.619495                 14.185553                   36.494548                
35.03       34.25        49.59                72.52                  12.064417                      5.468124                        7.777030                 14.765293                   40.074865                
35.13       34.92        45.24                69.27                  9.125593                       5.336825                        7.448195                 14.914401                   36.825013                
====================Subduction_Zone_1====================
36.97       13.96        209.84               125.00                 28.386685                      5.720133                        10.531774                69.850881                   114.489473               
36.46       14.18        207.90               125.00                 27.580456                      5.720133                        10.510428                47.042094                   90.853110                
35.96       14.40        207.74               125.00                 27.348403                      5.720133                        10.520434                45.767621                   89.356592                
35.09       14.78        208.37               125.00                 26.405418                      5.720133                        10.515293                45.517304                   88.158149                
34.39       15.03        210.13               125.00                 25.823477                      5.720133                        10.520934                37.284295                   79.348839                
33.69       15.29        209.52               125.00                 25.384939                      5.720133                        10.527594                35.942495                   77.575162                
33.07       16.05        197.61               125.00                 5.907237                       4.103082                        10.471743                15.332162                   35.814224                
32.61       16.76        197.70               125.00                 5.935902                       4.138005                        10.464328                28.996106                   49.534342                
32.16       17.48        194.89               125.00                 5.968259                       4.183167                        10.456210                34.276869                   54.884505                
31.96       18.21        195.07               125.00                 5.987946                       4.211754                        10.444903                42.124932                   62.769535                
31.76       18.94        198.29               125.00                 5.879903                       4.062740                        10.467714                42.053520                   62.463877                
31.56       19.66        201.34               125.00                 5.801546                       3.958387                        10.484998                48.942966                   69.187897                
31.54       20.43        191.39               125.00                 8.069638                       5.207509                        10.357417                26.604979                   50.239543                
31.52       21.20        134.61               119.48                 7.005440                       5.050502                        9.221618                 30.664852                   51.942412                
31.51       21.73        127.10               116.10                 8.157837                       5.230393                        9.025314                 41.931800                   64.345344                
31.50       22.26        140.00               121.85                 9.728306                       5.363931                        9.512613                 42.405608                   67.010459                
31.60       23.07        180.93               125.00                 9.426696                       5.355665                        10.064392                74.891839                   99.738593                
31.71       23.81        241.09               125.00                 8.440665                       5.264887                        9.441386                 113.399490                  136.546429               
31.83       24.55        237.22               125.00                 8.567867                       5.275888                        9.612525                 102.349491                  125.805772               
32.00       25.42        212.69               125.00                 8.978398                       5.308876                        10.531574                123.417674                  148.236522               
32.16       26.28        164.73               125.00                 9.758821                       5.385462                        9.496727                 64.714392                   89.355403                
32.40       26.91        91.98                98.76                  11.632555                      5.484251                        8.973104                 24.169738                   50.259648                
32.64       27.55        60.27                79.95                  10.893409                      5.454766                        8.994432                 20.269177                   45.611784                
====================Subduction_Zone_2====================
41.67       2.96         146.76               124.75                 9.235781                       5.344392                        8.392441                 26.067791                   49.040406                
41.67       2.92         145.88               124.38                 9.334611                       5.353460                        8.342607                 25.493053                   48.523732                
41.84       3.05         145.22               124.10                 9.437715                       5.363071                        8.282755                 24.653934                   47.737475                
42.05       3.29         145.86               124.37                 9.360152                       5.356430                        8.333865                 25.174791                   48.225238                
42.21       3.56         147.81               125.00                 9.177301                       5.342668                        8.475000                 26.071665                   49.066634                
42.04       4.17         147.32               124.99                 9.200353                       5.342843                        8.435426                 30.299901                   53.278522                
41.94       4.46         143.64               123.42                 9.533885                       5.371489                        8.257420                 205.126169                  228.288963               
41.89       4.87         144.83               123.93                 9.443882                       5.363425                        8.289882                 205.126169                  228.223358               
41.82       5.39         148.05               125.00                 9.139647                       5.339074                        8.495269                 205.126169                  228.100159               
41.88       5.88         145.14               124.06                 9.417240                       5.361061                        8.302106                 205.126169                  228.206577               
42.04       6.16         151.16               125.00                 9.200047                       5.343190                        8.440832                 205.126169                  228.110238               
42.21       6.84         149.29               125.00                 9.423049                       5.361499                        8.277723                 1.576817                    24.639087                
42.26       7.25         138.32               121.11                 13.411209                      5.534558                        9.402892                 1.576817                    29.925476                
42.28       7.56         137.44               120.73                 13.218957                      5.531365                        9.330009                 1.576817                    29.657148                
42.54       8.06         129.22               117.06                 12.962850                      5.523186                        8.850233                 1.576817                    28.913085                
42.09       8.59         125.81               115.50                 10.665061                      5.407526                        9.864656                 1.576817                    27.514060                
41.62       9.11         127.14               116.11                 8.295174                       5.251573                        9.876046                 1.261575                    24.684368                
41.46       9.18         151.16               125.00                 9.176588                       5.339797                        8.435301                 1.261575                    24.213261                
40.54       9.22         153.96               125.00                 8.540092                       5.273746                        9.374653                 205.126169                  228.314660               
39.71       9.66         204.79               125.00                 22.266479                      5.447991                        10.497843                205.126169                  243.338482               
39.32       10.05        204.79               125.00                 23.269519                      5.465229                        10.497908                205.126169                  244.358825               
39.01       10.83        202.88               125.00                 6.657048                       4.903260                        10.484240                205.126169                  227.170718               
38.70       11.61        205.97               125.00                 31.856305                      5.720133                        10.506272                205.126169                  253.208879               
38.62       12.27        206.59               125.00                 30.970470                      5.720133                        10.504074                205.126169                  252.320846               
38.36       12.85        207.11               125.00                 30.402034                      5.720133                        10.516933                190.819337                  237.458437               
38.20       13.04        208.04               125.00                 29.930423                      5.720133                        10.522000                167.033635                  213.206191               
37.77       13.56        209.69               125.00                 29.145841                      5.720133                        10.530963                129.247611                  174.644549               
37.40       13.69        210.04               125.00                 28.756282                      5.720133                        10.532855                69.850881                   114.860151               
36.97       13.96        209.84               125.00                 28.386685                      5.720133                        10.531774                69.850881                   114.489473               
====================Subduction_Zone_3====================
41.67       2.99         147.35               125.00                 9.171690                       5.338712                        8.428063                 26.430512                   49.368978                
41.46       3.75         146.66               124.71                 9.256596                       5.346829                        8.389172                 30.299901                   53.292499                
40.48       4.62         143.94               123.55                 9.551739                       5.373752                        8.242260                 205.126169                  228.293921               
39.79       4.82         141.99               122.71                 9.689914                       5.388317                        8.241443                 205.126169                  228.445843               
39.13       4.79         146.39               124.59                 9.218042                       5.338464                        8.334144                 9.973354                    32.864004                
38.34       4.68         143.97               123.56                 9.498597                       5.367773                        8.264770                 9.973354                    33.104495                
38.06       4.60         143.96               123.56                 9.565362                       5.374557                        8.219532                 9.973354                    33.132805                
37.48       4.44         167.87               125.00                 13.893618                      5.564568                        9.657722                 9.973354                    39.089263                
36.86       4.29         165.95               125.00                 12.421394                      5.513361                        9.475895                 9.973354                    37.384005                
36.22       3.83         158.63               125.00                 12.116976                      5.508019                        9.177458                 4.451399                    31.253852                
35.92       3.39         152.98               125.00                 11.398200                      5.465271                        9.353602                 4.451399                    30.668473                
35.92       3.39         152.94               125.00                 11.393535                      5.465243                        9.350892                 4.451399                    30.661069                
====================Subduction_Zone_4====================
35.92       3.39         152.94               125.00                 11.393535                      5.465243                        9.350892                 4.451399                    30.661069                
35.92       3.38         152.90               125.00                 11.388873                      5.465211                        9.348259                 4.451399                    30.653742                
35.82       3.19         150.18               125.00                 11.545222                      5.479566                        9.230896                 4.815087                    31.070770                
35.80       2.99         149.89               125.00                 10.706498                      5.452353                        8.818992                 4.698036                    29.675878                
35.78       2.79         146.33               124.57                 10.407780                      5.400119                        8.295559                 10.382522                   34.485981                
35.77       2.56         141.70               122.58                 10.132064                      5.395796                        8.395980                 5.738928                    29.662768                
35.68       2.25         137.06               120.56                 10.079711                      5.395796                        8.995336                 10.382522                   34.853366                
35.57       1.92         131.93               118.28                 10.076711                      5.395796                        9.644106                 21.776150                   46.892763                
35.46       1.64         121.22               113.38                 9.640358                       5.361937                        9.833975                 21.852745                   46.689014                
35.32       1.37         120.55               113.06                 7.244709                       5.013083                        9.845248                 21.869530                   43.972569                
35.14       1.06         120.65               113.11                 6.021951                       4.280722                        9.817720                 21.869530                   41.989923                
34.92       0.49         133.24               118.87                 7.526253                       5.148230                        9.574403                 11.113122                   33.362008                
34.70       -0.08        138.18               121.05                 7.520893                       5.145621                        9.656563                 7.878314                    30.201390                
34.51       -0.68        137.83               120.90                 7.471591                       5.130429                        8.821702                 9.268388                    30.692110                
34.40       -1.09        140.44               122.04                 7.628346                       5.159664                        8.331718                 9.165970                    30.285699                
34.27       -1.60        138.09               121.01                 8.023274                       5.210534                        8.994795                 5.219335                    27.447938                
34.16       -2.11        135.90               120.05                 8.130242                       5.237430                        9.221401                 3.824390                    26.413463                
34.06       -2.60        134.12               119.26                 8.505474                       5.256493                        9.544266                 3.751820                    27.058053                
33.95       -3.15        132.01               118.32                 9.128786                       5.323667                        9.760493                 4.277062                    28.490007                
33.92       -3.63        129.20               117.05                 9.920792                       5.385902                        9.848713                 5.726629                    30.882036                
33.98       -4.11        126.11               115.64                 11.207379                      5.453379                        9.878068                 8.416106                    34.954931                
34.13       -4.33        124.11               114.72                 12.434510                      5.507035                        9.871278                 11.523098                   39.335921                
34.21       -4.30        124.05               114.70                 12.572316                      5.514484                        9.870295                 11.100608                   39.057704                
====================Subduction_Zone_5====================
-67.26      -78.73       3.89                 20.31                  4.693460                       0.985124                        4.458430                 7.187326                    17.324340                
-66.96      -77.95       8.93                 30.78                  5.518869                       3.501932                        5.561079                 13.768854                   28.350735                
-66.67      -77.16       9.68                 32.03                  5.435922                       3.335812                        5.684206                 15.775082                   30.231021                
-66.37      -76.55       11.21                34.47                  4.841241                       0.000000                        5.911234                 17.532274                   28.284749                
-66.07      -75.94       11.38                34.74                  4.803439                       0.000000                        5.934990                 17.786355                   28.524784                
-65.71      -75.20       11.62                35.10                  4.774072                       0.000000                        5.966496                 19.548564                   30.289132                
-65.35      -74.46       11.15                34.39                  5.121769                       2.620686                        5.903428                 18.110920                   31.756804                
-64.96      -73.76       11.26                34.56                  5.094640                       2.542859                        5.918179                 17.991046                   31.546724                
-64.57      -73.05       11.42                34.80                  5.068465                       2.471800                        5.939923                 18.384695                   31.864883                
-64.36      -72.32       12.34                36.17                  5.050909                       2.423206                        6.057549                 20.182518                   33.714182                
-64.15      -71.58       13.27                37.52                  4.996716                       2.223662                        6.168193                 20.767613                   34.156184                
-63.99      -70.70       14.38                39.04                  4.261785                       0.000000                        6.303628                 23.698642                   34.264055                
-63.82      -69.81       15.35                40.34                  3.966403                       0.000000                        6.404865                 24.980129                   35.351397                
-63.66      -68.93       15.86                41.01                  3.965990                       0.000000                        6.415585                 26.468813                   36.850389                
-63.50      -68.38       15.56                40.61                  3.973667                       0.000000                        6.403825                 26.432053                   36.809545                
-63.33      -67.83       15.45                40.48                  3.983866                       0.000000                        6.399404                 25.482530                   35.865800                
-63.15      -67.22       14.61                39.36                  3.999796                       0.000000                        6.313330                 25.251928                   35.565054                
-62.97      -66.62       13.37                37.65                  4.022513                       0.000000                        6.179207                 21.982934                   32.184655                
-62.87      -66.21       12.67                36.66                  4.037776                       0.000000                        6.098416                 21.263499                   31.399691                
====================Subduction_Zone_6====================
-64.36      -50.64       20.22                46.31                  7.443867                       5.097763                        6.680417                 15.151359                   34.373406                
-64.07      -49.86       26.19                52.70                  6.800837                       4.988462                        4.465221                 6.298037                    22.552557                
====================Subduction_Zone_7====================
35.13       34.92        45.24                69.27                  9.125593                       5.336825                        7.448195                 14.914401                   36.825013                
35.17       35.23        46.08                69.90                  9.072022                       5.336825                        7.497657                 14.763547                   36.670051                
35.04       35.98        54.25                75.85                  8.155699                       5.199218                        8.157202                 10.422179                   31.934298                
34.91       36.73        65.76                83.51                  4.670550                       0.345276                        9.007714                 7.898035                    21.921575                
====================Subduction_Zone_8====================
34.95       36.74        65.42                83.29                  4.628066                       0.179021                        9.022623                 7.847236                    21.676947                
34.51       37.25        70.39                86.40                  4.438172                       0.000000                        8.978555                 7.608168                    21.024895                
34.08       37.76        72.22                87.51                  4.209923                       0.000000                        9.021654                 7.539491                    20.771069                
33.52       38.57        73.21                88.11                  4.162688                       0.000000                        9.050124                 6.285189                    19.498001                
32.96       39.38        73.08                88.04                  4.162599                       0.000000                        9.047758                 5.945587                    19.155943                
32.40       40.18        71.66                87.17                  4.661472                       0.000000                        8.998973                 5.418426                    19.078870                
31.82       41.09        71.30                86.95                  4.544915                       0.000000                        9.014968                 5.259195                    18.819078                
31.24       42.00        71.40                87.01                  4.530283                       0.000000                        9.017904                 4.645653                    18.193841                
30.85       42.71        71.21                86.90                  4.519511                       0.000000                        9.010710                 4.422018                    17.952239                
30.47       43.42        71.01                86.78                  4.509053                       0.000000                        9.002659                 4.106479                    17.618190                
30.08       44.13        70.78                86.64                  4.498909                       0.000000                        8.993715                 3.853449                    17.346073                
29.41       44.91        71.34                86.98                  4.487138                       0.000000                        9.014110                 3.849241                    17.350489                
28.75       45.68        71.84                87.28                  4.476623                       0.000000                        9.008121                 4.167696                    17.652440                
28.08       46.45        72.29                87.56                  4.464708                       0.000000                        9.043636                 4.185017                    17.693362                
27.62       47.25        71.99                87.37                  4.454708                       0.000000                        9.035295                 4.542176                    18.032180                
27.16       48.04        71.67                87.18                  4.445059                       0.000000                        9.024034                 3.977610                    17.446703                
26.71       48.84        70.16                86.26                  4.435757                       0.000000                        8.950001                 3.483584                    16.869342                
26.37       49.67        68.45                85.20                  4.427790                       0.000000                        8.935219                 3.266875                    16.629883                
26.03       50.50        67.31                84.49                  4.418531                       0.000000                        8.945084                 3.056417                    16.420032                
25.69       51.33        67.12                84.37                  4.417742                       0.000000                        8.939413                 3.113390                    16.470545                
25.46       52.10        67.26                84.46                  4.417025                       0.000000                        8.933040                 3.113390                    16.463455                
25.23       52.88        72.29                87.56                  4.406737                       0.000000                        9.020917                 3.113390                    16.541044                
24.90       53.79        71.16                86.87                  4.396802                       0.000000                        9.020226                 4.341347                    17.758375                
24.57       54.70        64.00                82.38                  4.361643                       0.000000                        9.064337                 3.910512                    17.336492                
24.44       55.33        64.16                82.49                  4.361083                       0.000000                        9.064337                 3.618564                    17.043984                
24.31       55.95        64.00                82.38                  4.361152                       0.000000                        9.064337                 3.496371                    16.921860                
24.18       56.50        64.00                82.38                  4.361701                       0.000000                        9.064337                 3.588137                    17.014175                
24.06       57.05        64.24                82.54                  4.361621                       0.000000                        9.064337                 4.071134                    17.497092                
24.13       57.56        64.00                82.38                  4.361161                       0.000000                        9.064337                 4.357361                    17.782860                
24.19       58.07        64.00                82.38                  4.361913                       0.000000                        9.064337                 4.386181                    17.812432                
24.26       58.71        64.00                82.38                  4.361241                       0.000000                        9.064337                 4.386181                    17.811759                
24.33       59.36        64.00                82.38                  4.361197                       0.000000                        9.064337                 4.386181                    17.811715                
24.37       59.86        64.00                82.38                  4.358142                       0.000000                        9.064337                 4.551989                    17.974468                
24.40       60.37        64.00                82.38                  4.357598                       0.000000                        9.064337                 4.551989                    17.973924                
24.41       60.60        64.13                82.47                  4.358053                       0.000000                        9.064337                 4.551989                    17.974379                
====================Subduction_Zone_9====================
6.94        87.69        67.45                84.57                  3.936747                       0.000000                        8.956250                 2.302230                    15.195227                
6.82        87.78        67.01                84.29                  3.941840                       0.000000                        8.970220                 2.313416                    15.225475                
5.91        88.44        63.83                82.27                  3.973005                       0.000000                        9.050549                 2.566726                    15.590279                
5.00        89.10        60.65                80.20                  4.037361                       0.000000                        8.967647                 4.252655                    17.257663                
4.10        89.76        57.83                78.31                  4.118561                       0.000000                        8.624653                 4.167194                    16.910408                
3.51        90.02        54.75                76.20                  4.166607                       0.000000                        8.466634                 4.580225                    17.213467                
2.92        90.27        53.16                75.08                  4.083136                       0.000000                        8.023123                 5.195364                    17.301624                
2.10        91.13        48.04                71.38                  4.417518                       0.000000                        7.656355                 7.746914                    19.820787                
1.28        91.98        43.94                68.26                  3.992041                       0.000000                        7.290687                 10.169035                   21.451764                
0.95        92.69        34.44                60.43                  3.978546                       0.000000                        7.203792                 11.278227                   22.460565                
0.62        93.40        33.75                59.83                  3.951935                       0.000000                        7.195472                 11.146964                   22.294370                
0.28        94.11        32.54                58.74                  3.876322                       0.000000                        7.191277                 11.092444                   22.160043                
-0.31       95.03        31.97                58.22                  3.878244                       0.000000                        7.189556                 11.039566                   22.107367                
-0.90       95.95        31.38                57.69                  3.880303                       0.000000                        7.189516                 11.075913                   22.145731                
-1.32       96.46        24.09                50.54                  4.032581                       0.000000                        7.194294                 15.056151                   26.283026                
-1.73       96.98        20.90                47.07                  4.174381                       0.000000                        6.950694                 19.037190                   30.162265                
-2.38       97.95        17.91                43.58                  4.164317                       0.000000                        6.641014                 22.084319                   32.889650                
-3.03       98.92        25.26                51.75                  4.092934                       0.000000                        7.212166                 14.594406                   25.899506                
-3.68       99.89        33.43                59.54                  4.034521                       0.000000                        7.198151                 11.407968                   22.640639                
-4.33       100.87       41.42                66.27                  3.987109                       0.000000                        7.228953                 10.607171                   21.823234                
====================Subduction_Zone_10====================
-4.33       100.87       41.42                66.27                  3.987109                       0.000000                        7.228953                 10.607171                   21.823234                
-4.55       101.56       42.37                67.03                  3.999944                       0.000000                        7.234037                 10.460606                   21.694587                
-4.89       102.30       43.21                67.69                  4.003046                       0.000000                        7.257688                 10.179078                   21.439813                
-5.08       102.71       43.71                68.08                  4.036146                       0.000000                        7.282448                 10.067684                   21.386277                
-5.49       103.57       44.17                68.44                  4.105358                       0.000000                        7.313906                 9.907223                    21.326487                
-5.82       104.49       44.16                68.43                  4.123880                       0.000000                        7.312171                 9.928526                    21.364578                
-6.15       105.41       44.85                68.96                  4.129441                       0.000000                        7.372212                 9.880562                    21.382215                
-6.35       105.90       45.05                69.11                  4.132355                       0.000000                        7.391762                 9.948832                    21.472949                
-6.60       106.53       44.83                68.95                  4.135922                       0.000000                        7.370045                 9.880435                    21.386402                
-6.94       107.39       46.92                70.54                  4.177400                       0.000000                        7.717548                 7.139077                    19.034025                
-7.13       107.98       52.86                74.87                  4.317325                       0.000000                        8.085189                 5.933979                    18.336493                
-7.22       108.29       53.39                75.24                  4.333651                       0.000000                        8.041249                 5.597554                    17.972454                
-7.30       108.55       54.06                75.72                  4.338802                       0.000000                        8.109420                 5.233691                    17.681914                
-7.36       108.78       55.27                76.56                  4.345841                       0.000000                        8.256842                 4.648912                    17.251596                
-7.46       109.09       57.12                77.83                  4.348807                       0.000000                        8.540707                 4.557105                    17.446619                
-7.57       109.47       59.64                79.52                  4.352460                       0.000000                        8.862275                 4.713891                    17.928626                
-7.72       109.96       61.00                80.43                  4.352873                       0.000000                        9.026365                 4.900492                    18.279730                
-7.79       110.26       62.33                81.30                  4.355570                       0.000000                        9.050620                 4.829680                    18.235870                
-7.89       110.68       63.23                81.88                  4.357793                       0.000000                        9.062559                 4.795717                    18.216068                
-7.98       111.08       62.86                81.64                  4.357899                       0.000000                        9.066411                 4.795717                    18.220027                
-8.02       111.22       62.89                81.67                  4.357130                       0.000000                        9.058227                 4.795717                    18.211074                
-8.24       112.15       74.02                88.60                  4.753920                       0.000000                        9.060215                 4.142059                    17.956193                
-8.38       112.81       76.80                90.25                  4.778344                       0.000000                        9.004170                 5.525485                    19.307999                
-8.51       113.47       83.16                93.91                  4.452298                       0.651658                        8.632334                 8.369331                    22.105621                
-8.65       114.05       82.15                93.34                  5.037842                       2.395636                        8.758812                 8.770601                    24.962891                
-8.78       114.64       81.16                92.77                  5.057909                       2.443658                        8.807512                 9.826921                    26.135999                
====================Subduction_Zone_11====================
-7.69       115.13       75.84                89.68                  5.112247                       2.602135                        9.034263                 5.502781                    22.251425                
-7.66       115.60       76.49                90.06                  5.050851                       2.423580                        9.015654                 5.250179                    21.740265                
-7.56       116.10       61.30                80.62                  5.211221                       2.850139                        8.887603                 4.434500                    21.383464                
-7.38       116.50       53.59                75.38                  5.337941                       3.135419                        8.153741                 6.060686                    22.687787                
-7.69       116.85       46.67                70.35                  5.290043                       3.034037                        7.587027                 7.295480                    23.206588                
-7.98       117.42       42.23                66.92                  5.293043                       3.038530                        7.384256                 10.129439                   25.845269                
-8.23       117.85       41.37                66.24                  5.362622                       3.186613                        7.262332                 8.591983                    24.403551                
-8.53       118.35       54.00                75.67                  5.163346                       2.724862                        8.246610                 5.496245                    21.631063                
====================Subduction_Zone_12====================
-33.45      165.17       7.01                 27.27                  4.931752                       2.068679                        5.412492                 9.743030                    22.155953                
-33.50      165.18       7.80                 28.76                  4.932022                       2.068796                        5.354051                 9.743030                    22.097899                
-34.09      165.60       3.08                 18.07                  4.924190                       2.039218                        4.553261                 2.662938                    14.179606                
-34.76      166.41       9.00                 30.89                  4.408805                       0.000000                        3.377396                 3.669710                    11.455911                
-35.47      166.80       9.00                 30.89                  4.906761                       0.862533                        4.720092                 6.720411                    17.209797                
-36.18      167.19       9.00                 30.89                  4.988128                       2.151149                        4.600548                 10.243502                   21.983329                
-36.70      167.61       9.00                 30.89                  6.567346                       4.941625                        5.209945                 12.474194                   29.193110                
-37.21      167.95       7.62                 28.43                  6.027837                       4.252470                        5.133252                 13.177464                   28.591022                
-37.74      168.36       8.49                 30.01                  5.080310                       2.512379                        5.431362                 14.059334                   27.083385                
-38.34      168.68       8.69                 30.36                  5.082238                       2.516216                        5.524847                 13.971865                   27.095166                
-39.01      168.71       8.86                 30.65                  5.086095                       2.519208                        5.350370                 13.789058                   26.744731                
-39.60      168.93       8.26                 29.59                  5.092195                       2.549092                        5.229338                 13.784704                   26.655328                
-40.23      169.40       8.87                 30.66                  5.198934                       2.823043                        5.486706                 14.310772                   27.819454                
-40.85      169.87       8.50                 30.03                  5.116573                       2.602961                        5.317838                 12.936547                   25.973919                
-41.39      170.00       8.43                 29.91                  5.125053                       2.638259                        5.474558                 12.267580                   25.505450                
-41.93      170.14       8.18                 29.46                  5.132493                       2.652169                        5.365142                 10.332315                   23.482119                
-42.59      170.15       6.03                 25.28                  4.720359                       0.621453                        4.989820                 10.332315                   20.663947                
-43.53      170.09       2.37                 15.86                  4.354547                       0.000000                        4.037295                 5.219833                    13.611675                
-44.43      170.47       0.31                 10.00                  4.599363                       0.000000                        2.673234                 1.068460                    8.341057                 
-44.47      170.49       0.40                 10.00                  4.576463                       0.000000                        2.849543                 1.068460                    8.494466                 
====================Subduction_Zone_13====================
18.00       -62.56       80.63                92.47                  4.626289                       0.000000                        8.831819                 9.617575                    23.075682                
17.33       -61.89       76.81                90.25                  4.603358                       0.000000                        9.003750                 6.866721                    20.473829                
16.67       -61.22       73.12                88.05                  4.587032                       0.000000                        9.049049                 3.794520                    17.430601                
16.00       -60.54       69.53                85.87                  4.586700                       0.025865                        8.929984                 4.243433                    17.785981                
15.08       -60.15       43.22                67.70                  7.787258                       5.179163                        7.298722                 9.611847                    29.876989                
14.17       -59.75       57.10                77.81                  6.146715                       4.490531                        8.525038                 4.731384                    23.893668                
13.23       -59.07       67.68                84.72                  5.684679                       3.781849                        8.952810                 2.952955                    21.372294                
12.30       -58.90       75.17                89.29                  5.589063                       3.613616                        9.048744                 4.924334                    23.175757                
11.37       -58.74       81.88                93.18                  5.497581                       3.457038                        8.771714                 8.763221                    26.489553                
10.45       -58.93       85.88                95.43                  5.376186                       3.213520                        8.458461                 12.371206                   29.419373                
9.53        -59.12       88.31                96.77                  5.343395                       3.148278                        8.236522                 15.119458                   31.847654                
8.54        -59.43       91.73                98.63                  5.289067                       3.032353                        8.122797                 16.409869                   32.854086                
====================Subduction_Zone_14====================
1.69        -75.58       55.08                76.43                  3.856149                       0.000000                        8.229151                 4.352391                    16.437691                
2.55        -75.06       55.42                76.66                  3.855216                       0.000000                        8.276768                 4.357105                    16.489088                
3.27        -75.34       54.53                76.04                  3.854109                       0.000000                        8.133314                 4.615664                    16.603087                
3.99        -75.62       54.25                75.85                  3.853198                       0.000000                        8.124392                 4.914198                    16.891789                
4.62        -75.62       54.12                75.75                  3.858342                       0.000000                        8.155346                 4.575125                    16.588813                
5.25        -75.63       53.93                75.63                  3.859454                       0.000000                        8.212548                 3.541094                    15.613096                
5.93        -75.13       69.19                85.66                  3.880529                       0.000000                        9.008129                 3.609448                    16.498107                
6.60        -74.63       93.77                99.72                  3.925046                       0.000000                        8.192287                 8.998429                    21.115762                
7.29        -74.12       112.23               109.09                 3.968380                       0.000000                        9.440849                 10.817568                   24.226796                
7.99        -73.62       113.48               109.70                 3.972730                       0.000000                        9.497948                 7.716595                    21.187273                
8.68        -73.12       114.76               110.32                 3.977078                       0.000000                        9.558717                 6.548475                    20.084270                
9.54        -72.29       116.44               111.12                 3.984697                       0.000000                        9.639604                 5.691320                    19.315621                
====================Subduction_Zone_15====================
4.99        -79.53       51.35                73.79                  3.850951                       0.000000                        7.932098                 5.930619                    17.713668                
4.87        -79.08       51.79                74.11                  3.851110                       0.000000                        7.940681                 5.814032                    17.605824                
4.69        -78.46       52.41                74.55                  3.851645                       0.000000                        7.966500                 5.628362                    17.446507                
4.47        -77.58       53.09                75.03                  3.851891                       0.000000                        8.017289                 5.305134                    17.174314                
3.88        -76.79       53.88                75.59                  3.852445                       0.000000                        8.065018                 5.077145                    16.994609                
3.14        -76.44       54.23                75.83                  3.853646                       0.000000                        8.121386                 4.766523                    16.741555                
2.39        -76.09       54.58                76.08                  3.855305                       0.000000                        8.162730                 4.612480                    16.630515                
1.85        -75.76       55.10                76.44                  3.855840                       0.000000                        8.231763                 4.496092                    16.583695                
1.69        -75.58       55.08                76.43                  3.856149                       0.000000                        8.229151                 4.352391                    16.437691                
====================Subduction_Zone_16====================
3.63        -83.48       53.04                75.00                  3.947602                       0.000000                        7.925411                 5.699656                    17.572670                
3.82        -82.83       52.79                74.82                  3.951666                       0.000000                        7.969345                 5.328641                    17.249653                
4.10        -81.93       54.25                75.85                  3.936988                       0.000000                        8.168268                 4.568203                    16.673459                
4.37        -81.03       49.83                72.69                  3.852161                       0.000000                        7.869848                 6.120622                    17.842631                
4.66        -80.28       50.59                73.24                  3.851592                       0.000000                        7.903847                 6.011048                    17.766486                
4.99        -79.53       51.35                73.79                  3.850951                       0.000000                        7.932098                 5.930619                    17.713668                
====================Subduction_Zone_17====================
15.25       -94.23       19.84                45.87                  3.916558                       0.000000                        6.836189                 20.046541                   30.799289                
15.11       -94.10       20.27                46.36                  3.915740                       0.000000                        6.878861                 19.834977                   30.629578                
14.27       -93.25       21.23                47.45                  3.911506                       0.000000                        6.947118                 18.560065                   29.418689                
13.43       -92.40       22.75                49.12                  4.083225                       0.000000                        7.059378                 17.641113                   28.783716                
12.58       -91.55       25.49                51.99                  4.095364                       0.000000                        7.219936                 16.036880                   27.352180                
11.73       -90.60       27.33                53.84                  4.102306                       0.000000                        7.223925                 14.179868                   25.506099                
10.88       -89.66       29.24                55.69                  4.109347                       0.000000                        7.208151                 12.062164                   23.379662                
10.09       -89.16       30.27                56.65                  4.256742                       0.000000                        7.194088                 11.175821                   22.626651                
9.30        -88.67       31.49                57.79                  4.262851                       0.000000                        7.189528                 11.116304                   22.568682                
8.37        -87.91       33.51                59.61                  4.270367                       0.000000                        7.198157                 11.204327                   22.672852                
7.44        -87.15       35.59                61.43                  4.278107                       0.000000                        7.214701                 11.529603                   23.022412                
6.48        -86.33       37.35                62.93                  4.284771                       0.000000                        7.236948                 11.616992                   23.138711                
5.51        -85.50       46.88                70.51                  3.973545                       0.000000                        7.674787                 8.974901                    20.623233                
4.55        -84.67       49.12                72.17                  3.931605                       0.000000                        7.857749                 7.089201                    18.878555                
4.18        -84.30       49.37                72.35                  4.007367                       0.000000                        7.832680                 6.371708                    18.211755                
3.75        -83.84       51.61                73.98                  3.992792                       0.000000                        7.896054                 6.132251                    18.021097                
3.63        -83.48       53.04                75.00                  3.947602                       0.000000                        7.925411                 5.699656                    17.572670                
====================Subduction_Zone_18====================
15.25       -94.23       19.84                45.87                  3.916558                       0.000000                        6.836189                 20.046541                   30.799289                
15.25       -94.23       19.84                45.87                  3.916558                       0.000000                        6.836189                 20.046541                   30.799289                
====================Subduction_Zone_19====================
26.34       119.73       31.68                57.96                  5.166644                       2.730556                        7.191231                 11.890975                   26.979406                
26.63       120.30       31.10                57.43                  5.425509                       3.305720                        7.201571                 11.405456                   27.338256                
26.92       120.87       31.18                57.50                  5.684933                       3.774090                        7.192128                 11.145111                   27.796261                
27.71       121.73       41.76                66.55                  6.170765                       4.645179                        7.239783                 10.888673                   28.944400                
28.35       122.10       45.97                69.82                  4.635554                       0.000000                        7.414464                 8.579388                    20.629406                
28.99       122.47       45.26                69.28                  4.200153                       0.000000                        7.415814                 7.941760                    19.557727                
====================Subduction_Zone_20====================
29.67       123.31       45.66                69.58                  4.161314                       0.000000                        7.469899                 8.548451                    20.179664                
29.41       123.03       45.64                69.57                  4.163709                       0.000000                        7.456319                 8.548451                    20.168479                
29.07       122.60       45.43                69.41                  4.293004                       0.000000                        7.502695                 7.941760                    19.737458                
28.99       122.47       45.26                69.28                  4.200153                       0.000000                        7.415814                 7.941760                    19.557727                
====================Subduction_Zone_21====================
50.79       140.47       44.74                68.88                  4.073062                       0.000000                        7.365876                 8.880487                    20.319426                
50.61       140.45       44.98                69.07                  4.070683                       0.000000                        7.386083                 9.465850                    20.922616                
49.86       140.23       45.87                69.74                  4.066612                       0.000000                        7.483216                 9.035890                    20.585718                
49.10       140.01       45.43                69.41                  3.924080                       0.000000                        7.432276                 9.470316                    20.826673                
48.35       139.79       46.19                69.99                  3.923961                       0.000000                        7.521644                 8.935895                    20.381500                
47.69       139.50       46.45                70.18                  3.923883                       0.000000                        7.553022                 8.350493                    19.827397                
====================Subduction_Zone_22====================
50.79       140.47       44.74                68.88                  4.073062                       0.000000                        7.365876                 8.880487                    20.319426                
50.61       140.05       44.64                68.81                  4.070685                       0.000000                        7.385866                 9.101962                    20.558512                
50.49       139.54       44.02                68.33                  3.988173                       0.000000                        7.300382                 9.349963                    20.638518                
50.38       139.03       43.21                67.69                  3.935617                       0.000000                        7.264606                 9.483532                    20.683755                
====================Subduction_Zone_23====================
61.24       138.98       39.87                65.02                  3.999763                       0.000000                        9.054058                 3.164023                    16.217844                
60.36       139.02       41.90                66.66                  4.000685                       0.000000                        9.060516                 3.337288                    16.398489                
59.49       139.06       25.06                51.55                  4.001647                       0.000000                        9.058534                 3.524569                    16.584749                
59.13       138.50       23.85                50.30                  4.002738                       0.000000                        9.062138                 3.447235                    16.512111                
58.77       137.94       24.51                50.98                  4.021733                       0.000000                        9.050702                 3.378803                    16.451238                
57.79       138.10       5.42                 23.97                  4.376397                       0.000000                        8.328121                 4.182092                    16.886610                
56.82       138.26       27.59                54.09                  4.341734                       0.000000                        8.090749                 5.330254                    17.762737                
55.84       138.43       33.08                59.23                  4.299578                       0.000000                        7.961365                 5.556660                    17.817603                
54.86       138.59       49.02                72.10                  4.275191                       0.000000                        7.891716                 6.410995                    18.577902                
53.89       138.75       2.18                 15.19                  4.272546                       0.000000                        7.275684                 9.686788                    21.235018                
52.91       138.91       8.37                 29.80                  4.289196                       0.000000                        7.274779                 9.658099                    21.222075                
51.93       139.08       43.53                67.94                  4.307469                       0.000000                        7.273606                 9.731093                    21.312167                
51.16       139.06       43.03                67.55                  4.175452                       0.000000                        7.252759                 9.615435                    21.043646                
50.38       139.03       43.21                67.69                  3.935617                       0.000000                        7.264606                 9.483532                    20.683755                
====================Subduction_Zone_24====================
34.21       -4.30        124.05               114.70                 12.572316                      5.514484                        9.870295                 11.100608                   39.057704                
34.37       -4.23        123.20               114.30                 12.884473                      5.517470                        9.861188                 15.461877                   43.725007                
34.58       -4.07        122.42               113.94                 12.998026                      5.523111                        9.848583                 16.048021                   44.417740                
34.85       -3.84        121.54               113.53                 12.952515                      5.525653                        9.809168                 22.706094                   50.993430                
35.23       -3.37        120.73               113.15                 12.376936                      5.509557                        9.791513                 23.735734                   51.413740                
====================Subduction_Zone_25====================
41.57       1.06         111.05               108.52                 13.057973                      5.530779                        9.270125                 30.299901                   58.158778                
41.68       0.99         106.48               106.26                 12.084846                      5.514439                        9.470802                 30.299901                   57.369989                
41.87       0.91         106.88               106.46                 12.313970                      5.518175                        9.423318                 30.299901                   57.555364                
42.11       0.90         109.97               107.99                 12.498590                      5.521314                        9.369989                 30.299901                   57.689794                
42.97       1.57         145.23               124.10                 9.309708                       5.344964                        8.262680                 30.299901                   53.217254                
43.11       1.72         145.33               124.14                 9.363724                       5.354736                        8.311738                 30.299901                   53.330099                
43.22       1.82         144.98               123.99                 9.480150                       5.366036                        8.235858                 30.299901                   53.381945                
43.47       2.08         145.22               124.10                 9.414526                       5.360943                        8.303508                 30.299901                   53.378879                
43.80       2.48         142.98               123.13                 9.558808                       5.372303                        8.233256                 30.299901                   53.464269                
43.92       2.67         144.06               123.60                 9.503107                       5.368673                        8.267121                 30.299901                   53.438802                
44.03       2.82         144.81               123.92                 9.491144                       5.367287                        8.238596                 30.299901                   53.396929                
44.14       3.06         143.56               123.38                 9.545046                       5.372733                        8.255659                 30.299901                   53.473341                
44.24       3.23         144.91               123.97                 9.475089                       5.366142                        8.255388                 30.299901                   53.396520                
44.39       3.51         143.75               123.46                 9.475485                       5.362928                        8.238220                 30.299901                   53.376535                
44.77       4.37         145.07               124.03                 9.324868                       5.346315                        8.255612                 30.299901                   53.226695                
44.96       4.82         132.98               118.75                 12.830142                      5.518900                        8.573864                 1.576817                    28.499723                
45.20       5.74         132.33               118.46                 13.691812                      5.543151                        9.854183                 1.576817                    30.665964                
45.29       6.26         140.30               121.98                 13.201396                      5.529362                        9.155697                 1.576817                    29.463272                
45.39       6.79         130.19               117.50                 12.576102                      5.515572                        8.669397                 1.576817                    28.337888                
45.44       7.19         133.89               119.16                 13.433189                      5.537248                        9.608384                 1.576817                    30.155639                
45.50       7.75         138.78               121.31                 13.128817                      5.528955                        9.215646                 1.576817                    29.450235                
45.55       8.32         129.21               117.05                 12.828123                      5.520662                        8.794926                 1.576817                    28.720529                
45.65       9.16         135.37               119.81                 13.393983                      5.535808                        9.528684                 1.576817                    30.035291                
45.72       9.93         126.69               115.91                 12.992598                      5.525044                        9.010809                 1.576817                    29.105267                
45.73       10.49        128.07               116.54                 12.965162                      5.523739                        8.910051                 1.576817                    28.975769                
45.75       10.81        131.79               118.22                 12.930982                      5.521406                        8.694730                 1.576817                    28.723935                
45.73       11.34        126.62               115.88                 12.973117                      5.524788                        9.014526                 1.576817                    29.089249                
45.69       11.71        133.44               118.96                 13.202970                      5.530157                        9.233935                 1.576817                    29.543880                
45.62       12.39        125.45               115.34                 11.224639                      5.466019                        9.853790                 1.576817                    28.121265                
45.52       13.33        126.32               115.74                 8.356874                       5.261991                        9.877613                 1.254683                    24.751161                
45.49       13.86        128.27               116.63                 7.722410                       5.180923                        9.866046                 1.225642                    23.995021                
45.46       14.39        130.49               117.63                 7.296495                       5.102482                        9.824186                 1.206264                    23.429427                
45.29       15.00        133.99               119.20                 7.183721                       5.073591                        9.551499                 1.174414                    22.983224                
45.12       15.46        134.97               119.63                 7.253720                       5.100944                        9.644565                 1.188618                    23.187847                
44.62       16.08        135.84               120.02                 7.332603                       5.100944                        9.238214                 1.207347                    22.879109                
44.32       16.41        137.32               120.67                 7.074864                       5.041973                        9.841556                 1.208446                    23.166838                
43.97       16.38        136.03               120.11                 7.003756                       5.041973                        9.800767                 2.519871                    24.366366                
43.63       16.14        123.08               114.24                 7.049818                       5.041973                        9.846477                 2.519871                    24.458139                
43.32       15.86        137.19               120.62                 7.008038                       5.041973                        9.777343                 2.519871                    24.347225                
43.15       15.68        136.88               120.48                 6.998050                       5.041973                        9.765516                 2.519871                    24.325410                
====================Subduction_Zone_26====================
58.96       163.65       45.75                69.66                  4.109219                       0.000000                        7.474906                 13.100529                   24.684654                
59.13       163.17       41.76                66.55                  4.180311                       0.000000                        7.251217                 14.237790                   25.669318                
====================Subduction_Zone_27====================
59.13       163.17       41.76                66.55                  4.180311                       0.000000                        7.251217                 14.237790                   25.669318                
58.88       162.89       44.41                68.63                  4.138759                       0.000000                        7.359229                 14.237790                   25.735778                
58.46       162.33       46.94                70.55                  4.086916                       0.000000                        7.604825                 13.444994                   25.136734                
58.05       161.77       47.77                71.17                  4.309559                       0.000000                        7.686390                 11.240057                   23.236007                
57.46       161.54       52.36                74.52                  4.332059                       0.000000                        7.991578                 10.603299                   22.926935                
56.87       161.31       56.18                77.19                  4.291101                       0.000000                        8.404085                 8.949267                    21.644454                
56.53       160.82       53.77                75.51                  4.331157                       0.000000                        8.099025                 7.857277                    20.287459                
56.34       160.18       53.60                75.39                  4.186314                       0.000000                        8.155335                 10.717205                   23.058854                
56.19       159.32       56.13                77.15                  4.006903                       0.000000                        8.375004                 7.526486                    19.908392                
56.24       158.78       53.22                75.13                  3.985273                       0.000000                        8.072665                 8.857390                    20.915328                
56.29       158.24       50.24                72.99                  3.966036                       0.000000                        7.831661                 10.333493                   22.131191                
56.41       157.58       55.51                76.72                  3.913622                       0.000000                        8.309007                 10.005273                   22.227902                
56.53       156.93       61.41                80.70                  3.872507                       0.000000                        8.946445                 8.888537                    21.707489                
56.77       156.07       61.37                80.67                  3.862619                       0.000000                        9.011264                 8.950038                    21.823921                
56.95       155.10       62.10                81.15                  3.931960                       0.000000                        9.024310                 8.249803                    21.206073                
57.12       154.13       62.35                81.31                  3.989560                       0.000000                        9.051369                 7.853615                    20.894544                
====================Subduction_Zone_28====================
57.12       154.13       62.35                81.31                  3.989560                       0.000000                        9.051369                 7.853615                    20.894544                
56.70       153.35       62.78                81.60                  3.991029                       0.000000                        9.065393                 6.937908                    19.994330                
56.29       152.57       62.84                81.63                  3.991897                       0.000000                        9.064533                 6.565270                    19.621700                
55.87       151.78       62.91                81.68                  3.992804                       0.000000                        9.066824                 6.350559                    19.410186                
55.50       151.13       63.42                82.01                  3.993621                       0.000000                        9.066796                 5.462011                    18.522429                
55.12       150.48       63.89                82.31                  3.994480                       0.000000                        9.065126                 4.903969                    17.963575                
54.80       149.80       64.06                82.42                  3.995364                       0.000000                        9.063671                 4.692846                    17.751881                
54.49       149.12       64.21                82.52                  3.996294                       0.000000                        9.061191                 3.979445                    17.036930                
54.14       148.15       64.24                82.54                  3.997582                       0.000000                        9.060689                 3.590354                    16.648625                
53.79       147.18       64.26                82.55                  3.998733                       0.000000                        9.058615                 3.162105                    16.219453                
53.44       146.22       64.25                82.54                  4.001284                       0.000000                        9.061280                 3.324972                    16.387536                
53.10       145.25       63.98                82.37                  4.002353                       0.000000                        9.064248                 3.440215                    16.506816                
52.90       144.86       63.98                82.37                  4.002336                       0.000000                        9.064262                 3.442507                    16.509104                
====================Subduction_Zone_29====================
-64.07      -49.86       26.19                52.70                  6.800837                       4.988462                        4.465221                 6.298037                    22.552557                
-64.06      -49.81       26.45                52.96                  6.526145                       4.928385                        4.498971                 4.725176                    20.678678                
-63.87      -49.02       26.20                52.72                  5.533670                       3.510029                        4.865107                 3.990792                    17.899598                
-63.68      -48.23       28.70                55.17                  9.741387                       4.776250                        6.111797                 11.073739                   31.703173                
-63.48      -47.26       22.88                49.25                  9.678637                       5.250924                        6.782312                 11.942307                   33.654180                
-63.28      -46.29       24.63                51.11                  6.818853                       5.012487                        7.179892                 18.604524                   37.615756                
-63.05      -45.53       26.62                53.13                  6.575625                       4.953517                        7.218273                 18.604524                   37.351938                
-62.83      -44.78       27.94                54.44                  6.326996                       4.865061                        7.215839                 18.104523                   36.512419                
-62.56      -43.92       27.41                53.91                  6.143866                       4.441740                        7.221737                 16.373793                   34.181136                
-62.29      -43.07       26.44                52.95                  6.048338                       4.273128                        7.220422                 16.139658                   33.681547                
-62.07      -42.23       65.05                83.05                  7.422523                       5.121719                        8.957901                 2.802440                    24.304583                
-61.84      -41.38       65.94                83.62                  7.481697                       5.130429                        9.018006                 3.259771                    24.889903                
-61.65      -40.47       57.59                78.15                  7.618521                       5.159914                        8.607874                 4.123628                    25.509937                
-61.46      -39.57       50.10                72.89                  7.603594                       5.159914                        7.864981                 8.662463                    29.290952                
-60.65      -38.66       56.76                77.59                  7.507924                       5.130429                        8.488378                 5.055804                    26.182536                
-60.14      -38.43       63.01                81.75                  7.481599                       5.130429                        9.044640                 3.197108                    24.853776                
-59.64      -38.19       69.55                85.88                  7.378936                       5.084400                        8.952813                 3.472901                    24.889051                
-58.99      -38.34       77.61                90.72                  5.577968                       3.603227                        8.969280                 6.535302                    24.685777                
-58.33      -38.49       86.28                95.65                  5.478478                       3.425095                        8.413871                 10.579010                   27.896454                
-57.79      -38.57       93.29                99.47                  5.411087                       3.281514                        8.140926                 10.784510                   27.618037                
-57.25      -38.65       99.64                102.79                 5.367636                       3.199383                        8.980910                 8.821473                    26.369401                
-56.67      -38.89       103.37               104.70                 5.172946                       2.747567                        9.142500                 11.548872                   28.611885                
-56.09      -39.14       108.70               107.36                 5.283062                       2.962254                        9.294802                 16.408279                   33.948397                
-55.43      -40.07       111.37               108.67                 5.616301                       3.665894                        9.569161                 11.920097                   30.771452                
-55.12      -40.84       113.42               109.67                 5.111403                       2.597489                        9.250202                 12.709142                   29.668235                
-54.82      -41.61       110.63               108.32                 4.832644                       0.185052                        9.372166                 19.348150                   33.738012                
-54.52      -42.38       114.85               110.36                 6.447816                       4.651830                        9.603583                 23.108455                   43.811684                
-54.47      -42.75       115.98               110.90                 6.612438                       4.358471                        9.658316                 21.091666                   41.720890                
====================Subduction_Zone_30====================
-54.30      -73.45       14.54                39.26                  4.084674                       0.000000                        6.305948                 24.392744                   34.783365                
-54.07      -73.59       15.11                40.03                  4.085766                       0.000000                        6.365069                 25.451594                   35.902429                
-53.70      -73.79       16.00                41.19                  4.087623                       0.000000                        6.453428                 25.689489                   36.230540                
-53.37      -73.92       16.80                42.21                  4.089659                       0.000000                        6.532240                 25.474524                   36.096422                
-53.08      -74.04       17.52                43.10                  4.091367                       0.000000                        6.602462                 24.214871                   34.908699                
-52.83      -74.09       18.12                43.84                  4.093304                       0.000000                        6.662077                 24.214871                   34.970252                
-52.50      -74.17       18.90                44.77                  4.095693                       0.000000                        6.740457                 22.370345                   33.206495                
-52.15      -74.24       19.77                45.79                  4.098626                       0.000000                        6.829042                 20.296758                   31.224426                
-51.70      -74.18       20.83                47.00                  4.103645                       0.000000                        6.935081                 19.453650                   30.492375                
-51.34      -74.03       21.67                47.94                  4.082682                       0.000000                        7.013114                 18.221301                   29.317096                
-51.12      -73.92       22.15                48.47                  4.027568                       0.000000                        7.054364                 17.447072                   28.529004                
-50.85      -73.79       22.70                49.07                  4.026039                       0.000000                        7.101716                 17.438493                   28.566248                
-50.55      -73.63       23.34                49.75                  4.028852                       0.000000                        7.139500                 16.952838                   28.121190                
-50.08      -73.37       24.34                50.80                  4.032329                       0.000000                        7.188969                 16.576776                   27.798073                
-49.66      -73.11       25.21                51.70                  4.035524                       0.000000                        7.214831                 16.054187                   27.304543                
-49.32      -72.94       25.96                52.47                  4.038109                       0.000000                        7.225168                 15.266282                   26.529559                
-48.98      -72.83       26.72                53.23                  4.040474                       0.000000                        7.227028                 14.535492                   25.802994                
-48.54      -72.90       27.78                54.28                  4.042735                       0.000000                        7.219605                 13.064128                   24.326469                
-48.26      -72.93       28.45                54.93                  4.044311                       0.000000                        7.212080                 12.137433                   23.393824                
-48.03      -72.95       29.03                55.48                  4.045621                       0.000000                        7.205570                 11.725097                   22.976289                
-47.95      -72.94       29.22                55.66                  4.046106                       0.000000                        7.203510                 11.725097                   22.974714                
-47.69      -72.92       29.83                56.24                  4.000281                       0.000000                        7.197607                 11.466573                   22.664460                
-47.38      -72.90       30.43                56.81                  3.957528                       0.000000                        7.192932                 11.233347                   22.383807                
-47.02      -72.86       31.11                57.44                  3.953830                       0.000000                        7.189957                 11.111487                   22.255273                
-46.71      -72.80       31.67                57.95                  3.950685                       0.000000                        7.189374                 11.106416                   22.246475                
-46.38      -72.74       32.26                58.49                  3.947344                       0.000000                        7.190317                 11.110109                   22.247770                
-46.02      -72.67       32.89                59.06                  3.943727                       0.000000                        7.193319                 11.179402                   22.316448                
-45.75      -72.62       33.34                59.46                  3.941156                       0.000000                        7.196591                 11.211064                   22.348811                
-45.09      -72.50       34.44                60.44                  3.934969                       0.000000                        7.207827                 11.463666                   22.606463                
-44.66      -72.42       35.14                61.04                  3.931082                       0.000000                        7.216578                 11.544148                   22.691808                
-44.25      -72.33       35.78                61.60                  3.927435                       0.000000                        7.225205                 11.638812                   22.791452                
-43.87      -72.24       36.36                62.10                  3.924050                       0.000000                        7.232610                 11.658749                   22.815408                
-43.35      -72.11       37.15                62.77                  3.919279                       0.000000                        7.241124                 11.613058                   22.773462                
-43.05      -72.04       37.57                63.12                  3.916703                       0.000000                        7.244443                 11.559031                   22.720178                
-42.59      -71.96       38.33                63.76                  3.914008                       0.000000                        7.247349                 11.450084                   22.611441                
-42.30      -71.92       38.75                64.10                  3.911722                       0.000000                        7.247055                 11.329275                   22.488052                
-41.93      -71.85       39.27                64.53                  3.909829                       0.000000                        7.244815                 11.216827                   22.371472                
-41.65      -71.69       40.86                65.82                  4.003829                       0.000000                        7.229837                 10.722166                   21.955832                
====================Subduction_Zone_31====================
-4.71       -78.68       69.48                85.84                  4.599417                       0.000000                        8.939632                 2.676795                    16.215843                
-4.65       -78.67       69.36                85.76                  4.593548                       0.000000                        8.937120                 2.245537                    15.776205                
-4.28       -78.62       69.72                85.98                  4.558115                       0.000000                        8.932540                 1.859261                    15.349917                
-4.07       -78.59       68.75                85.38                  4.538930                       0.000000                        8.932602                 1.901977                    15.373510                
-3.82       -78.57       69.44                85.81                  4.445908                       0.000000                        8.935513                 1.901977                    15.283398                
-3.43       -78.45       69.52                85.86                  4.291691                       0.000000                        8.936547                 1.884129                    15.112367                
-3.08       -78.36       69.94                86.12                  4.273395                       0.000000                        8.934755                 1.810070                    15.018220                
-2.80       -78.24       69.40                85.79                  4.258509                       0.000000                        8.934851                 1.808101                    15.001460                
-2.35       -78.05       69.42                85.80                  4.236178                       0.000000                        8.935202                 1.884537                    15.055917                
-2.00       -77.92       69.90                86.10                  4.219451                       0.000000                        8.934779                 1.861220                    15.015450                
-1.68       -77.77       69.43                85.81                  4.204772                       0.000000                        8.935082                 1.883630                    15.023484                
-1.27       -77.60       69.47                85.83                  4.186553                       0.000000                        8.935455                 1.970134                    15.092141                
-0.92       -77.38       69.97                86.14                  4.166766                       0.000000                        8.944395                 1.992669                    15.103830                
-0.59       -77.17       70.44                86.43                  4.137949                       0.000000                        8.953993                 3.496781                    16.588723                
-0.38       -77.03       57.53                78.11                  3.913361                       0.000000                        8.632484                 3.670494                    16.216338                
-0.03       -76.78       53.83                75.55                  3.859909                       0.000000                        8.079643                 4.979216                    16.918768                
0.35        -76.50       54.32                75.90                  3.859041                       0.000000                        8.109343                 4.725486                    16.693870                
0.68        -76.24       54.60                76.09                  3.858262                       0.000000                        8.165322                 4.575091                    16.598676                
0.89        -76.01       54.63                76.11                  3.857832                       0.000000                        8.169359                 4.512309                    16.539500                
1.20        -75.80       55.05                76.41                  3.857148                       0.000000                        8.197607                 4.512356                    16.567111                
1.37        -75.64       55.02                76.38                  3.856791                       0.000000                        8.220322                 4.422618                    16.499731                
1.66        -75.60       55.06                76.41                  3.856216                       0.000000                        8.226246                 4.364184                    16.446645                
2.55        -75.06       55.42                76.66                  3.855216                       0.000000                        8.276768                 4.357105                    16.489088                
3.27        -75.34       54.53                76.04                  3.854109                       0.000000                        8.133314                 4.615664                    16.603087                
3.99        -75.62       54.25                75.85                  3.853198                       0.000000                        8.124392                 4.914198                    16.891789                
4.62        -75.62       54.12                75.75                  3.858342                       0.000000                        8.155346                 4.575125                    16.588813                
5.25        -75.63       53.93                75.63                  3.859454                       0.000000                        8.212548                 3.541094                    15.613096                
5.93        -75.13       69.19                85.66                  3.880529                       0.000000                        9.008129                 3.609448                    16.498107                
6.60        -74.63       93.77                99.72                  3.925046                       0.000000                        8.192287                 8.998429                    21.115762                
7.29        -74.12       112.23               109.09                 3.968380                       0.000000                        9.440849                 10.817568                   24.226796                
7.99        -73.62       113.48               109.70                 3.972730                       0.000000                        9.497948                 7.716595                    21.187273                
8.68        -73.12       114.76               110.32                 3.977078                       0.000000                        9.558717                 6.548475                    20.084270                
9.54        -72.29       116.44               111.12                 3.984697                       0.000000                        9.639604                 5.691320                    19.315621                
====================Subduction_Zone_32====================
14.12       -59.71       57.76                78.26                  5.925827                       4.147689                        8.621101                 4.703702                    23.398319                
13.23       -59.07       67.68                84.72                  5.684679                       3.781849                        8.952810                 2.952955                    21.372294                
12.30       -58.90       75.17                89.29                  5.589063                       3.613616                        9.048744                 4.924334                    23.175757                
11.37       -58.74       81.88                93.18                  5.497581                       3.457038                        8.771714                 8.763221                    26.489553                
10.45       -58.93       85.88                95.43                  5.376186                       3.213520                        8.458461                 12.371206                   29.419373                
9.53        -59.12       88.31                96.77                  5.343395                       3.148278                        8.236522                 15.119458                   31.847654                
8.54        -59.43       91.73                98.63                  5.289067                       3.032353                        8.122797                 16.409869                   32.854086                
====================Subduction_Zone_33====================
-33.46      165.17       6.95                 27.15                  4.931807                       2.068738                        5.400739                 9.743030                    22.144314                
-33.50      165.18       7.80                 28.76                  4.932022                       2.068796                        5.354051                 9.743030                    22.097899                
-34.09      165.60       3.08                 18.07                  4.924190                       2.039218                        4.553261                 2.662938                    14.179606                
-34.76      166.41       9.00                 30.89                  4.408805                       0.000000                        3.377396                 3.669710                    11.455911                
-35.47      166.80       9.00                 30.89                  4.906761                       0.862533                        4.720092                 6.720411                    17.209797                
-36.18      167.19       9.00                 30.89                  4.988128                       2.151149                        4.600548                 10.243502                   21.983329                
-36.70      167.61       9.00                 30.89                  6.567346                       4.941625                        5.209945                 12.474194                   29.193110                
-37.21      167.95       7.62                 28.43                  6.027837                       4.252470                        5.133252                 13.177464                   28.591022                
-37.74      168.36       8.49                 30.01                  5.080310                       2.512379                        5.431362                 14.059334                   27.083385                
-38.34      168.68       8.69                 30.36                  5.082238                       2.516216                        5.524847                 13.971865                   27.095166                
-39.01      168.71       8.86                 30.65                  5.086095                       2.519208                        5.350370                 13.789058                   26.744731                
-39.60      168.93       8.26                 29.59                  5.092195                       2.549092                        5.229338                 13.784704                   26.655328                
-40.23      169.40       8.87                 30.66                  5.198934                       2.823043                        5.486706                 14.310772                   27.819454                
-40.85      169.87       8.50                 30.03                  5.116573                       2.602961                        5.317838                 12.936547                   25.973919                
-41.39      170.00       8.43                 29.91                  5.125053                       2.638259                        5.474558                 12.267580                   25.505450                
-41.93      170.14       8.18                 29.46                  5.132493                       2.652169                        5.365142                 10.332315                   23.482119                
-42.59      170.15       6.03                 25.28                  4.720359                       0.621453                        4.989820                 10.332315                   20.663947                
-43.53      170.09       2.37                 15.86                  4.354547                       0.000000                        4.037295                 5.219833                    13.611675                
-44.25      170.39       0.19                 10.00                  4.248593                       0.000000                        2.025322                 1.068460                    7.342376                 
====================Subduction_Zone_34====================
16.74       -95.68       10.81                33.86                  3.767376                       0.000000                        5.856522                 17.967079                   27.590977                
17.30       -96.54       10.05                32.65                  3.766877                       0.000000                        5.740218                 16.900977                   26.408072                
18.01       -97.37       9.29                 31.40                  3.767272                       0.000000                        5.623757                 15.501879                   24.892908                
18.62       -98.00       8.73                 30.43                  3.769520                       0.000000                        5.499945                 15.016887                   24.286352                
19.47       -98.97       7.95                 29.03                  3.778059                       0.000000                        5.354447                 13.208769                   22.341275                
20.32       -99.94       7.10                 27.43                  3.810458                       0.000000                        5.217427                 11.945241                   20.973125                
21.17       -100.91      6.95                 27.15                  3.876432                       0.000000                        5.171309                 11.410630                   20.458371                
21.89       -101.77      6.51                 26.28                  3.916989                       0.000000                        5.045952                 11.026543                   19.989484                
22.60       -102.63      7.24                 27.72                  3.808269                       0.000000                        5.228453                 13.104154                   22.140876                
23.32       -103.49      10.33                33.09                  3.866589                       0.000000                        5.785803                 16.295346                   25.947738                
24.26       -104.31      9.72                 32.11                  3.876557                       0.000000                        5.692947                 16.380995                   25.950499                
25.19       -105.13      9.08                 31.03                  3.885690                       0.000000                        5.583821                 15.283857                   24.753368                
25.92       -105.80      8.31                 29.68                  3.897914                       0.000000                        5.451933                 13.710563                   23.060410                
26.64       -106.47      7.50                 28.20                  3.906003                       0.000000                        5.296660                 12.193698                   21.396361                
27.37       -107.15      5.21                 23.50                  3.999370                       0.000000                        4.813635                 8.979430                    17.792435                
28.16       -107.64      4.67                 22.25                  4.019384                       0.000000                        4.689088                 7.622762                    16.331234                
28.95       -108.14      4.09                 20.83                  4.041051                       0.000000                        4.548462                 6.944022                    15.533534                
29.76       -108.88      1.42                 12.27                  3.969635                       0.000000                        3.572710                 2.758005                    10.300351                
30.57       -109.61      0.15                 10.00                  3.944770                       0.000000                        1.790526                 0.510707                    6.246002                 
30.67       -109.68      0.07                 10.00                  3.997822                       0.000000                        1.597791                 0.451911                    6.047525                 
====================Subduction_Zone_35====================
16.74       -95.68       10.81                33.86                  3.767376                       0.000000                        5.856522                 17.967079                   27.590977                
15.93       -94.89       12.94                37.04                  3.785189                       0.000000                        6.151032                 20.599135                   30.535355                
15.11       -94.10       20.27                46.36                  3.915740                       0.000000                        6.878861                 19.834977                   30.629578                
14.27       -93.25       21.23                47.45                  3.911506                       0.000000                        6.947118                 18.560065                   29.418689                
13.43       -92.40       22.75                49.12                  4.083225                       0.000000                        7.059378                 17.641113                   28.783716                
12.58       -91.55       25.49                51.99                  4.095364                       0.000000                        7.219936                 16.036880                   27.352180                
11.73       -90.60       27.33                53.84                  4.102306                       0.000000                        7.223925                 14.179868                   25.506099                
10.88       -89.66       29.24                55.69                  4.109347                       0.000000                        7.208151                 12.062164                   23.379662                
10.09       -89.16       30.27                56.65                  4.256742                       0.000000                        7.194088                 11.175821                   22.626651                
9.30        -88.67       31.49                57.79                  4.262851                       0.000000                        7.189528                 11.116304                   22.568682                
8.37        -87.91       33.51                59.61                  4.270367                       0.000000                        7.198157                 11.204327                   22.672852                
7.44        -87.15       35.59                61.43                  4.278107                       0.000000                        7.214701                 11.529603                   23.022412                
6.48        -86.33       37.35                62.93                  4.284771                       0.000000                        7.236948                 11.616992                   23.138711                
5.51        -85.50       46.88                70.51                  3.973545                       0.000000                        7.674787                 8.974901                    20.623233                
4.55        -84.67       49.12                72.17                  3.931605                       0.000000                        7.857749                 7.089201                    18.878555                
4.18        -84.30       49.37                72.35                  4.007367                       0.000000                        7.832680                 6.371708                    18.211755                
3.75        -83.84       51.61                73.98                  3.992792                       0.000000                        7.896054                 6.132251                    18.021097                
3.63        -83.48       53.04                75.00                  3.947602                       0.000000                        7.925411                 5.699656                    17.572670                
====================Subduction_Zone_36====================
3.63        -83.48       53.04                75.00                  3.947602                       0.000000                        7.925411                 5.699656                    17.572670                
3.82        -82.83       52.79                74.82                  3.951666                       0.000000                        7.969345                 5.328641                    17.249653                
4.10        -81.93       54.25                75.85                  3.936988                       0.000000                        8.168268                 4.568203                    16.673459                
4.37        -81.03       49.83                72.69                  3.852161                       0.000000                        7.869848                 6.120622                    17.842631                
4.66        -80.28       50.59                73.24                  3.851592                       0.000000                        7.903847                 6.011048                    17.766486                
4.99        -79.53       51.35                73.79                  3.850951                       0.000000                        7.932098                 5.930619                    17.713668                
====================Subduction_Zone_37====================
4.99        -79.53       51.35                73.79                  3.850951                       0.000000                        7.932098                 5.930619                    17.713668                
4.87        -79.08       51.79                74.11                  3.851110                       0.000000                        7.940681                 5.814032                    17.605824                
4.69        -78.46       52.41                74.55                  3.851645                       0.000000                        7.966500                 5.628362                    17.446507                
4.47        -77.58       53.09                75.03                  3.851891                       0.000000                        8.017289                 5.305134                    17.174314                
3.88        -76.79       53.88                75.59                  3.852445                       0.000000                        8.065018                 5.077145                    16.994609                
3.14        -76.44       54.23                75.83                  3.853646                       0.000000                        8.121386                 4.766523                    16.741555                
2.39        -76.09       54.58                76.08                  3.855305                       0.000000                        8.162730                 4.612480                    16.630515                
1.85        -75.76       55.10                76.44                  3.855840                       0.000000                        8.231763                 4.496092                    16.583695                
1.69        -75.58       55.08                76.43                  3.856149                       0.000000                        8.229151                 4.352391                    16.437691                
====================Subduction_Zone_38====================
-6.34       -78.90       76.19                89.88                  4.209611                       0.000000                        9.027852                 4.335122                    17.572584                
-5.48       -78.77       75.76                89.63                  4.204226                       0.000000                        9.041420                 3.963064                    17.208710                
-5.19       -78.74       75.59                89.53                  4.217168                       0.000000                        9.046040                 3.414843                    16.678051                
-4.94       -78.72       73.78                88.45                  4.636452                       0.000000                        9.020113                 3.369655                    17.026219                
-4.65       -78.67       69.36                85.76                  4.593548                       0.000000                        8.937120                 2.245537                    15.776205                
-4.28       -78.62       69.72                85.98                  4.558115                       0.000000                        8.932540                 1.859261                    15.349917                
-4.07       -78.59       68.75                85.38                  4.538930                       0.000000                        8.932602                 1.901977                    15.373510                
-3.82       -78.57       69.44                85.81                  4.445908                       0.000000                        8.935513                 1.901977                    15.283398                
-3.43       -78.45       69.52                85.86                  4.291691                       0.000000                        8.936547                 1.884129                    15.112367                
-3.08       -78.36       69.94                86.12                  4.273395                       0.000000                        8.934755                 1.810070                    15.018220                
-2.80       -78.24       69.40                85.79                  4.258509                       0.000000                        8.934851                 1.808101                    15.001460                
-2.35       -78.05       69.42                85.80                  4.236178                       0.000000                        8.935202                 1.884537                    15.055917                
-2.00       -77.92       69.90                86.10                  4.219451                       0.000000                        8.934779                 1.861220                    15.015450                
-1.68       -77.77       69.43                85.81                  4.204772                       0.000000                        8.935082                 1.883630                    15.023484                
-1.27       -77.60       69.47                85.83                  4.186553                       0.000000                        8.935455                 1.970134                    15.092141                
-0.92       -77.38       69.97                86.14                  4.166766                       0.000000                        8.944395                 1.992669                    15.103830                
-0.59       -77.17       70.44                86.43                  4.137949                       0.000000                        8.953993                 3.496781                    16.588723                
-0.38       -77.03       57.53                78.11                  3.913361                       0.000000                        8.632484                 3.670494                    16.216338                
-0.03       -76.78       53.83                75.55                  3.859909                       0.000000                        8.079643                 4.979216                    16.918768                
0.35        -76.50       54.32                75.90                  3.859041                       0.000000                        8.109343                 4.725486                    16.693870                
0.68        -76.24       54.60                76.09                  3.858262                       0.000000                        8.165322                 4.575091                    16.598676                
0.89        -76.01       54.63                76.11                  3.857832                       0.000000                        8.169359                 4.512309                    16.539500                
1.20        -75.80       55.05                76.41                  3.857148                       0.000000                        8.197607                 4.512356                    16.567111                
1.37        -75.64       55.02                76.38                  3.856791                       0.000000                        8.220322                 4.422618                    16.499731                
1.66        -75.60       55.06                76.41                  3.856216                       0.000000                        8.226246                 4.364184                    16.446645                
1.69        -75.58       55.08                76.43                  3.856149                       0.000000                        8.229151                 4.352391                    16.437691                
====================Subduction_Zone_39====================
-6.34       -78.90       76.19                89.88                  4.209611                       0.000000                        9.027852                 4.335122                    17.572584                
-7.00       -79.01       78.04                90.97                  4.130347                       0.000000                        8.949893                 4.697803                    17.778042                
-7.95       -79.04       78.93                91.49                  4.157594                       0.000000                        8.907962                 5.368290                    18.433846                
-8.89       -79.08       79.94                92.07                  4.199339                       0.000000                        8.862147                 6.067389                    19.128875                
-9.84       -79.12       81.16                92.77                  4.247657                       0.000000                        8.807611                 7.445513                    20.500780                
-10.65      -78.80       83.73                94.23                  4.277775                       0.000000                        8.661978                 8.339325                    21.279078                
-11.46      -78.49       85.90                95.44                  4.065499                       0.000000                        8.453490                 8.933743                    21.452732                
-12.28      -78.18       86.71                95.89                  4.240480                       0.000000                        8.410602                 8.959657                    21.610739                
-13.21      -77.69       85.95                95.47                  4.238628                       0.000000                        8.454165                 8.974773                    21.667566                
-14.15      -77.19       85.18                95.04                  4.237718                       0.000000                        8.572191                 8.872076                    21.681986                
-15.08      -76.70       84.40                94.61                  4.233881                       0.000000                        8.607202                 8.698391                    21.539473                
-16.02      -76.21       83.77                94.25                  3.956003                       0.000000                        8.659070                 8.530787                    21.145860                
-16.95      -75.71       83.41                94.05                  3.890237                       0.000000                        8.684340                 8.324712                    20.899290                
-17.63      -75.21       83.36                94.02                  3.850835                       0.000000                        8.688154                 8.362805                    20.901794                
-18.31      -74.71       83.21                93.94                  3.857183                       0.000000                        8.698051                 8.217345                    20.772580                
-18.99      -74.21       82.98                93.80                  3.885151                       0.000000                        8.712953                 8.088826                    20.686929                
-19.90      -73.45       82.67                93.63                  3.934774                       0.000000                        8.731390                 7.884042                    20.550207                
-20.80      -72.69       82.23                93.38                  4.000628                       0.000000                        8.755531                 7.486486                    20.242645                
-21.41      -72.11       81.89                93.19                  4.063621                       0.000000                        8.772998                 7.206111                    20.042731                
-22.21      -71.46       81.62                93.03                  4.066528                       0.000000                        8.785837                 7.193304                    20.045669                
-22.87      -71.11       81.45                92.94                  4.011945                       0.000000                        8.794906                 7.070437                    19.877288                
-23.29      -70.85       81.39                92.90                  3.982577                       0.000000                        8.797220                 7.030637                    19.810434                
-23.81      -70.59       81.68                93.07                  3.986046                       0.000000                        8.778895                 7.625347                    20.390289                
-24.53      -70.39       86.83                95.96                  4.097230                       0.000000                        8.393147                 8.750338                    21.240715                
-25.42      -70.33       85.39                95.16                  4.107696                       0.000000                        8.514421                 8.915241                    21.537359                
-26.31      -70.26       83.88                94.31                  4.109271                       0.000000                        8.650065                 8.604326                    21.363663                
-27.28      -70.17       82.45                93.51                  4.036658                       0.000000                        8.743366                 7.952841                    20.732865                
-28.25      -70.07       81.32                92.86                  3.989827                       0.000000                        8.800351                 7.177547                    19.967725                
-29.22      -69.98       80.41                92.34                  3.948693                       0.000000                        8.841327                 6.742671                    19.532691                
-30.19      -69.88       79.66                91.91                  3.915446                       0.000000                        8.874943                 6.278660                    19.069050                
-31.02      -69.94       78.89                91.46                  3.899109                       0.000000                        8.910365                 5.773638                    18.583112                
-31.86      -70.00       77.98                90.94                  3.899361                       0.000000                        8.952329                 5.271795                    18.123485                
-32.69      -70.07       76.99                90.36                  3.910945                       0.000000                        8.996865                 4.694139                    17.601949                
-33.53      -70.13       76.00                89.77                  3.933676                       0.000000                        9.034414                 4.209809                    17.177899                
-34.46      -70.29       56.99                77.74                  4.043480                       0.000000                        8.556934                 3.522590                    16.123004                
-35.40      -70.45       55.11                76.45                  4.026372                       0.000000                        8.233103                 3.928153                    16.187629                
-36.34      -70.61       53.42                75.26                  4.020421                       0.000000                        8.043077                 4.474239                    16.537737                
-37.27      -70.76       52.01                74.27                  4.010896                       0.000000                        7.957860                 5.195640                    17.164396                
-38.21      -70.92       50.54                73.21                  4.003620                       0.000000                        7.901955                 5.653204                    17.558779                
-39.15      -71.08       49.43                72.40                  3.997816                       0.000000                        7.847111                 5.978633                    17.823560                
-39.90      -71.25       48.34                71.60                  3.992028                       0.000000                        7.762858                 7.028326                    18.783212                
-40.65      -71.43       45.76                69.66                  4.035518                       0.000000                        7.467848                 8.895398                    20.398764                
-41.40      -71.60       41.84                66.61                  3.906401                       0.000000                        7.228315                 10.493760                   21.628476                
====================Subduction_Zone_40====================
-57.33      -71.60       3.12                 18.20                  3.994432                       0.000000                        4.561593                 5.643690                    14.199716                
-57.02      -72.14       2.53                 16.37                  3.994314                       0.000000                        4.208480                 3.752029                    11.954823                
-56.79      -72.51       1.98                 14.51                  3.994779                       0.000000                        4.022913                 3.938938                    11.956631                
-56.43      -72.84       1.22                 11.39                  3.995052                       0.000000                        3.468360                 2.522587                    9.985999                 
-56.36      -72.87       1.10                 10.78                  4.188550                       0.231103                        3.303635                 3.065509                    10.788797                
-55.99      -73.02       2.42                 16.03                  5.720116                       3.598489                        4.052957                 5.335042                    18.706604                
-55.63      -73.10       6.06                 25.35                  5.790004                       3.939408                        4.991133                 12.619884                   27.340429                
-55.26      -73.17       8.94                 30.79                  4.675399                       0.000000                        5.560726                 18.068314                   28.304439                
-54.93      -73.24       11.21                34.49                  4.680806                       0.000000                        5.910062                 19.390422                   29.981290                
-54.76      -73.25       12.33                36.17                  4.678716                       0.000000                        6.056092                 20.143503                   30.878311                
-54.45      -73.35       14.25                38.87                  4.229815                       0.000000                        6.264951                 23.567944                   34.062710                
-54.07      -73.59       15.11                40.03                  4.085766                       0.000000                        6.365069                 25.451594                   35.902429                
-53.70      -73.79       16.00                41.19                  4.087623                       0.000000                        6.453428                 25.689489                   36.230540                
-53.37      -73.92       16.80                42.21                  4.089659                       0.000000                        6.532240                 25.474524                   36.096422                
-53.08      -74.04       17.52                43.10                  4.091367                       0.000000                        6.602462                 24.214871                   34.908699                
-52.83      -74.09       18.12                43.84                  4.093304                       0.000000                        6.662077                 24.214871                   34.970252                
-52.50      -74.17       18.90                44.77                  4.095693                       0.000000                        6.740457                 22.370345                   33.206495                
-52.15      -74.24       19.77                45.79                  4.098626                       0.000000                        6.829042                 20.296758                   31.224426                
-51.70      -74.18       20.83                47.00                  4.103645                       0.000000                        6.935081                 19.453650                   30.492375                
-51.34      -74.03       21.67                47.94                  4.082682                       0.000000                        7.013114                 18.221301                   29.317096                
-51.12      -73.92       22.15                48.47                  4.027568                       0.000000                        7.054364                 17.447072                   28.529004                
-50.85      -73.79       22.70                49.07                  4.026039                       0.000000                        7.101716                 17.438493                   28.566248                
-50.55      -73.63       23.34                49.75                  4.028852                       0.000000                        7.139500                 16.952838                   28.121190                
-50.08      -73.37       24.34                50.80                  4.032329                       0.000000                        7.188969                 16.576776                   27.798073                
-49.66      -73.11       25.21                51.70                  4.035524                       0.000000                        7.214831                 16.054187                   27.304543                
-49.32      -72.94       25.96                52.47                  4.038109                       0.000000                        7.225168                 15.266282                   26.529559                
-48.98      -72.83       26.72                53.23                  4.040474                       0.000000                        7.227028                 14.535492                   25.802994                
-48.54      -72.90       27.78                54.28                  4.042735                       0.000000                        7.219605                 13.064128                   24.326469                
-48.26      -72.93       28.45                54.93                  4.044311                       0.000000                        7.212080                 12.137433                   23.393824                
-48.03      -72.95       29.03                55.48                  4.045621                       0.000000                        7.205570                 11.725097                   22.976289                
-47.95      -72.94       29.22                55.66                  4.046106                       0.000000                        7.203510                 11.725097                   22.974714                
-47.69      -72.92       29.83                56.24                  4.000281                       0.000000                        7.197607                 11.466573                   22.664460                
-47.38      -72.90       30.43                56.81                  3.957528                       0.000000                        7.192932                 11.233347                   22.383807                
-47.02      -72.86       31.11                57.44                  3.953830                       0.000000                        7.189957                 11.111487                   22.255273                
-46.71      -72.80       31.67                57.95                  3.950685                       0.000000                        7.189374                 11.106416                   22.246475                
-46.38      -72.74       32.26                58.49                  3.947344                       0.000000                        7.190317                 11.110109                   22.247770                
-46.02      -72.67       32.89                59.06                  3.943727                       0.000000                        7.193319                 11.179402                   22.316448                
-45.75      -72.62       33.34                59.46                  3.941156                       0.000000                        7.196591                 11.211064                   22.348811                
-45.09      -72.50       34.44                60.44                  3.934969                       0.000000                        7.207827                 11.463666                   22.606463                
-44.66      -72.42       35.14                61.04                  3.931082                       0.000000                        7.216578                 11.544148                   22.691808                
-44.25      -72.33       35.78                61.60                  3.927435                       0.000000                        7.225205                 11.638812                   22.791452                
-43.87      -72.24       36.36                62.10                  3.924050                       0.000000                        7.232610                 11.658749                   22.815408                
-43.35      -72.11       37.15                62.77                  3.919279                       0.000000                        7.241124                 11.613058                   22.773462                
-43.05      -72.04       37.57                63.12                  3.916703                       0.000000                        7.244443                 11.559031                   22.720178                
-42.59      -71.96       38.33                63.76                  3.914008                       0.000000                        7.247349                 11.450084                   22.611441                
-42.30      -71.92       38.75                64.10                  3.911722                       0.000000                        7.247055                 11.329275                   22.488052                
-41.93      -71.85       39.27                64.53                  3.909829                       0.000000                        7.244815                 11.216827                   22.371472                
-41.63      -71.67       41.02                65.95                  4.017851                       0.000000                        7.229840                 10.664529                   21.912220                
-41.40      -71.60       41.84                66.61                  3.906401                       0.000000                        7.228315                 10.493760                   21.628476                
====================Subduction_Zone_41====================
6.94        87.69        67.45                84.57                  3.936747                       0.000000                        8.956250                 2.302230                    15.195227                
6.82        87.78        67.01                84.29                  3.941840                       0.000000                        8.970220                 2.313416                    15.225475                
5.91        88.44        63.83                82.27                  3.973005                       0.000000                        9.050549                 2.566726                    15.590279                
5.00        89.10        60.65                80.20                  4.037361                       0.000000                        8.967647                 4.252655                    17.257663                
4.10        89.76        57.83                78.31                  4.118561                       0.000000                        8.624653                 4.167194                    16.910408                
3.84        89.87        57.39                78.01                  4.152864                       0.000000                        8.564965                 4.236563                    16.954392                
====================Subduction_Zone_42====================
3.84        89.87        57.39                78.01                  4.152864                       0.000000                        8.564965                 4.236563                    16.954392                
2.92        90.27        53.16                75.08                  4.083136                       0.000000                        8.023123                 5.195364                    17.301624                
2.10        91.13        48.04                71.38                  4.417518                       0.000000                        7.656355                 7.746914                    19.820787                
1.28        91.98        43.94                68.26                  3.992041                       0.000000                        7.290687                 10.169035                   21.451764                
0.95        92.69        34.44                60.43                  3.978546                       0.000000                        7.203792                 11.278227                   22.460565                
0.62        93.40        33.75                59.83                  3.951935                       0.000000                        7.195472                 11.146964                   22.294370                
0.28        94.11        32.54                58.74                  3.876322                       0.000000                        7.191277                 11.092444                   22.160043                
-0.31       95.03        31.97                58.22                  3.878244                       0.000000                        7.189556                 11.039566                   22.107367                
-0.90       95.95        31.38                57.69                  3.880303                       0.000000                        7.189516                 11.075913                   22.145731                
-1.32       96.46        24.09                50.54                  4.032581                       0.000000                        7.194294                 15.056151                   26.283026                
-1.73       96.98        20.90                47.07                  4.174381                       0.000000                        6.950694                 19.037190                   30.162265                
-2.38       97.95        17.91                43.58                  4.164317                       0.000000                        6.641014                 22.084319                   32.889650                
-3.03       98.92        25.26                51.75                  4.092934                       0.000000                        7.212166                 14.594406                   25.899506                
-3.68       99.89        33.43                59.54                  4.034521                       0.000000                        7.198151                 11.407968                   22.640639                
-4.33       100.87       41.42                66.27                  3.987109                       0.000000                        7.228953                 10.607171                   21.823234                
====================Subduction_Zone_43====================
-4.33       100.87       41.42                66.27                  3.987109                       0.000000                        7.228953                 10.607171                   21.823234                
-4.55       101.56       42.37                67.03                  3.999944                       0.000000                        7.234037                 10.460606                   21.694587                
-4.89       102.30       43.21                67.69                  4.003046                       0.000000                        7.257688                 10.179078                   21.439813                
-5.08       102.71       43.71                68.08                  4.036146                       0.000000                        7.282448                 10.067684                   21.386277                
-5.49       103.57       44.17                68.44                  4.105358                       0.000000                        7.313906                 9.907223                    21.326487                
-5.58       103.81       44.45                68.66                  4.120285                       0.000000                        7.335897                 9.859092                    21.315274                
====================Subduction_Zone_44====================
-7.09       144.94       1.09                 10.74                  4.786920                       0.000000                        3.311135                 2.273477                    10.371531                
-6.86       145.62       3.73                 19.88                  4.800773                       0.000000                        4.451926                 4.512915                    13.765614                
-6.64       146.29       7.38                 27.97                  4.641443                       0.000000                        5.259043                 10.891474                   20.791961                
-6.41       146.96       8.74                 30.45                  4.385246                       0.000000                        5.529598                 14.614384                   24.529228                
-6.11       147.88       10.12                32.75                  4.303757                       0.000000                        5.757845                 16.902108                   26.963710                
-5.81       148.80       11.57                35.03                  4.235432                       0.000000                        5.960776                 20.543952                   30.740160                
-5.51       149.72       13.31                37.57                  4.201655                       0.000000                        6.173747                 22.491148                   32.866550                
====================Subduction_Zone_45====================
-6.14       137.94       76.56                90.11                  4.678244                       0.000000                        9.017791                 4.027516                    17.723551                
-6.22       138.22       73.93                88.54                  4.609774                       0.000000                        9.061724                 4.059986                    17.731484                
-6.37       139.18       72.84                87.89                  4.462875                       0.000000                        9.041791                 3.275227                    16.779893                
-6.52       140.14       71.82                87.27                  4.402566                       0.000000                        9.001699                 2.593104                    15.997370                
-6.58       140.76       68.52                85.25                  4.374138                       0.000000                        8.939622                 2.189169                    15.502929                
-6.64       141.38       65.10                83.09                  4.444236                       0.000000                        9.036501                 2.793326                    16.274063                
-6.65       141.93       54.27                75.86                  4.601764                       0.000000                        8.211852                 5.052869                    17.866485                
-6.66       142.48       39.04                64.34                  4.667809                       0.000000                        7.226910                 10.455068                   22.349787                
-6.69       143.16       20.04                46.10                  4.771392                       0.000000                        6.833059                 15.702938                   27.307389                
-6.74       143.70       7.32                 27.86                  4.842954                       0.664494                        5.262446                 14.280097                   25.049991                
-6.83       144.33       4.17                 21.02                  4.784342                       0.000000                        4.564808                 7.767385                    17.116535                
-7.09       144.94       1.09                 10.74                  4.786920                       0.000000                        3.311135                 2.273477                    10.371531                
====================Subduction_Zone_46====================
17.42       146.38       99.34                102.64                 3.853629                       0.000000                        8.971193                 5.649369                    18.474191                
17.94       146.15       99.31                102.62                 3.890955                       0.000000                        8.967573                 6.341195                    19.199723                
18.47       145.91       98.91                102.42                 3.961024                       0.000000                        8.834876                 6.015886                    18.811786                
19.12       145.06       75.53                89.49                  4.057320                       0.000000                        9.009472                 5.289375                    18.356167                
19.68       144.44       52.08                74.32                  4.223785                       0.000000                        8.015573                 4.215523                    16.454881                
20.26       144.15       40.28                65.35                  4.288530                       0.000000                        7.481542                 8.743290                    20.513362                
20.84       143.85       34.19                60.21                  4.402349                       0.000000                        7.208228                 10.794400                   22.404977                
21.45       143.75       32.80                58.97                  4.517541                       0.000000                        7.206492                 10.872909                   22.596942                
22.05       143.64       35.80                61.62                  4.417207                       0.000000                        7.220913                 10.913175                   22.551295                
23.02       143.33       41.58                66.40                  4.116728                       0.000000                        7.253263                 8.716528                    20.086519                
23.54       142.97       50.87                73.45                  4.031153                       0.000000                        7.837314                 5.913850                    17.782317                
24.06       142.60       52.90                74.90                  4.006489                       0.000000                        8.004559                 4.946454                    16.957503                
25.02       141.80       50.87                73.45                  4.010658                       0.000000                        7.914366                 5.412975                    17.337999                
25.54       141.55       49.81                72.68                  4.008955                       0.000000                        7.872515                 5.595362                    17.476832                
26.06       141.29       48.85                71.97                  3.959387                       0.000000                        7.806495                 5.776625                    17.542507                
26.64       141.02       47.71                71.13                  3.941264                       0.000000                        7.700328                 6.695850                    18.337442                
27.22       140.75       46.64                70.33                  3.939160                       0.000000                        7.585756                 8.139896                    19.664812                
27.91       140.52       45.42                69.40                  3.937390                       0.000000                        7.441011                 8.802058                    20.180459                
28.59       140.29       44.21                68.47                  3.936476                       0.000000                        7.316122                 8.976380                    20.228977                
29.59       140.01       47.84                71.23                  3.954348                       0.000000                        7.710027                 7.722303                    19.386678                
30.12       139.83       49.38                72.36                  3.958452                       0.000000                        7.836636                 6.124030                    17.919118                
30.65       139.65       50.44                73.13                  3.964659                       0.000000                        7.891808                 6.255129                    18.111595                
31.35       139.38       51.03                73.56                  3.971159                       0.000000                        7.919534                 5.364538                    17.255231                
32.05       139.11       50.44                73.14                  3.973529                       0.000000                        7.893194                 5.724893                    17.591616                
32.70       138.79       49.30                72.31                  3.970414                       0.000000                        7.836429                 5.450984                    17.257827                
33.35       138.47       51.22                73.70                  3.977696                       0.000000                        7.927198                 5.221127                    17.126021                
34.03       138.05       52.97                74.95                  3.984696                       0.000000                        8.011946                 4.801516                    16.798158                
34.71       137.63       54.75                76.20                  3.992051                       0.000000                        8.188437                 3.810875                    15.991363                
35.68       136.89       54.39                75.95                  4.000882                       0.000000                        8.141939                 4.303279                    16.446100                
36.58       136.39       51.50                73.90                  3.997515                       0.000000                        7.959356                 5.156140                    17.113011                
37.48       135.89       49.25                72.27                  3.958792                       0.000000                        7.835443                 5.668709                    17.462943                
38.18       135.43       48.71                71.87                  3.931897                       0.000000                        7.794255                 5.901311                    17.627463                
38.88       134.97       48.69                71.86                  3.931579                       0.000000                        7.791076                 5.884192                    17.606847                
39.58       134.51       48.86                71.98                  3.931349                       0.000000                        7.807755                 7.162884                    18.901987                
====================Subduction_Zone_47====================
39.58       134.51       48.86                71.98                  3.931349                       0.000000                        7.807755                 7.162884                    18.901987                
39.52       134.45       48.75                71.90                  3.931440                       0.000000                        7.801740                 7.162884                    18.896064                
39.22       134.17       48.59                71.78                  3.931449                       0.000000                        7.804797                 7.162884                    18.899129                
38.91       133.77       47.41                70.90                  3.932730                       0.000000                        7.651786                 7.162884                    18.747400                
38.76       133.61       47.35                70.86                  3.932796                       0.000000                        7.631051                 7.508993                    19.072840                
====================Subduction_Zone_48====================
6.52        121.30       32.52                58.73                  4.285099                       0.000000                        7.191469                 11.201231                   22.677799                
6.01        122.13       34.78                60.73                  4.332764                       0.000000                        7.211138                 11.528306                   23.072208                
5.36        123.06       36.36                62.10                  4.395650                       0.000000                        7.224401                 11.763388                   23.383439                
4.72        123.98       39.83                64.99                  4.457499                       0.000000                        7.240958                 11.339770                   23.038227                
4.20        124.75       42.25                66.94                  4.511938                       0.000000                        7.232228                 10.625388                   22.369554                
3.68        125.51       44.43                68.64                  4.584314                       0.000000                        7.334893                 10.128571                   22.047778                
3.16        126.28       46.14                69.95                  4.681056                       0.000000                        7.514624                 9.144177                    21.339856                
2.61        127.21       49.33                72.33                  4.766973                       0.000000                        7.829523                 6.709714                    19.306210                
2.07        128.14       49.19                72.23                  4.793981                       0.000000                        7.853986                 6.217590                    18.865557                
1.60        128.99       49.13                72.18                  4.435173                       0.000000                        7.828510                 6.431472                    18.695155                
1.13        129.83       49.89                72.73                  4.570891                       0.000000                        7.872692                 6.181480                    18.625062                
0.26        130.83       50.27                73.01                  4.824988                       0.000000                        7.890510                 6.166834                    18.882332                
-0.58       131.71       49.07                72.13                  4.849807                       0.000000                        7.821530                 6.331736                    19.003073                
-1.46       132.29       52.82                74.84                  5.295655                       2.097992                        8.118842                 4.905441                    20.417930                
-2.33       132.54       64.42                82.65                  4.669960                       0.000000                        9.055746                 3.035692                    16.761398                
-3.20       132.78       67.86                84.83                  4.642240                       0.000000                        8.944347                 2.131758                    15.718344                
-3.90       133.19       70.46                86.44                  4.646163                       0.000000                        8.972762                 2.459695                    16.078619                
-4.60       133.59       75.10                89.24                  4.651829                       0.000000                        9.056826                 3.865877                    17.574533                
-4.92       134.44       75.15                89.27                  4.659737                       0.000000                        9.053895                 4.346496                    18.060128                
-5.24       135.29       75.21                89.31                  4.668026                       0.000000                        9.053409                 4.007500                    17.728935                
-5.56       136.14       75.28                89.35                  4.676709                       0.000000                        9.052171                 4.230906                    17.959786                
-5.85       137.04       76.67                90.17                  4.686274                       0.000000                        9.009441                 5.299874                    18.995589                
-6.14       137.94       76.56                90.11                  4.678244                       0.000000                        9.017791                 4.027516                    17.723551                
====================Subduction_Zone_49====================
26.34       119.73       31.68                57.96                  5.166644                       2.730556                        7.191231                 11.890975                   26.979406                
26.63       120.30       31.10                57.43                  5.425509                       3.305720                        7.201571                 11.405456                   27.338256                
26.92       120.87       31.18                57.50                  5.684933                       3.774090                        7.192128                 11.145111                   27.796261                
27.71       121.73       41.76                66.55                  6.170765                       4.645179                        7.239783                 10.888673                   28.944400                
28.35       122.10       45.97                69.82                  4.635554                       0.000000                        7.414464                 8.579388                    20.629406                
28.99       122.47       45.26                69.28                  4.200153                       0.000000                        7.415814                 7.941760                    19.557727                
====================Subduction_Zone_50====================
38.76       133.61       47.35                70.86                  3.932796                       0.000000                        7.631051                 7.508993                    19.072840                
38.57       133.41       47.15                70.71                  3.932785                       0.000000                        7.632188                 7.508993                    19.073967                
38.16       132.97       46.39                70.14                  3.933666                       0.000000                        7.509635                 8.396456                    19.839757                
37.71       132.37       45.39                69.38                  3.934498                       0.000000                        7.392882                 9.167595                    20.494975                
37.10       131.63       44.02                68.32                  3.935400                       0.000000                        7.301845                 9.428861                    20.666106                
36.74       131.13       43.17                67.66                  3.936309                       0.000000                        7.241977                 9.565794                    20.744080                
36.38       130.63       41.81                66.59                  3.937272                       0.000000                        7.228366                 9.836776                    21.002415                
35.82       129.77       41.07                65.99                  3.939361                       0.000000                        7.231969                 10.122410                   21.293741                
35.14       128.86       40.76                65.75                  3.944473                       0.000000                        7.232178                 10.270137                   21.446788                
34.44       128.14       40.31                65.38                  3.951471                       0.000000                        7.239146                 10.345006                   21.535622                
33.75       127.43       39.90                65.05                  3.956566                       0.000000                        7.240218                 10.471187                   21.667971                
33.20       126.79       39.31                64.56                  3.978000                       0.000000                        7.244804                 10.611853                   21.834657                
32.64       126.15       39.21                64.48                  3.967280                       0.000000                        7.245824                 9.531085                    20.744189                
31.85       125.43       46.28                70.06                  3.981227                       0.000000                        7.532575                 7.816985                    19.330787                
31.06       124.70       47.29                70.82                  3.992419                       0.000000                        7.699535                 6.906640                    18.598593                
30.11       123.82       46.92                70.54                  4.110155                       0.000000                        7.610677                 7.322388                    19.043221                
29.41       123.03       45.64                69.57                  4.163709                       0.000000                        7.456319                 8.548451                    20.168479                
29.07       122.60       45.43                69.41                  4.293004                       0.000000                        7.502695                 7.941760                    19.737458                
28.99       122.47       45.26                69.28                  4.200153                       0.000000                        7.415814                 7.941760                    19.557727                
====================Subduction_Zone_51====================
5.63        117.87       27.55                54.05                  4.281487                       0.000000                        7.221976                 13.783040                   25.286503                
6.13        118.30       27.99                54.48                  4.267109                       0.000000                        7.217444                 13.239490                   24.724043                
6.63        118.73       28.40                54.88                  4.250139                       0.000000                        7.212850                 12.693110                   24.156099                
7.12        119.69       28.64                55.11                  4.230484                       0.000000                        7.209202                 12.169702                   23.609388                
7.62        120.65       29.30                55.74                  4.226384                       0.000000                        7.202576                 11.578549                   23.007509                
7.74        120.87       29.37                55.81                  4.224998                       0.000000                        7.201890                 11.629288                   23.056176                
====================Subduction_Zone_52====================
-7.69       115.13       75.84                89.68                  5.112247                       2.602135                        9.034263                 5.502781                    22.251425                
-7.66       115.60       76.49                90.06                  5.050851                       2.423580                        9.015654                 5.250179                    21.740265                
-7.56       116.10       61.30                80.62                  5.211221                       2.850139                        8.887603                 4.434500                    21.383464                
-7.38       116.50       53.59                75.38                  5.337941                       3.135419                        8.153741                 6.060686                    22.687787                
-7.69       116.85       46.67                70.35                  5.290043                       3.034037                        7.587027                 7.295480                    23.206588                
-7.98       117.42       42.23                66.92                  5.293043                       3.038530                        7.384256                 10.129439                   25.845269                
-8.23       117.85       41.37                66.24                  5.362622                       3.186613                        7.262332                 8.591983                    24.403551                
-8.60       118.47       58.13                78.52                  5.107869                       2.584384                        8.674864                 5.136960                    21.504078                
-8.99       118.87       74.79                89.06                  4.919157                       2.027830                        9.048971                 4.594866                    20.590824                
-9.46       119.61       101.66               103.83                 4.680544                       0.000000                        9.032890                 8.690296                    22.403730                
-9.59       120.44       109.89               107.95                 4.619695                       0.000000                        9.386167                 13.155512                   27.161374                
-9.38       121.02       108.33               107.18                 4.620559                       0.000000                        9.283825                 14.042667                   27.947051                
-9.17       121.61       106.76               106.40                 4.612203                       0.000000                        9.232177                 12.423419                   26.267799                
-8.75       122.50       103.97               105.00                 4.589289                       0.000000                        9.157216                 11.988837                   25.735342                
-8.13       123.33       100.42               103.19                 4.591701                       0.000000                        9.039005                 7.594972                    21.225678                
-7.92       123.98       98.83                102.38                 4.594586                       0.000000                        8.918614                 6.857503                    20.370703                
-7.78       124.66       97.50                101.68                 4.597856                       0.000000                        8.762849                 6.299675                    19.660381                
-7.64       125.34       96.16                100.98                 4.601269                       0.000000                        8.559713                 5.480357                    18.641339                
-7.46       126.15       87.84                96.51                  4.605466                       0.000000                        8.237192                 9.561881                    22.404539                
-7.44       126.53       87.32                96.23                  4.607608                       0.000000                        8.296979                 10.286322                   23.190909                
====================Subduction_Zone_53====================
-62.86      -66.24       12.76                36.78                  4.036217                       0.000000                        6.108414                 21.381438                   31.526069                
-62.65      -65.35       10.82                33.88                  4.068052                       0.000000                        5.924316                 18.435698                   28.428066                
-62.45      -64.46       8.86                 30.64                  4.117919                       0.000000                        5.630571                 14.501031                   24.249521                
-62.24      -63.58       6.85                 26.96                  4.179993                       0.000000                        5.267645                 12.449860                   21.897498                
-62.03      -62.69       4.82                 22.61                  4.281244                       0.000000                        4.723725                 7.584128                    16.589097                
-61.86      -61.72       0.21                 10.00                  4.428717                       0.000000                        4.329263                 0.675947                    9.433927                 
-61.68      -60.74       0.21                 10.00                  4.538269                       0.000000                        2.070209                 0.805282                    7.413760                 
-61.50      -60.01       0.43                 10.00                  4.579119                       0.000000                        2.341424                 0.805282                    7.725824                 
-61.32      -59.27       0.41                 10.00                  4.581198                       0.000000                        2.368523                 3.864315                    10.814036                
-61.28      -59.03       0.21                 10.00                  4.576309                       0.000000                        2.422776                 3.864315                    10.863400                
====================Subduction_Zone_54====================
-67.26      -78.73       3.89                 20.31                  4.693460                       0.985124                        4.458430                 7.187326                    17.324340                
-66.96      -77.95       8.93                 30.78                  5.518869                       3.501932                        5.561079                 13.768854                   28.350735                
-66.67      -77.16       9.68                 32.03                  5.435922                       3.335812                        5.684206                 15.775082                   30.231021                
-66.37      -76.55       11.21                34.47                  4.841241                       0.000000                        5.911234                 17.532274                   28.284749                
-66.07      -75.94       11.38                34.74                  4.803439                       0.000000                        5.934990                 17.786355                   28.524784                
-65.71      -75.20       11.62                35.10                  4.774072                       0.000000                        5.966496                 19.548564                   30.289132                
-65.35      -74.46       11.15                34.39                  5.121769                       2.620686                        5.903428                 18.110920                   31.756804                
-64.96      -73.76       11.26                34.56                  5.094640                       2.542859                        5.918179                 17.991046                   31.546724                
-64.57      -73.05       11.42                34.80                  5.068465                       2.471800                        5.939923                 18.384695                   31.864883                
-64.36      -72.32       12.34                36.17                  5.050909                       2.423206                        6.057549                 20.182518                   33.714182                
-64.15      -71.58       13.27                37.52                  4.996716                       2.223662                        6.168193                 20.767613                   34.156184                
-63.99      -70.70       14.38                39.04                  4.261785                       0.000000                        6.303628                 23.698642                   34.264055                
-63.82      -69.81       15.35                40.34                  3.966403                       0.000000                        6.404865                 24.980129                   35.351397                
-63.66      -68.93       15.86                41.01                  3.965990                       0.000000                        6.415585                 26.468813                   36.850389                
-63.50      -68.38       15.56                40.61                  3.973667                       0.000000                        6.403825                 26.432053                   36.809545                
-63.33      -67.83       15.45                40.48                  3.983866                       0.000000                        6.399404                 25.482530                   35.865800                
-63.15      -67.22       14.61                39.36                  3.999796                       0.000000                        6.313330                 25.251928                   35.565054                
-62.97      -66.62       13.37                37.65                  4.022513                       0.000000                        6.179207                 21.982934                   32.184655                
-62.87      -66.21       12.67                36.66                  4.037776                       0.000000                        6.098416                 21.263499                   31.399691                
====================Subduction_Zone_55====================
-15.96      171.70       97.87                101.88                 3.836881                       0.000000                        8.842587                 5.029324                    17.708792                
-16.28      171.95       97.54                101.70                 3.832873                       0.000000                        8.798458                 4.917759                    17.549090                
-17.12      172.42       96.68                101.25                 3.832755                       0.000000                        8.643773                 4.313118                    16.789646                
-17.96      172.90       95.82                100.80                 3.832650                       0.000000                        8.505440                 4.187407                    16.525497                
-18.81      173.37       94.07                99.88                  4.152895                       0.000000                        8.169347                 5.108647                    17.430889                
-19.81      173.89       91.67                98.60                  4.159448                       0.000000                        8.021152                 6.928682                    19.109281                
-20.81      174.41       89.01                97.16                  4.151345                       0.000000                        8.115471                 9.232740                    21.499556                
-21.19      174.65       88.01                96.61                  4.146961                       0.000000                        8.216623                 9.241260                    21.604844                
====================Subduction_Zone_56====================
-1.91       155.72       105.97               106.01                 4.152686                       0.000000                        9.208114                 7.595297                    20.956097                
-2.38       156.61       133.32               118.91                 4.194413                       0.000000                        9.655995                 1.345834                    15.196242                
-3.12       157.44       130.91               117.82                 4.192201                       0.000000                        9.817393                 1.146023                    15.155617                
-3.85       158.27       129.15               117.03                 4.190482                       0.000000                        9.859385                 1.460527                    15.510394                
-4.55       159.06       126.54               115.84                 4.043873                       0.000000                        9.879200                 1.748188                    15.671261                
-5.26       159.85       124.88               115.08                 4.044411                       0.000000                        9.877340                 1.851949                    15.773700                
-5.80       160.21       123.64               114.51                 4.045109                       0.000000                        9.867745                 1.752460                    15.665315                
-6.35       160.56       122.40               113.93                 4.045826                       0.000000                        9.849398                 1.732248                    15.627472                
-7.25       161.26       119.99               112.80                 4.438693                       0.000000                        9.787078                 2.425766                    16.651537                
-7.50       161.78       118.59               112.14                 4.439835                       0.000000                        9.734987                 3.807833                    17.982656                
-7.75       162.29       117.18               111.47                 4.442455                       0.000000                        9.674379                 4.256467                    18.373301                
-7.87       163.03       116.02               110.92                 4.444203                       0.000000                        9.619470                 4.642379                    18.706052                
-8.00       163.76       114.84               110.36                 4.445757                       0.000000                        9.562786                 5.370258                    19.378802                
-8.42       164.42       113.60               109.76                 4.433706                       0.000000                        9.451984                 6.927238                    20.812928                
-8.83       165.08       111.13               108.56                 4.070069                       0.000000                        9.414849                 7.828455                    21.313373                
-9.04       165.64       110.41               108.20                 4.053785                       0.000000                        9.367231                 8.359253                    21.780269                
-9.25       166.20       109.70               107.86                 4.045537                       0.000000                        9.334940                 9.230792                    22.611269                
-9.73       166.65       108.54               107.29                 4.041567                       0.000000                        9.291482                 11.604405                   24.937454                
-9.90       167.18       107.98               107.01                 4.036179                       0.000000                        9.271811                 12.179028                   25.487018                
-10.06      167.71       107.43               106.74                 4.030971                       0.000000                        9.253411                 12.528554                   25.812936                
-10.41      168.30       106.51               106.28                 4.025593                       0.000000                        9.224376                 12.639163                   25.889132                
-11.07      168.77       105.07               105.56                 4.022260                       0.000000                        9.184305                 11.505003                   24.711567                
-11.74      169.23       103.89               104.96                 3.893146                       0.000000                        9.155290                 10.271870                   23.320306                
-12.59      169.98       102.56               104.29                 3.892242                       0.000000                        9.122355                 9.143875                    22.158473                
-13.58      170.27       101.39               103.69                 3.891764                       0.000000                        9.085324                 7.867565                    20.844653                
-14.20      170.65       100.19               103.08                 3.891959                       0.000000                        9.028075                 7.203947                    20.123981                
-14.82      171.02       99.00                102.46                 3.952505                       0.000000                        8.918561                 4.566390                    17.437455                
-15.39      171.36       97.73                101.80                 3.974942                       0.000000                        8.841402                 5.031993                    17.848336                
-15.96      171.70       98.16                102.03                 3.836797                       0.000000                        8.843603                 5.029410                    17.709809                
-15.96      171.70       97.87                101.88                 3.836881                       0.000000                        8.842587                 5.029324                    17.708792                
====================Subduction_Zone_57====================
-7.10       144.92       1.22                 11.36                  4.793653                       0.000000                        3.399918                 2.273477                    10.467047                
-6.87       145.60       3.65                 19.66                  4.800248                       0.000000                        4.428486                 4.249354                    13.478088                
-6.64       146.28       7.33                 27.87                  4.655960                       0.000000                        5.250832                 10.742078                   20.648870                
-6.41       146.96       8.74                 30.45                  4.385246                       0.000000                        5.529598                 14.614384                   24.529228                
-6.09       147.93       10.19                32.87                  4.299779                       0.000000                        5.767637                 16.902108                   26.969523                
-5.78       148.89       11.72                35.26                  4.229512                       0.000000                        5.979916                 20.373940                   30.583368                
-5.46       149.86       13.68                38.09                  4.196661                       0.000000                        6.212306                 23.493214                   33.902182                
-5.10       150.57       15.23                40.19                  4.132800                       0.000000                        6.376102                 24.266359                   34.775261                
-4.74       151.29       18.55                44.35                  4.111348                       0.000000                        6.740044                 21.636815                   32.488207                
-4.37       152.00       43.58                67.98                  4.131621                       0.000000                        7.299431                 9.264331                    20.695384                
-3.92       152.77       71.74                87.23                  4.156015                       0.000000                        9.009287                 4.325389                    17.490691                
-3.48       153.55       99.92                102.94                 4.182712                       0.000000                        8.922189                 6.095695                    19.200596                
-3.03       154.32       112.13               109.05                 4.176976                       0.000000                        9.444735                 7.389598                    21.011309                
-2.59       155.10       126.33               115.74                 4.187404                       0.000000                        9.857124                 5.072082                    19.116610                
-1.91       155.72       105.97               106.01                 4.152686                       0.000000                        9.208114                 7.595297                    20.956097                
====================Subduction_Zone_58====================
-21.01      173.01       75.91                89.72                  4.220735                       0.000000                        9.020871                 4.917838                    18.159445                
-21.37      172.29       53.20                75.11                  4.373061                       0.000000                        8.112436                 3.904363                    16.389860                
-21.72      171.57       28.05                54.54                  4.679001                       0.000000                        7.201422                 16.223922                   28.104345                
-22.07      170.84       22.43                48.77                  4.877145                       1.543379                        6.610517                 16.924088                   29.955130                
-22.26      170.06       4.85                 22.67                  5.267526                       2.969067                        4.729748                 6.615401                    19.581741                
-22.45      169.28       5.14                 23.35                  5.909544                       4.121178                        4.774848                 8.942450                    23.748020                
-22.61      168.47       7.02                 27.28                  4.839261                       0.786401                        5.202225                 11.720503                   22.548390                
-22.76      167.67       9.23                 31.28                  4.447297                       0.000000                        5.611629                 16.151518                   26.210444                
-22.89      167.15       10.67                33.65                  4.328632                       0.000000                        5.836610                 19.077717                   29.242959                
-23.09      166.37       12.84                36.89                  4.201293                       0.000000                        6.115717                 21.044681                   31.361691                
-23.42      165.72       14.95                39.82                  4.456994                       0.000000                        6.343115                 24.338446                   35.138556                
-23.64      165.09       19.89                45.93                  4.333676                       0.000000                        6.837081                 19.239565                   30.410322                
-23.98      164.50       31.33                57.64                  4.558158                       0.000000                        7.196418                 15.420987                   27.175562                
-24.27      163.57       41.37                66.24                  4.773075                       0.000000                        7.296827                 10.569051                   22.638953                
-24.45      162.96       50.39                73.10                  5.015283                       2.313522                        7.891865                 6.233041                    21.453711                
-24.63      162.36       56.77                77.59                  5.533914                       3.517545                        8.486507                 4.329357                    21.867323                
-25.08      161.40       47.75                71.16                  4.722292                       0.028798                        7.758408                 6.571001                    19.080499                
-25.34      160.57       42.72                67.31                  4.690645                       0.000000                        7.244589                 9.558336                    21.493571                
-25.56      160.00       39.00                64.31                  4.767359                       0.000000                        7.245689                 10.964586                   22.977634                
-25.77      159.44       28.82                55.28                  4.946897                       2.051224                        7.212709                 11.336766                   25.547595                
-26.17      158.85       13.70                38.12                  4.829050                       1.161413                        7.200952                 11.469974                   24.661389                
-27.13      158.09       30.63                57.00                  5.379213                       3.226406                        7.192990                 13.025982                   28.824591                
-27.65      157.95       33.34                59.46                  5.314104                       3.077558                        7.193049                 11.512164                   27.096875                
====================Subduction_Zone_59====================
-34.62      178.43       83.22                93.94                  4.293482                       0.000000                        8.696717                 9.277456                    22.267655                
-35.33      178.35       85.05                94.97                  4.111905                       0.000000                        8.547972                 10.372802                   23.032679                
-36.20      178.15       87.94                96.57                  4.102249                       0.000000                        8.093948                 10.870634                   23.066832                
-37.06      177.95       90.39                97.91                  4.093334                       0.000000                        8.016427                 10.887403                   22.997164                
-37.93      177.76       80.72                92.52                  4.093339                       0.000000                        8.902182                 11.074183                   24.069705                
-38.79      177.56       80.24                92.24                  4.094358                       0.000000                        8.921385                 11.014430                   24.030173                
-39.70      177.51       59.29                79.29                  4.128323                       0.000000                        8.993268                 7.916645                    21.038237                
-40.60      177.45       54.08                75.73                  4.186977                       0.000000                        8.138404                 8.207082                    20.532463                
-41.16      177.55       53.59                75.39                  4.190301                       0.000000                        8.106877                 8.207082                    20.504260                
-41.72      177.64       52.78                74.81                  4.197358                       0.000000                        8.000390                 11.842011                   24.039759                
-42.47      177.27       39.93                65.08                  4.053327                       0.000000                        7.239492                 17.904356                   29.197175                
-43.22      176.89       40.02                65.15                  4.034813                       0.000000                        7.238553                 18.685896                   29.959262                
====================Subduction_Zone_60====================
-22.81      175.68       83.87                94.31                  4.166901                       0.000000                        8.651290                 8.740967                    21.559158                
-23.72      175.98       80.82                92.58                  4.197936                       0.000000                        8.822962                 7.146105                    20.167003                
-24.64      176.28       77.93                90.90                  4.185596                       0.000000                        8.954974                 5.694632                    18.835201                
-25.39      176.57       75.56                89.51                  4.181363                       0.000000                        9.047003                 4.089818                    17.318185                
-26.15      176.85       72.41                87.63                  4.231137                       0.000000                        9.028731                 3.272099                    16.531967                
-26.91      177.14       69.01                85.55                  4.301103                       0.000000                        8.937980                 2.261725                    15.500807                
-27.90      177.20       61.93                81.04                  4.483116                       0.000000                        9.027994                 3.913825                    17.424935                
-28.90      177.27       64.34                82.60                  4.197432                       0.000000                        9.058480                 2.845031                    16.100943                
-29.89      177.34       67.83                84.81                  4.256322                       0.000000                        8.951290                 2.118188                    15.325799                
-30.65      177.42       70.33                86.36                  4.289762                       0.000000                        8.937991                 2.208277                    15.436031                
-31.41      177.51       71.36                86.99                  4.257917                       0.000000                        8.982558                 3.064198                    16.304673                
-32.36      177.70       75.41                89.43                  4.314038                       0.000000                        9.035146                 4.161554                    17.510738                
-33.32      177.88       76.54                90.09                  4.249703                       0.000000                        9.052384                 4.358371                    17.660458                
-33.97      178.16       76.43                90.03                  4.278676                       0.000000                        8.794198                 8.067441                    21.140315                
-34.62      178.43       83.22                93.94                  4.293482                       0.000000                        8.696717                 9.277456                    22.267655                
====================Subduction_Zone_61====================
-44.25      170.39       0.19                 10.00                  4.248593                       0.000000                        2.025322                 1.068460                    7.342376                 
-44.43      170.47       0.31                 10.00                  4.599363                       0.000000                        2.673234                 1.068460                    8.341057                 
-44.47      170.49       0.40                 10.00                  4.576463                       0.000000                        2.849543                 1.068460                    8.494466                 
====================Subduction_Zone_62====================
-42.48      171.88       0.80                 10.00                  4.336811                       0.000000                        3.083181                 1.839726                    9.259719                 
-42.41      172.74       1.08                 10.72                  4.355089                       0.000000                        3.454479                 1.068460                    8.878028                 
-42.44      173.40       0.37                 10.00                  4.354773                       0.000000                        3.326109                 1.068460                    8.749342                 
-42.47      174.06       0.94                 10.00                  4.582083                       0.000000                        2.763593                 1.068460                    8.414136                 
-42.57      175.02       1.53                 12.73                  4.345476                       0.000000                        3.130012                 1.199709                    8.675197                 
-42.72      175.92       1.17                 11.13                  4.547400                       0.000000                        3.104362                 1.316748                    8.968510                 
-43.09      176.73       39.74                64.91                  4.029215                       0.000000                        7.234304                 18.685896                   29.949415                
-43.22      176.89       40.02                65.15                  4.034813                       0.000000                        7.238553                 18.685896                   29.959262                
====================Subduction_Zone_63====================
-25.43      173.47       0.14                 10.00                  4.274070                       0.128060                        2.182624                 2.102523                    8.687278                 
-25.43      173.47       0.14                 10.00                  4.274070                       0.128060                        2.182624                 2.102523                    8.687278                 
====================Subduction_Zone_64====================
-33.45      165.17       7.01                 27.27                  4.931752                       2.068679                        5.412492                 9.743030                    22.155953                
-33.46      165.17       6.95                 27.15                  4.931807                       2.068738                        5.400739                 9.743030                    22.144314                
====================Subduction_Zone_65====================
-21.01      173.01       75.91                89.72                  4.220735                       0.000000                        9.020871                 4.917838                    18.159445                
-21.37      172.29       53.20                75.11                  4.373061                       0.000000                        8.112436                 3.904363                    16.389860                
-21.72      171.57       28.05                54.54                  4.679001                       0.000000                        7.201422                 16.223922                   28.104345                
-22.07      170.84       22.43                48.77                  4.877145                       1.543379                        6.610517                 16.924088                   29.955130                
-22.26      170.06       4.85                 22.67                  5.267526                       2.969067                        4.729748                 6.615401                    19.581741                
-22.45      169.28       5.14                 23.35                  5.909544                       4.121178                        4.774848                 8.942450                    23.748020                
-22.61      168.47       7.02                 27.28                  4.839261                       0.786401                        5.202225                 11.720503                   22.548390                
-22.76      167.67       9.23                 31.28                  4.447297                       0.000000                        5.611629                 16.151518                   26.210444                
-22.89      167.15       10.67                33.65                  4.328632                       0.000000                        5.836610                 19.077717                   29.242959                
-23.09      166.37       12.84                36.89                  4.201293                       0.000000                        6.115717                 21.044681                   31.361691                
-23.42      165.72       14.95                39.82                  4.456994                       0.000000                        6.343115                 24.338446                   35.138556                
-23.64      165.09       19.89                45.93                  4.333676                       0.000000                        6.837081                 19.239565                   30.410322                
-23.98      164.50       31.33                57.64                  4.558158                       0.000000                        7.196418                 15.420987                   27.175562                
-24.27      163.57       41.37                66.24                  4.773075                       0.000000                        7.296827                 10.569051                   22.638953                
-24.45      162.96       50.39                73.10                  5.015283                       2.313522                        7.891865                 6.233041                    21.453711                
-24.63      162.36       56.77                77.59                  5.533914                       3.517545                        8.486507                 4.329357                    21.867323                
-25.08      161.40       47.75                71.16                  4.722292                       0.028798                        7.758408                 6.571001                    19.080499                
-25.34      160.57       42.72                67.31                  4.690645                       0.000000                        7.244589                 9.558336                    21.493571                
-25.56      160.00       39.00                64.31                  4.767359                       0.000000                        7.245689                 10.964586                   22.977634                
-25.77      159.44       28.82                55.28                  4.946897                       2.051224                        7.212709                 11.336766                   25.547595                
-26.17      158.85       13.70                38.12                  4.829050                       1.161413                        7.200952                 11.469974                   24.661389                
-27.13      158.09       30.63                57.00                  5.379213                       3.226406                        7.192990                 13.025982                   28.824591                
-27.65      157.95       33.34                59.46                  5.314104                       3.077558                        7.193049                 11.512164                   27.096875                
====================Subduction_Zone_66====================
-21.19      174.65       88.01                96.61                  4.146961                       0.000000                        8.216623                 9.241260                    21.604844                
-21.95      175.15       86.04                95.52                  4.137806                       0.000000                        8.443941                 9.622561                    22.204308                
-22.72      175.65       84.13                94.45                  4.149143                       0.000000                        8.631202                 9.011520                    21.791865                
-22.81      175.68       83.87                94.31                  4.166901                       0.000000                        8.651290                 8.740967                    21.559158                
====================Subduction_Zone_67====================
-61.20      -39.27       54.83                76.25                  7.612345                       5.159914                        8.200574                 6.038946                    27.011779                
-60.65      -38.66       56.76                77.59                  7.507924                       5.130429                        8.488378                 5.055804                    26.182536                
-60.14      -38.43       63.01                81.75                  7.481599                       5.130429                        9.044640                 3.197108                    24.853776                
-59.64      -38.19       69.55                85.88                  7.378936                       5.084400                        8.952813                 3.472901                    24.889051                
-58.99      -38.34       77.61                90.72                  5.577968                       3.603227                        8.969280                 6.535302                    24.685777                
-58.33      -38.49       86.28                95.65                  5.478478                       3.425095                        8.413871                 10.579010                   27.896454                
-57.79      -38.57       93.29                99.47                  5.411087                       3.281514                        8.140926                 10.784510                   27.618037                
-57.25      -38.65       99.64                102.79                 5.367636                       3.199383                        8.980910                 8.821473                    26.369401                
-56.83      -38.83       102.52               104.27                 5.317625                       3.093184                        9.119386                 8.730793                    26.260987                
====================Subduction_Zone_68====================
-8.53       118.35       54.00                75.67                  5.163346                       2.724862                        8.246610                 5.496245                    21.631063                
-8.60       118.47       58.13                78.52                  5.107869                       2.584384                        8.674864                 5.136960                    21.504078                
-8.99       118.87       74.79                89.06                  4.919157                       2.027830                        9.048971                 4.594866                    20.590824                
-9.46       119.61       101.66               103.83                 4.680544                       0.000000                        9.032890                 8.690296                    22.403730                
-9.59       120.44       109.89               107.95                 4.619695                       0.000000                        9.386167                 13.155512                   27.161374                
-9.38       121.02       108.33               107.18                 4.620559                       0.000000                        9.283825                 14.042667                   27.947051                
-9.17       121.61       106.76               106.40                 4.612203                       0.000000                        9.232177                 12.423419                   26.267799                
-8.75       122.50       103.97               105.00                 4.589289                       0.000000                        9.157216                 11.988837                   25.735342                
-8.13       123.33       100.42               103.19                 4.591701                       0.000000                        9.039005                 7.594972                    21.225678                
-7.92       123.98       98.83                102.38                 4.594586                       0.000000                        8.918614                 6.857503                    20.370703                
-7.78       124.66       97.50                101.68                 4.597856                       0.000000                        8.762849                 6.299675                    19.660381                
-7.64       125.34       96.16                100.98                 4.601269                       0.000000                        8.559713                 5.480357                    18.641339                
-7.46       126.15       87.84                96.51                  4.605466                       0.000000                        8.237192                 9.561881                    22.404539                
-7.44       126.53       87.32                96.23                  4.607608                       0.000000                        8.296979                 10.286322                   23.190909                
====================Subduction_Zone_69====================
6.52        121.30       32.52                58.73                  4.285099                       0.000000                        7.191469                 11.201231                   22.677799                
6.01        122.13       34.78                60.73                  4.332764                       0.000000                        7.211138                 11.528306                   23.072208                
5.36        123.06       36.36                62.10                  4.395650                       0.000000                        7.224401                 11.763388                   23.383439                
4.72        123.98       39.83                64.99                  4.457499                       0.000000                        7.240958                 11.339770                   23.038227                
4.20        124.75       42.25                66.94                  4.511938                       0.000000                        7.232228                 10.625388                   22.369554                
3.68        125.51       44.43                68.64                  4.584314                       0.000000                        7.334893                 10.128571                   22.047778                
3.16        126.28       46.14                69.95                  4.681056                       0.000000                        7.514624                 9.144177                    21.339856                
2.61        127.21       49.33                72.33                  4.766973                       0.000000                        7.829523                 6.709714                    19.306210                
2.07        128.14       49.19                72.23                  4.793981                       0.000000                        7.853986                 6.217590                    18.865557                
1.60        128.99       49.13                72.18                  4.435173                       0.000000                        7.828510                 6.431472                    18.695155                
1.13        129.83       49.89                72.73                  4.570891                       0.000000                        7.872692                 6.181480                    18.625062                
0.26        130.83       50.27                73.01                  4.824988                       0.000000                        7.890510                 6.166834                    18.882332                
-0.58       131.71       49.07                72.13                  4.849807                       0.000000                        7.821530                 6.331736                    19.003073                
-1.46       132.29       52.82                74.84                  5.295655                       2.097992                        8.118842                 4.905441                    20.417930                
-2.33       132.54       64.42                82.65                  4.669960                       0.000000                        9.055746                 3.035692                    16.761398                
-3.20       132.78       67.86                84.83                  4.642240                       0.000000                        8.944347                 2.131758                    15.718344                
-3.90       133.19       70.46                86.44                  4.646163                       0.000000                        8.972762                 2.459695                    16.078619                
-4.60       133.59       75.10                89.24                  4.651829                       0.000000                        9.056826                 3.865877                    17.574533                
-4.92       134.44       75.15                89.27                  4.659737                       0.000000                        9.053895                 4.346496                    18.060128                
-5.24       135.29       75.21                89.31                  4.668026                       0.000000                        9.053409                 4.007500                    17.728935                
-5.56       136.14       75.28                89.35                  4.676709                       0.000000                        9.052171                 4.230906                    17.959786                
-5.78       136.83       76.70                90.19                  4.684009                       0.000000                        9.008628                 5.207140                    18.899776                
-6.00       137.52       76.61                90.14                  4.691585                       0.000000                        9.012384                 4.857224                    18.561192                
-6.22       138.22       73.93                88.54                  4.609774                       0.000000                        9.061724                 4.059986                    17.731484                
-6.37       139.18       72.84                87.89                  4.462875                       0.000000                        9.041791                 3.275227                    16.779893                
-6.52       140.14       71.82                87.27                  4.402566                       0.000000                        9.001699                 2.593104                    15.997370                
-6.58       140.76       68.52                85.25                  4.374138                       0.000000                        8.939622                 2.189169                    15.502929                
-6.64       141.38       65.10                83.09                  4.444236                       0.000000                        9.036501                 2.793326                    16.274063                
-6.65       141.93       54.27                75.86                  4.601764                       0.000000                        8.211852                 5.052869                    17.866485                
-6.66       142.48       39.04                64.34                  4.667809                       0.000000                        7.226910                 10.455068                   22.349787                
-6.69       143.16       20.04                46.10                  4.771392                       0.000000                        6.833059                 15.702938                   27.307389                
-6.74       143.70       7.32                 27.86                  4.842954                       0.664494                        5.262446                 14.280097                   25.049991                
-6.83       144.33       4.17                 21.02                  4.784342                       0.000000                        4.564808                 7.767385                    17.116535                
-7.09       144.94       1.09                 10.74                  4.786920                       0.000000                        3.311135                 2.273477                    10.371531                
====================Subduction_Zone_70====================
-7.10       144.92       1.22                 11.36                  4.793653                       0.000000                        3.399918                 2.273477                    10.467047                
-7.09       144.94       1.09                 10.74                  4.786920                       0.000000                        3.311135                 2.273477                    10.371531                
====================Subduction_Zone_71====================
36.10       -113.32      15.18                40.12                  4.211533                       0.000000                        6.022574                 16.824479                   27.058586                
36.94       -113.95      15.01                39.89                  4.119054                       0.000000                        6.354169                 24.062743                   34.535966                
37.78       -114.57      13.21                37.43                  3.985016                       0.000000                        6.161503                 22.828430                   32.974949                
38.61       -115.19      12.04                35.73                  3.997500                       0.000000                        6.010930                 20.182575                   30.191005                
====================Subduction_Zone_72====================
38.61       -115.19      12.04                35.73                  3.997500                       0.000000                        6.010930                 20.182575                   30.191005                
38.94       -115.77      11.71                35.23                  4.010463                       0.000000                        5.967976                 19.972240                   29.950679                
39.62       -116.40      10.74                33.74                  4.029448                       0.000000                        5.835417                 17.539307                   27.404172                
40.30       -117.02      9.06                 31.00                  3.955758                       0.000000                        5.604091                 15.099762                   24.659611                
40.83       -117.35      8.24                 29.57                  3.976434                       0.000000                        5.386170                 12.885440                   22.248044                
41.35       -117.68      6.68                 26.62                  3.976774                       0.000000                        5.134592                 10.886338                   19.997704                
42.33       -118.27      5.61                 24.39                  3.986689                       0.000000                        4.904605                 9.526232                    18.417526                
43.03       -118.69      5.18                 23.45                  3.996819                       0.000000                        4.799129                 8.418305                    17.214253                
43.29       -118.85      5.07                 23.19                  4.007474                       0.000000                        4.782336                 8.418305                    17.208115                
43.46       -118.83      5.08                 23.20                  4.007486                       0.000000                        4.783843                 17.887849                   26.679178                
43.63       -118.88      10.48                33.33                  4.168938                       0.000000                        5.808043                 18.044540                   28.021522                
43.78       -118.92      10.75                33.76                  4.172039                       0.000000                        5.809784                 18.044540                   28.026364                
43.93       -118.89      11.12                34.35                  4.170459                       0.000000                        5.863981                 18.044540                   28.078981                
44.00       -118.82      11.29                34.61                  4.167489                       0.000000                        5.923451                 18.044540                   28.135480                
44.14       -118.82      11.26                34.55                  4.170080                       0.000000                        5.931519                 18.044540                   28.146139                
44.20       -118.90      11.15                34.39                  4.167642                       0.000000                        5.903675                 18.044540                   28.115857                
44.50       -118.95      11.55                35.01                  4.169688                       0.000000                        5.897381                 18.044540                   28.111609                
44.69       -118.97      11.51                34.94                  4.169507                       0.000000                        5.891811                 19.030864                   29.092182                
44.78       -119.03      11.25                34.54                  4.170915                       0.000000                        5.930439                 18.044540                   28.145895                
44.90       -119.10      11.64                35.14                  4.169532                       0.000000                        5.909212                 19.168599                   29.247343                
45.05       -119.20      11.45                34.84                  4.180345                       0.000000                        5.969946                 19.368852                   29.519142                
45.36       -119.24      11.88                35.50                  4.182215                       0.000000                        6.013562                 19.368852                   29.564628                
45.55       -119.23      11.89                35.52                  4.181966                       0.000000                        6.015230                 19.368852                   29.566048                
45.63       -119.22      12.42                36.28                  4.183038                       0.000000                        6.067435                 19.523985                   29.774458                
45.70       -119.15      12.20                35.97                  4.184793                       0.000000                        6.041262                 20.461282                   30.687337                
45.95       -119.19      12.52                36.44                  4.186039                       0.000000                        6.036355                 20.742838                   30.965232                
46.15       -119.21      12.94                37.05                  4.185574                       0.000000                        6.075350                 20.715650                   30.976573                
46.30       -119.23      12.99                37.11                  4.192405                       0.000000                        6.135324                 21.401205                   31.728935                
46.35       -119.30      12.79                36.83                  4.193766                       0.000000                        6.124638                 21.593522                   31.911927                
46.51       -119.32      12.83                36.89                  4.192855                       0.000000                        6.117485                 21.849757                   32.160096                
46.73       -119.34      12.91                37.00                  4.197760                       0.000000                        6.126662                 23.024943                   33.349365                
47.09       -119.47      16.73                42.12                  4.404964                       0.000000                        6.456426                 23.837974                   34.699364                
47.56       -119.67      17.41                42.97                  4.395920                       0.000000                        6.591928                 24.082015                   35.069863                
47.90       -119.83      17.24                42.76                  4.409608                       0.000000                        6.575044                 24.085486                   35.070138                
48.24       -119.98      17.10                42.59                  4.415736                       0.000000                        6.549220                 24.146484                   35.111440                
48.56       -120.14      16.91                42.35                  4.437524                       0.000000                        6.542643                 24.398094                   35.378261                
48.93       -120.28      16.82                42.24                  4.454128                       0.000000                        6.534301                 24.859313                   35.847742                
49.31       -120.62      16.23                41.48                  4.472580                       0.000000                        6.475880                 25.094671                   36.043130                
49.55       -120.77      16.01                41.20                  4.475111                       0.000000                        6.441566                 25.362620                   36.279297                
49.83       -121.07      15.46                40.49                  4.489455                       0.000000                        6.386925                 25.310763                   36.187144                
50.09       -121.39      14.80                39.61                  4.503359                       0.000000                        6.319461                 24.618787                   35.441608                
50.26       -121.79      13.94                38.45                  4.294460                       0.000000                        6.232365                 21.628466                   32.155292                
50.37       -122.04      13.48                37.81                  4.279957                       0.000000                        6.188940                 19.582468                   30.051365                
50.56       -122.28      9.99                 32.54                  4.276681                       0.000000                        5.687918                 18.540022                   28.504621                
50.97       -122.38      8.68                 30.33                  4.325789                       0.000000                        5.518383                 14.899243                   24.743415                
51.25       -122.60      8.26                 29.59                  4.351702                       0.000000                        5.442322                 14.716576                   24.510600                
51.33       -122.87      7.82                 28.79                  4.370409                       0.000000                        5.360356                 12.331342                   22.062107                
51.53       -123.04      7.56                 28.32                  4.387898                       0.000000                        5.311079                 12.131841                   21.830818                
51.73       -123.38      6.57                 26.39                  5.122025                       2.547368                        5.106132                 10.247401                   23.022925                
51.88       -123.70      3.99                 20.58                  5.151835                       2.697708                        4.752526                 6.456759                    19.058828                
52.03       -124.19      0.92                 10.00                  4.699006                       0.077478                        3.304572                 3.102997                    11.184052                
52.20       -124.50      0.16                 10.00                  4.633272                       0.000000                        1.974042                 0.878370                    7.485683                 
52.45       -124.79      0.11                 10.00                  4.272594                       0.000000                        1.332593                 0.656365                    6.261551                 
52.61       -125.06      0.51                 10.00                  4.269210                       0.000000                        2.689575                 0.707713                    7.666498                 
52.71       -125.42      0.86                 10.00                  4.294967                       0.000000                        3.164906                 2.007651                    9.467524                 
52.86       -125.72      1.37                 12.06                  4.305164                       0.000000                        3.564706                 2.895006                    10.764877                
====================Subduction_Zone_73====================
52.67       -125.27      0.93                 10.00                  4.290248                       0.000000                        3.224212                 1.302142                    8.816602                 
52.71       -125.42      0.86                 10.00                  4.294967                       0.000000                        3.164906                 2.007651                    9.467524                 
52.86       -125.72      1.37                 12.06                  4.305164                       0.000000                        3.564706                 2.895006                    10.764877                
====================Subduction_Zone_74====================
52.86       -125.72      1.37                 12.06                  4.305164                       0.000000                        3.564706                 2.895006                    10.764877                
52.86       -125.72      1.37                 12.06                  4.305164                       0.000000                        3.564706                 2.895006                    10.764877                
====================Subduction_Zone_75====================
30.67       -109.68      0.07                 10.00                  3.997822                       0.000000                        1.597791                 0.451911                    6.047525                 
31.39       -110.15      0.29                 10.00                  4.299076                       0.000000                        2.138159                 0.097745                    6.534981                 
32.12       -110.63      0.18                 10.00                  4.475079                       0.000000                        1.866524                 0.720101                    7.061704                 
32.85       -111.11      0.41                 10.00                  4.405246                       0.000000                        2.280165                 0.543335                    7.228746                 
33.58       -111.59      0.53                 10.00                  4.546681                       0.000000                        2.741757                 0.473538                    7.761976                 
34.33       -112.10      1.03                 10.46                  4.797953                       0.000000                        3.247058                 2.182507                    10.227518                
35.08       -112.61      5.66                 24.50                  4.187785                       0.000000                        4.915746                 7.696830                    16.800361                
35.82       -113.12      13.17                37.38                  4.189940                       0.000000                        5.671683                 16.260838                   26.122460                
36.10       -113.32      15.18                40.12                  4.211533                       0.000000                        6.022574                 16.824479                   27.058586                
====================Subduction_Zone_76====================
-43.22      176.89       40.02                65.15                  4.034813                       0.000000                        7.238553                 18.685896                   29.959262                
-43.47      177.20       41.18                66.08                  4.028455                       0.000000                        7.230304                 18.685896                   29.944655                
-43.73      177.62       39.88                65.03                  4.029763                       0.000000                        7.240324                 18.912946                   30.183033                
====================Subduction_Zone_77====================
-34.62      178.43       83.22                93.94                  4.293482                       0.000000                        8.696717                 9.277456                    22.267655                
-35.33      178.35       85.05                94.97                  4.111905                       0.000000                        8.547972                 10.372802                   23.032679                
-36.20      178.15       87.94                96.57                  4.102249                       0.000000                        8.093948                 10.870634                   23.066832                
-37.06      177.95       90.39                97.91                  4.093334                       0.000000                        8.016427                 10.887403                   22.997164                
-37.93      177.76       80.72                92.52                  4.093339                       0.000000                        8.902182                 11.074183                   24.069705                
-38.79      177.56       80.24                92.24                  4.094358                       0.000000                        8.921385                 11.014430                   24.030173                
-39.70      177.51       59.29                79.29                  4.128323                       0.000000                        8.993268                 7.916645                    21.038237                
-40.60      177.45       54.08                75.73                  4.186977                       0.000000                        8.138404                 8.207082                    20.532463                
-41.16      177.55       53.59                75.39                  4.190301                       0.000000                        8.106877                 8.207082                    20.504260                
-41.72      177.64       52.78                74.81                  4.197358                       0.000000                        8.000390                 11.842011                   24.039759                
-42.47      177.27       39.93                65.08                  4.053327                       0.000000                        7.239492                 17.904356                   29.197175                
-43.22      176.89       40.02                65.15                  4.034813                       0.000000                        7.238553                 18.685896                   29.959262                
====================Subduction_Zone_78====================
-15.96      171.70       97.87                101.88                 3.836881                       0.000000                        8.842587                 5.029324                    17.708792                
-16.28      171.95       97.54                101.70                 3.832873                       0.000000                        8.798458                 4.917759                    17.549090                
-17.12      172.42       96.68                101.25                 3.832755                       0.000000                        8.643773                 4.313118                    16.789646                
-17.96      172.90       95.82                100.80                 3.832650                       0.000000                        8.505440                 4.187407                    16.525497                
-18.81      173.37       94.07                99.88                  4.152895                       0.000000                        8.169347                 5.108647                    17.430889                
-19.81      173.89       91.67                98.60                  4.159448                       0.000000                        8.021152                 6.928682                    19.109281                
-20.81      174.41       89.01                97.16                  4.151345                       0.000000                        8.115471                 9.232740                    21.499556                
-21.76      175.03       86.52                95.79                  4.140040                       0.000000                        8.389090                 9.619672                    22.148802                
-22.72      175.65       84.13                94.45                  4.149143                       0.000000                        8.631202                 9.011520                    21.791865                
-23.68      175.97       80.98                92.67                  4.198616                       0.000000                        8.816042                 7.372673                    20.387332                
-24.64      176.28       77.93                90.90                  4.185596                       0.000000                        8.954974                 5.694632                    18.835201                
-25.39      176.57       75.56                89.51                  4.181363                       0.000000                        9.047003                 4.089818                    17.318185                
-26.15      176.85       72.41                87.63                  4.231137                       0.000000                        9.028731                 3.272099                    16.531967                
-26.91      177.14       69.01                85.55                  4.301103                       0.000000                        8.937980                 2.261725                    15.500807                
-27.90      177.20       61.93                81.04                  4.483116                       0.000000                        9.027994                 3.913825                    17.424935                
-28.90      177.27       64.34                82.60                  4.197432                       0.000000                        9.058480                 2.845031                    16.100943                
-29.89      177.34       67.83                84.81                  4.256322                       0.000000                        8.951290                 2.118188                    15.325799                
-30.65      177.42       70.33                86.36                  4.289762                       0.000000                        8.937991                 2.208277                    15.436031                
-31.41      177.51       71.36                86.99                  4.257917                       0.000000                        8.982558                 3.064198                    16.304673                
-32.36      177.70       75.41                89.43                  4.314038                       0.000000                        9.035146                 4.161554                    17.510738                
-33.32      177.88       76.54                90.09                  4.249703                       0.000000                        9.052384                 4.358371                    17.660458                
-33.97      178.16       76.43                90.03                  4.278676                       0.000000                        8.794198                 8.067441                    21.140315                
-34.62      178.43       83.22                93.94                  4.293482                       0.000000                        8.696717                 9.277456                    22.267655                
====================Subduction_Zone_79====================
-1.91       155.72       105.97               106.01                 4.152686                       0.000000                        9.208114                 7.595297                    20.956097                
-2.38       156.61       133.32               118.91                 4.194413                       0.000000                        9.655995                 1.345834                    15.196242                
-3.12       157.44       130.91               117.82                 4.192201                       0.000000                        9.817393                 1.146023                    15.155617                
-3.85       158.27       129.15               117.03                 4.190482                       0.000000                        9.859385                 1.460527                    15.510394                
-4.55       159.06       126.54               115.84                 4.043873                       0.000000                        9.879200                 1.748188                    15.671261                
-5.26       159.85       124.88               115.08                 4.044411                       0.000000                        9.877340                 1.851949                    15.773700                
-5.80       160.21       123.64               114.51                 4.045109                       0.000000                        9.867745                 1.752460                    15.665315                
-6.35       160.56       122.40               113.93                 4.045826                       0.000000                        9.849398                 1.732248                    15.627472                
-7.25       161.26       119.99               112.80                 4.438693                       0.000000                        9.787078                 2.425766                    16.651537                
-7.50       161.78       118.59               112.14                 4.439835                       0.000000                        9.734987                 3.807833                    17.982656                
-7.75       162.29       117.18               111.47                 4.442455                       0.000000                        9.674379                 4.256467                    18.373301                
-7.87       163.03       116.02               110.92                 4.444203                       0.000000                        9.619470                 4.642379                    18.706052                
-8.00       163.76       114.84               110.36                 4.445757                       0.000000                        9.562786                 5.370258                    19.378802                
-8.42       164.42       113.60               109.76                 4.433706                       0.000000                        9.451984                 6.927238                    20.812928                
-8.83       165.08       111.13               108.56                 4.070069                       0.000000                        9.414849                 7.828455                    21.313373                
-9.04       165.64       110.41               108.20                 4.053785                       0.000000                        9.367231                 8.359253                    21.780269                
-9.25       166.20       109.70               107.86                 4.045537                       0.000000                        9.334940                 9.230792                    22.611269                
-9.73       166.65       108.54               107.29                 4.041567                       0.000000                        9.291482                 11.604405                   24.937454                
-9.90       167.18       107.98               107.01                 4.036179                       0.000000                        9.271811                 12.179028                   25.487018                
-10.06      167.71       107.43               106.74                 4.030971                       0.000000                        9.253411                 12.528554                   25.812936                
-10.41      168.30       106.51               106.28                 4.025593                       0.000000                        9.224376                 12.639163                   25.889132                
-11.07      168.77       105.07               105.56                 4.022260                       0.000000                        9.184305                 11.505003                   24.711567                
-11.74      169.23       103.89               104.96                 3.893146                       0.000000                        9.155290                 10.271870                   23.320306                
-12.59      169.98       102.56               104.29                 3.892242                       0.000000                        9.122355                 9.143875                    22.158473                
-13.58      170.27       101.39               103.69                 3.891764                       0.000000                        9.085324                 7.867565                    20.844653                
-14.20      170.65       100.19               103.08                 3.891959                       0.000000                        9.028075                 7.203947                    20.123981                
-14.82      171.02       99.00                102.46                 3.952505                       0.000000                        8.918561                 4.566390                    17.437455                
-15.39      171.36       97.73                101.80                 3.974942                       0.000000                        8.841402                 5.031993                    17.848336                
-15.96      171.70       98.16                102.03                 3.836797                       0.000000                        8.843603                 5.029410                    17.709809                
-15.96      171.70       97.87                101.88                 3.836881                       0.000000                        8.842587                 5.029324                    17.708792                
====================Subduction_Zone_80====================
-1.91       155.72       105.97               106.01                 4.152686                       0.000000                        9.208114                 7.595297                    20.956097                
-1.24       156.34       78.03                90.96                  4.113316                       0.000000                        8.921631                 4.199494                    17.234440                
-0.57       156.95       44.74                68.88                  4.074457                       0.000000                        7.508838                 8.278617                    19.861912                
-0.26       157.16       53.20                75.11                  4.080146                       0.000000                        8.162842                 9.385170                    21.628158                
====================Subduction_Zone_81====================
17.42       146.38       99.34                102.64                 3.853629                       0.000000                        8.971193                 5.649369                    18.474191                
17.94       146.15       99.31                102.62                 3.890955                       0.000000                        8.967573                 6.341195                    19.199723                
18.47       145.91       98.91                102.42                 3.961024                       0.000000                        8.834876                 6.015886                    18.811786                
19.12       145.06       75.53                89.49                  4.057320                       0.000000                        9.009472                 5.289375                    18.356167                
19.68       144.44       52.08                74.32                  4.223785                       0.000000                        8.015573                 4.215523                    16.454881                
20.26       144.15       40.28                65.35                  4.288530                       0.000000                        7.481542                 8.743290                    20.513362                
20.84       143.85       34.19                60.21                  4.402349                       0.000000                        7.208228                 10.794400                   22.404977                
21.45       143.75       32.80                58.97                  4.517541                       0.000000                        7.206492                 10.872909                   22.596942                
22.05       143.64       35.80                61.62                  4.417207                       0.000000                        7.220913                 10.913175                   22.551295                
23.02       143.33       41.58                66.40                  4.116728                       0.000000                        7.253263                 8.716528                    20.086519                
23.54       142.97       50.87                73.45                  4.031153                       0.000000                        7.837314                 5.913850                    17.782317                
24.06       142.60       52.90                74.90                  4.006489                       0.000000                        8.004559                 4.946454                    16.957503                
25.02       141.80       50.87                73.45                  4.010658                       0.000000                        7.914366                 5.412975                    17.337999                
25.54       141.55       49.81                72.68                  4.008955                       0.000000                        7.872515                 5.595362                    17.476832                
26.06       141.29       48.85                71.97                  3.959387                       0.000000                        7.806495                 5.776625                    17.542507                
26.64       141.02       47.71                71.13                  3.941264                       0.000000                        7.700328                 6.695850                    18.337442                
27.22       140.75       46.64                70.33                  3.939160                       0.000000                        7.585756                 8.139896                    19.664812                
27.91       140.52       45.42                69.40                  3.937390                       0.000000                        7.441011                 8.802058                    20.180459                
28.59       140.29       44.21                68.47                  3.936476                       0.000000                        7.316122                 8.976380                    20.228977                
29.59       140.01       47.84                71.23                  3.954348                       0.000000                        7.710027                 7.722303                    19.386678                
30.12       139.83       49.38                72.36                  3.958452                       0.000000                        7.836636                 6.124030                    17.919118                
30.65       139.65       50.44                73.13                  3.964659                       0.000000                        7.891808                 6.255129                    18.111595                
31.35       139.38       51.03                73.56                  3.971159                       0.000000                        7.919534                 5.364538                    17.255231                
32.05       139.11       50.44                73.14                  3.973529                       0.000000                        7.893194                 5.724893                    17.591616                
32.70       138.79       49.30                72.31                  3.970414                       0.000000                        7.836429                 5.450984                    17.257827                
33.35       138.47       51.22                73.70                  3.977696                       0.000000                        7.927198                 5.221127                    17.126021                
34.03       138.05       52.97                74.95                  3.984696                       0.000000                        8.011946                 4.801516                    16.798158                
34.71       137.63       54.75                76.20                  3.992051                       0.000000                        8.188437                 3.810875                    15.991363                
35.68       136.89       54.39                75.95                  4.000882                       0.000000                        8.141939                 4.303279                    16.446100                
36.58       136.39       51.50                73.90                  3.997515                       0.000000                        7.959356                 5.156140                    17.113011                
37.48       135.89       49.25                72.27                  3.958792                       0.000000                        7.835443                 5.668709                    17.462943                
38.18       135.43       48.71                71.87                  3.931897                       0.000000                        7.794255                 5.901311                    17.627463                
38.88       134.97       48.69                71.86                  3.931579                       0.000000                        7.791076                 5.884192                    17.606847                
39.58       134.51       48.86                71.98                  3.931349                       0.000000                        7.807755                 7.162884                    18.901987                
====================Subduction_Zone_82====================
50.81       140.52       44.77                68.90                  4.102906                       0.000000                        7.443890                 8.838647                    20.385443                
50.04       140.28       45.61                69.55                  4.067922                       0.000000                        7.453369                 9.055665                    20.576956                
49.28       140.04       45.24                69.26                  3.924110                       0.000000                        7.411387                 9.497185                    20.832682                
48.51       139.80       46.01                69.85                  3.923980                       0.000000                        7.499424                 9.064657                    20.488062                
47.75       139.56       46.77                70.42                  3.923891                       0.000000                        7.548032                 8.464327                    19.936250                
47.14       139.32       47.47                70.95                  3.923850                       0.000000                        7.674074                 7.610645                    19.208569                
46.53       139.09       48.05                71.38                  3.923827                       0.000000                        7.735290                 6.995456                    18.654573                
45.95       138.85       48.58                71.78                  3.923829                       0.000000                        7.784517                 6.777235                    18.485581                
45.38       138.62       49.11                72.17                  3.923977                       0.000000                        7.826082                 6.292929                    18.042989                
44.80       138.35       49.61                72.53                  3.924385                       0.000000                        7.865303                 6.179583                    17.969271                
44.22       138.08       50.25                73.00                  3.924930                       0.000000                        7.890028                 5.840356                    17.655314                
43.72       137.81       50.66                73.30                  3.925450                       0.000000                        7.906582                 5.704103                    17.536135                
43.21       137.55       51.07                73.59                  3.926299                       0.000000                        7.938816                 5.429447                    17.294562                
42.24       136.99       52.09                74.33                  3.928192                       0.000000                        7.957200                 5.238810                    17.124201                
41.42       136.39       51.94                74.21                  3.928238                       0.000000                        7.966040                 5.145246                    17.039525                
40.85       135.88       51.33                73.78                  3.929369                       0.000000                        7.930658                 5.288514                    17.148542                
40.44       135.46       50.68                73.31                  3.930011                       0.000000                        7.906897                 5.484961                    17.321870                
39.95       134.93       49.89                72.74                  3.930634                       0.000000                        7.871640                 5.699016                    17.501289                
39.58       134.51       48.86                71.98                  3.931349                       0.000000                        7.807755                 7.162884                    18.901987                
====================Subduction_Zone_83====================
57.12       154.13       62.35                81.31                  3.989560                       0.000000                        9.051369                 7.853615                    20.894544                
56.70       153.35       62.78                81.60                  3.991029                       0.000000                        9.065393                 6.937908                    19.994330                
56.29       152.57       62.84                81.63                  3.991897                       0.000000                        9.064533                 6.565270                    19.621700                
55.87       151.78       62.91                81.68                  3.992804                       0.000000                        9.066824                 6.350559                    19.410186                
55.50       151.13       63.42                82.01                  3.993621                       0.000000                        9.066796                 5.462011                    18.522429                
55.12       150.48       63.89                82.31                  3.994480                       0.000000                        9.065126                 4.903969                    17.963575                
54.80       149.80       64.06                82.42                  3.995364                       0.000000                        9.063671                 4.692846                    17.751881                
54.49       149.12       64.21                82.52                  3.996294                       0.000000                        9.061191                 3.979445                    17.036930                
54.14       148.15       64.24                82.54                  3.997582                       0.000000                        9.060689                 3.590354                    16.648625                
53.79       147.18       64.26                82.55                  3.998733                       0.000000                        9.058615                 3.162105                    16.219453                
53.44       146.22       64.25                82.54                  4.001284                       0.000000                        9.061280                 3.324972                    16.387536                
53.10       145.25       63.98                82.37                  4.002353                       0.000000                        9.064248                 3.440215                    16.506816                
52.63       144.35       63.20                81.87                  4.003544                       0.000000                        9.058081                 3.554132                    16.615757                
52.17       143.45       54.29                75.87                  4.359233                       0.000000                        8.129702                 5.036957                    17.525893                
51.61       142.52       50.93                73.49                  4.295412                       0.000000                        7.948903                 6.091194                    18.335509                
51.34       141.85       48.86                71.98                  4.252109                       0.000000                        7.806085                 6.531609                    18.589803                
51.07       141.19       46.77                70.42                  4.197271                       0.000000                        7.690213                 8.590729                    20.478213                
50.81       140.52       44.77                68.90                  4.102906                       0.000000                        7.443890                 8.838647                    20.385443                
====================Subduction_Zone_84====================
59.13       163.17       41.76                66.55                  4.180311                       0.000000                        7.251217                 14.237790                   25.669318                
58.88       162.89       44.41                68.63                  4.138759                       0.000000                        7.359229                 14.237790                   25.735778                
58.46       162.33       46.94                70.55                  4.086916                       0.000000                        7.604825                 13.444994                   25.136734                
58.05       161.77       47.77                71.17                  4.309559                       0.000000                        7.686390                 11.240057                   23.236007                
57.46       161.54       52.36                74.52                  4.332059                       0.000000                        7.991578                 10.603299                   22.926935                
56.87       161.31       56.18                77.19                  4.291101                       0.000000                        8.404085                 8.949267                    21.644454                
56.53       160.82       53.77                75.51                  4.331157                       0.000000                        8.099025                 7.857277                    20.287459                
56.34       160.18       53.60                75.39                  4.186314                       0.000000                        8.155335                 10.717205                   23.058854                
56.19       159.32       56.13                77.15                  4.006903                       0.000000                        8.375004                 7.526486                    19.908392                
56.24       158.78       53.22                75.13                  3.985273                       0.000000                        8.072665                 8.857390                    20.915328                
56.29       158.24       50.24                72.99                  3.966036                       0.000000                        7.831661                 10.333493                   22.131191                
56.41       157.58       55.51                76.72                  3.913622                       0.000000                        8.309007                 10.005273                   22.227902                
56.53       156.93       61.41                80.70                  3.872507                       0.000000                        8.946445                 8.888537                    21.707489                
56.77       156.07       61.37                80.67                  3.862619                       0.000000                        9.011264                 8.950038                    21.823921                
56.95       155.10       62.10                81.15                  3.931960                       0.000000                        9.024310                 8.249803                    21.206073                
57.12       154.13       62.35                81.31                  3.989560                       0.000000                        9.051369                 7.853615                    20.894544                
====================Subduction_Zone_85====================
64.20       -136.49      24.91                51.40                  3.809453                       0.000000                        7.208199                 15.224733                   26.242385                
63.93       -137.42      25.32                51.82                  3.809499                       0.000000                        7.217515                 15.134151                   26.161165                
63.66       -138.36      25.54                52.04                  3.811100                       0.000000                        7.220960                 14.882232                   25.914293                
63.38       -139.29      25.87                52.37                  3.813033                       0.000000                        7.224737                 14.529015                   25.566785                
63.11       -140.23      26.21                52.72                  3.815028                       0.000000                        7.227078                 14.295039                   25.337145                
62.84       -141.16      26.57                53.08                  3.817085                       0.000000                        7.227406                 13.742164                   24.786655                
62.56       -142.09      26.96                53.47                  3.819208                       0.000000                        7.226244                 13.354309                   24.399761                
62.29       -143.03      27.36                53.86                  3.821398                       0.000000                        7.223711                 12.733954                   23.779063                
62.01       -143.96      27.78                54.28                  3.823656                       0.000000                        7.219599                 12.069509                   23.112763                
61.74       -144.89      28.23                54.71                  3.825984                       0.000000                        7.214875                 11.361303                   22.402162                
61.34       -145.84      28.66                55.13                  3.828815                       0.000000                        7.209683                 11.063102                   22.101600                
60.94       -146.79      29.13                55.58                  3.831759                       0.000000                        7.204412                 10.837205                   21.873376                
60.54       -147.75      29.62                56.05                  3.834822                       0.000000                        7.199275                 10.734511                   21.768608                
60.14       -148.70      30.58                56.95                  4.479079                       0.000000                        7.192159                 10.653094                   22.324333                
59.74       -149.65      30.57                56.94                  4.550203                       0.000000                        7.192433                 10.716780                   22.459416                
59.33       -150.60      29.76                56.18                  4.011917                       0.000000                        7.197975                 10.927149                   22.137041                
58.96       -151.38      29.48                55.91                  3.852536                       0.000000                        7.200688                 11.073406                   22.126630                
58.82       -151.95      29.43                55.87                  3.850129                       0.000000                        7.201215                 11.083638                   22.134982                
58.69       -152.52      29.38                55.82                  3.847903                       0.000000                        7.201709                 11.204642                   22.254254                
58.45       -153.24      29.26                55.70                  3.845154                       0.000000                        7.203019                 11.249192                   22.297365                
58.14       -154.09      29.01                55.46                  3.872188                       0.000000                        7.205764                 11.683329                   22.761281                
57.83       -155.05      28.73                55.19                  3.907672                       0.000000                        7.208920                 11.597244                   22.713836                
57.63       -155.78      28.67                55.14                  3.901805                       0.000000                        7.209612                 11.911708                   23.023126                
57.44       -156.70      28.69                55.16                  3.896339                       0.000000                        7.209302                 11.774746                   22.880387                
57.26       -157.62      28.73                55.19                  3.892569                       0.000000                        7.208938                 12.101049                   23.202556                
57.07       -158.55      28.76                55.23                  3.888586                       0.000000                        7.208519                 11.952914                   23.050019                
56.88       -159.47      28.81                55.27                  3.882637                       0.000000                        7.207939                 11.708522                   22.799098                
56.70       -160.39      28.87                55.33                  3.876861                       0.000000                        7.207258                 11.759719                   22.843837                
56.52       -161.34      28.95                55.41                  3.872124                       0.000000                        7.206304                 11.743199                   22.821627                
56.34       -162.29      29.05                55.50                  3.868259                       0.000000                        7.205289                 11.700508                   22.774057                
56.17       -163.24      29.13                55.58                  3.871962                       0.000000                        7.204414                 11.865505                   22.941882                
55.99       -164.18      29.12                55.57                  3.925547                       0.000000                        7.204484                 11.593827                   22.723858                
55.82       -165.13      38.99                64.30                  4.876600                       1.888334                        7.246141                 11.200450                   25.211524                
55.64       -166.08      39.59                64.79                  4.892276                       1.934153                        7.242519                 11.216663                   25.285611                
55.47       -167.05      40.32                65.39                  4.914661                       2.011668                        7.241837                 11.132750                   25.300916                
55.30       -168.03      41.13                66.04                  4.931654                       2.069106                        7.235032                 11.150791                   25.386583                
55.13       -169.00      42.14                66.85                  4.680407                       0.004024                        7.233480                 10.712223                   22.630134                
54.96       -169.97      43.01                67.53                  4.612213                       0.000000                        7.252565                 10.236865                   22.101643                
54.79       -170.95      43.72                68.09                  4.578443                       0.000000                        7.283933                 10.168131                   22.030507                
54.73       -171.88      44.79                68.92                  4.527135                       0.000000                        7.370696                 9.939682                    21.837513                
54.66       -172.82      45.83                69.71                  4.447008                       0.000000                        7.479610                 9.451736                    21.378353                
54.60       -173.76      46.71                70.38                  4.442576                       0.000000                        7.523638                 8.654284                    20.620497                
54.54       -174.69      47.07                70.65                  4.370334                       0.000000                        7.627876                 7.980465                    19.978675                
54.47       -175.63      47.89                71.26                  4.286310                       0.000000                        7.718751                 7.566151                    19.571212                
54.41       -176.57      51.38                73.81                  4.217523                       0.000000                        7.932837                 5.920843                    18.071204                
54.35       -177.50      54.08                75.73                  4.172718                       0.000000                        8.108070                 4.545818                    16.826606                
54.53       179.71       63.07                81.78                  4.051526                       0.000000                        9.064020                 3.339849                    16.455396                
54.62       178.89       63.24                81.89                  4.033594                       0.000000                        9.061555                 3.724560                    16.819708                
54.71       178.07       63.35                81.96                  4.037191                       0.000000                        9.064989                 3.445714                    16.547895                
54.80       177.25       63.78                82.24                  4.007461                       0.000000                        9.040394                 2.725376                    15.773231                
54.89       176.42       65.06                83.06                  3.991849                       0.000000                        9.027271                 2.426876                    15.445996                
55.12       175.55       65.33                83.23                  3.983128                       0.000000                        9.032708                 2.554879                    15.570715                
55.35       174.68       64.85                82.93                  3.990491                       0.000000                        9.045198                 2.518841                    15.554530                
55.58       173.81       65.25                83.18                  4.036307                       0.000000                        9.036033                 2.660092                    15.732433                
55.81       172.94       64.51                82.71                  4.031769                       0.000000                        9.055739                 3.280708                    16.368216                
56.04       172.07       63.38                81.98                  4.021416                       0.000000                        9.066378                 3.837348                    16.925143                
56.36       171.07       62.37                81.33                  4.009666                       0.000000                        9.052052                 4.468163                    17.529880                
56.69       170.07       61.51                80.77                  4.001379                       0.000000                        9.032058                 4.806503                    17.839940                
57.02       169.07       60.64                80.19                  3.996814                       0.000000                        8.984542                 4.897286                    17.878642                
57.35       168.07       59.78                79.62                  3.992946                       0.000000                        8.883510                 4.869915                    17.746370                
57.68       167.07       58.93                79.05                  3.989800                       0.000000                        8.795176                 4.963230                    17.748206                
58.04       166.10       58.03                78.45                  3.986055                       0.000000                        8.677294                 5.150884                    17.814234                
58.40       165.12       57.15                77.85                  3.982201                       0.000000                        8.541601                 6.422682                    18.946484                
58.77       164.15       50.60                73.25                  4.035165                       0.000000                        7.904169                 11.751375                   23.690709                
59.13       163.17       41.76                66.55                  4.180311                       0.000000                        7.251217                 14.237790                   25.669318                
====================Subduction_Zone_86====================
-5.51       149.72       13.31                37.57                  4.201655                       0.000000                        6.173747                 22.491148                   32.866550                
-5.46       149.86       13.68                38.09                  4.196661                       0.000000                        6.212306                 23.493214                   33.902182                
-5.10       150.57       15.23                40.19                  4.132800                       0.000000                        6.376102                 24.266359                   34.775261                
-4.74       151.29       18.55                44.35                  4.111348                       0.000000                        6.740044                 21.636815                   32.488207                
-4.37       152.00       43.58                67.98                  4.131621                       0.000000                        7.299431                 9.264331                    20.695384                
-3.92       152.77       71.74                87.23                  4.156015                       0.000000                        9.009287                 4.325389                    17.490691                
-3.48       153.55       99.92                102.94                 4.182712                       0.000000                        8.922189                 6.095695                    19.200596                
-3.03       154.32       112.13               109.05                 4.176976                       0.000000                        9.444735                 7.389598                    21.011309                
-2.59       155.10       126.33               115.74                 4.187404                       0.000000                        9.857124                 5.072082                    19.116610                
-1.91       155.72       106.18               106.11                 4.153011                       0.000000                        9.214170                 7.712178                    21.079358                
-1.24       156.33       78.20                91.06                  4.113475                       0.000000                        8.913029                 4.257366                    17.283870                
-0.57       156.95       44.74                68.88                  4.074457                       0.000000                        7.508838                 8.278617                    19.861912                
-0.26       157.16       53.20                75.11                  4.080146                       0.000000                        8.162842                 9.385170                    21.628158                
====================Subduction_Zone_87====================
64.20       -136.49      24.91                51.40                  3.809453                       0.000000                        7.208199                 15.224733                   26.242385                
63.93       -137.42      25.32                51.82                  3.809499                       0.000000                        7.217515                 15.134151                   26.161165                
63.66       -138.36      25.54                52.04                  3.811100                       0.000000                        7.220960                 14.882232                   25.914293                
63.38       -139.29      25.87                52.37                  3.813033                       0.000000                        7.224737                 14.529015                   25.566785                
63.11       -140.23      26.21                52.72                  3.815028                       0.000000                        7.227078                 14.295039                   25.337145                
62.84       -141.16      26.57                53.08                  3.817085                       0.000000                        7.227406                 13.742164                   24.786655                
62.56       -142.09      26.96                53.47                  3.819208                       0.000000                        7.226244                 13.354309                   24.399761                
62.29       -143.03      27.36                53.86                  3.821398                       0.000000                        7.223711                 12.733954                   23.779063                
62.01       -143.96      27.78                54.28                  3.823656                       0.000000                        7.219599                 12.069509                   23.112763                
61.74       -144.89      28.23                54.71                  3.825984                       0.000000                        7.214875                 11.361303                   22.402162                
61.34       -145.84      28.66                55.13                  3.828815                       0.000000                        7.209683                 11.063102                   22.101600                
60.94       -146.79      29.13                55.58                  3.831759                       0.000000                        7.204412                 10.837205                   21.873376                
60.54       -147.75      29.62                56.05                  3.834822                       0.000000                        7.199275                 10.734511                   21.768608                
60.14       -148.70      30.58                56.95                  4.479079                       0.000000                        7.192159                 10.653094                   22.324333                
59.74       -149.65      30.57                56.94                  4.550203                       0.000000                        7.192433                 10.716780                   22.459416                
59.33       -150.60      29.76                56.18                  4.011917                       0.000000                        7.197975                 10.927149                   22.137041                
58.96       -151.38      29.48                55.91                  3.852536                       0.000000                        7.200688                 11.073406                   22.126630                
58.82       -151.95      29.43                55.87                  3.850129                       0.000000                        7.201215                 11.083638                   22.134982                
58.69       -152.52      29.38                55.82                  3.847903                       0.000000                        7.201709                 11.204642                   22.254254                
58.45       -153.24      29.26                55.70                  3.845154                       0.000000                        7.203019                 11.249192                   22.297365                
58.14       -154.09      29.01                55.46                  3.872188                       0.000000                        7.205764                 11.683329                   22.761281                
57.83       -155.05      28.73                55.19                  3.907672                       0.000000                        7.208920                 11.597244                   22.713836                
57.63       -155.78      28.67                55.14                  3.901805                       0.000000                        7.209612                 11.911708                   23.023126                
57.44       -156.70      28.69                55.16                  3.896339                       0.000000                        7.209302                 11.774746                   22.880387                
57.26       -157.62      28.73                55.19                  3.892569                       0.000000                        7.208938                 12.101049                   23.202556                
57.07       -158.55      28.76                55.23                  3.888586                       0.000000                        7.208519                 11.952914                   23.050019                
56.88       -159.47      28.81                55.27                  3.882637                       0.000000                        7.207939                 11.708522                   22.799098                
56.70       -160.39      28.87                55.33                  3.876861                       0.000000                        7.207258                 11.759719                   22.843837                
56.52       -161.34      28.95                55.41                  3.872124                       0.000000                        7.206304                 11.743199                   22.821627                
56.34       -162.29      29.05                55.50                  3.868259                       0.000000                        7.205289                 11.700508                   22.774057                
56.17       -163.24      29.13                55.58                  3.871962                       0.000000                        7.204414                 11.865505                   22.941882                
55.99       -164.18      29.12                55.57                  3.925547                       0.000000                        7.204484                 11.593827                   22.723858                
55.82       -165.13      38.99                64.30                  4.876600                       1.888334                        7.246141                 11.200450                   25.211524                
55.64       -166.08      39.59                64.79                  4.892276                       1.934153                        7.242519                 11.216663                   25.285611                
55.47       -167.05      40.32                65.39                  4.914661                       2.011668                        7.241837                 11.132750                   25.300916                
55.30       -168.03      41.13                66.04                  4.931654                       2.069106                        7.235032                 11.150791                   25.386583                
55.13       -169.00      42.14                66.85                  4.680407                       0.004024                        7.233480                 10.712223                   22.630134                
54.96       -169.97      43.01                67.53                  4.612213                       0.000000                        7.252565                 10.236865                   22.101643                
54.79       -170.95      43.72                68.09                  4.578443                       0.000000                        7.283933                 10.168131                   22.030507                
54.73       -171.88      44.79                68.92                  4.527135                       0.000000                        7.370696                 9.939682                    21.837513                
54.66       -172.82      45.83                69.71                  4.447008                       0.000000                        7.479610                 9.451736                    21.378353                
54.60       -173.76      46.71                70.38                  4.442576                       0.000000                        7.523638                 8.654284                    20.620497                
54.54       -174.69      47.07                70.65                  4.370334                       0.000000                        7.627876                 7.980465                    19.978675                
54.47       -175.63      47.89                71.26                  4.286310                       0.000000                        7.718751                 7.566151                    19.571212                
54.41       -176.57      51.38                73.81                  4.217523                       0.000000                        7.932837                 5.920843                    18.071204                
54.35       -177.50      54.08                75.73                  4.172718                       0.000000                        8.108070                 4.545818                    16.826606                
54.53       179.71       63.07                81.78                  4.051526                       0.000000                        9.064020                 3.339849                    16.455396                
54.62       178.89       63.24                81.89                  4.033594                       0.000000                        9.061555                 3.724560                    16.819708                
54.71       178.07       63.35                81.96                  4.037191                       0.000000                        9.064989                 3.445714                    16.547895                
54.80       177.25       63.78                82.24                  4.007461                       0.000000                        9.040394                 2.725376                    15.773231                
54.89       176.42       65.06                83.06                  3.991849                       0.000000                        9.027271                 2.426876                    15.445996                
55.12       175.55       65.33                83.23                  3.983128                       0.000000                        9.032708                 2.554879                    15.570715                
55.35       174.68       64.85                82.93                  3.990491                       0.000000                        9.045198                 2.518841                    15.554530                
55.58       173.81       65.25                83.18                  4.036307                       0.000000                        9.036033                 2.660092                    15.732433                
55.81       172.94       64.51                82.71                  4.031769                       0.000000                        9.055739                 3.280708                    16.368216                
56.04       172.07       63.38                81.98                  4.021416                       0.000000                        9.066378                 3.837348                    16.925143                
56.36       171.07       62.37                81.33                  4.009666                       0.000000                        9.052052                 4.468163                    17.529880                
56.69       170.07       61.51                80.77                  4.001379                       0.000000                        9.032058                 4.806503                    17.839940                
57.02       169.07       60.64                80.19                  3.996814                       0.000000                        8.984542                 4.897286                    17.878642                
57.35       168.07       59.78                79.62                  3.992946                       0.000000                        8.883510                 4.869915                    17.746370                
57.68       167.07       58.93                79.05                  3.989800                       0.000000                        8.795176                 4.963230                    17.748206                
58.00       166.22       58.14                78.52                  3.986516                       0.000000                        8.692146                 5.146732                    17.825394                
58.32       165.36       57.36                77.99                  3.983380                       0.000000                        8.577241                 5.701794                    18.262416                
58.64       164.51       53.99                75.66                  3.988279                       0.000000                        8.118370                 7.986935                    20.093585                
58.96       163.65       45.75                69.66                  4.109219                       0.000000                        7.474906                 13.100529                   24.684654                
====================Subduction_Zone_88====================
18.00       -62.56       80.63                92.47                  4.626289                       0.000000                        8.831819                 9.617575                    23.075682                
17.33       -61.89       76.81                90.25                  4.603358                       0.000000                        9.003750                 6.866721                    20.473829                
16.67       -61.22       73.12                88.05                  4.587032                       0.000000                        9.049049                 3.794520                    17.430601                
16.00       -60.54       69.53                85.87                  4.586700                       0.025865                        8.929984                 4.243433                    17.785981                
15.08       -60.15       43.22                67.70                  7.787258                       5.179163                        7.298722                 9.611847                    29.876989                
14.17       -59.75       57.10                77.81                  6.146715                       4.490531                        8.525038                 4.731384                    23.893668                
14.12       -59.71       57.76                78.26                  5.925827                       4.147689                        8.621101                 4.703702                    23.398319                
====================Subduction_Zone_89====================
5.99        107.31       34.52                60.50                  4.384041                       0.000000                        7.208719                 11.754372                   23.347132                
5.70        108.26       34.03                60.08                  4.648458                       0.000000                        7.203124                 11.832032                   23.683614                
5.40        109.22       27.88                54.38                  4.752440                       0.000000                        7.217552                 13.664584                   25.634575                
5.32        109.49       26.50                53.01                  4.521455                       0.000000                        7.219212                 16.033337                   27.774004                
4.73        109.98       25.43                51.93                  4.393671                       0.000000                        7.209088                 16.432060                   28.034819                
4.13        110.47       25.58                52.08                  4.273196                       0.000000                        7.220476                 16.555390                   28.049062                
3.35        111.33       25.87                52.37                  4.132528                       0.000000                        7.219675                 15.914221                   27.266425                
2.86        111.92       25.51                52.01                  4.087227                       0.000000                        7.220108                 16.047248                   27.354583                
2.37        112.50       24.92                51.40                  4.058156                       0.000000                        7.208057                 16.159374                   27.425587                
2.25        113.17       24.58                51.05                  4.069492                       0.000000                        7.197351                 16.775187                   28.042030                
2.14        113.84       23.83                50.27                  4.095857                       0.000000                        7.166961                 16.993759                   28.256577                
2.75        114.84       23.94                50.38                  4.133880                       0.000000                        7.182610                 16.832266                   28.148756                
3.35        115.54       24.73                51.21                  4.165218                       0.000000                        7.209509                 16.416578                   27.791304                
3.95        116.24       25.53                52.03                  4.200175                       0.000000                        7.223605                 15.762291                   27.186071                
4.55        116.94       26.32                52.83                  4.239477                       0.000000                        7.227391                 14.923726                   26.390594                
5.24        117.54       27.21                53.72                  4.277255                       0.000000                        7.224837                 14.060682                   25.562774                
5.94        118.13       27.83                54.32                  4.273366                       0.000000                        7.219142                 13.213474                   24.705982                
6.63        118.73       28.40                54.88                  4.250139                       0.000000                        7.212850                 12.693110                   24.156099                
7.12        119.69       28.64                55.11                  4.230484                       0.000000                        7.209202                 12.169702                   23.609388                
7.62        120.65       29.30                55.74                  4.226384                       0.000000                        7.202576                 11.578549                   23.007509                
7.74        120.87       29.37                55.81                  4.224998                       0.000000                        7.201890                 11.629288                   23.056176                
====================Subduction_Zone_90====================
41.67       2.99         147.35               125.00                 9.171690                       5.338712                        8.428063                 26.430512                   49.368978                
41.46       3.75         146.66               124.71                 9.256596                       5.346829                        8.389172                 30.299901                   53.292499                
41.38       3.82         142.24               122.82                 9.667391                       5.385793                        8.241435                 30.299901                   53.594520                
====================Subduction_Zone_91====================
35.92       3.39         152.94               125.00                 11.393535                      5.465243                        9.350892                 4.451399                    30.661069                
35.92       3.38         152.90               125.00                 11.388873                      5.465211                        9.348259                 4.451399                    30.653742                
35.82       3.19         150.18               125.00                 11.545222                      5.479566                        9.230896                 4.815087                    31.070770                
35.80       2.99         149.89               125.00                 10.706498                      5.452353                        8.818992                 4.698036                    29.675878                
35.78       2.79         146.33               124.57                 10.407780                      5.400119                        8.295559                 10.382522                   34.485981                
35.77       2.56         141.70               122.58                 10.132064                      5.395796                        8.395980                 5.738928                    29.662768                
35.68       2.25         137.06               120.56                 10.079711                      5.395796                        8.995336                 10.382522                   34.853366                
35.57       1.92         131.93               118.28                 10.076711                      5.395796                        9.644106                 21.776150                   46.892763                
35.46       1.64         121.22               113.38                 9.640358                       5.361937                        9.833975                 21.852745                   46.689014                
35.32       1.37         120.55               113.06                 7.244709                       5.013083                        9.845248                 21.869530                   43.972569                
35.14       1.06         120.65               113.11                 6.021951                       4.280722                        9.817720                 21.869530                   41.989923                
34.92       0.49         133.24               118.87                 7.526253                       5.148230                        9.574403                 11.113122                   33.362008                
34.70       -0.08        138.18               121.05                 7.520893                       5.145621                        9.656563                 7.878314                    30.201390                
34.51       -0.68        137.83               120.90                 7.471591                       5.130429                        8.821702                 9.268388                    30.692110                
34.40       -1.09        140.44               122.04                 7.628346                       5.159664                        8.331718                 9.165970                    30.285699                
34.27       -1.60        138.09               121.01                 8.023274                       5.210534                        8.994795                 5.219335                    27.447938                
34.16       -2.11        135.90               120.05                 8.130242                       5.237430                        9.221401                 3.824390                    26.413463                
34.06       -2.60        134.12               119.26                 8.505474                       5.256493                        9.544266                 3.751820                    27.058053                
33.95       -3.15        132.01               118.32                 9.128786                       5.323667                        9.760493                 4.277062                    28.490007                
33.92       -3.63        129.20               117.05                 9.920792                       5.385902                        9.848713                 5.726629                    30.882036                
33.98       -4.11        126.11               115.64                 11.207379                      5.453379                        9.878068                 8.416106                    34.954931                
34.13       -4.33        124.11               114.72                 12.434510                      5.507035                        9.871278                 11.523098                   39.335921                
34.37       -4.23        123.20               114.30                 12.884473                      5.517470                        9.861188                 15.461877                   43.725007                
34.58       -4.07        122.42               113.94                 12.998026                      5.523111                        9.848583                 16.048021                   44.417740                
34.85       -3.84        121.54               113.53                 12.952515                      5.525653                        9.809168                 22.706094                   50.993430                
35.23       -3.37        120.73               113.15                 12.376936                      5.509557                        9.791513                 23.735734                   51.413740                
====================Subduction_Zone_92====================
41.38       3.82         142.24               122.82                 9.667391                       5.385793                        8.241435                 30.299901                   53.594520                
40.48       4.62         143.94               123.55                 9.551739                       5.373752                        8.242260                 205.126169                  228.293921               
39.79       4.82         141.99               122.71                 9.689914                       5.388317                        8.241443                 205.126169                  228.445843               
39.13       4.79         146.39               124.59                 9.218042                       5.338464                        8.334144                 9.973354                    32.864004                
38.34       4.68         143.97               123.56                 9.498597                       5.367773                        8.264770                 9.973354                    33.104495                
38.06       4.60         143.96               123.56                 9.565362                       5.374557                        8.219532                 9.973354                    33.132805                
37.48       4.44         167.87               125.00                 13.893618                      5.564568                        9.657722                 9.973354                    39.089263                
36.86       4.29         165.95               125.00                 12.421394                      5.513361                        9.475895                 9.973354                    37.384005                
36.22       3.83         158.63               125.00                 12.116976                      5.508019                        9.177458                 4.451399                    31.253852                
35.92       3.39         152.98               125.00                 11.398200                      5.465271                        9.353602                 4.451399                    30.668473                
35.92       3.39         152.94               125.00                 11.393535                      5.465243                        9.350892                 4.451399                    30.661069                
====================Subduction_Zone_93====================
47.68       139.53       46.48                70.20                  3.923884                       0.000000                        7.556545                 8.334099                    19.814528                
47.10       139.31       47.51                70.98                  3.923848                       0.000000                        7.677948                 7.598367                    19.200163                
46.53       139.09       48.05                71.38                  3.923827                       0.000000                        7.735290                 6.995456                    18.654573                
45.95       138.85       48.58                71.78                  3.923829                       0.000000                        7.784517                 6.777235                    18.485581                
45.38       138.62       49.11                72.17                  3.923977                       0.000000                        7.826082                 6.292929                    18.042989                
44.80       138.35       49.61                72.53                  3.924385                       0.000000                        7.865303                 6.179583                    17.969271                
44.22       138.08       50.25                73.00                  3.924930                       0.000000                        7.890028                 5.840356                    17.655314                
43.72       137.81       50.66                73.30                  3.925450                       0.000000                        7.906582                 5.704103                    17.536135                
43.21       137.55       51.07                73.59                  3.926299                       0.000000                        7.938816                 5.429447                    17.294562                
42.24       136.99       52.09                74.33                  3.928192                       0.000000                        7.957200                 5.238810                    17.124201                
41.42       136.39       51.94                74.21                  3.928238                       0.000000                        7.966040                 5.145246                    17.039525                
40.85       135.88       51.33                73.78                  3.929369                       0.000000                        7.930658                 5.288514                    17.148542                
40.44       135.46       50.68                73.31                  3.930011                       0.000000                        7.906897                 5.484961                    17.321870                
39.95       134.93       49.89                72.74                  3.930634                       0.000000                        7.871640                 5.699016                    17.501289                
39.52       134.45       48.75                71.90                  3.931440                       0.000000                        7.801740                 7.162884                    18.896064                
39.22       134.17       48.59                71.78                  3.931449                       0.000000                        7.804797                 7.162884                    18.899129                
38.91       133.77       47.41                70.90                  3.932730                       0.000000                        7.651786                 7.162884                    18.747400                
38.57       133.41       47.15                70.71                  3.932785                       0.000000                        7.632188                 7.508993                    19.073967                
38.16       132.97       46.39                70.14                  3.933666                       0.000000                        7.509635                 8.396456                    19.839757                
37.71       132.37       45.39                69.38                  3.934498                       0.000000                        7.392882                 9.167595                    20.494975                
37.10       131.63       44.02                68.32                  3.935400                       0.000000                        7.301845                 9.428861                    20.666106                
36.74       131.13       43.17                67.66                  3.936309                       0.000000                        7.241977                 9.565794                    20.744080                
36.38       130.63       41.81                66.59                  3.937272                       0.000000                        7.228366                 9.836776                    21.002415                
35.82       129.77       41.07                65.99                  3.939361                       0.000000                        7.231969                 10.122410                   21.293741                
35.14       128.86       40.76                65.75                  3.944473                       0.000000                        7.232178                 10.270137                   21.446788                
34.44       128.14       40.31                65.38                  3.951471                       0.000000                        7.239146                 10.345006                   21.535622                
33.75       127.43       39.90                65.05                  3.956566                       0.000000                        7.240218                 10.471187                   21.667971                
33.20       126.79       39.31                64.56                  3.978000                       0.000000                        7.244804                 10.611853                   21.834657                
32.64       126.15       39.21                64.48                  3.967280                       0.000000                        7.245824                 9.531085                    20.744189                
31.85       125.43       46.28                70.06                  3.981227                       0.000000                        7.532575                 7.816985                    19.330787                
31.06       124.70       47.29                70.82                  3.992419                       0.000000                        7.699535                 6.906640                    18.598593                
30.11       123.82       46.92                70.54                  4.110155                       0.000000                        7.610677                 7.322388                    19.043221                
29.67       123.31       45.66                69.58                  4.161314                       0.000000                        7.469899                 8.548451                    20.179664                
====================Subduction_Zone_94====================
53.47       138.85       5.94                 25.10                  4.256533                       0.000000                        7.262990                 9.658099                    21.177622                
53.21       138.89       13.27                37.51                  4.217530                       0.000000                        7.260059                 9.658099                    21.135687                
====================Subduction_Zone_95====================
41.57       1.06         111.05               108.52                 13.057973                      5.530779                        9.270125                 30.299901                   58.158778                
41.68       0.99         106.48               106.26                 12.084846                      5.514439                        9.470802                 30.299901                   57.369989                
41.87       0.91         106.88               106.46                 12.313970                      5.518175                        9.423318                 30.299901                   57.555364                
42.11       0.90         109.97               107.99                 12.498590                      5.521314                        9.369989                 30.299901                   57.689794                
42.97       1.57         145.23               124.10                 9.309708                       5.344964                        8.262680                 30.299901                   53.217254                
43.11       1.72         145.33               124.14                 9.363724                       5.354736                        8.311738                 30.299901                   53.330099                
43.22       1.82         144.98               123.99                 9.480150                       5.366036                        8.235858                 30.299901                   53.381945                
43.47       2.08         145.22               124.10                 9.414526                       5.360943                        8.303508                 30.299901                   53.378879                
43.80       2.48         142.98               123.13                 9.558808                       5.372303                        8.233256                 30.299901                   53.464269                
43.92       2.67         144.06               123.60                 9.503107                       5.368673                        8.267121                 30.299901                   53.438802                
44.03       2.82         144.81               123.92                 9.491144                       5.367287                        8.238596                 30.299901                   53.396929                
44.14       3.06         143.56               123.38                 9.545046                       5.372733                        8.255659                 30.299901                   53.473341                
44.24       3.23         144.91               123.97                 9.475089                       5.366142                        8.255388                 30.299901                   53.396520                
44.39       3.51         143.75               123.46                 9.475485                       5.362928                        8.238220                 30.299901                   53.376535                
44.77       4.37         145.07               124.03                 9.324868                       5.346315                        8.255612                 30.299901                   53.226695                
44.96       4.82         132.98               118.75                 12.830142                      5.518900                        8.573864                 1.576817                    28.499723                
45.20       5.74         132.33               118.46                 13.691812                      5.543151                        9.854183                 1.576817                    30.665964                
45.29       6.26         140.30               121.98                 13.201396                      5.529362                        9.155697                 1.576817                    29.463272                
45.39       6.79         130.19               117.50                 12.576102                      5.515572                        8.669397                 1.576817                    28.337888                
45.44       7.19         133.89               119.16                 13.433189                      5.537248                        9.608384                 1.576817                    30.155639                
45.50       7.75         138.78               121.31                 13.128817                      5.528955                        9.215646                 1.576817                    29.450235                
45.55       8.32         129.21               117.05                 12.828123                      5.520662                        8.794926                 1.576817                    28.720529                
45.65       9.16         135.37               119.81                 13.393983                      5.535808                        9.528684                 1.576817                    30.035291                
45.72       9.93         126.69               115.91                 12.992598                      5.525044                        9.010809                 1.576817                    29.105267                
45.73       10.49        128.07               116.54                 12.965162                      5.523739                        8.910051                 1.576817                    28.975769                
45.75       10.81        131.79               118.22                 12.930982                      5.521406                        8.694730                 1.576817                    28.723935                
45.73       11.34        126.62               115.88                 12.973117                      5.524788                        9.014526                 1.576817                    29.089249                
45.69       11.71        133.44               118.96                 13.202970                      5.530157                        9.233935                 1.576817                    29.543880                
45.62       12.39        125.45               115.34                 11.224639                      5.466019                        9.853790                 1.576817                    28.121265                
45.52       13.33        126.32               115.74                 8.356874                       5.261991                        9.877613                 1.254683                    24.751161                
45.49       13.86        128.27               116.63                 7.722410                       5.180923                        9.866046                 1.225642                    23.995021                
45.46       14.39        130.49               117.63                 7.296495                       5.102482                        9.824186                 1.206264                    23.429427                
45.29       15.00        133.99               119.20                 7.183721                       5.073591                        9.551499                 1.174414                    22.983224                
45.12       15.46        134.97               119.63                 7.253720                       5.100944                        9.644565                 1.188618                    23.187847                
44.62       16.08        135.84               120.02                 7.332603                       5.100944                        9.238214                 1.207347                    22.879109                
44.32       16.41        137.32               120.67                 7.074864                       5.041973                        9.841556                 1.208446                    23.166838                
43.97       16.38        136.03               120.11                 7.003756                       5.041973                        9.800767                 2.519871                    24.366366                
43.63       16.14        123.08               114.24                 7.049818                       5.041973                        9.846477                 2.519871                    24.458139                
43.32       15.86        137.19               120.62                 7.008038                       5.041973                        9.777343                 2.519871                    24.347225                
43.15       15.68        136.88               120.48                 6.998050                       5.041973                        9.765516                 2.519871                    24.325410                
====================Subduction_Zone_96====================
32.64       27.55        60.27                79.95                  10.893409                      5.454766                        8.994432                 20.269177                   45.611784                
32.92       28.26        60.90                80.36                  10.655106                      5.454766                        8.866783                 12.818450                   37.795104                
33.20       28.98        59.95                79.74                  10.367734                      5.395796                        8.895352                 11.348652                   36.007535                
33.53       29.86        63.09                81.80                  10.121910                      5.395796                        8.941586                 11.148824                   35.608117                
33.82       30.57        60.05                79.80                  9.937280                       5.395796                        9.026825                 11.612194                   35.972094                
34.02       31.08        59.09                79.16                  9.822502                       5.395796                        9.009655                 10.374539                   34.602492                
34.21       31.59        57.61                78.16                  9.735383                       5.395796                        8.100641                 9.174155                    32.405974                
34.60       32.55        48.17                71.47                  9.494951                       5.366310                        7.912243                 13.906497                   36.680001                
34.76       33.07        47.71                71.13                  9.461763                       5.356450                        7.661616                 15.196507                   37.676336                
34.93       33.58        47.38                70.88                  9.352675                       5.336825                        7.619495                 14.185553                   36.494548                
35.05       34.41        50.07                72.87                  9.297475                       5.340855                        7.837194                 14.945958                   37.421481                
35.17       35.23        46.08                69.90                  9.072022                       5.336825                        7.497657                 14.763547                   36.670051                
35.04       35.98        54.25                75.85                  8.155699                       5.199218                        8.157202                 10.422179                   31.934298                
34.91       36.73        65.76                83.51                  4.670550                       0.345276                        9.007714                 7.898035                    21.921575                
====================Subduction_Zone_97====================
36.97       13.96        209.84               125.00                 28.386685                      5.720133                        10.531774                69.850881                   114.489473               
36.46       14.18        207.90               125.00                 27.580456                      5.720133                        10.510428                47.042094                   90.853110                
35.96       14.40        207.74               125.00                 27.348403                      5.720133                        10.520434                45.767621                   89.356592                
35.09       14.78        208.37               125.00                 26.405418                      5.720133                        10.515293                45.517304                   88.158149                
34.39       15.03        210.13               125.00                 25.823477                      5.720133                        10.520934                37.284295                   79.348839                
33.69       15.29        209.52               125.00                 25.384939                      5.720133                        10.527594                35.942495                   77.575162                
33.07       16.05        197.61               125.00                 5.907237                       4.103082                        10.471743                15.332162                   35.814224                
32.61       16.76        197.70               125.00                 5.935902                       4.138005                        10.464328                28.996106                   49.534342                
32.16       17.48        194.89               125.00                 5.968259                       4.183167                        10.456210                34.276869                   54.884505                
31.96       18.21        195.07               125.00                 5.987946                       4.211754                        10.444903                42.124932                   62.769535                
31.76       18.94        198.29               125.00                 5.879903                       4.062740                        10.467714                42.053520                   62.463877                
31.56       19.66        201.34               125.00                 5.801546                       3.958387                        10.484998                48.942966                   69.187897                
31.54       20.43        191.39               125.00                 8.069638                       5.207509                        10.357417                26.604979                   50.239543                
31.52       21.20        134.61               119.48                 7.005440                       5.050502                        9.221618                 30.664852                   51.942412                
31.51       21.73        127.10               116.10                 8.157837                       5.230393                        9.025314                 41.931800                   64.345344                
31.50       22.26        140.00               121.85                 9.728306                       5.363931                        9.512613                 42.405608                   67.010459                
31.60       23.07        180.93               125.00                 9.426696                       5.355665                        10.064392                74.891839                   99.738593                
31.71       23.81        241.09               125.00                 8.440665                       5.264887                        9.441386                 113.399490                  136.546429               
31.83       24.55        237.22               125.00                 8.567867                       5.275888                        9.612525                 102.349491                  125.805772               
32.00       25.42        212.69               125.00                 8.978398                       5.308876                        10.531574                123.417674                  148.236522               
32.16       26.28        164.73               125.00                 9.758821                       5.385462                        9.496727                 64.714392                   89.355403                
32.40       26.91        91.98                98.76                  11.632555                      5.484251                        8.973104                 24.169738                   50.259648                
32.64       27.55        60.27                79.95                  10.893409                      5.454766                        8.994432                 20.269177                   45.611784                
====================Subduction_Zone_98====================
41.67       2.95         146.62               124.69                 9.252970                       5.346021                        8.384469                 25.961800                   48.945261                
41.67       2.92         145.88               124.38                 9.334611                       5.353460                        8.342607                 25.493053                   48.523732                
41.84       3.05         145.22               124.10                 9.437715                       5.363071                        8.282755                 24.653934                   47.737475                
42.05       3.29         145.86               124.37                 9.360152                       5.356430                        8.333865                 25.174791                   48.225238                
42.21       3.56         147.81               125.00                 9.177301                       5.342668                        8.475000                 26.071665                   49.066634                
42.04       4.17         147.32               124.99                 9.200353                       5.342843                        8.435426                 30.299901                   53.278522                
41.94       4.46         143.64               123.42                 9.533885                       5.371489                        8.257420                 205.126169                  228.288963               
41.89       4.87         144.83               123.93                 9.443882                       5.363425                        8.289882                 205.126169                  228.223358               
41.82       5.39         148.05               125.00                 9.139647                       5.339074                        8.495269                 205.126169                  228.100159               
41.88       5.88         145.14               124.06                 9.417240                       5.361061                        8.302106                 205.126169                  228.206577               
42.04       6.16         151.16               125.00                 9.200047                       5.343190                        8.440832                 205.126169                  228.110238               
42.21       6.84         149.29               125.00                 9.423049                       5.361499                        8.277723                 1.576817                    24.639087                
42.26       7.25         138.32               121.11                 13.411209                      5.534558                        9.402892                 1.576817                    29.925476                
42.28       7.56         137.44               120.73                 13.218957                      5.531365                        9.330009                 1.576817                    29.657148                
42.54       8.06         129.22               117.06                 12.962850                      5.523186                        8.850233                 1.576817                    28.913085                
42.09       8.59         125.81               115.50                 10.665061                      5.407526                        9.864656                 1.576817                    27.514060                
41.62       9.11         127.14               116.11                 8.295174                       5.251573                        9.876046                 1.261575                    24.684368                
41.46       9.18         151.16               125.00                 9.176588                       5.339797                        8.435301                 1.261575                    24.213261                
40.54       9.22         153.96               125.00                 8.540092                       5.273746                        9.374653                 205.126169                  228.314660               
39.71       9.66         204.79               125.00                 22.266479                      5.447991                        10.497843                205.126169                  243.338482               
39.32       10.05        204.79               125.00                 23.269519                      5.465229                        10.497908                205.126169                  244.358825               
39.01       10.83        202.88               125.00                 6.657048                       4.903260                        10.484240                205.126169                  227.170718               
38.70       11.61        205.97               125.00                 31.856305                      5.720133                        10.506272                205.126169                  253.208879               
38.62       12.27        206.59               125.00                 30.970470                      5.720133                        10.504074                205.126169                  252.320846               
38.36       12.85        207.11               125.00                 30.402034                      5.720133                        10.516933                190.819337                  237.458437               
38.20       13.04        208.04               125.00                 29.930423                      5.720133                        10.522000                167.033635                  213.206191               
37.77       13.56        209.69               125.00                 29.145841                      5.720133                        10.530963                129.247611                  174.644549               
37.40       13.69        210.04               125.00                 28.756282                      5.720133                        10.532855                69.850881                   114.860151               
36.97       13.96        209.84               125.00                 28.386685                      5.720133                        10.531774                69.850881                   114.489473               
====================Subduction_Zone_99====================
41.67       2.95         146.62               124.69                 9.252970                       5.346021                        8.384469                 25.961800                   48.945261                
41.67       2.99         147.35               125.00                 9.171690                       5.338712                        8.428063                 26.430512                   49.368978                
====================Subduction_Zone_100====================
-42.48      171.88       0.80                 10.00                  4.336811                       0.000000                        3.083181                 1.839726                    9.259719                 
-42.41      172.74       1.08                 10.72                  4.355089                       0.000000                        3.454479                 1.068460                    8.878028                 
-42.44      173.40       0.37                 10.00                  4.354773                       0.000000                        3.326109                 1.068460                    8.749342                 
-42.47      174.06       0.94                 10.00                  4.582083                       0.000000                        2.763593                 1.068460                    8.414136                 
-42.57      175.02       1.53                 12.73                  4.345476                       0.000000                        3.130012                 1.199709                    8.675197                 
-42.72      175.92       1.17                 11.13                  4.547400                       0.000000                        3.104362                 1.316748                    8.968510                 
-43.09      176.73       39.74                64.91                  4.029215                       0.000000                        7.234304                 18.685896                   29.949415                
-43.47      177.20       41.18                66.08                  4.028455                       0.000000                        7.230304                 18.685896                   29.944655                
-43.73      177.62       39.88                65.03                  4.029763                       0.000000                        7.240324                 18.912946                   30.183033                
====================Subduction_Zone_101====================
38.61       -115.19      12.04                35.73                  3.997500                       0.000000                        6.010930                 20.182575                   30.191005                
38.94       -115.77      11.71                35.23                  4.010463                       0.000000                        5.967976                 19.972240                   29.950679                
39.62       -116.40      10.74                33.74                  4.029448                       0.000000                        5.835417                 17.539307                   27.404172                
40.30       -117.02      9.06                 31.00                  3.955758                       0.000000                        5.604091                 15.099762                   24.659611                
40.83       -117.35      8.24                 29.57                  3.976434                       0.000000                        5.386170                 12.885440                   22.248044                
41.35       -117.68      6.68                 26.62                  3.976774                       0.000000                        5.134592                 10.886338                   19.997704                
42.33       -118.27      5.61                 24.39                  3.986689                       0.000000                        4.904605                 9.526232                    18.417526                
43.03       -118.69      5.18                 23.45                  3.996819                       0.000000                        4.799129                 8.418305                    17.214253                
43.29       -118.85      5.07                 23.19                  4.007474                       0.000000                        4.782336                 8.418305                    17.208115                
43.46       -118.83      5.08                 23.20                  4.007486                       0.000000                        4.783843                 17.887849                   26.679178                
43.63       -118.88      10.48                33.33                  4.168938                       0.000000                        5.808043                 18.044540                   28.021522                
43.78       -118.92      10.75                33.76                  4.172039                       0.000000                        5.809784                 18.044540                   28.026364                
43.93       -118.89      11.12                34.35                  4.170459                       0.000000                        5.863981                 18.044540                   28.078981                
44.00       -118.82      11.29                34.61                  4.167489                       0.000000                        5.923451                 18.044540                   28.135480                
44.14       -118.82      11.26                34.55                  4.170080                       0.000000                        5.931519                 18.044540                   28.146139                
44.20       -118.90      11.15                34.39                  4.167642                       0.000000                        5.903675                 18.044540                   28.115857                
44.50       -118.95      11.55                35.01                  4.169688                       0.000000                        5.897381                 18.044540                   28.111609                
44.69       -118.97      11.51                34.94                  4.169507                       0.000000                        5.891811                 19.030864                   29.092182                
44.78       -119.03      11.25                34.54                  4.170915                       0.000000                        5.930439                 18.044540                   28.145895                
44.90       -119.10      11.64                35.14                  4.169532                       0.000000                        5.909212                 19.168599                   29.247343                
45.05       -119.20      11.45                34.84                  4.180345                       0.000000                        5.969946                 19.368852                   29.519142                
45.36       -119.24      11.88                35.50                  4.182215                       0.000000                        6.013562                 19.368852                   29.564628                
45.55       -119.23      11.89                35.52                  4.181966                       0.000000                        6.015230                 19.368852                   29.566048                
45.63       -119.22      12.42                36.28                  4.183038                       0.000000                        6.067435                 19.523985                   29.774458                
45.70       -119.15      12.20                35.97                  4.184793                       0.000000                        6.041262                 20.461282                   30.687337                
45.95       -119.19      12.52                36.44                  4.186039                       0.000000                        6.036355                 20.742838                   30.965232                
46.15       -119.21      12.94                37.05                  4.185574                       0.000000                        6.075350                 20.715650                   30.976573                
46.30       -119.23      12.99                37.11                  4.192405                       0.000000                        6.135324                 21.401205                   31.728935                
46.35       -119.30      12.79                36.83                  4.193766                       0.000000                        6.124638                 21.593522                   31.911927                
46.51       -119.32      12.83                36.89                  4.192855                       0.000000                        6.117485                 21.849757                   32.160096                
46.73       -119.34      12.91                37.00                  4.197760                       0.000000                        6.126662                 23.024943                   33.349365                
47.09       -119.47      16.73                42.12                  4.404964                       0.000000                        6.456426                 23.837974                   34.699364                
47.56       -119.67      17.41                42.97                  4.395920                       0.000000                        6.591928                 24.082015                   35.069863                
47.90       -119.83      17.24                42.76                  4.409608                       0.000000                        6.575044                 24.085486                   35.070138                
48.24       -119.98      17.10                42.59                  4.415736                       0.000000                        6.549220                 24.146484                   35.111440                
48.56       -120.14      16.91                42.35                  4.437524                       0.000000                        6.542643                 24.398094                   35.378261                
48.93       -120.28      16.82                42.24                  4.454128                       0.000000                        6.534301                 24.859313                   35.847742                
49.31       -120.62      16.23                41.48                  4.472580                       0.000000                        6.475880                 25.094671                   36.043130                
49.55       -120.77      16.01                41.20                  4.475111                       0.000000                        6.441566                 25.362620                   36.279297                
49.83       -121.07      15.46                40.49                  4.489455                       0.000000                        6.386925                 25.310763                   36.187144                
50.09       -121.39      14.80                39.61                  4.503359                       0.000000                        6.319461                 24.618787                   35.441608                
50.26       -121.79      13.94                38.45                  4.294460                       0.000000                        6.232365                 21.628466                   32.155292                
50.37       -122.04      13.48                37.81                  4.279957                       0.000000                        6.188940                 19.582468                   30.051365                
50.56       -122.28      9.99                 32.54                  4.276681                       0.000000                        5.687918                 18.540022                   28.504621                
50.97       -122.38      8.68                 30.33                  4.325789                       0.000000                        5.518383                 14.899243                   24.743415                
51.25       -122.60      8.26                 29.59                  4.351702                       0.000000                        5.442322                 14.716576                   24.510600                
51.33       -122.87      7.82                 28.79                  4.370409                       0.000000                        5.360356                 12.331342                   22.062107                
51.53       -123.04      7.56                 28.32                  4.387898                       0.000000                        5.311079                 12.131841                   21.830818                
51.73       -123.38      6.57                 26.39                  5.122025                       2.547368                        5.106132                 10.247401                   23.022925                
51.88       -123.70      3.99                 20.58                  5.151835                       2.697708                        4.752526                 6.456759                    19.058828                
52.03       -124.19      0.92                 10.00                  4.699006                       0.077478                        3.304572                 3.102997                    11.184052                
52.20       -124.50      0.16                 10.00                  4.633272                       0.000000                        1.974042                 0.878370                    7.485683                 
52.45       -124.79      0.11                 10.00                  4.272594                       0.000000                        1.332593                 0.656365                    6.261551                 
52.61       -125.06      0.51                 10.00                  4.269210                       0.000000                        2.689575                 0.707713                    7.666498                 
52.67       -125.27      0.93                 10.00                  4.290248                       0.000000                        3.224212                 1.302142                    8.816602                 
====================Subduction_Zone_102====================
16.74       -95.68       10.81                33.86                  3.767376                       0.000000                        5.856522                 17.967079                   27.590977                
15.99       -94.95       12.10                35.82                  3.791367                       0.000000                        6.029038                 20.599135                   30.419539                
15.25       -94.23       19.84                45.87                  3.916558                       0.000000                        6.836189                 20.046541                   30.799289                
====================Subduction_Zone_103====================
16.74       -95.68       10.81                33.86                  3.767376                       0.000000                        5.856522                 17.967079                   27.590977                
17.30       -96.54       10.05                32.65                  3.766877                       0.000000                        5.740218                 16.900977                   26.408072                
18.01       -97.37       9.29                 31.40                  3.767272                       0.000000                        5.623757                 15.501879                   24.892908                
18.62       -98.00       8.73                 30.43                  3.769520                       0.000000                        5.499945                 15.016887                   24.286352                
19.47       -98.97       7.95                 29.03                  3.778059                       0.000000                        5.354447                 13.208769                   22.341275                
20.32       -99.94       7.10                 27.43                  3.810458                       0.000000                        5.217427                 11.945241                   20.973125                
21.17       -100.91      6.95                 27.15                  3.876432                       0.000000                        5.171309                 11.410630                   20.458371                
21.89       -101.77      6.51                 26.28                  3.916989                       0.000000                        5.045952                 11.026543                   19.989484                
22.60       -102.63      7.24                 27.72                  3.808269                       0.000000                        5.228453                 13.104154                   22.140876                
23.32       -103.49      10.33                33.09                  3.866589                       0.000000                        5.785803                 16.295346                   25.947738                
24.26       -104.31      9.72                 32.11                  3.876557                       0.000000                        5.692947                 16.380995                   25.950499                
25.19       -105.13      9.08                 31.03                  3.885690                       0.000000                        5.583821                 15.283857                   24.753368                
25.92       -105.80      8.31                 29.68                  3.897914                       0.000000                        5.451933                 13.710563                   23.060410                
26.64       -106.47      7.50                 28.20                  3.906003                       0.000000                        5.296660                 12.193698                   21.396361                
27.37       -107.15      5.21                 23.50                  3.999370                       0.000000                        4.813635                 8.979430                    17.792435                
28.16       -107.64      4.67                 22.25                  4.019384                       0.000000                        4.689088                 7.622762                    16.331234                
28.95       -108.14      4.09                 20.83                  4.041051                       0.000000                        4.548462                 6.944022                    15.533534                
29.76       -108.88      1.42                 12.27                  3.969635                       0.000000                        3.572710                 2.758005                    10.300351                
30.57       -109.61      0.15                 10.00                  3.944770                       0.000000                        1.790526                 0.510707                    6.246002                 
31.34       -110.12      0.30                 10.00                  4.291014                       0.000000                        2.303769                 0.153086                    6.747868                 
32.12       -110.63      0.18                 10.00                  4.475079                       0.000000                        1.866524                 0.720101                    7.061704                 
32.85       -111.11      0.41                 10.00                  4.405246                       0.000000                        2.280165                 0.543335                    7.228746                 
33.58       -111.59      0.53                 10.00                  4.546681                       0.000000                        2.741757                 0.473538                    7.761976                 
34.33       -112.10      1.03                 10.46                  4.797953                       0.000000                        3.247058                 2.182507                    10.227518                
35.08       -112.61      5.66                 24.50                  4.187785                       0.000000                        4.915746                 7.696830                    16.800361                
35.82       -113.12      13.17                37.38                  4.189940                       0.000000                        5.671683                 16.260838                   26.122460                
36.75       -113.81      15.26                40.22                  4.118839                       0.000000                        6.379606                 23.295230                   33.793674                
37.68       -114.50      13.35                37.62                  3.982862                       0.000000                        6.167435                 22.828430                   32.978726                
38.61       -115.19      12.04                35.73                  3.997500                       0.000000                        6.010930                 20.182575                   30.191005                
====================Subduction_Zone_104====================
52.90       144.86       63.98                82.37                  4.002336                       0.000000                        9.064262                 3.442507                    16.509104                
52.54       144.16       57.05                77.78                  4.030731                       0.000000                        9.044109                 3.843950                    16.918791                
52.17       143.45       54.29                75.87                  4.359233                       0.000000                        8.129702                 5.036957                    17.525893                
51.61       142.52       50.93                73.49                  4.295412                       0.000000                        7.948903                 6.091194                    18.335509                
51.27       141.70       48.35                71.60                  4.243332                       0.000000                        7.831467                 7.108025                    19.182825                
50.94       140.87       45.76                69.66                  4.136726                       0.000000                        7.471039                 8.590729                    20.198493                
50.61       140.05       44.64                68.81                  4.070685                       0.000000                        7.385866                 9.101962                    20.558512                
50.49       139.54       44.02                68.33                  3.988173                       0.000000                        7.300382                 9.349963                    20.638518                
50.38       139.03       43.21                67.69                  3.935617                       0.000000                        7.264606                 9.483532                    20.683755                
====================Subduction_Zone_105====================
53.21       138.89       13.27                37.51                  4.217530                       0.000000                        7.260059                 9.658099                    21.135687                
52.57       138.98       18.05                43.75                  4.329953                       0.000000                        7.291463                 9.881653                    21.503069                
51.93       139.08       43.53                67.94                  4.307469                       0.000000                        7.273606                 9.731093                    21.312167                
51.16       139.06       43.03                67.55                  4.175452                       0.000000                        7.252759                 9.615435                    21.043646                
50.38       139.03       43.21                67.69                  3.935617                       0.000000                        7.264606                 9.483532                    20.683755                
====================Subduction_Zone_106====================
61.24       138.98       39.87                65.02                  3.999763                       0.000000                        9.054058                 3.164023                    16.217844                
60.36       139.02       41.90                66.66                  4.000685                       0.000000                        9.060516                 3.337288                    16.398489                
59.49       139.06       25.06                51.55                  4.001647                       0.000000                        9.058534                 3.524569                    16.584749                
59.13       138.50       23.85                50.30                  4.002738                       0.000000                        9.062138                 3.447235                    16.512111                
58.77       137.94       24.51                50.98                  4.021733                       0.000000                        9.050702                 3.378803                    16.451238                
57.89       138.09       26.76                53.27                  4.363356                       0.000000                        8.350979                 4.182092                    16.896427                
57.00       138.24       35.12                61.03                  4.338590                       0.000000                        8.127744                 5.266348                    17.732682                
56.12       138.40       36.04                61.82                  4.308779                       0.000000                        7.989284                 5.556660                    17.854723                
55.23       138.55       32.74                58.92                  4.272301                       0.000000                        7.919402                 6.184172                    18.375876                
54.35       138.70       2.13                 15.03                  4.320068                       0.000000                        7.278736                 7.247348                    18.846152                
53.47       138.85       5.94                 25.10                  4.256533                       0.000000                        7.262990                 9.658099                    21.177622                
====================Subduction_Zone_107====================
-41.65      -71.69       40.86                65.82                  4.003829                       0.000000                        7.229837                 10.722166                   21.955832                
-41.63      -71.67       41.02                65.95                  4.017851                       0.000000                        7.229840                 10.664529                   21.912220                
-41.40      -71.60       41.84                66.61                  3.906401                       0.000000                        7.228315                 10.493760                   21.628476                
====================Subduction_Zone_108====================
-6.34       -78.90       76.19                89.88                  4.209611                       0.000000                        9.027852                 4.335122                    17.572584                
-7.00       -79.01       78.04                90.97                  4.130347                       0.000000                        8.949893                 4.697803                    17.778042                
-7.95       -79.04       78.93                91.49                  4.157594                       0.000000                        8.907962                 5.368290                    18.433846                
-8.89       -79.08       79.94                92.07                  4.199339                       0.000000                        8.862147                 6.067389                    19.128875                
-9.84       -79.12       81.16                92.77                  4.247657                       0.000000                        8.807611                 7.445513                    20.500780                
-10.65      -78.80       83.73                94.23                  4.277775                       0.000000                        8.661978                 8.339325                    21.279078                
-11.46      -78.49       85.90                95.44                  4.065499                       0.000000                        8.453490                 8.933743                    21.452732                
-12.28      -78.18       86.71                95.89                  4.240480                       0.000000                        8.410602                 8.959657                    21.610739                
-13.21      -77.69       85.95                95.47                  4.238628                       0.000000                        8.454165                 8.974773                    21.667566                
-14.15      -77.19       85.18                95.04                  4.237718                       0.000000                        8.572191                 8.872076                    21.681986                
-15.08      -76.70       84.40                94.61                  4.233881                       0.000000                        8.607202                 8.698391                    21.539473                
-16.02      -76.21       83.77                94.25                  3.956003                       0.000000                        8.659070                 8.530787                    21.145860                
-16.95      -75.71       83.41                94.05                  3.890237                       0.000000                        8.684340                 8.324712                    20.899290                
-17.63      -75.21       83.36                94.02                  3.850835                       0.000000                        8.688154                 8.362805                    20.901794                
-18.31      -74.71       83.21                93.94                  3.857183                       0.000000                        8.698051                 8.217345                    20.772580                
-18.99      -74.21       82.98                93.80                  3.885151                       0.000000                        8.712953                 8.088826                    20.686929                
-19.90      -73.45       82.67                93.63                  3.934774                       0.000000                        8.731390                 7.884042                    20.550207                
-20.80      -72.69       82.23                93.38                  4.000628                       0.000000                        8.755531                 7.486486                    20.242645                
-21.41      -72.11       81.89                93.19                  4.063621                       0.000000                        8.772998                 7.206111                    20.042731                
-22.21      -71.46       81.62                93.03                  4.066528                       0.000000                        8.785837                 7.193304                    20.045669                
-22.87      -71.11       81.45                92.94                  4.011945                       0.000000                        8.794906                 7.070437                    19.877288                
-23.29      -70.85       81.39                92.90                  3.982577                       0.000000                        8.797220                 7.030637                    19.810434                
-23.81      -70.59       81.68                93.07                  3.986046                       0.000000                        8.778895                 7.625347                    20.390289                
-24.53      -70.39       86.83                95.96                  4.097230                       0.000000                        8.393147                 8.750338                    21.240715                
-25.42      -70.33       85.39                95.16                  4.107696                       0.000000                        8.514421                 8.915241                    21.537359                
-26.31      -70.26       83.88                94.31                  4.109271                       0.000000                        8.650065                 8.604326                    21.363663                
-27.28      -70.17       82.45                93.51                  4.036658                       0.000000                        8.743366                 7.952841                    20.732865                
-28.25      -70.07       81.32                92.86                  3.989827                       0.000000                        8.800351                 7.177547                    19.967725                
-29.22      -69.98       80.41                92.34                  3.948693                       0.000000                        8.841327                 6.742671                    19.532691                
-30.19      -69.88       79.66                91.91                  3.915446                       0.000000                        8.874943                 6.278660                    19.069050                
-31.02      -69.94       78.89                91.46                  3.899109                       0.000000                        8.910365                 5.773638                    18.583112                
-31.86      -70.00       77.98                90.94                  3.899361                       0.000000                        8.952329                 5.271795                    18.123485                
-32.69      -70.07       76.99                90.36                  3.910945                       0.000000                        8.996865                 4.694139                    17.601949                
-33.53      -70.13       76.00                89.77                  3.933676                       0.000000                        9.034414                 4.209809                    17.177899                
-34.46      -70.29       56.99                77.74                  4.043480                       0.000000                        8.556934                 3.522590                    16.123004                
-35.40      -70.45       55.11                76.45                  4.026372                       0.000000                        8.233103                 3.928153                    16.187629                
-36.34      -70.61       53.42                75.26                  4.020421                       0.000000                        8.043077                 4.474239                    16.537737                
-37.27      -70.76       52.01                74.27                  4.010896                       0.000000                        7.957860                 5.195640                    17.164396                
-38.21      -70.92       50.54                73.21                  4.003620                       0.000000                        7.901955                 5.653204                    17.558779                
-39.15      -71.08       49.43                72.40                  3.997816                       0.000000                        7.847111                 5.978633                    17.823560                
-39.90      -71.25       48.34                71.60                  3.992028                       0.000000                        7.762858                 7.028326                    18.783212                
-40.65      -71.43       45.76                69.66                  4.035518                       0.000000                        7.467848                 8.895398                    20.398764                
-41.40      -71.60       41.84                66.61                  3.906401                       0.000000                        7.228315                 10.493760                   21.628476                
====================Subduction_Zone_109====================
-6.34       -78.90       76.19                89.88                  4.209611                       0.000000                        9.027852                 4.335122                    17.572584                
-5.48       -78.77       75.76                89.63                  4.204226                       0.000000                        9.041420                 3.963064                    17.208710                
-5.19       -78.74       75.59                89.53                  4.217168                       0.000000                        9.046040                 3.414843                    16.678051                
-4.94       -78.72       73.78                88.45                  4.636452                       0.000000                        9.020113                 3.369655                    17.026219                
-4.71       -78.68       69.48                85.84                  4.599417                       0.000000                        8.939632                 2.676795                    16.215843                
====================Subduction_Zone_110====================
-64.36      -50.64       20.22                46.31                  7.443867                       5.097763                        6.680417                 15.151359                   34.373406                
-64.06      -49.81       26.45                52.96                  6.526145                       4.928385                        4.498971                 4.725176                    20.678678                
-63.87      -49.02       26.20                52.72                  5.533670                       3.510029                        4.865107                 3.990792                    17.899598                
-63.68      -48.23       28.70                55.17                  9.741387                       4.776250                        6.111797                 11.073739                   31.703173                
-63.48      -47.26       22.88                49.25                  9.678637                       5.250924                        6.782312                 11.942307                   33.654180                
-63.28      -46.29       24.63                51.11                  6.818853                       5.012487                        7.179892                 18.604524                   37.615756                
-63.05      -45.53       26.62                53.13                  6.575625                       4.953517                        7.218273                 18.604524                   37.351938                
-62.83      -44.78       27.94                54.44                  6.326996                       4.865061                        7.215839                 18.104523                   36.512419                
-62.56      -43.92       27.41                53.91                  6.143866                       4.441740                        7.221737                 16.373793                   34.181136                
-62.29      -43.07       26.44                52.95                  6.048338                       4.273128                        7.220422                 16.139658                   33.681547                
-62.07      -42.23       65.05                83.05                  7.422523                       5.121719                        8.957901                 2.802440                    24.304583                
-61.84      -41.38       65.94                83.62                  7.481697                       5.130429                        9.018006                 3.259771                    24.889903                
-61.65      -40.47       57.59                78.15                  7.618521                       5.159914                        8.607874                 4.123628                    25.509937                
-61.46      -39.57       50.10                72.89                  7.603594                       5.159914                        7.864981                 8.662463                    29.290952                
-61.20      -39.27       54.83                76.25                  7.612345                       5.159914                        8.200574                 6.038946                    27.011779                
====================Subduction_Zone_111====================
-62.86      -66.24       12.76                36.78                  4.036217                       0.000000                        6.108414                 21.381438                   31.526069                
-62.65      -65.35       10.82                33.88                  4.068052                       0.000000                        5.924316                 18.435698                   28.428066                
-62.45      -64.46       8.86                 30.64                  4.117919                       0.000000                        5.630571                 14.501031                   24.249521                
-62.24      -63.58       6.85                 26.96                  4.179993                       0.000000                        5.267645                 12.449860                   21.897498                
-62.03      -62.69       4.82                 22.61                  4.281244                       0.000000                        4.723725                 7.584128                    16.589097                
-61.86      -61.72       0.21                 10.00                  4.428717                       0.000000                        4.329263                 0.675947                    9.433927                 
-61.68      -60.74       0.21                 10.00                  4.538269                       0.000000                        2.070209                 0.805282                    7.413760                 
-61.50      -60.01       0.43                 10.00                  4.579119                       0.000000                        2.341424                 0.805282                    7.725824                 
-61.32      -59.27       0.41                 10.00                  4.581198                       0.000000                        2.368523                 3.864315                    10.814036                
-61.28      -59.03       0.21                 10.00                  4.576309                       0.000000                        2.422776                 3.864315                    10.863400                
====================Subduction_Zone_112====================
-57.33      -71.60       3.12                 18.20                  3.994432                       0.000000                        4.561593                 5.643690                    14.199716                
-57.02      -72.14       2.53                 16.37                  3.994314                       0.000000                        4.208480                 3.752029                    11.954823                
-56.79      -72.51       1.98                 14.51                  3.994779                       0.000000                        4.022913                 3.938938                    11.956631                
-56.43      -72.84       1.22                 11.39                  3.995052                       0.000000                        3.468360                 2.522587                    9.985999                 
-56.36      -72.87       1.10                 10.78                  4.188550                       0.231103                        3.303635                 3.065509                    10.788797                
-55.99      -73.02       2.42                 16.03                  5.720116                       3.598489                        4.052957                 5.335042                    18.706604                
-55.63      -73.10       6.06                 25.35                  5.790004                       3.939408                        4.991133                 12.619884                   27.340429                
-55.26      -73.17       8.94                 30.79                  4.675399                       0.000000                        5.560726                 18.068314                   28.304439                
-54.93      -73.24       11.21                34.49                  4.680806                       0.000000                        5.910062                 19.390422                   29.981290                
-54.76      -73.25       12.33                36.17                  4.678716                       0.000000                        6.056092                 20.143503                   30.878311                
-54.45      -73.35       14.25                38.87                  4.229815                       0.000000                        6.264951                 23.567944                   34.062710                
-54.30      -73.45       14.54                39.26                  4.084674                       0.000000                        6.305948                 24.392744                   34.783365                
====================Subduction_Zone_113====================
-56.83      -38.83       102.52               104.27                 5.317625                       3.093184                        9.119386                 8.730793                    26.260987                
-56.09      -39.14       108.70               107.36                 5.283062                       2.962254                        9.294802                 16.408279                   33.948397                
-55.43      -40.07       111.37               108.67                 5.616301                       3.665894                        9.569161                 11.920097                   30.771452                
-55.12      -40.84       113.42               109.67                 5.111403                       2.597489                        9.250202                 12.709142                   29.668235                
-54.82      -41.61       110.63               108.32                 4.832644                       0.185052                        9.372166                 19.348150                   33.738012                
-54.52      -42.38       114.85               110.36                 6.447816                       4.651830                        9.603583                 23.108455                   43.811684                
-54.47      -42.75       115.98               110.90                 6.612438                       4.358471                        9.658316                 21.091666                   41.720890                
====================Subduction_Zone_114====================
34.95       36.74        65.42                83.29                  4.628066                       0.179021                        9.022623                 7.847236                    21.676947                
34.51       37.25        70.39                86.40                  4.438172                       0.000000                        8.978555                 7.608168                    21.024895                
34.08       37.76        72.22                87.51                  4.209923                       0.000000                        9.021654                 7.539491                    20.771069                
33.52       38.57        73.21                88.11                  4.162688                       0.000000                        9.050124                 6.285189                    19.498001                
32.96       39.38        73.08                88.04                  4.162599                       0.000000                        9.047758                 5.945587                    19.155943                
32.40       40.18        71.66                87.17                  4.661472                       0.000000                        8.998973                 5.418426                    19.078870                
31.82       41.09        71.30                86.95                  4.544915                       0.000000                        9.014968                 5.259195                    18.819078                
31.24       42.00        71.40                87.01                  4.530283                       0.000000                        9.017904                 4.645653                    18.193841                
30.85       42.71        71.21                86.90                  4.519511                       0.000000                        9.010710                 4.422018                    17.952239                
30.47       43.42        71.01                86.78                  4.509053                       0.000000                        9.002659                 4.106479                    17.618190                
30.08       44.13        70.78                86.64                  4.498909                       0.000000                        8.993715                 3.853449                    17.346073                
29.41       44.91        71.34                86.98                  4.487138                       0.000000                        9.014110                 3.849241                    17.350489                
28.75       45.68        71.84                87.28                  4.476623                       0.000000                        9.008121                 4.167696                    17.652440                
28.08       46.45        72.29                87.56                  4.464708                       0.000000                        9.043636                 4.185017                    17.693362                
27.62       47.25        71.99                87.37                  4.454708                       0.000000                        9.035295                 4.542176                    18.032180                
27.16       48.04        71.67                87.18                  4.445059                       0.000000                        9.024034                 3.977610                    17.446703                
26.71       48.84        70.16                86.26                  4.435757                       0.000000                        8.950001                 3.483584                    16.869342                
26.37       49.67        68.45                85.20                  4.427790                       0.000000                        8.935219                 3.266875                    16.629883                
26.03       50.50        67.31                84.49                  4.418531                       0.000000                        8.945084                 3.056417                    16.420032                
25.69       51.33        67.12                84.37                  4.417742                       0.000000                        8.939413                 3.113390                    16.470545                
25.46       52.10        67.26                84.46                  4.417025                       0.000000                        8.933040                 3.113390                    16.463455                
25.23       52.88        72.29                87.56                  4.406737                       0.000000                        9.020917                 3.113390                    16.541044                
24.90       53.79        71.16                86.87                  4.396802                       0.000000                        9.020226                 4.341347                    17.758375                
24.57       54.70        64.00                82.38                  4.361643                       0.000000                        9.064337                 3.910512                    17.336492                
24.44       55.33        64.16                82.49                  4.361083                       0.000000                        9.064337                 3.618564                    17.043984                
24.31       55.95        64.00                82.38                  4.361152                       0.000000                        9.064337                 3.496371                    16.921860                
24.18       56.50        64.00                82.38                  4.361701                       0.000000                        9.064337                 3.588137                    17.014175                
24.06       57.05        64.24                82.54                  4.361621                       0.000000                        9.064337                 4.071134                    17.497092                
24.13       57.56        64.00                82.38                  4.361161                       0.000000                        9.064337                 4.357361                    17.782860                
24.19       58.07        64.00                82.38                  4.361913                       0.000000                        9.064337                 4.386181                    17.812432                
24.26       58.71        64.00                82.38                  4.361241                       0.000000                        9.064337                 4.386181                    17.811759                
24.33       59.36        64.00                82.38                  4.361197                       0.000000                        9.064337                 4.386181                    17.811715                
24.37       59.86        64.00                82.38                  4.358142                       0.000000                        9.064337                 4.551989                    17.974468                
24.40       60.37        64.00                82.38                  4.357598                       0.000000                        9.064337                 4.551989                    17.973924                
24.41       60.60        64.13                82.47                  4.358053                       0.000000                        9.064337                 4.551989                    17.974379                
====================Subduction_Zone_115====================
-5.58       103.81       44.45                68.66                  4.120285                       0.000000                        7.335897                 9.859092                    21.315274                
-5.86       104.61       44.64                68.81                  4.124821                       0.000000                        7.353237                 9.926583                    21.404641                
-6.15       105.41       44.85                68.96                  4.129441                       0.000000                        7.372212                 9.880562                    21.382215                
-6.35       105.90       45.05                69.11                  4.132355                       0.000000                        7.391762                 9.948832                    21.472949                
-6.60       106.53       44.83                68.95                  4.135922                       0.000000                        7.370045                 9.880435                    21.386402                
-6.94       107.39       46.92                70.54                  4.177400                       0.000000                        7.717548                 7.139077                    19.034025                
-7.13       107.98       52.86                74.87                  4.317325                       0.000000                        8.085189                 5.933979                    18.336493                
-7.22       108.29       53.39                75.24                  4.333651                       0.000000                        8.041249                 5.597554                    17.972454                
-7.30       108.55       54.06                75.72                  4.338802                       0.000000                        8.109420                 5.233691                    17.681914                
-7.36       108.78       55.27                76.56                  4.345841                       0.000000                        8.256842                 4.648912                    17.251596                
-7.46       109.09       57.12                77.83                  4.348807                       0.000000                        8.540707                 4.557105                    17.446619                
-7.57       109.47       59.64                79.52                  4.352460                       0.000000                        8.862275                 4.713891                    17.928626                
-7.72       109.96       61.00                80.43                  4.352873                       0.000000                        9.026365                 4.900492                    18.279730                
-7.79       110.26       62.33                81.30                  4.355570                       0.000000                        9.050620                 4.829680                    18.235870                
-7.89       110.68       63.23                81.88                  4.357793                       0.000000                        9.062559                 4.795717                    18.216068                
-7.98       111.08       62.86                81.64                  4.357899                       0.000000                        9.066411                 4.795717                    18.220027                
-8.02       111.22       62.89                81.67                  4.357130                       0.000000                        9.058227                 4.795717                    18.211074                
-8.24       112.15       74.02                88.60                  4.753920                       0.000000                        9.060215                 4.142059                    17.956193                
-8.38       112.81       76.80                90.25                  4.778344                       0.000000                        9.004170                 5.525485                    19.307999                
-8.51       113.47       83.16                93.91                  4.452298                       0.651658                        8.632334                 8.369331                    22.105621                
-8.65       114.05       82.15                93.34                  5.037842                       2.395636                        8.758812                 8.770601                    24.962891                
-8.78       114.64       81.16                92.77                  5.057909                       2.443658                        8.807512                 9.826921                    26.135999                
====================Subduction_Zone_116====================
5.99        107.31       34.52                60.50                  4.384041                       0.000000                        7.208719                 11.754372                   23.347132                
5.70        108.26       34.03                60.08                  4.648458                       0.000000                        7.203124                 11.832032                   23.683614                
5.40        109.22       27.88                54.38                  4.752440                       0.000000                        7.217552                 13.664584                   25.634575                
5.32        109.49       26.50                53.01                  4.521455                       0.000000                        7.219212                 16.033337                   27.774004                
4.73        109.98       25.43                51.93                  4.393671                       0.000000                        7.209088                 16.432060                   28.034819                
4.13        110.47       25.58                52.08                  4.273196                       0.000000                        7.220476                 16.555390                   28.049062                
3.35        111.33       25.87                52.37                  4.132528                       0.000000                        7.219675                 15.914221                   27.266425                
2.86        111.92       25.51                52.01                  4.087227                       0.000000                        7.220108                 16.047248                   27.354583                
2.37        112.50       24.92                51.40                  4.058156                       0.000000                        7.208057                 16.159374                   27.425587                
2.25        113.17       24.58                51.05                  4.069492                       0.000000                        7.197351                 16.775187                   28.042030                
2.14        113.84       23.83                50.27                  4.095857                       0.000000                        7.166961                 16.993759                   28.256577                
2.75        114.84       23.94                50.38                  4.133880                       0.000000                        7.182610                 16.832266                   28.148756                
3.35        115.54       24.73                51.21                  4.165218                       0.000000                        7.209509                 16.416578                   27.791304                
3.95        116.24       25.53                52.03                  4.200175                       0.000000                        7.223605                 15.762291                   27.186071                
4.55        116.94       26.32                52.83                  4.239477                       0.000000                        7.227391                 14.923726                   26.390594                
5.09        117.40       27.01                53.52                  4.265288                       0.000000                        7.224592                 14.156539                   25.646419                
5.63        117.87       27.55                54.05                  4.281487                       0.000000                        7.221976                 13.783040                   25.286503                
