Latitude    Longitude    Seafloor_Age(Myr)    Plate_Thickness(km)    lithosphere_carbon(Mt/km^2)    Serpentinite_carbon(Mt/km^2)    Crust_carbon(Mt/km^2)    Sediment_carbon(Mt/km^2)    Total_carbon(Mt/km^2)    
====================Subduction_Zone_0====================
34.55       35.88        53.00                74.97                  4.615843                       0.000000                        8.852359                 5.272897                    18.741099                
34.12       36.41        53.00                74.97                  4.613005                       0.000000                        8.847943                 5.990722                    19.451669                
33.70       36.93        53.01                74.97                  4.603681                       0.000000                        8.852216                 6.297306                    19.753203                
33.15       37.75        53.03                74.99                  4.588769                       0.000000                        8.852726                 5.858684                    19.300179                
32.61       38.57        53.00                74.97                  4.573497                       0.000000                        8.848692                 5.224773                    18.646962                
32.06       39.38        53.00                74.97                  4.565450                       0.000000                        8.853411                 4.928204                    18.347065                
31.50       40.30        53.00                74.97                  4.544243                       0.000000                        8.853811                 4.945426                    18.343480                
30.94       41.22        53.00                74.97                  4.529685                       0.000000                        8.853811                 4.430595                    17.814090                
30.57       41.94        53.00                74.97                  4.519744                       0.000000                        8.853811                 4.252014                    17.625569                
30.19       42.66        53.00                74.97                  4.509324                       0.000000                        8.853811                 3.984749                    17.347884                
29.82       43.38        53.00                74.97                  4.498400                       0.000000                        8.853811                 3.808233                    17.160443                
29.17       44.17        53.00                74.97                  4.487507                       0.000000                        8.853811                 3.783337                    17.124655                
28.51       44.95        53.00                74.97                  4.476166                       0.000000                        8.853811                 3.748368                    17.078345                
27.86       45.74        53.00                74.97                  4.464407                       0.000000                        8.853388                 3.685233                    17.003028                
27.42       46.54        53.00                74.97                  4.454439                       0.000000                        8.853811                 3.685465                    16.993714                
26.98       47.35        53.00                74.97                  4.445566                       0.000000                        8.853811                 3.657801                    16.957177                
26.53       48.16        53.00                74.97                  4.436329                       0.000000                        8.853811                 3.682196                    16.972336                
26.21       48.99        53.00                74.97                  4.426803                       0.000000                        8.853811                 3.509642                    16.790256                
25.89       49.83        53.00                74.97                  4.418717                       0.000000                        8.853811                 3.490667                    16.763195                
25.57       50.67        53.00                74.97                  4.417906                       0.000000                        8.853811                 3.505662                    16.777379                
25.35       51.45        53.00                74.97                  4.417126                       0.000000                        8.853811                 3.513343                    16.784280                
25.14       52.23        53.00                74.97                  4.404828                       0.000000                        8.853811                 3.835500                    17.094139                
24.83       53.15        53.00                74.97                  4.397312                       0.000000                        8.853811                 3.997366                    17.248488                
24.51       54.06        53.00                74.97                  4.389275                       0.000000                        8.853811                 4.263423                    17.506509                
24.39       54.69        53.00                74.97                  4.368717                       0.000000                        8.853811                 4.829159                    18.051686                
24.27       55.32        53.01                74.98                  4.378782                       0.000000                        8.853811                 5.138791                    18.371384                
24.16       55.87        53.00                74.97                  4.373979                       0.000000                        8.853811                 5.680235                    18.908024                
24.05       56.42        53.00                74.97                  4.369994                       0.000000                        8.853811                 6.691850                    19.915655                
24.12       56.93        53.00                74.97                  4.366975                       0.000000                        8.853811                 6.691850                    19.912636                
24.20       57.44        53.01                74.98                  4.366528                       0.000000                        8.853811                 6.691850                    19.912188                
24.28       58.08        53.22                75.13                  4.365896                       0.000000                        8.853811                 7.007556                    20.227263                
24.37       58.72        53.00                74.97                  4.365893                       0.000000                        8.853811                 7.040505                    20.260209                
24.41       59.23        53.03                74.99                  4.365978                       0.000000                        8.853811                 7.040505                    20.260293                
24.45       59.74        53.02                74.98                  4.365436                       0.000000                        8.853811                 7.040505                    20.259752                
24.48       59.99        53.07                75.02                  4.365184                       0.000000                        8.853811                 7.040505                    20.259499                
====================Subduction_Zone_1====================
33.33       -4.21        130.47               117.62                 10.108069                      5.392316                        8.183823                 2.344174                    26.028382                
33.97       -3.33        130.54               117.66                 10.685013                      5.441154                        8.159899                 2.396245                    26.682311                
34.74       -2.53        128.30               116.64                 10.781938                      5.451248                        8.693327                 3.887604                    28.814117                
35.51       -1.74        120.80               113.18                 10.605618                      5.451248                        9.433570                 5.164136                    30.654572                
36.28       -0.94        112.25               109.10                 13.369794                      5.540291                        9.714312                 7.017472                    35.641868                
37.05       -0.14        111.06               108.52                 39.900029                      5.746520                        9.748819                 10.850282                   66.245651                
37.79       0.54         112.46               109.20                 24.945382                      5.696656                        9.758166                 9.338415                    49.738620                
38.54       1.23         107.51               106.77                 32.844118                      5.728958                        9.748120                 11.338197                   59.659392                
39.28       1.91         130.85               117.79                 9.897819                       5.392316                        9.453487                 4.200420                    28.944041                
40.11       2.69         128.43               116.70                 9.988295                       5.392316                        8.633336                 5.716819                    29.730766                
====================Subduction_Zone_2====================
16.98       -61.29       72.30                87.56                  4.582940                       0.000000                        8.545759                 11.895325                   25.024025                
16.44       -60.73       66.23                83.80                  4.621427                       0.000000                        8.815171                 7.670026                    21.106625                
15.91       -60.16       59.46                79.40                  4.718950                       0.000000                        8.802952                 5.192080                    18.713982                
15.01       -59.74       38.76                64.11                  5.337711                       3.147094                        7.635764                 8.503406                    24.623975                
14.11       -59.31       23.60                50.02                  7.878508                       5.186052                        6.841213                 12.153710                   32.059483                
13.19       -58.61       38.62                64.00                  7.886301                       5.186052                        7.605234                 6.537121                    27.214709                
12.27       -58.41       48.48                71.70                  5.465847                       3.415339                        8.626758                 4.609979                    22.117924                
11.34       -58.22       55.52                76.73                  5.387643                       3.255746                        8.790024                 3.033505                    20.466918                
10.42       -58.38       58.80                78.96                  5.363371                       3.211942                        8.755977                 3.088439                    20.419730                
9.49        -58.55       57.68                78.21                  5.728483                       3.862796                        8.751365                 3.278818                    21.621461                
8.58        -58.80       60.61                80.17                  5.871225                       4.072766                        8.868916                 3.103683                    21.916591                
7.67        -59.05       65.63                83.43                  5.751666                       3.895603                        8.836559                 6.877933                    25.361761                
====================Subduction_Zone_3====================
-0.75       -74.16       74.14                88.67                  4.189978                       0.000000                        8.412750                 9.007155                    21.609883                
-0.63       -74.08       74.63                88.96                  4.182763                       0.000000                        8.363925                 9.154459                    21.701146                
-0.30       -73.81       75.98                89.76                  4.163243                       0.000000                        8.201992                 9.077791                    21.443026                
-0.09       -73.58       76.72                90.20                  4.155782                       0.000000                        8.118974                 8.788035                    21.062791                
0.22        -73.37       78.09                91.00                  4.142011                       0.000000                        7.993913                 8.625611                    20.761536                
0.39        -73.21       78.62                91.31                  4.135965                       0.000000                        7.942446                 6.991902                    19.070313                
0.68        -73.17       79.80                91.99                  4.125602                       0.000000                        7.898714                 6.470606                    18.494922                
1.57        -72.63       81.57                93.01                  4.108756                       0.000000                        7.948637                 5.924405                    17.981798                
2.29        -72.90       88.22                96.72                  4.039008                       0.000000                        8.820919                 7.618083                    20.478010                
3.01        -73.18       88.48                96.86                  4.044525                       0.000000                        8.905202                 7.618083                    20.567810                
3.64        -73.19       90.18                97.79                  4.040954                       0.000000                        8.954676                 8.214156                    21.209786                
4.27        -73.19       92.39                98.98                  4.025569                       0.000000                        9.023447                 9.982916                    23.031931                
4.94        -72.69       94.95                100.35                 4.011495                       0.000000                        9.089948                 12.879533                   25.980976                
5.62        -72.19       97.48                101.67                 4.002836                       0.000000                        9.174376                 13.114574                   26.291785                
6.31        -71.69       100.03               102.99                 3.994125                       0.000000                        9.275905                 9.971605                    23.241635                
7.00        -71.18       101.75               103.88                 3.995083                       0.000000                        9.352382                 7.998833                    21.346298                
7.69        -70.68       103.07               104.55                 4.000381                       0.000000                        9.414869                 7.053368                    20.468618                
8.55        -69.86       104.81               105.43                 4.009554                       0.000000                        9.499419                 5.901276                    19.410249                
====================Subduction_Zone_4====================
2.23        -79.96       53.72                75.47                  3.864234                       0.000000                        8.845433                 3.421096                    16.130763                
2.22        -79.81       53.84                75.56                  3.864161                       0.000000                        8.844628                 3.456105                    16.164895                
2.17        -79.18       54.27                75.86                  3.863721                       0.000000                        8.825821                 2.868741                    15.558283                
2.11        -78.27       56.40                77.34                  3.865306                       0.000000                        8.765338                 2.092119                    14.722762                
1.69        -77.39       62.16                81.19                  3.881142                       0.000000                        8.854383                 2.593710                    15.329235                
1.03        -76.89       63.27                81.91                  3.909628                       0.000000                        8.883807                 3.356953                    16.150388                
0.37        -76.40       64.38                82.63                  3.948869                       0.000000                        8.878470                 4.106786                    16.934124                
-0.09       -75.98       66.82                84.18                  4.001631                       0.000000                        8.795576                 4.947488                    17.744695                
-0.60       -75.08       70.75                86.62                  4.101846                       0.000000                        8.627126                 7.655277                    20.384250                
-0.75       -74.16       74.14                88.67                  4.189978                       0.000000                        8.412750                 9.007155                    21.609883                
====================Subduction_Zone_5====================
4.05        -87.21       45.08                69.14                  3.914485                       0.000000                        8.148637                 3.833106                    15.896228                
3.69        -86.38       45.65                69.58                  3.901620                       0.000000                        8.234601                 3.781701                    15.917923                
3.34        -85.54       45.72                69.63                  3.880603                       0.000000                        8.250239                 3.717196                    15.848038                
2.98        -84.71       47.14                70.70                  3.867896                       0.000000                        8.457746                 3.830690                    16.156333                
2.62        -83.87       49.35                72.34                  3.864714                       0.000000                        8.716177                 3.868882                    16.449774                
2.39        -83.05       50.30                73.04                  3.865177                       0.000000                        8.781166                 3.805909                    16.452252                
2.16        -82.22       49.68                72.58                  3.863148                       0.000000                        8.750060                 3.790675                    16.403883                
2.18        -81.49       50.91                73.48                  3.863428                       0.000000                        8.817231                 3.979246                    16.659904                
2.19        -80.77       52.15                74.36                  3.863717                       0.000000                        8.850923                 3.773475                    16.488115                
2.21        -80.05       53.39                75.24                  3.864030                       0.000000                        8.848175                 3.499722                    16.211927                
2.23        -79.96       53.72                75.47                  3.864234                       0.000000                        8.845433                 3.421096                    16.130763                
====================Subduction_Zone_6====================
6.94        -88.83       45.80                69.69                  3.997157                       0.000000                        8.263005                 3.674814                    15.934975                
5.98        -88.29       45.79                69.68                  3.971826                       0.000000                        8.260397                 3.695132                    15.927355                
5.01        -87.75       45.67                69.59                  3.947190                       0.000000                        8.238333                 3.775758                    15.961281                
4.05        -87.21       45.08                69.14                  3.914485                       0.000000                        8.148637                 3.833106                    15.896228                
====================Subduction_Zone_7====================
-70.93      -100.69      51.03                73.56                  3.970348                       0.000000                        8.759654                 9.122583                    21.852585                
-70.90      -99.94       45.79                69.68                  4.010165                       0.000000                        8.253578                 9.706404                    21.970147                
-70.87      -99.19       41.63                66.45                  4.097982                       0.000000                        7.422258                 12.455390                   23.975630                
-70.83      -98.43       31.44                57.74                  4.230418                       0.000000                        6.934318                 13.216447                   24.381183                
-70.80      -97.68       22.63                48.99                  4.313321                       0.000000                        6.853489                 18.205303                   29.372113                
-70.72      -96.86       14.83                39.66                  4.567128                       0.000000                        6.624309                 20.855046                   32.046484                
-70.63      -96.04       9.89                 32.38                  4.590119                       0.000000                        6.485247                 18.861383                   29.936750                
-70.55      -95.22       7.08                 27.41                  4.691547                       0.534408                        5.644186                 6.853695                    17.723836                
-70.44      -94.27       0.48                 10.00                  5.871492                       4.045837                        2.894276                 1.825463                    14.637068                
-70.33      -93.33       1.92                 14.26                  5.950195                       4.169757                        4.232623                 2.534607                    16.887183                
-70.21      -92.39       1.52                 12.71                  5.876610                       4.071754                        4.073616                 3.043750                    17.065731                
-70.10      -91.76       3.53                 19.34                  4.663327                       0.000000                        4.949633                 4.429594                    14.042554                
-69.98      -91.12       4.72                 22.38                  4.638533                       0.000000                        5.268952                 6.749958                    16.657443                
-69.92      -90.36       4.50                 21.84                  4.592281                       0.000000                        5.214744                 7.831847                    17.638872                
-69.86      -89.59       5.12                 23.29                  4.566884                       0.000000                        5.312414                 9.352922                    19.232221                
-69.80      -88.83       5.71                 24.60                  4.518766                       0.000000                        5.317212                 10.859232                   20.695210                
-69.75      -87.93       6.42                 26.10                  4.495958                       0.000000                        5.623879                 10.864567                   20.984404                
-69.69      -87.02       6.93                 27.10                  4.455321                       0.000000                        5.614972                 11.161591                   21.231884                
-69.47      -86.35       7.11                 27.46                  4.420457                       0.000000                        5.620439                 11.699527                   21.740423                
-69.25      -85.68       6.95                 27.15                  4.387636                       0.000000                        5.628870                 11.885199                   21.901705                
-68.88      -84.79       6.99                 27.23                  4.341930                       0.000000                        5.610531                 11.851777                   21.804239                
-68.50      -83.90       6.73                 26.72                  4.311531                       0.000000                        5.681109                 11.368877                   21.361516                
-68.13      -83.01       6.86                 26.96                  4.268103                       0.000000                        5.703571                 14.384425                   24.356099                
-67.84      -82.17       10.62                33.56                  4.157394                       0.000000                        6.250648                 14.731161                   25.139204                
-67.56      -81.34       10.31                33.06                  4.138721                       0.000000                        6.255904                 17.400280                   27.794906                
-67.27      -80.51       10.36                33.15                  4.123758                       0.000000                        6.245169                 17.010002                   27.378929                
-66.93      -79.59       10.27                33.00                  4.105388                       0.000000                        6.250697                 16.711988                   27.068072                
-66.59      -78.67       10.46                33.31                  4.086399                       0.000000                        6.277018                 17.026176                   27.389592                
-66.30      -78.06       11.44                34.82                  4.142991                       0.000000                        6.359623                 18.171020                   28.673634                
-66.00      -77.45       12.73                36.74                  4.146039                       0.000000                        6.534239                 18.748864                   29.429141                
-65.64      -76.70       13.30                37.55                  4.154585                       0.000000                        6.543367                 20.024781                   30.722733                
-65.28      -75.96       13.45                37.76                  4.160601                       0.000000                        6.577730                 20.148932                   30.887263                
-64.89      -75.25       13.56                37.92                  4.171843                       0.000000                        6.598439                 20.679590                   31.449872                
-64.51      -74.55       14.17                38.77                  4.179900                       0.000000                        6.635793                 20.972151                   31.787845                
-64.30      -73.81       14.63                39.38                  4.187123                       0.000000                        6.658255                 21.040332                   31.885710                
-64.09      -73.07       14.91                39.77                  4.249408                       0.000000                        6.666542                 20.884120                   31.800070                
-63.93      -72.19       17.24                42.76                  4.456163                       0.000000                        6.605786                 21.122465                   32.184414                
-63.77      -71.30       17.46                43.03                  4.485560                       0.000000                        6.645903                 20.470643                   31.602106                
-63.60      -70.42       13.31                37.57                  4.470341                       0.000000                        6.571833                 20.351777                   31.393951                
-63.44      -69.87       12.96                37.07                  4.459731                       0.000000                        6.552362                 20.351777                   31.363870                
-63.28      -69.32       13.48                37.81                  4.451140                       0.000000                        6.523116                 19.648191                   30.622447                
-63.10      -68.71       12.26                36.06                  4.441781                       0.000000                        6.488954                 19.741164                   30.671898                
-62.92      -68.10       12.75                36.78                  4.437146                       0.000000                        6.534548                 19.851974                   30.823669                
-62.82      -67.69       11.82                35.41                  4.427201                       0.000000                        6.444291                 19.541803                   30.413296                
====================Subduction_Zone_8====================
-65.24      -57.28       83.09                93.87                  7.427107                       5.066353                        8.106398                 22.147044                   42.746901                
-64.98      -56.43       76.54                90.09                  17.209849                      5.625020                        8.168467                 13.807000                   44.810336                
-64.73      -55.58       60.81                80.30                  9.219967                       5.338259                        8.752113                 8.594907                    31.905246                
-64.66      -55.30       54.03                75.70                  8.945409                       5.307940                        8.828327                 6.682016                    29.763692                
====================Subduction_Zone_9====================
-8.44       143.87       97.04                101.44                 4.083545                       0.000000                        9.160025                 10.726604                   23.970174                
-8.51       144.34       102.67               104.34                 4.058718                       0.000000                        9.396366                 7.516356                    20.971440                
-8.55       145.11       111.08               108.54                 4.028276                       0.000000                        9.732259                 3.120998                    16.881533                
-8.59       145.87       115.65               110.74                 4.015506                       0.000000                        9.776890                 1.791335                    15.583730                
-8.67       146.60       115.69               110.76                 4.012920                       0.000000                        9.776912                 1.843191                    15.633023                
-8.87       147.53       115.45               110.65                 4.012965                       0.000000                        9.777312                 1.928706                    15.718982                
-9.07       148.47       114.34               110.11                 4.013411                       0.000000                        9.775811                 1.929467                    15.718688                
-9.43       149.35       113.38               109.65                 4.014103                       0.000000                        9.770302                 1.866564                    15.650968                
-9.87       150.30       112.24               109.10                 4.015021                       0.000000                        9.757724                 1.797744                    15.570489                
-10.55      151.18       110.66               108.33                 4.015976                       0.000000                        9.727826                 1.941723                    15.685525                
-11.23      152.07       109.42               107.72                 4.161238                       0.000000                        9.693149                 2.498459                    16.352845                
-11.89      152.91       105.44               105.74                 4.433723                       0.000000                        9.522897                 5.250039                    19.206660                
-12.55      153.76       102.61               104.31                 4.433483                       0.000000                        9.392538                 6.772415                    20.598435                
-13.07      154.16       100.65               103.31                 4.059777                       0.000000                        9.299078                 7.910131                    21.268987                
-13.59      154.56       99.46                102.70                 4.057850                       0.000000                        9.251734                 9.541966                    22.851551                
-14.44      155.34       97.47                101.67                 4.045284                       0.000000                        9.173860                 12.455291                   25.674435                
-14.65      155.88       96.86                101.35                 4.037178                       0.000000                        9.152146                 12.932092                   26.121416                
-14.87      156.42       96.27                101.04                 4.031871                       0.000000                        9.132262                 13.524142                   26.688275                
-14.94      157.18       95.91                100.85                 4.024489                       0.000000                        9.120383                 13.463416                   26.608288                
-15.02      157.94       95.55                100.66                 4.017442                       0.000000                        9.109097                 13.222377                   26.348915                
-15.38      158.65       94.67                100.20                 4.011380                       0.000000                        9.082913                 12.360376                   25.454669                
-15.75      159.36       93.81                99.74                  4.005569                       0.000000                        9.059429                 11.329321                   24.394319                
-15.92      159.95       93.39                99.52                  3.947352                       0.000000                        9.048892                 11.006591                   24.002835                
-16.08      160.54       93.06                99.34                  3.905117                       0.000000                        9.040117                 10.838557                   23.783791                
-16.53      161.04       92.35                98.96                  3.902977                       0.000000                        9.022630                 9.989917                    22.915524                
-16.65      161.60       92.08                98.82                  3.899166                       0.000000                        9.015688                 9.761496                    22.676350                
-16.77      162.15       91.81                98.67                  3.895115                       0.000000                        9.008467                 9.326300                    22.229881                
-17.07      162.79       91.28                98.38                  3.893982                       0.000000                        8.993582                 9.051767                    21.939331                
-17.69      163.33       90.32                97.87                  3.893465                       0.000000                        8.961088                 8.102990                    20.957543                
-18.31      163.86       89.38                97.35                  3.880094                       0.000000                        8.914226                 7.220406                    20.014726                
-19.10      164.71       87.61                96.39                  4.258897                       0.000000                        8.774242                 5.908245                    18.941384                
-20.06      165.10       80.39                92.33                  4.331900                       0.000000                        7.963134                 6.096977                    18.392011                
-20.64      165.55       72.85                87.89                  4.434045                       0.000000                        8.491785                 7.750513                    20.676343                
-21.23      166.00       68.62                85.30                  4.582720                       0.000000                        8.718555                 7.045561                    20.346835                
-21.77      166.40       64.62                82.78                  4.774548                       0.000000                        8.866155                 3.956437                    17.597140                
-22.30      166.81       64.04                82.41                  4.761969                       0.000000                        8.874151                 5.040842                    18.676962                
-23.24      167.21       62.48                81.40                  4.471813                       0.000000                        8.872901                 2.648754                    15.993469                
-24.18      167.62       64.25                82.54                  4.372365                       0.000000                        8.875249                 3.564329                    16.811943                
-24.86      167.84       65.30                83.21                  4.379351                       0.000000                        8.860468                 5.026904                    18.266723                
-25.54      168.06       64.30                82.58                  4.352473                       0.000000                        8.879672                 4.529605                    17.761750                
-26.52      168.53       61.32                80.64                  4.336306                       0.000000                        8.841380                 2.727419                    15.905104                
-27.21      168.74       59.24                79.26                  4.354849                       0.000000                        8.765197                 2.149410                    15.269455                
-28.00      169.22       56.70                77.54                  4.341994                       0.000000                        8.754033                 1.997672                    15.093699                
-28.68      169.39       54.65                76.13                  4.349225                       0.000000                        8.817916                 2.252298                    15.419439                
-29.36      169.56       52.60                74.69                  4.356280                       0.000000                        8.854339                 3.178132                    16.388751                
-29.75      169.62       51.43                73.85                  4.362376                       0.000000                        8.836384                 3.844621                    17.043382                
====================Subduction_Zone_10====================
-29.75      169.62       51.43                73.85                  4.362376                       0.000000                        8.836384                 3.844621                    17.043382                
-30.46      170.06       49.16                72.20                  4.329971                       0.000000                        8.714826                 4.062847                    17.107644                
-31.15      170.54       51.21                73.69                  4.271250                       0.000000                        8.828827                 4.022396                    17.122473                
-31.83      171.02       53.59                75.38                  4.269933                       0.000000                        8.845650                 2.384261                    15.499844                
-32.52      171.50       55.97                77.04                  4.267695                       0.000000                        8.774565                 2.059451                    15.101711                
-33.48      171.82       59.10                79.17                  4.254188                       0.000000                        8.762130                 2.090247                    15.106564                
-34.44      172.15       62.25                81.25                  4.232275                       0.000000                        8.873818                 3.281078                    16.387172                
-35.40      172.48       65.98                83.65                  4.213970                       0.000000                        8.830405                 5.308900                    18.353276                
-36.12      172.77       67.95                84.88                  4.203534                       0.000000                        8.746860                 6.385762                    19.336156                
-36.84      173.06       69.92                86.11                  4.190492                       0.000000                        8.665680                 8.682098                    21.538271                
-37.74      173.53       74.25                88.73                  4.133400                       0.000000                        8.391054                 10.167200                   22.691655                
-38.63      174.00       76.42                90.02                  4.121154                       0.000000                        8.200493                 10.073744                   22.395392                
-39.17      174.44       77.55                90.68                  4.141897                       0.000000                        8.022161                 8.583951                    20.748008                
-39.70      174.88       81.89                93.19                  4.133506                       0.000000                        7.968269                 7.277355                    19.379130                
====================Subduction_Zone_11====================
-39.70      174.88       81.89                93.19                  4.133506                       0.000000                        7.968269                 7.277355                    19.379130                
-40.59      174.96       83.19                93.93                  4.085548                       0.000000                        8.083506                 7.074267                    19.243321                
-41.47      174.95       83.40                94.04                  4.057399                       0.000000                        8.157976                 7.837533                    20.052909                
-42.35      174.95       84.16                94.47                  4.017443                       0.000000                        8.268515                 8.840387                    21.126345                
-43.23      174.94       85.13                95.01                  3.974972                       0.000000                        8.433564                 9.951979                    22.360515                
-44.10      174.93       86.09                95.55                  3.944024                       0.000000                        8.568347                 12.140591                   24.652962                
-45.00      175.10       85.67                95.31                  3.935011                       0.000000                        8.517605                 20.058564                   32.511179                
-45.90      175.26       84.47                94.64                  3.950082                       0.000000                        8.248646                 20.544562                   32.743290                
-45.99      175.30       84.01                94.39                  3.948241                       0.000000                        8.253205                 20.273562                   32.475007                
====================Subduction_Zone_12====================
-45.99      175.30       84.01                94.39                  3.948241                       0.000000                        8.253205                 20.273562                   32.475007                
-45.96      175.89       86.36                95.70                  3.918420                       0.000000                        8.619052                 19.407036                   31.944508                
-45.93      176.47       87.39                96.27                  3.907143                       0.000000                        8.751354                 19.755586                   32.414082                
-45.93      176.98       87.36                96.25                  3.910969                       0.000000                        8.738266                 19.858178                   32.507414                
-45.93      177.50       87.34                96.24                  3.910419                       0.000000                        8.745542                 19.595873                   32.251833                
-45.99      178.47       87.02                96.06                  3.920289                       0.000000                        8.708271                 19.001545                   31.630105                
-46.27      179.39       87.21                96.17                  3.924123                       0.000000                        8.704186                 22.425344                   35.053653                
-46.60      179.96       87.54                96.35                  3.915062                       0.000000                        8.743767                 24.564783                   37.223611                
-46.82      -179.55      87.66                96.42                  3.914297                       0.000000                        8.752821                 22.260170                   34.927289                
====================Subduction_Zone_13====================
58.49       -125.33      5.50                 24.15                  4.068478                       0.000000                        5.445461                 9.694043                    19.207982                
58.86       -125.63      7.53                 28.26                  3.872397                       0.000000                        5.815827                 13.287282                   22.975506                
59.70       -126.01      11.14                34.37                  3.755569                       0.000000                        6.364573                 15.747979                   25.868121                
60.66       -126.63      11.90                35.52                  3.754046                       0.000000                        6.453181                 16.195849                   26.403076                
61.01       -127.00      12.20                35.97                  3.754004                       0.000000                        6.484757                 16.255990                   26.494751                
61.48       -127.01      12.42                36.30                  3.753992                       0.000000                        6.513638                 16.261887                   26.529517                
61.82       -127.39      12.71                36.72                  3.756551                       0.000000                        6.524235                 16.115874                   26.396659                
62.17       -127.59      12.92                37.02                  3.754425                       0.000000                        6.550376                 16.108086                   26.412887                
62.59       -128.08      13.10                37.27                  3.760372                       0.000000                        6.565278                 15.997926                   26.323576                
62.97       -128.77      13.42                37.72                  3.771773                       0.000000                        6.573477                 15.837692                   26.182942                
63.14       -129.08      13.37                37.65                  3.773414                       0.000000                        6.585130                 15.762359                   26.120904                
63.47       -129.50      13.48                37.80                  3.781590                       0.000000                        6.593013                 15.686712                   26.061314                
63.76       -130.02      13.78                38.22                  3.784126                       0.000000                        6.612939                 15.442203                   25.839268                
64.10       -130.46      14.14                38.72                  3.793125                       0.000000                        6.621463                 15.237893                   25.652481                
64.52       -130.93      15.61                40.69                  3.756032                       0.000000                        6.693251                 13.461711                   23.910994                
64.98       -131.42      15.62                40.70                  3.754386                       0.000000                        6.693612                 13.461711                   23.909709                
65.41       -131.68      15.73                40.84                  3.762815                       0.000000                        6.692456                 13.516709                   23.971979                
====================Subduction_Zone_14====================
65.41       -131.68      15.73                40.84                  3.762815                       0.000000                        6.692456                 13.516709                   23.971979                
65.17       -132.62      15.89                41.05                  3.759286                       0.000000                        6.700736                 13.175256                   23.635278                
64.93       -133.57      15.98                41.17                  3.770643                       0.000000                        6.702939                 13.048967                   23.522550                
64.69       -134.51      15.97                41.15                  3.792915                       0.000000                        6.702577                 12.984319                   23.479811                
64.45       -135.45      16.14                41.37                  3.805961                       0.000000                        6.706561                 12.692625                   23.205148                
64.21       -136.39      16.48                41.81                  3.807654                       0.000000                        6.713339                 12.324614                   22.845607                
63.97       -137.34      16.84                42.26                  3.809393                       0.000000                        6.719338                 11.758387                   22.287118                
63.73       -138.28      17.21                42.73                  3.811180                       0.000000                        6.725075                 11.294249                   21.830504                
63.49       -139.22      17.61                43.21                  3.813014                       0.000000                        6.730242                 11.038453                   21.581709                
63.25       -140.17      18.01                43.71                  3.814898                       0.000000                        6.735367                 10.843035                   21.393300                
63.02       -141.11      18.44                44.22                  3.816831                       0.000000                        6.740698                 10.670530                   21.228060                
62.70       -141.96      18.81                44.66                  3.884133                       0.000000                        6.745349                 10.537945                   21.167427                
62.38       -142.81      19.78                45.80                  4.429731                       0.000000                        6.759129                 10.406825                   21.595686                
62.06       -143.66      20.97                47.16                  4.430643                       0.000000                        6.779783                 10.452380                   21.662807                
61.74       -144.50      22.20                48.52                  4.431582                       0.000000                        6.805833                 10.673206                   21.910622                
61.42       -145.35      23.46                49.88                  4.432547                       0.000000                        6.836939                 10.887996                   22.157481                
61.10       -146.20      24.76                51.24                  4.433538                       0.000000                        6.871040                 11.014602                   22.319179                
60.89       -146.71      25.54                52.05                  4.434170                       0.000000                        6.890636                 11.058309                   22.383114                
60.69       -147.22      26.35                52.86                  4.434811                       0.000000                        6.908040                 11.076360                   22.419211                
60.34       -148.05      27.68                54.18                  4.435952                       0.000000                        6.927368                 10.847717                   22.211038                
60.21       -148.65      28.72                55.19                  4.436398                       0.000000                        6.933085                 10.613748                   21.983231                
60.08       -149.25      29.77                56.19                  4.436844                       0.000000                        6.934278                 10.392354                   21.763477                
59.85       -150.01      30.87                57.22                  4.299471                       0.000000                        6.940291                 10.061907                   21.301669                
59.55       -150.92      30.51                56.88                  4.501167                       0.000000                        6.937514                 10.298758                   21.737438                
59.41       -151.43      30.39                56.77                  4.559696                       0.000000                        6.936614                 10.211284                   21.707595                
59.26       -151.94      30.27                56.65                  4.570590                       0.000000                        6.936207                 10.468838                   21.975635                
59.06       -152.70      30.21                56.61                  4.584843                       0.000000                        6.935896                 10.443897                   21.964636                
58.89       -153.67      30.46                56.84                  4.555779                       0.000000                        6.937801                 10.246427                   21.740008                
58.71       -154.64      30.73                57.09                  4.538876                       0.000000                        6.940262                 10.265044                   21.744181                
58.53       -155.61      31.01                57.35                  4.497278                       0.000000                        6.944064                 10.298478                   21.739819                
58.36       -156.57      31.32                57.63                  4.477320                       0.000000                        6.949903                 10.164719                   21.591942                
58.18       -157.54      31.67                57.95                  4.475684                       0.000000                        6.958767                 10.256492                   21.690943                
58.01       -158.53      32.10                58.34                  4.475052                       0.000000                        6.975246                 9.973753                    21.424051                
57.85       -159.53      32.56                58.76                  4.474262                       0.000000                        7.000466                 9.700835                    21.175563                
57.68       -160.52      33.07                59.22                  4.473300                       0.000000                        7.035104                 9.687357                    21.195761                
57.51       -161.51      33.60                59.69                  4.472137                       0.000000                        7.081002                 9.511551                    21.064690                
57.34       -162.50      34.52                60.51                  4.540835                       0.000000                        7.194648                 7.442231                    19.177714                
57.18       -163.49      40.41                65.46                  4.276327                       0.000000                        7.691632                 5.742621                    17.710580                
57.04       -164.34      40.94                65.89                  4.293901                       0.000000                        7.702759                 5.620794                    17.617454                
56.90       -165.19      41.28                66.16                  4.308527                       0.000000                        7.731926                 5.609002                    17.649454                
56.77       -166.04      42.18                66.88                  4.316983                       0.000000                        7.789773                 5.294995                    17.401751                
56.63       -166.88      42.88                67.43                  4.339828                       0.000000                        7.829642                 4.872622                    17.042092                
56.49       -167.73      43.62                68.02                  4.348807                       0.000000                        7.938520                 4.380623                    16.667950                
56.35       -168.58      44.49                68.69                  4.369733                       0.000000                        8.057859                 4.186779                    16.614372                
56.29       -169.55      45.66                69.58                  4.386527                       0.000000                        8.231533                 3.882338                    16.500398                
56.24       -170.53      45.44                69.42                  4.378793                       0.000000                        8.218183                 3.798192                    16.395167                
56.18       -171.50      45.34                69.34                  4.338371                       0.000000                        8.190018                 3.788169                    16.316558                
56.12       -172.48      45.34                69.34                  4.336489                       0.000000                        8.189392                 3.797176                    16.323057                
56.06       -173.45      45.28                69.30                  4.320581                       0.000000                        8.179964                 3.813644                    16.314189                
56.00       -174.43      45.21                69.24                  4.294283                       0.000000                        8.171333                 3.766643                    16.232258                
55.94       -175.40      46.37                70.13                  4.207366                       0.000000                        8.351622                 3.610562                    16.169549                
56.00       -176.37      47.47                70.95                  4.151067                       0.000000                        8.510985                 3.801900                    16.463952                
56.06       -177.34      48.98                72.07                  4.062088                       0.000000                        8.726403                 3.984842                    16.773332                
56.13       -178.30      49.08                72.15                  4.048167                       0.000000                        8.692897                 4.136086                    16.877151                
56.48       178.27       48.87                71.99                  3.985834                       0.000000                        8.677356                 4.081658                    16.744848                
56.71       177.36       48.64                71.82                  3.991383                       0.000000                        8.650871                 4.066450                    16.708704                
56.93       176.45       48.06                71.39                  4.013381                       0.000000                        8.585867                 3.963002                    16.562251                
57.16       175.55       47.43                70.92                  4.001595                       0.000000                        8.504289                 3.860719                    16.366603                
57.39       174.64       46.82                70.46                  3.997199                       0.000000                        8.419323                 3.826014                    16.242536                
57.61       173.73       46.22                70.01                  3.992662                       0.000000                        8.326494                 3.902023                    16.221178                
57.88       172.85       44.57                68.75                  3.974369                       0.000000                        8.159446                 4.573351                    16.707166                
58.15       171.98       43.54                67.95                  3.951087                       0.000000                        7.927116                 4.902180                    16.780384                
58.42       171.10       42.68                67.27                  3.947459                       0.000000                        7.886224                 5.625219                    17.458902                
58.69       170.23       41.91                66.66                  3.940064                       0.000000                        7.807023                 6.009499                    17.756585                
58.96       169.36       41.13                66.05                  3.930878                       0.000000                        7.724567                 6.489938                    18.145383                
59.23       168.48       40.40                65.45                  3.927066                       0.000000                        7.690998                 6.770383                    18.388447                
59.53       167.62       39.90                65.05                  3.916256                       0.000000                        7.670551                 7.315301                    18.902108                
59.82       166.75       39.74                64.92                  3.908552                       0.000000                        7.664589                 7.915571                    19.488711                
60.11       165.89       40.29                65.37                  3.847127                       0.000000                        7.686901                 7.857010                    19.391038                
60.40       165.02       40.76                65.74                  3.798633                       0.000000                        7.706082                 8.132604                    19.637319                
60.69       164.16       41.07                65.99                  3.804587                       0.000000                        7.721086                 10.301148                   21.826821                
60.98       163.29       34.10                60.14                  3.873932                       0.000000                        7.139270                 14.004741                   25.017943                
61.24       162.41       25.43                51.93                  4.066053                       0.000000                        6.886529                 15.019788                   25.972370                
61.51       161.52       23.22                49.63                  4.125711                       0.000000                        6.832666                 14.888200                   25.846577                
====================Subduction_Zone_15====================
61.51       161.52       23.22                49.63                  4.125711                       0.000000                        6.832666                 14.888200                   25.846577                
61.32       161.01       20.09                46.16                  4.214911                       0.000000                        6.770608                 15.013628                   25.999146                
61.13       160.51       23.40                49.82                  4.148793                       0.000000                        6.836306                 15.105798                   26.090897                
60.84       159.79       28.42                54.90                  4.030158                       0.000000                        6.972256                 14.965459                   25.967873                
60.55       159.08       34.76                60.71                  3.995299                       0.000000                        7.209565                 12.233178                   23.438042                
60.26       158.24       42.49                67.12                  3.918692                       0.000000                        7.845608                 9.114863                    20.879162                
59.97       157.40       44.05                68.35                  3.906019                       0.000000                        7.993901                 8.812767                    20.712687                
59.45       156.79       44.52                68.71                  3.905952                       0.000000                        8.062070                 8.152231                    20.120254                
58.93       156.18       44.98                69.06                  3.905895                       0.000000                        8.132494                 7.904841                    19.943231                
58.69       155.48       45.04                69.11                  3.905843                       0.000000                        8.142039                 7.664473                    19.712355                
58.63       154.72       44.86                68.97                  3.905802                       0.000000                        8.113614                 7.749722                    19.769137                
58.64       153.76       44.51                68.70                  3.905770                       0.000000                        8.060630                 8.251940                    20.218340                
58.78       153.24       44.15                68.42                  3.905757                       0.000000                        8.007416                 9.487093                    21.400266                
58.92       152.72       43.78                68.14                  3.905748                       0.000000                        7.957952                 9.676006                    21.539707                
59.13       152.17       43.32                67.78                  3.905740                       0.000000                        7.900599                 9.686738                    21.493077                
59.34       151.62       43.03                67.55                  3.905759                       0.000000                        7.867820                 9.772381                    21.545960                
====================Subduction_Zone_16====================
59.34       151.62       43.03                67.55                  3.905759                       0.000000                        7.867820                 9.772381                    21.545960                
59.04       150.72       43.20                67.69                  3.905796                       0.000000                        7.895547                 9.194205                    20.995548                
58.75       149.82       43.21                67.69                  3.905920                       0.000000                        7.887719                 8.291806                    20.085445                
58.45       148.92       43.04                67.56                  3.905962                       0.000000                        7.868879                 7.600978                    19.375819                
58.15       148.02       42.87                67.42                  3.906017                       0.000000                        7.850472                 7.173136                    18.929625                
57.85       147.20       43.02                67.54                  3.906127                       0.000000                        7.885626                 6.933099                    18.724852                
57.56       146.39       43.01                67.54                  3.906261                       0.000000                        7.884993                 6.304836                    18.096091                
57.32       145.57       43.10                67.61                  3.906416                       0.000000                        7.875204                 6.127243                    17.908862                
57.07       144.74       43.00                67.53                  3.906563                       0.000000                        7.874422                 7.171056                    18.952040                
56.87       143.76       30.98                57.32                  3.867659                       0.000000                        6.941832                 9.479687                    20.289179                
56.67       142.77       30.77                57.12                  3.867432                       0.000000                        6.943891                 10.208410                   21.019733                
56.47       141.78       30.76                57.12                  3.875955                       0.000000                        6.939455                 9.932066                    20.747476                
====================Subduction_Zone_17====================
56.47       141.78       30.76                57.12                  3.875955                       0.000000                        6.939455                 9.932066                    20.747476                
55.91       141.53       30.71                57.07                  3.868404                       0.000000                        6.939521                 9.764452                    20.572378                
55.34       141.28       31.15                57.47                  3.865997                       0.000000                        6.945623                 9.723220                    20.534840                
54.47       140.96       31.85                58.12                  3.865354                       0.000000                        6.964606                 9.502372                    20.332333                
53.60       140.64       31.31                57.62                  3.832685                       0.000000                        6.949107                 9.650973                    20.432765                
52.72       140.32       31.15                57.47                  3.845252                       0.000000                        6.945837                 9.716075                    20.507164                
51.85       140.00       31.02                57.36                  3.858512                       0.000000                        6.943228                 9.729611                    20.531351                
51.12       139.65       30.82                57.17                  3.868094                       0.000000                        6.940299                 9.738931                    20.547325                
50.39       139.30       30.82                57.17                  3.882196                       0.000000                        6.940246                 9.748047                    20.570489                
49.57       138.84       30.73                57.08                  3.892820                       0.000000                        6.938925                 9.750735                    20.582481                
48.76       138.37       30.71                57.07                  3.906750                       0.000000                        6.938834                 9.762999                    20.608584                
47.92       137.84       30.70                57.06                  3.919720                       0.000000                        6.938798                 9.768861                    20.627379                
47.08       137.31       31.60                57.89                  3.924327                       0.000000                        6.948425                 9.568696                    20.441448                
46.35       136.87       32.18                58.42                  3.924600                       0.000000                        6.978639                 9.270154                    20.173393                
45.63       136.43       33.16                59.30                  3.925052                       0.000000                        7.040799                 9.212481                    20.178331                
45.10       136.07       33.43                59.54                  3.925213                       0.000000                        7.063330                 9.049239                    20.037782                
44.57       135.71       33.69                59.77                  3.925630                       0.000000                        7.159638                 8.954047                    20.039315                
43.65       134.98       35.48                61.34                  3.926539                       0.000000                        7.323302                 8.269386                    19.519228                
42.73       134.25       35.98                61.77                  3.927256                       0.000000                        7.356189                 7.386130                    18.669574                
42.08       133.71       35.92                61.71                  3.928038                       0.000000                        7.375523                 7.225982                    18.529544                
41.43       133.16       34.49                60.48                  3.946601                       0.000000                        7.311125                 9.147047                    20.404773                
40.78       132.54       33.00                59.16                  3.929701                       0.000000                        7.028399                 9.232116                    20.190216                
40.13       131.93       32.61                58.80                  3.931072                       0.000000                        7.015505                 9.252351                    20.198928                
39.97       131.76       32.63                58.82                  3.931193                       0.000000                        7.002940                 9.256039                    20.190173                
====================Subduction_Zone_18====================
0.44        152.80       48.09                71.41                  4.046122                       0.000000                        8.561414                 5.679383                    18.286919                
1.40        152.09       10.40                33.20                  4.027248                       0.000000                        6.125599                 12.630652                   22.783498                
2.29        151.62       22.45                48.79                  3.942096                       0.000000                        6.818227                 12.078964                   22.839286                
3.18        151.16       37.18                62.79                  3.901863                       0.000000                        7.481015                 9.058464                    20.441342                
4.07        150.69       52.11                74.33                  3.871949                       0.000000                        8.802495                 3.375000                    16.049444                
4.96        150.22       67.04                84.32                  3.846747                       0.000000                        8.777239                 4.767867                    17.391853                
5.62        149.97       78.83                91.43                  3.825760                       0.000000                        7.969050                 7.612432                    19.407242                
6.28        149.73       88.36                96.80                  3.809562                       0.000000                        8.791548                 7.054407                    19.655517                
6.97        148.95       81.43                92.93                  4.016390                       0.000000                        8.453340                 5.996730                    18.466459                
7.55        148.39       72.66                87.78                  4.065532                       0.000000                        8.409231                 7.566734                    20.041497                
8.15        148.14       67.92                84.87                  4.076709                       0.000000                        8.591655                 7.261543                    19.929907                
8.74        147.89       70.71                86.60                  4.082307                       0.000000                        8.627747                 6.903797                    19.613851                
9.35        147.82       72.37                87.60                  4.133978                       0.000000                        8.527701                 8.145605                    20.807285                
9.96        147.75       74.21                88.71                  4.143189                       0.000000                        8.387916                 8.629015                    21.160121                
10.94       147.51       54.71                76.17                  4.075647                       0.000000                        8.786927                 2.643449                    15.506023                
11.48       147.20       43.77                68.13                  4.061900                       0.000000                        8.281713                 3.467966                    15.811579                
12.02       146.89       42.87                67.42                  4.020915                       0.000000                        7.850474                 4.293595                    16.164983                
13.02       146.20       40.95                65.90                  4.018547                       0.000000                        7.714843                 5.125935                    16.859324                
13.55       145.99       39.91                65.06                  4.019732                       0.000000                        7.671270                 5.345739                    17.036741                
14.08       145.79       38.87                64.20                  4.020811                       0.000000                        7.621922                 5.503197                    17.145929                
14.67       145.58       37.72                63.25                  3.948067                       0.000000                        7.541274                 6.010935                    17.500276                
15.27       145.37       36.66                62.35                  3.947417                       0.000000                        7.435775                 6.733524                    18.116716                
15.97       145.20       35.40                61.27                  3.946092                       0.000000                        7.287522                 7.930729                    19.164342                
16.66       145.03       34.17                60.19                  3.945912                       0.000000                        7.136968                 8.716877                    19.799757                
17.17       144.94       33.28                59.40                  3.944669                       0.000000                        7.050369                 9.013315                    20.008353                
17.67       144.85       32.40                58.61                  3.941931                       0.000000                        6.989835                 9.354252                    20.286018                
18.21       144.72       31.45                57.75                  3.940902                       0.000000                        6.952368                 9.509866                    20.403136                
18.75       144.60       30.56                56.93                  3.938854                       0.000000                        6.937743                 9.905911                    20.782509                
19.47       144.41       29.27                55.71                  3.938534                       0.000000                        6.933933                 10.200656                   21.073123                
20.18       144.21       28.06                54.55                  3.937250                       0.000000                        6.930561                 10.315774                   21.183585                
20.85       143.98       32.41                58.63                  3.947751                       0.000000                        6.995572                 8.972460                    19.915783                
21.52       143.74       34.13                60.16                  3.950550                       0.000000                        7.139854                 7.711896                    18.802301                
22.22       143.42       35.51                61.36                  3.952723                       0.000000                        7.296938                 7.643839                    18.893500                
22.93       143.10       36.91                62.56                  3.954969                       0.000000                        7.457189                 6.431810                    17.843968                
23.44       142.82       37.62                63.16                  3.956027                       0.000000                        7.529114                 5.581460                    17.066602                
23.95       142.53       38.35                63.77                  3.959484                       0.000000                        7.653422                 5.563540                    17.176445                
24.87       142.17       40.66                65.66                  3.963455                       0.000000                        7.771548                 5.199958                    16.934961                
25.80       141.81       41.23                66.12                  3.963569                       0.000000                        7.730871                 4.543214                    16.237654                
26.66       141.43       40.46                65.50                  3.969061                       0.000000                        7.696652                 4.974666                    16.640380                
27.52       141.04       41.83                66.61                  3.963782                       0.000000                        7.773679                 4.723612                    16.461073                
28.38       140.65       43.19                67.67                  3.974740                       0.000000                        7.886074                 4.077244                    15.938058                
29.29       140.12       43.57                67.97                  3.977184                       0.000000                        7.943277                 4.043400                    15.963861                
30.21       139.59       42.34                67.01                  3.967214                       0.000000                        7.802440                 4.104882                    15.874535                
31.12       139.06       41.30                66.18                  3.960878                       0.000000                        7.733509                 5.026325                    16.720711                
32.02       138.39       39.70                64.89                  3.932195                       0.000000                        7.662449                 5.352432                    16.947076                
32.92       137.71       39.60                64.80                  3.932169                       0.000000                        7.657728                 5.378716                    16.968613                
33.81       137.04       39.78                64.95                  3.932531                       0.000000                        7.665201                 5.349852                    16.947583                
34.61       136.17       39.57                64.78                  3.939494                       0.000000                        7.656640                 5.445463                    17.041596                
35.41       135.29       39.25                64.52                  3.961425                       0.000000                        7.642246                 5.466561                    17.070232                
36.21       134.42       38.41                63.82                  3.941531                       0.000000                        7.593662                 5.657952                    17.193145                
37.00       133.95       37.51                63.07                  3.932642                       0.000000                        7.522399                 5.995956                    17.450998                
37.78       133.49       36.26                62.01                  3.932279                       0.000000                        7.389234                 7.230169                    18.551681                
38.57       133.02       35.01                60.93                  3.931848                       0.000000                        7.236141                 8.122139                    19.290128                
39.27       132.39       33.73                59.81                  3.931646                       0.000000                        7.092061                 8.900219                    19.923926                
39.97       131.76       32.63                58.82                  3.931193                       0.000000                        7.002940                 9.256039                    20.190173                
====================Subduction_Zone_19====================
-8.47       143.85       97.05                101.45                 4.082508                       0.000000                        9.160418                 10.726604                   23.969531                
-7.83       144.65       102.12               104.06                 4.049173                       0.000000                        9.367754                 7.578177                    20.995103                
-7.18       145.45       103.87               104.95                 4.042069                       0.000000                        9.453780                 7.589170                    21.085018                
-6.54       146.25       105.90               105.97                 4.044719                       0.000000                        9.549834                 6.326335                    19.920888                
-5.91       147.05       108.09               107.06                 4.046465                       0.000000                        9.640659                 4.434968                    18.122091                
-5.28       147.84       76.63                90.15                  4.036980                       0.000000                        8.320791                 3.887080                    16.244850                
-4.65       148.64       41.00                65.94                  4.045588                       0.000000                        7.641127                 9.762193                    21.448908                
-3.77       149.45       84.88                94.88                  4.050515                       0.000000                        8.356631                 8.744064                    21.151210                
-2.89       150.26       87.34                96.24                  4.056861                       0.000000                        8.578277                 5.349726                    17.984863                
-1.98       151.03       83.82                94.28                  4.059201                       0.000000                        8.271454                 4.681557                    17.012212                
-1.06       151.79       76.24                89.92                  4.054103                       0.000000                        8.265687                 5.043042                    17.362832                
-0.15       152.56       66.31                83.85                  4.049076                       0.000000                        8.747201                 3.572597                    16.368874                
0.44        152.80       48.09                71.41                  4.046122                       0.000000                        8.561414                 5.679383                    18.286919                
====================Subduction_Zone_20====================
-64.66      -55.30       54.03                75.70                  8.945409                       5.307940                        8.828327                 6.682016                    29.763692                
-64.48      -54.59       48.54                71.75                  8.127813                       5.220304                        8.631927                 8.081664                    30.061709                
-64.30      -53.89       47.69                71.11                  6.880908                       5.021956                        7.700277                 7.826862                    27.430003                
-64.02      -52.91       46.74                70.40                  6.727108                       4.966898                        8.402772                 7.426659                    27.523437                
-63.73      -51.93       50.03                72.84                  6.619417                       4.954044                        8.753897                 6.698683                    27.026041                
-63.45      -50.95       51.05                73.58                  6.651497                       4.956431                        8.810946                 6.414325                    26.833199                
-63.16      -49.97       51.90                74.19                  6.594920                       4.950322                        8.830173                 5.988770                    26.364185                
-62.91      -49.01       53.76                75.51                  6.594801                       4.950322                        8.793021                 4.922842                    25.260986                
-62.65      -48.06       52.63                74.71                  6.573983                       4.950322                        8.839511                 4.189022                    24.552839                
-62.37      -47.31       53.08                75.03                  6.648248                       4.950322                        8.648241                 4.189022                    24.435834                
-62.09      -46.55       80.66                92.49                  5.801169                       3.970330                        7.914406                 9.590884                    27.276790                
-61.81      -45.80       78.08                91.00                  6.835385                       5.011723                        8.414037                 9.590884                    29.852029                
-61.53      -45.04       72.41                87.63                  7.137954                       5.074698                        8.512153                 10.178490                   30.903294                
====================Subduction_Zone_21====================
-55.29      -71.12       2.25                 15.44                  4.536461                       0.000000                        4.430305                 4.952317                    13.919083                
-55.05      -71.27       3.29                 18.69                  4.246351                       0.000000                        4.859749                 6.387447                    15.493547                
-54.69      -71.47       4.31                 21.38                  4.172979                       0.000000                        5.168442                 7.205836                    16.547258                
-54.35      -71.60       5.21                 23.50                  4.177148                       0.000000                        5.378756                 8.640449                    18.196353                
-54.06      -71.73       6.01                 25.25                  4.180796                       0.000000                        5.544462                 10.604239                   20.329496                
-53.81      -71.78       6.67                 26.60                  4.184526                       0.000000                        5.669678                 10.769223                   20.623426                
-53.49      -71.86       7.53                 28.26                  4.189241                       0.000000                        5.822453                 12.786827                   22.798521                
-53.13      -71.93       8.50                 30.01                  4.194890                       0.000000                        5.982381                 14.390523                   24.567793                
-52.68      -71.87       9.61                 31.93                  4.203714                       0.000000                        6.155640                 15.113456                   25.472810                
-52.32      -71.71       10.45                33.29                  4.186238                       0.000000                        6.275194                 15.807521                   26.268952                
-52.10      -71.59       10.95                34.08                  4.087067                       0.000000                        6.354481                 16.216423                   26.657971                
-51.84      -71.46       11.45                34.84                  4.068421                       0.000000                        6.402347                 16.216423                   26.687192                
-51.54      -71.30       12.03                35.72                  4.071447                       0.000000                        6.466854                 16.674497                   27.212798                
-51.06      -71.02       12.93                37.03                  4.076374                       0.000000                        6.551302                 16.473337                   27.101014                
-50.65      -70.76       13.72                38.14                  4.080929                       0.000000                        6.608758                 15.873265                   26.562952                
-50.30      -70.59       14.41                39.10                  4.084681                       0.000000                        6.647960                 15.330950                   26.063591                
-49.97      -70.47       15.15                40.08                  4.088207                       0.000000                        6.678264                 14.815510                   25.581981                
-49.53      -70.55       16.24                41.50                  4.092020                       0.000000                        6.708632                 13.396335                   24.196987                
-49.25      -70.57       16.96                42.40                  4.094614                       0.000000                        6.721173                 12.205669                   23.021457                
-49.01      -70.59       17.55                43.14                  4.096779                       0.000000                        6.729508                 11.837154                   22.663441                
-48.94      -70.59       17.75                43.39                  4.097559                       0.000000                        6.732084                 11.837154                   22.666797                
-48.68      -70.56       18.38                44.15                  4.100162                       0.000000                        6.740124                 11.402575                   22.242862                
-48.37      -70.54       19.15                45.06                  4.120857                       0.000000                        6.749940                 11.088494                   21.959290                
-48.00      -70.50       20.03                46.09                  4.106176                       0.000000                        6.763070                 10.893825                   21.763071                
-47.70      -70.44       20.72                46.88                  4.093281                       0.000000                        6.775092                 10.902595                   21.770967                
-47.37      -70.38       21.42                47.67                  4.080029                       0.000000                        6.788856                 10.940530                   21.809415                
-47.00      -70.31       22.16                48.47                  4.066214                       0.000000                        6.804878                 11.081380                   21.952472                
-46.74      -70.25       22.67                49.03                  4.056703                       0.000000                        6.816989                 11.122371                   21.996063                
-46.08      -70.13       23.85                50.29                  4.034722                       0.000000                        6.847192                 11.311256                   22.193169                
-45.65      -70.05       24.56                51.03                  4.021587                       0.000000                        6.865881                 11.391312                   22.278780                
-45.24      -69.96       25.19                51.68                  4.009340                       0.000000                        6.881957                 11.427392                   22.318689                
-44.86      -69.87       25.73                52.24                  3.998103                       0.000000                        6.895093                 11.430131                   22.323327                
-44.33      -69.73       26.45                52.96                  3.983476                       0.000000                        6.909935                 11.352993                   22.246404                
-44.04      -69.66       26.82                53.33                  3.975882                       0.000000                        6.916484                 11.292108                   22.184474                
-43.57      -69.57       27.57                54.07                  3.966708                       0.000000                        6.926384                 11.156650                   22.049742                
-43.28      -69.53       27.93                54.42                  3.960168                       0.000000                        6.929503                 11.098225                   21.987896                
-42.92      -69.47       28.36                54.84                  3.952138                       0.000000                        6.931977                 11.056723                   21.940838                
-42.64      -69.29       28.82                55.28                  3.941443                       0.000000                        6.933310                 10.917092                   21.791845                
====================Subduction_Zone_22====================
-5.69       -76.27       71.18                86.88                  4.405973                       0.000000                        8.607304                 7.521323                    20.534600                
-5.63       -76.26       70.97                86.75                  4.406220                       0.000000                        8.617920                 7.214202                    20.238343                
-5.25       -76.21       69.41                85.80                  4.408283                       0.000000                        8.675305                 6.238236                    19.321824                
-5.04       -76.17       68.90                85.48                  4.409008                       0.000000                        8.706582                 5.943312                    19.058903                
-4.80       -76.15       67.80                84.80                  4.410756                       0.000000                        8.742558                 5.929761                    19.083075                
-4.41       -76.04       66.57                84.02                  4.410428                       0.000000                        8.806050                 4.706425                    17.922903                
-4.06       -75.94       65.08                83.07                  4.410274                       0.000000                        8.854747                 4.021137                    17.286158                
-3.78       -75.82       63.99                82.38                  4.400971                       0.000000                        8.884330                 3.937782                    17.223084                
-3.33       -75.63       62.49                81.40                  4.324597                       0.000000                        8.878350                 2.868395                    16.071342                
-2.97       -75.50       61.78                80.94                  4.190084                       0.000000                        8.848725                 2.685429                    15.724239                
-2.66       -75.35       62.34                81.31                  4.160869                       0.000000                        8.873069                 3.246969                    16.280907                
-2.25       -75.17       64.51                82.71                  4.158703                       0.000000                        8.874649                 5.275332                    18.308685                
-1.90       -74.95       66.76                84.14                  4.166879                       0.000000                        8.797726                 5.517396                    18.482001                
-1.56       -74.75       70.06                86.20                  4.173160                       0.000000                        8.707360                 6.489061                    19.369581                
-1.36       -74.60       71.50                87.08                  4.209967                       0.000000                        8.590818                 7.712452                    20.513237                
-1.01       -74.35       72.69                87.80                  4.189328                       0.000000                        8.525059                 8.595771                    21.310158                
-0.63       -74.08       74.63                88.96                  4.182763                       0.000000                        8.363925                 9.154459                    21.701146                
-0.30       -73.81       75.98                89.76                  4.163243                       0.000000                        8.201992                 9.077791                    21.443026                
-0.09       -73.58       76.72                90.20                  4.155782                       0.000000                        8.118974                 8.788035                    21.062791                
0.22        -73.37       78.09                91.00                  4.142011                       0.000000                        7.993913                 8.625611                    20.761536                
0.39        -73.21       78.62                91.31                  4.135965                       0.000000                        7.942446                 6.991902                    19.070313                
0.68        -73.17       79.80                91.99                  4.125602                       0.000000                        7.898714                 6.470606                    18.494922                
1.57        -72.63       81.57                93.01                  4.108756                       0.000000                        7.948637                 5.924405                    17.981798                
2.29        -72.90       88.22                96.72                  4.039008                       0.000000                        8.820919                 7.618083                    20.478010                
3.01        -73.18       88.48                96.86                  4.044525                       0.000000                        8.905202                 7.618083                    20.567810                
3.64        -73.19       90.18                97.79                  4.040954                       0.000000                        8.954676                 8.214156                    21.209786                
4.27        -73.19       92.39                98.98                  4.025569                       0.000000                        9.023447                 9.982916                    23.031931                
4.94        -72.69       94.95                100.35                 4.011495                       0.000000                        9.089948                 12.879533                   25.980976                
5.62        -72.19       97.48                101.67                 4.002836                       0.000000                        9.174376                 13.114574                   26.291785                
6.31        -71.69       100.03               102.99                 3.994125                       0.000000                        9.275905                 9.971605                    23.241635                
7.00        -71.18       101.75               103.88                 3.995083                       0.000000                        9.352382                 7.998833                    21.346298                
7.69        -70.68       103.07               104.55                 4.000381                       0.000000                        9.414869                 7.053368                    20.468618                
8.55        -69.86       104.81               105.43                 4.009554                       0.000000                        9.499419                 5.901276                    19.410249                
====================Subduction_Zone_23====================
13.09       -58.59       39.84                65.00                  7.887683                       5.186052                        7.662846                 6.494723                    27.231303                
12.22       -58.40       48.87                71.99                  5.461468                       3.406587                        8.671551                 4.579592                    22.119199                
11.34       -58.22       55.52                76.73                  5.387643                       3.255746                        8.790024                 3.033505                    20.466918                
10.42       -58.38       58.80                78.96                  5.363371                       3.211942                        8.755977                 3.088439                    20.419730                
9.49        -58.55       57.68                78.21                  5.728483                       3.862796                        8.751365                 3.278818                    21.621461                
8.58        -58.80       60.61                80.17                  5.871225                       4.072766                        8.868916                 3.103683                    21.916591                
7.67        -59.05       65.63                83.43                  5.751666                       3.895603                        8.836559                 6.877933                    25.361761                
====================Subduction_Zone_24====================
-70.93      -100.69      51.03                73.56                  3.970348                       0.000000                        8.759654                 9.122583                    21.852585                
-70.90      -99.94       45.79                69.68                  4.010165                       0.000000                        8.253578                 9.706404                    21.970147                
-70.87      -99.19       41.63                66.45                  4.097982                       0.000000                        7.422258                 12.455390                   23.975630                
-70.83      -98.43       31.44                57.74                  4.230418                       0.000000                        6.934318                 13.216447                   24.381183                
-70.80      -97.68       22.63                48.99                  4.313321                       0.000000                        6.853489                 18.205303                   29.372113                
-70.72      -96.86       14.83                39.66                  4.567128                       0.000000                        6.624309                 20.855046                   32.046484                
-70.63      -96.04       9.89                 32.38                  4.590119                       0.000000                        6.485247                 18.861383                   29.936750                
-70.55      -95.22       7.08                 27.41                  4.691547                       0.534408                        5.644186                 6.853695                    17.723836                
-70.53      -95.02       6.06                 25.35                  4.543056                       0.084089                        5.449987                 6.308967                    16.386099                
====================Subduction_Zone_25====================
60.49       164.87       40.72                65.71                  3.799143                       0.000000                        7.705015                 8.134712                    19.638869                
60.74       164.08       41.05                65.97                  3.804822                       0.000000                        7.719949                 11.121876                   22.646647                
60.98       163.29       34.10                60.14                  3.873932                       0.000000                        7.139270                 14.004741                   25.017943                
61.24       162.41       25.43                51.93                  4.066053                       0.000000                        6.886529                 15.019788                   25.972370                
61.51       161.52       23.22                49.63                  4.125711                       0.000000                        6.832666                 14.888200                   25.846577                
====================Subduction_Zone_26====================
61.51       161.52       23.22                49.63                  4.125711                       0.000000                        6.832666                 14.888200                   25.846577                
61.32       161.01       20.09                46.16                  4.214911                       0.000000                        6.770608                 15.013628                   25.999146                
61.13       160.51       23.40                49.82                  4.148793                       0.000000                        6.836306                 15.105798                   26.090897                
60.84       159.79       28.42                54.90                  4.030158                       0.000000                        6.972256                 14.965459                   25.967873                
60.55       159.08       34.76                60.71                  3.995299                       0.000000                        7.209565                 12.233178                   23.438042                
60.26       158.24       42.49                67.12                  3.918692                       0.000000                        7.845608                 9.114863                    20.879162                
59.97       157.40       44.05                68.35                  3.906019                       0.000000                        7.993901                 8.812767                    20.712687                
59.45       156.79       44.52                68.71                  3.905952                       0.000000                        8.062070                 8.152231                    20.120254                
58.93       156.18       44.98                69.06                  3.905895                       0.000000                        8.132494                 7.904841                    19.943231                
58.69       155.48       45.04                69.11                  3.905843                       0.000000                        8.142039                 7.664473                    19.712355                
58.63       154.72       44.86                68.97                  3.905802                       0.000000                        8.113614                 7.749722                    19.769137                
58.64       153.76       44.51                68.70                  3.905770                       0.000000                        8.060630                 8.251940                    20.218340                
58.78       153.24       44.15                68.42                  3.905757                       0.000000                        8.007416                 9.487093                    21.400266                
58.92       152.72       43.78                68.14                  3.905748                       0.000000                        7.957952                 9.676006                    21.539707                
59.13       152.17       43.32                67.78                  3.905740                       0.000000                        7.900599                 9.686738                    21.493077                
59.34       151.62       43.03                67.55                  3.905759                       0.000000                        7.867820                 9.772381                    21.545960                
====================Subduction_Zone_27====================
59.34       151.62       43.03                67.55                  3.905759                       0.000000                        7.867820                 9.772381                    21.545960                
59.04       150.72       43.20                67.69                  3.905796                       0.000000                        7.895547                 9.194205                    20.995548                
58.75       149.82       43.21                67.69                  3.905920                       0.000000                        7.887719                 8.291806                    20.085445                
58.45       148.92       43.04                67.56                  3.905962                       0.000000                        7.868879                 7.600978                    19.375819                
58.15       148.02       42.87                67.42                  3.906017                       0.000000                        7.850472                 7.173136                    18.929625                
57.85       147.20       43.02                67.54                  3.906127                       0.000000                        7.885626                 6.933099                    18.724852                
57.56       146.39       43.01                67.54                  3.906261                       0.000000                        7.884993                 6.304836                    18.096091                
57.32       145.57       43.10                67.61                  3.906416                       0.000000                        7.875204                 6.127243                    17.908862                
57.07       144.74       43.00                67.53                  3.906563                       0.000000                        7.874422                 7.171056                    18.952040                
56.90       143.86       31.00                57.34                  3.867728                       0.000000                        6.942183                 9.223855                    20.033766                
56.72       142.99       30.81                57.16                  3.867705                       0.000000                        6.941335                 10.329316                   21.138355                
56.54       142.11       30.75                57.10                  3.873531                       0.000000                        6.939325                 9.951721                    20.764577                
====================Subduction_Zone_28====================
-5.03       115.11       29.16                55.61                  4.104228                       0.000000                        6.933845                 11.241917                   22.279989                
-5.01       115.57       29.26                55.71                  4.106613                       0.000000                        6.933997                 11.265921                   22.306531                
-4.91       116.08       29.33                55.77                  4.111004                       0.000000                        6.933874                 11.255248                   22.300127                
-4.73       116.48       29.11                55.56                  4.112223                       0.000000                        6.933557                 11.133545                   22.179325                
-5.04       116.83       30.30                56.68                  4.428395                       0.000000                        6.936367                 10.778355                   22.143117                
-5.34       117.39       31.58                57.87                  4.859825                       0.642428                        6.956714                 10.373842                   22.832810                
-5.60       117.82       32.20                58.43                  4.910304                       1.994223                        6.996245                 11.481289                   25.382061                
-5.98       118.43       23.22                49.63                  4.578960                       0.000000                        6.834707                 11.034690                   22.448357                
-6.37       118.82       29.25                55.70                  4.828304                       0.234936                        6.926317                 9.619229                    21.608787                
-6.84       119.55       39.40                64.64                  4.825868                       0.000000                        7.694838                 4.486105                    17.006810                
-6.99       120.36       43.90                68.23                  4.681406                       0.000000                        8.812676                 4.103463                    17.597545                
-6.79       120.95       32.86                59.03                  4.750508                       0.000000                        8.123329                 4.080096                    16.953934                
-6.59       121.54       21.86                48.15                  4.748082                       0.000000                        6.776355                 12.464785                   23.989222                
-6.18       122.43       6.81                 26.87                  4.169403                       0.000000                        5.700879                 9.425497                    19.295779                
-5.57       123.27       24.74                51.22                  4.447089                       0.000000                        6.954038                 12.432249                   23.833375                
-5.37       123.91       44.98                69.06                  4.788078                       0.000000                        8.133179                 4.312342                    17.233600                
-5.25       124.59       43.34                67.79                  4.793248                       0.000000                        7.905110                 5.063130                    17.761488                
-5.12       125.27       41.38                66.24                  4.671268                       0.000000                        7.729583                 5.687551                    18.088403                
-4.95       126.08       38.00                63.48                  4.448341                       0.000000                        7.564771                 6.517546                    18.530659                
-4.95       126.24       38.01                63.49                  4.450063                       0.000000                        7.565288                 6.569753                    18.585104                
====================Subduction_Zone_29====================
5.74        149.93       81.05                92.71                  3.822245                       0.000000                        8.010743                 6.660442                    18.493429                
6.28        149.73       88.36                96.80                  3.809562                       0.000000                        8.791548                 7.054407                    19.655517                
6.97        148.95       81.43                92.93                  4.016390                       0.000000                        8.453340                 5.996730                    18.466459                
7.55        148.39       72.66                87.78                  4.065532                       0.000000                        8.409231                 7.566734                    20.041497                
8.15        148.14       67.92                84.87                  4.076709                       0.000000                        8.591655                 7.261543                    19.929907                
8.74        147.89       70.71                86.60                  4.082307                       0.000000                        8.627747                 6.903797                    19.613851                
9.35        147.82       72.37                87.60                  4.133978                       0.000000                        8.527701                 8.145605                    20.807285                
9.96        147.75       74.21                88.71                  4.143189                       0.000000                        8.387916                 8.629015                    21.160121                
10.94       147.51       54.71                76.17                  4.075647                       0.000000                        8.786927                 2.643449                    15.506023                
11.48       147.20       43.77                68.13                  4.061900                       0.000000                        8.281713                 3.467966                    15.811579                
12.02       146.89       42.87                67.42                  4.020915                       0.000000                        7.850474                 4.293595                    16.164983                
13.02       146.20       40.95                65.90                  4.018547                       0.000000                        7.714843                 5.125935                    16.859324                
13.55       145.99       39.91                65.06                  4.019732                       0.000000                        7.671270                 5.345739                    17.036741                
14.08       145.79       38.87                64.20                  4.020811                       0.000000                        7.621922                 5.503197                    17.145929                
14.67       145.58       37.72                63.25                  3.948067                       0.000000                        7.541274                 6.010935                    17.500276                
15.27       145.37       36.66                62.35                  3.947417                       0.000000                        7.435775                 6.733524                    18.116716                
15.97       145.20       35.40                61.27                  3.946092                       0.000000                        7.287522                 7.930729                    19.164342                
16.66       145.03       34.17                60.19                  3.945912                       0.000000                        7.136968                 8.716877                    19.799757                
17.17       144.94       33.28                59.40                  3.944669                       0.000000                        7.050369                 9.013315                    20.008353                
17.67       144.85       32.40                58.61                  3.941931                       0.000000                        6.989835                 9.354252                    20.286018                
18.21       144.72       31.45                57.75                  3.940902                       0.000000                        6.952368                 9.509866                    20.403136                
18.75       144.60       30.56                56.93                  3.938854                       0.000000                        6.937743                 9.905911                    20.782509                
19.47       144.41       29.27                55.71                  3.938534                       0.000000                        6.933933                 10.200656                   21.073123                
20.18       144.21       28.06                54.55                  3.937250                       0.000000                        6.930561                 10.315774                   21.183585                
20.85       143.98       32.41                58.63                  3.947751                       0.000000                        6.995572                 8.972460                    19.915783                
21.52       143.74       34.13                60.16                  3.950550                       0.000000                        7.139854                 7.711896                    18.802301                
22.22       143.42       35.51                61.36                  3.952723                       0.000000                        7.296938                 7.643839                    18.893500                
22.93       143.10       36.91                62.56                  3.954969                       0.000000                        7.457189                 6.431810                    17.843968                
23.44       142.82       37.62                63.16                  3.956027                       0.000000                        7.529114                 5.581460                    17.066602                
23.95       142.53       38.35                63.77                  3.959484                       0.000000                        7.653422                 5.563540                    17.176445                
24.87       142.17       40.66                65.66                  3.963455                       0.000000                        7.771548                 5.199958                    16.934961                
25.80       141.81       41.23                66.12                  3.963569                       0.000000                        7.730871                 4.543214                    16.237654                
26.66       141.43       40.46                65.50                  3.969061                       0.000000                        7.696652                 4.974666                    16.640380                
27.52       141.04       41.83                66.61                  3.963782                       0.000000                        7.773679                 4.723612                    16.461073                
28.38       140.65       43.19                67.67                  3.974740                       0.000000                        7.886074                 4.077244                    15.938058                
29.29       140.12       43.57                67.97                  3.977184                       0.000000                        7.943277                 4.043400                    15.963861                
30.21       139.59       42.34                67.01                  3.967214                       0.000000                        7.802440                 4.104882                    15.874535                
31.12       139.06       41.30                66.18                  3.960878                       0.000000                        7.733509                 5.026325                    16.720711                
32.02       138.39       39.70                64.89                  3.932195                       0.000000                        7.662449                 5.352432                    16.947076                
32.92       137.71       39.60                64.80                  3.932169                       0.000000                        7.657728                 5.378716                    16.968613                
33.81       137.04       39.78                64.95                  3.932531                       0.000000                        7.665201                 5.349852                    16.947583                
34.61       136.17       39.57                64.78                  3.939494                       0.000000                        7.656640                 5.445463                    17.041596                
35.41       135.29       39.25                64.52                  3.961425                       0.000000                        7.642246                 5.466561                    17.070232                
36.21       134.42       38.41                63.82                  3.941531                       0.000000                        7.593662                 5.657952                    17.193145                
37.00       133.95       37.51                63.07                  3.932642                       0.000000                        7.522399                 5.995956                    17.450998                
37.78       133.49       36.26                62.01                  3.932279                       0.000000                        7.389234                 7.230169                    18.551681                
38.57       133.02       35.01                60.93                  3.931848                       0.000000                        7.236141                 8.122139                    19.290128                
39.27       132.39       33.73                59.81                  3.931646                       0.000000                        7.092061                 8.900219                    19.923926                
39.97       131.76       32.63                58.82                  3.931193                       0.000000                        7.002940                 9.256039                    20.190173                
====================Subduction_Zone_30====================
27.33       119.34       28.81                55.28                  4.007358                       0.000000                        6.933206                 10.324638                   21.265201                
27.62       119.91       28.87                55.33                  4.037267                       0.000000                        6.933516                 10.295941                   21.266725                
27.92       120.48       29.01                55.46                  4.051501                       0.000000                        6.933731                 10.248977                   21.234209                
28.72       121.34       29.21                55.65                  4.058752                       0.000000                        6.933971                 10.209736                   21.202459                
29.55       121.82       29.34                55.78                  4.038358                       0.000000                        6.934004                 10.204632                   21.176994                
30.38       122.30       29.46                55.89                  4.034212                       0.000000                        6.933987                 10.187293                   21.155492                
====================Subduction_Zone_31====================
39.97       131.76       32.63                58.82                  3.931193                       0.000000                        7.002940                 9.256039                    20.190173                
39.40       131.14       32.71                58.90                  3.932882                       0.000000                        7.022472                 9.266665                    20.222019                
38.83       130.51       32.91                59.08                  3.933365                       0.000000                        7.021864                 9.227349                    20.182579                
38.09       129.71       32.72                58.90                  3.936457                       0.000000                        7.033884                 9.238946                    20.209287                
37.45       128.87       32.01                58.26                  3.966557                       0.000000                        6.967324                 9.520490                    20.454371                
36.65       128.06       30.73                57.08                  4.011932                       0.000000                        6.938901                 9.779494                    20.730327                
35.78       127.25       30.56                56.92                  4.010110                       0.000000                        6.937551                 9.841895                    20.789556                
34.91       126.44       30.38                56.76                  4.014308                       0.000000                        6.936478                 9.907390                    20.858177                
34.30       125.91       30.27                56.65                  4.018322                       0.000000                        6.935918                 9.957339                    20.911578                
33.70       125.39       30.15                56.54                  4.029756                       0.000000                        6.935341                 9.963085                    20.928182                
32.72       124.61       29.97                56.37                  4.029488                       0.000000                        6.934650                 9.979556                    20.943694                
31.75       123.83       29.79                56.20                  4.036331                       0.000000                        6.934150                 10.029126                   20.999607                
31.10       123.18       29.65                56.07                  4.043056                       0.000000                        6.933997                 10.103538                   21.080590                
30.45       122.39       29.50                55.93                  4.035829                       0.000000                        6.933980                 10.147728                   21.117537                
30.38       122.30       29.46                55.89                  4.034212                       0.000000                        6.933987                 10.187293                   21.155492                
====================Subduction_Zone_32====================
-8.47       143.85       97.05                101.45                 4.082508                       0.000000                        9.160418                 10.726604                   23.969531                
-7.83       144.65       102.12               104.06                 4.049173                       0.000000                        9.367754                 7.578177                    20.995103                
-7.18       145.45       103.87               104.95                 4.042069                       0.000000                        9.453780                 7.589170                    21.085018                
-6.54       146.25       105.90               105.97                 4.044719                       0.000000                        9.549834                 6.326335                    19.920888                
-5.91       147.05       108.14               107.09                 4.046385                       0.000000                        9.641700                 4.434968                    18.123052                
====================Subduction_Zone_33====================
-0.31       125.33       11.94                35.59                  4.750385                       0.000000                        6.329567                 16.411923                   27.491875                
-0.91       125.93       11.06                34.24                  4.220017                       0.000000                        6.254405                 16.016746                   26.491168                
-1.51       126.52       11.32                34.65                  4.242556                       0.000000                        6.387802                 16.411814                   27.042171                
-2.48       127.51       18.52                44.32                  4.339986                       0.000000                        6.741812                 11.630519                   22.712317                
-3.46       128.49       24.17                50.63                  4.448991                       0.000000                        6.862332                 11.225025                   22.536348                
-4.16       129.32       30.79                57.14                  4.553154                       0.000000                        6.934692                 10.679053                   22.166899                
-4.86       130.14       36.29                62.03                  4.730312                       0.000000                        7.391810                 8.458322                    20.580444                
-5.46       130.89       39.01                64.32                  4.845966                       0.000000                        7.629394                 5.959685                    18.435046                
-6.07       131.65       38.47                63.87                  4.877374                       0.992591                        7.596303                 6.040335                    19.506603                
-6.58       132.07       41.28                66.16                  4.833565                       0.000000                        7.753192                 5.522396                    18.109154                
-7.10       132.49       43.20                67.68                  4.803181                       0.000000                        7.897563                 4.780972                    17.481716                
-8.08       133.23       47.06                70.65                  4.800663                       0.159527                        8.462245                 3.723797                    17.146232                
-9.04       133.65       51.29                73.75                  4.804378                       0.000000                        8.830138                 3.727780                    17.362296                
-9.94       133.76       55.40                76.65                  4.675546                       0.000000                        8.792869                 2.113333                    15.581748                
-10.83      133.86       59.29                79.30                  4.678507                       0.000000                        8.781655                 2.824603                    16.284765                
-11.59      134.15       63.87                82.30                  4.683110                       0.000000                        8.885661                 3.786801                    17.355571                
-12.35      134.44       66.94                84.25                  4.687671                       0.000000                        8.790203                 5.674558                    19.152433                
-12.81      135.24       67.91                84.86                  4.720143                       0.000000                        8.761801                 6.636253                    20.118197                
-13.26      136.04       66.13                83.74                  4.706461                       0.000000                        8.823884                 4.958894                    18.489240                
-13.71      136.84       66.98                84.28                  4.716426                       0.000000                        8.788602                 5.736187                    19.241215                
-14.04      137.51       67.46                84.58                  4.724907                       0.000000                        8.767793                 5.846083                    19.338782                
-14.36      138.17       67.97                84.90                  4.733661                       0.000000                        8.745960                 6.536090                    20.015711                
-14.69      138.84       63.07                81.78                  4.584760                       0.000000                        8.885431                 3.866631                    17.336821                
-14.85      139.37       62.94                81.70                  4.523118                       0.000000                        8.884602                 3.874483                    17.282203                
-15.01      139.90       62.80                81.61                  4.463999                       0.000000                        8.883682                 3.479191                    16.826871                
====================Subduction_Zone_34====================
0.44        152.80       48.09                71.41                  4.046122                       0.000000                        8.561414                 5.679383                    18.286919                
1.40        152.09       10.40                33.20                  4.027248                       0.000000                        6.125599                 12.630652                   22.783498                
2.29        151.62       22.45                48.79                  3.942096                       0.000000                        6.818227                 12.078964                   22.839286                
3.18        151.16       37.18                62.79                  3.901863                       0.000000                        7.481015                 9.058464                    20.441342                
4.07        150.69       52.11                74.33                  3.871949                       0.000000                        8.802495                 3.375000                    16.049444                
4.96        150.22       67.04                84.32                  3.846747                       0.000000                        8.777239                 4.767867                    17.391853                
5.74        149.93       81.05                92.71                  3.822245                       0.000000                        8.010743                 6.660442                    18.493429                
====================Subduction_Zone_35====================
-5.91       147.05       108.14               107.09                 4.046385                       0.000000                        9.641700                 4.434968                    18.123052                
-5.28       147.85       76.39                90.01                  4.037017                       0.000000                        8.326665                 3.873884                    16.237565                
-4.65       148.64       41.00                65.94                  4.045588                       0.000000                        7.641127                 9.762193                    21.448908                
-3.77       149.45       84.88                94.88                  4.050515                       0.000000                        8.356631                 8.744064                    21.151210                
-2.89       150.26       87.34                96.24                  4.056861                       0.000000                        8.578277                 5.349726                    17.984863                
-1.98       151.03       83.82                94.28                  4.059201                       0.000000                        8.271454                 4.681557                    17.012212                
-1.06       151.79       76.24                89.92                  4.054103                       0.000000                        8.265687                 5.043042                    17.362832                
-0.15       152.56       66.31                83.85                  4.049076                       0.000000                        8.747201                 3.572597                    16.368874                
0.44        152.80       48.09                71.41                  4.046122                       0.000000                        8.561414                 5.679383                    18.286919                
====================Subduction_Zone_36====================
27.33       119.34       28.81                55.28                  4.007358                       0.000000                        6.933206                 10.324638                   21.265201                
27.62       119.91       28.87                55.33                  4.037267                       0.000000                        6.933516                 10.295941                   21.266725                
27.92       120.48       29.01                55.46                  4.051501                       0.000000                        6.933731                 10.248977                   21.234209                
28.72       121.34       29.21                55.65                  4.058752                       0.000000                        6.933971                 10.209736                   21.202459                
29.55       121.82       29.34                55.78                  4.038358                       0.000000                        6.934004                 10.204632                   21.176994                
30.38       122.30       29.46                55.89                  4.034212                       0.000000                        6.933987                 10.187293                   21.155492                
====================Subduction_Zone_37====================
30.77       122.77       29.57                56.00                  4.039036                       0.000000                        6.933980                 10.147728                   21.120744                
30.45       122.39       29.50                55.93                  4.035829                       0.000000                        6.933980                 10.147728                   21.117537                
30.38       122.30       29.46                55.89                  4.034212                       0.000000                        6.933987                 10.187293                   21.155492                
====================Subduction_Zone_38====================
56.47       141.78       30.76                57.12                  3.875955                       0.000000                        6.939455                 9.932066                    20.747476                
55.91       141.53       30.71                57.07                  3.868404                       0.000000                        6.939521                 9.764452                    20.572378                
55.34       141.28       31.15                57.47                  3.865997                       0.000000                        6.945623                 9.723220                    20.534840                
54.47       140.96       31.85                58.12                  3.865354                       0.000000                        6.964606                 9.502372                    20.332333                
53.60       140.64       31.31                57.62                  3.832685                       0.000000                        6.949107                 9.650973                    20.432765                
52.72       140.32       31.15                57.47                  3.845252                       0.000000                        6.945837                 9.716075                    20.507164                
51.85       140.00       31.02                57.36                  3.858512                       0.000000                        6.943228                 9.729611                    20.531351                
51.12       139.65       30.82                57.17                  3.868094                       0.000000                        6.940299                 9.738931                    20.547325                
50.39       139.30       30.82                57.17                  3.882196                       0.000000                        6.940246                 9.748047                    20.570489                
49.71       138.91       30.76                57.11                  3.891380                       0.000000                        6.939262                 9.746190                    20.576832                
49.03       138.52       30.71                57.07                  3.897452                       0.000000                        6.939136                 9.760135                    20.596723                
====================Subduction_Zone_39====================
56.54       142.11       30.75                57.10                  3.873531                       0.000000                        6.939325                 9.951721                    20.764577                
56.47       141.78       30.76                57.12                  3.875955                       0.000000                        6.939455                 9.932066                    20.747476                
====================Subduction_Zone_40====================
40.58       0.56         127.81               116.42                 10.072266                      5.392316                        8.578318                 4.200420                    28.243319                
40.96       0.76         127.48               116.27                 10.050764                      5.392316                        8.636500                 5.716819                    29.796399                
41.73       1.62         130.23               117.52                 10.036021                      5.392316                        8.362324                 5.716819                    29.507480                
42.16       2.01         130.76               117.75                 10.083201                      5.392316                        8.248583                 5.716819                    29.440918                
42.56       2.50         129.39               117.14                 10.052080                      5.392316                        8.516227                 5.716819                    29.677442                
42.88       3.10         127.25               116.17                 9.934525                       5.392316                        8.790871                 5.716819                    29.834531                
43.26       3.98         124.11               114.72                 15.878140                      5.600503                        9.757199                 5.716819                    36.952661                
43.46       4.49         118.89               112.29                 16.467981                      5.609706                        9.686531                 1.933103                    33.697321                
43.65       5.37         123.41               114.40                 15.968295                      5.602010                        9.749603                 1.933103                    33.253011                
43.81       6.19         116.52               111.16                 15.828170                      5.600560                        9.773073                 1.933103                    33.134907                
43.89       6.92         128.71               116.83                 16.160726                      5.605016                        9.669371                 1.933103                    33.368216                
43.98       7.65         121.02               113.28                 15.773896                      5.601118                        9.399149                 1.933103                    32.707266                
44.05       8.35         123.15               114.28                 16.116741                      5.604336                        9.740950                 1.933103                    33.395130                
44.09       9.04         124.13               114.73                 16.545821                      5.611516                        9.577290                 1.933103                    33.667731                
44.02       9.90         116.15               110.98                 14.972973                      5.584402                        9.772549                 1.901036                    32.230960                
43.96       10.75        113.03               109.48                 11.718298                      5.466509                        9.767724                 1.935552                    28.888083                
43.84       11.25        113.00               109.47                 9.476194                       5.357576                        9.766958                 1.923602                    26.524330                
43.68       11.73        113.00               109.47                 8.738886                       5.286173                        9.766958                 1.904098                    25.696115                
43.53       12.11        113.00               109.47                 8.260638                       5.234354                        9.766958                 1.899076                    25.161027                
43.34       12.46        113.00               109.47                 8.371238                       5.244985                        9.766958                 1.895287                    25.278468                
43.21       12.74        113.00               109.47                 8.071966                       5.207815                        9.766958                 1.709901                    24.756640                
42.97       12.88        113.00               109.47                 8.496239                       5.269416                        9.666361                 1.601790                    25.033807                
42.47       12.94        128.73               116.84                 8.396777                       5.255729                        8.428488                 1.892943                    23.973937                
42.40       12.95        120.84               113.20                 8.537900                       5.273899                        8.228513                 1.326672                    23.366984                
====================Subduction_Zone_41====================
33.33       -4.21        130.47               117.62                 10.108069                      5.392316                        8.183823                 2.344174                    26.028382                
33.97       -3.33        130.54               117.66                 10.685013                      5.441154                        8.159899                 2.396245                    26.682311                
34.74       -2.53        128.30               116.64                 10.781938                      5.451248                        8.693327                 3.887604                    28.814117                
35.51       -1.74        120.80               113.18                 10.605618                      5.451248                        9.433570                 5.164136                    30.654572                
36.28       -0.94        112.25               109.10                 13.369794                      5.540291                        9.714312                 7.017472                    35.641868                
37.05       -0.14        111.06               108.52                 39.900029                      5.746520                        9.748819                 10.850282                   66.245651                
37.79       0.54         112.46               109.20                 24.945382                      5.696656                        9.758166                 9.338415                    49.738620                
38.54       1.23         107.51               106.77                 32.844118                      5.728958                        9.748120                 11.338197                   59.659392                
39.28       1.91         130.85               117.79                 9.897819                       5.392316                        9.453487                 4.200420                    28.944041                
40.11       2.69         128.43               116.70                 9.988295                       5.392316                        8.633336                 5.716819                    29.730766                
====================Subduction_Zone_42====================
7.43        119.50       22.78                49.15                  4.122920                       0.000000                        6.817152                 11.078013                   22.018084                
7.91        120.00       22.83                49.21                  4.096569                       0.000000                        6.821073                 11.081216                   21.998858                
8.23        120.81       22.83                49.21                  4.074790                       0.000000                        6.821009                 11.084512                   21.980311                
====================Subduction_Zone_43====================
8.74        107.60       15.11                40.03                  4.447491                       0.000000                        6.661058                 14.680090                   25.788639                
8.36        108.53       13.89                38.38                  4.282519                       0.000000                        6.578286                 16.388536                   27.249341                
7.99        109.46       13.46                37.78                  4.193756                       0.000000                        6.557575                 16.587222                   27.338554                
7.61        110.38       13.00                37.13                  4.142277                       0.000000                        6.557327                 16.683724                   27.383328                
7.50        110.65       13.00                37.13                  4.094316                       0.000000                        6.557327                 16.683896                   27.335539                
6.86        111.08       13.79                38.25                  4.061070                       0.000000                        6.613660                 16.588019                   27.262749                
6.23        111.51       14.38                39.05                  4.079646                       0.000000                        6.646483                 15.634545                   26.360674                
5.36        112.30       15.35                40.34                  4.105556                       0.000000                        6.685576                 14.551690                   25.342823                
4.82        112.83       15.92                41.09                  4.126181                       0.000000                        6.701463                 13.907569                   24.735213                
4.27        113.37       16.62                41.98                  4.145151                       0.000000                        6.715747                 13.601349                   24.462247                
4.10        114.03       16.95                42.40                  4.154776                       0.000000                        6.721074                 11.860446                   22.736296                
3.92        114.68       17.88                43.54                  4.178644                       0.000000                        6.733662                 11.196237                   22.108543                
4.17        115.21       18.75                44.59                  4.188864                       0.000000                        6.744329                 11.089117                   22.022309                
4.43        115.74       18.62                44.44                  4.200425                       0.000000                        6.742984                 11.016600                   21.960009                
4.96        116.50       19.08                44.98                  4.198377                       0.000000                        6.755354                 10.992767                   21.946498                
5.49        117.26       19.55                45.53                  4.202091                       0.000000                        6.762521                 10.857400                   21.822012                
6.02        118.01       20.57                46.70                  4.185526                       0.000000                        6.779816                 10.871435                   21.836777                
6.96        119.01       22.12                48.43                  4.123507                       0.000000                        6.813660                 11.046065                   21.983232                
7.91        120.00       22.83                49.21                  4.096569                       0.000000                        6.821073                 11.081216                   21.998858                
8.23        120.81       22.83                49.21                  4.074790                       0.000000                        6.821009                 11.084512                   21.980311                
====================Subduction_Zone_44====================
-70.53      -95.02       6.06                 25.35                  4.543056                       0.084089                        5.449987                 6.308967                    16.386099                
-70.42      -94.15       0.59                 10.00                  5.742011                       3.862247                        2.825776                 2.339151                    14.769184                
-70.32      -93.27       2.03                 14.67                  5.906979                       4.111872                        4.299896                 2.534607                    16.853354                
-70.21      -92.39       1.52                 12.71                  5.876610                       4.071754                        4.073616                 3.043750                    17.065731                
-70.10      -91.76       3.53                 19.34                  4.663327                       0.000000                        4.949633                 4.429594                    14.042554                
-69.98      -91.12       4.72                 22.38                  4.638533                       0.000000                        5.268952                 6.749958                    16.657443                
-69.92      -90.36       4.50                 21.84                  4.592281                       0.000000                        5.214744                 7.831847                    17.638872                
-69.86      -89.59       5.12                 23.29                  4.566884                       0.000000                        5.312414                 9.352922                    19.232221                
-69.80      -88.83       5.71                 24.60                  4.518766                       0.000000                        5.317212                 10.859232                   20.695210                
-69.75      -87.93       6.42                 26.10                  4.495958                       0.000000                        5.623879                 10.864567                   20.984404                
-69.69      -87.02       6.93                 27.10                  4.455321                       0.000000                        5.614972                 11.161591                   21.231884                
-69.47      -86.35       7.11                 27.46                  4.420457                       0.000000                        5.620439                 11.699527                   21.740423                
-69.25      -85.68       6.95                 27.15                  4.387636                       0.000000                        5.628870                 11.885199                   21.901705                
-68.88      -84.79       6.99                 27.23                  4.341930                       0.000000                        5.610531                 11.851777                   21.804239                
-68.50      -83.90       6.73                 26.72                  4.311531                       0.000000                        5.681109                 11.368877                   21.361516                
-68.13      -83.01       6.86                 26.96                  4.268103                       0.000000                        5.703571                 14.384425                   24.356099                
-67.84      -82.17       10.62                33.56                  4.157394                       0.000000                        6.250648                 14.731161                   25.139204                
-67.56      -81.34       10.31                33.06                  4.138721                       0.000000                        6.255904                 17.400280                   27.794906                
-67.27      -80.51       10.36                33.15                  4.123758                       0.000000                        6.245169                 17.010002                   27.378929                
-66.93      -79.59       10.27                33.00                  4.105388                       0.000000                        6.250697                 16.711988                   27.068072                
-66.59      -78.67       10.46                33.31                  4.086399                       0.000000                        6.277018                 17.026176                   27.389592                
-66.30      -78.06       11.44                34.82                  4.142991                       0.000000                        6.359623                 18.171020                   28.673634                
-66.00      -77.45       12.73                36.74                  4.146039                       0.000000                        6.534239                 18.748864                   29.429141                
-65.64      -76.70       13.30                37.55                  4.154585                       0.000000                        6.543367                 20.024781                   30.722733                
-65.28      -75.96       13.45                37.76                  4.160601                       0.000000                        6.577730                 20.148932                   30.887263                
-64.89      -75.25       13.56                37.92                  4.171843                       0.000000                        6.598439                 20.679590                   31.449872                
-64.51      -74.55       14.17                38.77                  4.179900                       0.000000                        6.635793                 20.972151                   31.787845                
-64.30      -73.81       14.63                39.38                  4.187123                       0.000000                        6.658255                 21.040332                   31.885710                
-64.09      -73.07       14.91                39.77                  4.249408                       0.000000                        6.666542                 20.884120                   31.800070                
-63.93      -72.19       17.24                42.76                  4.456163                       0.000000                        6.605786                 21.122465                   32.184414                
-63.77      -71.30       17.46                43.03                  4.485560                       0.000000                        6.645903                 20.470643                   31.602106                
-63.60      -70.42       13.31                37.57                  4.470341                       0.000000                        6.571833                 20.351777                   31.393951                
-63.44      -69.87       12.96                37.07                  4.459731                       0.000000                        6.552362                 20.351777                   31.363870                
-63.28      -69.32       13.48                37.81                  4.451140                       0.000000                        6.523116                 19.648191                   30.622447                
-63.10      -68.71       12.26                36.06                  4.441781                       0.000000                        6.488954                 19.741164                   30.671898                
-62.92      -68.10       12.75                36.78                  4.437146                       0.000000                        6.534548                 19.851974                   30.823669                
-62.75      -67.39       12.55                36.49                  4.399065                       0.000000                        6.435035                 19.089051                   29.923151                
-62.58      -66.68       12.52                36.44                  4.416832                       0.000000                        6.515089                 18.967698                   29.899618                
-62.34      -66.03       12.02                35.70                  4.406718                       0.000000                        6.464678                 18.967698                   29.839094                
-62.09      -65.39       12.33                36.16                  4.396863                       0.000000                        6.412940                 18.298240                   29.108044                
-61.89      -64.72       12.19                35.95                  4.373642                       0.000000                        6.380140                 18.481127                   29.234909                
====================Subduction_Zone_45====================
-61.89      -64.72       12.19                35.95                  4.373642                       0.000000                        6.380140                 18.481127                   29.234909                
-61.81      -64.55       12.03                35.72                  4.385225                       0.000000                        6.362119                 18.481127                   29.228470                
-61.56      -63.62       12.76                36.78                  4.379491                       0.000000                        6.535858                 19.890311                   30.805661                
-61.32      -62.69       12.61                36.57                  4.404452                       0.000000                        6.506405                 19.869671                   30.780528                
-61.07      -61.75       12.22                35.99                  4.409304                       0.000000                        6.484621                 19.869671                   30.763596                
-60.94      -61.29       12.70                36.70                  4.398522                       0.000000                        6.515401                 19.869671                   30.783594                
====================Subduction_Zone_46====================
-60.94      -61.29       12.70                36.70                  4.398522                       0.000000                        6.515401                 19.869671                   30.783594                
-60.84      -61.62       12.23                36.01                  4.426153                       0.000000                        6.486245                 19.869671                   30.782069                
-60.76      -61.96       12.70                36.70                  4.389621                       0.000000                        6.515417                 19.660908                   30.565946                
-60.69      -62.26       12.35                36.19                  4.413807                       0.000000                        6.497788                 19.291190                   30.202786                
-60.64      -62.54       12.11                35.84                  4.417421                       0.000000                        6.474768                 19.056992                   29.949181                
-60.58      -62.85       12.70                36.70                  4.393977                       0.000000                        6.531474                 18.852987                   29.778438                
-60.51      -63.15       11.44                34.83                  4.390995                       0.000000                        6.480352                 18.852987                   29.724333                
-60.40      -63.60       10.89                33.98                  4.282105                       0.000000                        6.333774                 18.139985                   28.755863                
-60.30      -64.08       10.58                33.49                  3.908404                       0.000000                        6.292495                 17.513090                   27.713989                
-60.14      -64.75       10.13                32.78                  3.908915                       0.000000                        6.231349                 16.066990                   26.207254                
-60.02      -65.25       9.52                 31.77                  3.907613                       0.000000                        6.141748                 15.867238                   25.916599                
-59.86      -65.73       9.40                 31.58                  3.910706                       0.000000                        6.124432                 15.400468                   25.435606                
-59.77      -65.93       9.20                 31.24                  3.914327                       0.000000                        6.127344                 15.174366                   25.216037                
-59.69      -66.13       9.24                 31.30                  3.914413                       0.000000                        6.099714                 14.895042                   24.909168                
-59.56      -66.44       8.67                 30.32                  3.914591                       0.000000                        6.055679                 14.212505                   24.182775                
-59.46      -66.70       8.16                 29.41                  3.912149                       0.000000                        5.972958                 13.986255                   23.871362                
-59.31      -67.08       7.88                 28.91                  3.911151                       0.000000                        5.927561                 13.401127                   23.239839                
-59.15      -67.45       7.53                 28.26                  3.911269                       0.000000                        5.869499                 12.508930                   22.289698                
-59.01      -67.78       7.22                 27.67                  3.908784                       0.000000                        5.768227                 12.077698                   21.754708                
-58.87      -68.12       6.91                 27.07                  3.911567                       0.000000                        5.761519                 12.022079                   21.695166                
-58.73      -68.43       6.60                 26.45                  3.911541                       0.000000                        5.706144                 11.358966                   20.976652                
-58.63      -68.62       6.39                 26.03                  3.908779                       0.000000                        5.617368                 10.831513                   20.357661                
-58.38      -69.13       5.86                 24.93                  3.911133                       0.000000                        5.568261                 10.178013                   19.657407                
-58.00      -69.79       5.10                 23.27                  3.907674                       0.000000                        5.356839                 8.477579                    17.742091                
-57.78      -70.16       4.66                 22.22                  3.909563                       0.000000                        5.314653                 8.320869                    17.545085                
-57.41      -70.50       4.05                 20.72                  3.904469                       0.000000                        5.101175                 7.031926                    16.037570                
-57.35      -70.54       3.95                 20.47                  3.906388                       0.000000                        5.142330                 6.694157                    15.742875                
-56.98      -70.69       3.43                 19.07                  3.901336                       0.000000                        4.923404                 5.672176                    14.496917                
-56.62      -70.77       2.79                 17.22                  3.999645                       0.000000                        4.705463                 4.024074                    12.729182                
-56.24      -70.84       1.78                 13.73                  4.031523                       0.000000                        4.241965                 2.440752                    10.714240                
-55.91      -70.91       0.87                 10.00                  4.032502                       0.000000                        3.497796                 2.059391                    9.589689                 
-55.86      -70.92       0.72                 10.00                  4.032675                       0.000000                        3.313945                 2.059391                    9.406011                 
====================Subduction_Zone_47====================
14.89       -93.40       25.35                51.85                  4.250065                       0.000000                        6.872077                 11.406322                   22.528465                
13.99       -92.81       26.76                53.27                  4.253784                       0.000000                        6.915615                 11.431223                   22.600622                
13.09       -92.21       31.60                57.89                  4.185486                       0.000000                        7.022359                 9.046128                    20.253973                
12.41       -91.71       42.76                67.34                  4.109213                       0.000000                        7.797573                 5.811692                    17.718478                
11.73       -91.21       43.94                68.26                  4.117850                       0.000000                        7.979653                 4.361277                    16.458779                
11.05       -90.71       45.13                69.18                  4.122968                       0.000000                        8.084305                 4.127680                    16.334954                
10.18       -90.39       45.83                69.72                  4.125344                       0.000000                        8.267699                 3.781644                    16.174687                
9.30        -90.07       45.84                69.72                  4.064187                       0.000000                        8.268008                 3.667838                    16.000033                
8.60        -89.70       45.83                69.72                  4.046089                       0.000000                        8.267351                 3.665766                    15.979205                
7.89        -89.33       45.82                69.71                  4.024054                       0.000000                        8.265501                 3.668670                    15.958225                
7.18        -88.96       45.81                69.70                  4.013829                       0.000000                        8.264115                 3.674814                    15.952757                
6.94        -88.83       45.80                69.69                  3.997157                       0.000000                        8.263005                 3.674814                    15.934975                
====================Subduction_Zone_48====================
-8.44       143.87       97.04                101.44                 4.083545                       0.000000                        9.160025                 10.726604                   23.970174                
-8.51       144.34       102.67               104.34                 4.058718                       0.000000                        9.396366                 7.516356                    20.971440                
-8.55       145.11       111.08               108.54                 4.028276                       0.000000                        9.732259                 3.120998                    16.881533                
-8.59       145.87       115.65               110.74                 4.015506                       0.000000                        9.776890                 1.791335                    15.583730                
-8.67       146.60       115.69               110.76                 4.012920                       0.000000                        9.776912                 1.843191                    15.633023                
-8.87       147.53       115.45               110.65                 4.012965                       0.000000                        9.777312                 1.928706                    15.718982                
-9.07       148.47       114.34               110.11                 4.013411                       0.000000                        9.775811                 1.929467                    15.718688                
-9.43       149.35       113.38               109.65                 4.014103                       0.000000                        9.770302                 1.866564                    15.650968                
-9.87       150.30       112.24               109.10                 4.015021                       0.000000                        9.757724                 1.797744                    15.570489                
-10.55      151.18       110.66               108.33                 4.015976                       0.000000                        9.727826                 1.941723                    15.685525                
-11.23      152.07       109.42               107.72                 4.161238                       0.000000                        9.693149                 2.498459                    16.352845                
-11.89      152.91       105.44               105.74                 4.433723                       0.000000                        9.522897                 5.250039                    19.206660                
-12.55      153.76       102.61               104.31                 4.433483                       0.000000                        9.392538                 6.772415                    20.598435                
-13.07      154.16       100.65               103.31                 4.059777                       0.000000                        9.299078                 7.910131                    21.268987                
-13.59      154.56       99.46                102.70                 4.057850                       0.000000                        9.251734                 9.541966                    22.851551                
-14.44      155.34       97.47                101.67                 4.045284                       0.000000                        9.173860                 12.455291                   25.674435                
-14.65      155.88       96.86                101.35                 4.037178                       0.000000                        9.152146                 12.932092                   26.121416                
-14.87      156.42       96.27                101.04                 4.031871                       0.000000                        9.132262                 13.524142                   26.688275                
-14.94      157.18       95.91                100.85                 4.024489                       0.000000                        9.120383                 13.463416                   26.608288                
-15.02      157.94       95.55                100.66                 4.017442                       0.000000                        9.109097                 13.222377                   26.348915                
-15.38      158.65       94.67                100.20                 4.011380                       0.000000                        9.082913                 12.360376                   25.454669                
-15.75      159.36       93.81                99.74                  4.005569                       0.000000                        9.059429                 11.329321                   24.394319                
-15.92      159.95       93.39                99.52                  3.947352                       0.000000                        9.048892                 11.006591                   24.002835                
-16.08      160.54       93.06                99.34                  3.905117                       0.000000                        9.040117                 10.838557                   23.783791                
-16.53      161.04       92.35                98.96                  3.902977                       0.000000                        9.022630                 9.989917                    22.915524                
-16.65      161.60       92.08                98.82                  3.899166                       0.000000                        9.015688                 9.761496                    22.676350                
-16.77      162.15       91.81                98.67                  3.895115                       0.000000                        9.008467                 9.326300                    22.229881                
-17.07      162.79       91.28                98.38                  3.893982                       0.000000                        8.993582                 9.051767                    21.939331                
-17.69      163.33       90.32                97.87                  3.893465                       0.000000                        8.961088                 8.102990                    20.957543                
-18.31      163.86       89.38                97.35                  3.880094                       0.000000                        8.914226                 7.220406                    20.014726                
-19.10      164.71       87.61                96.39                  4.258897                       0.000000                        8.774242                 5.908245                    18.941384                
-20.06      165.10       80.39                92.33                  4.331900                       0.000000                        7.963134                 6.096977                    18.392011                
-20.64      165.55       72.85                87.89                  4.434045                       0.000000                        8.491785                 7.750513                    20.676343                
-21.23      166.00       68.62                85.30                  4.582720                       0.000000                        8.718555                 7.045561                    20.346835                
-21.77      166.40       64.62                82.78                  4.774548                       0.000000                        8.866155                 3.956437                    17.597140                
-22.30      166.81       64.04                82.41                  4.761969                       0.000000                        8.874151                 5.040842                    18.676962                
-23.24      167.21       62.48                81.40                  4.471813                       0.000000                        8.872901                 2.648754                    15.993469                
-24.18      167.62       64.25                82.54                  4.372365                       0.000000                        8.875249                 3.564329                    16.811943                
-24.79      167.82       65.19                83.14                  4.380005                       0.000000                        8.860964                 5.038738                    18.279708                
-25.41      168.01       64.72                82.84                  4.353570                       0.000000                        8.871342                 4.529605                    17.754517                
====================Subduction_Zone_49====================
-27.76      169.08       57.47                78.06                  4.345341                       0.000000                        8.743426                 1.984341                    15.073107                
-28.00      169.22       56.70                77.54                  4.341994                       0.000000                        8.754033                 1.997672                    15.093699                
-28.68      169.39       54.65                76.13                  4.349225                       0.000000                        8.817916                 2.252298                    15.419439                
-29.36      169.56       52.60                74.69                  4.356280                       0.000000                        8.854339                 3.178132                    16.388751                
-29.75      169.62       51.43                73.85                  4.362376                       0.000000                        8.836384                 3.844621                    17.043382                
====================Subduction_Zone_50====================
-29.75      169.62       51.43                73.85                  4.362376                       0.000000                        8.836384                 3.844621                    17.043382                
-30.46      170.06       49.16                72.20                  4.329971                       0.000000                        8.714826                 4.062847                    17.107644                
-31.15      170.54       51.21                73.69                  4.271250                       0.000000                        8.828827                 4.022396                    17.122473                
-31.83      171.02       53.59                75.38                  4.269933                       0.000000                        8.845650                 2.384261                    15.499844                
-32.52      171.50       55.97                77.04                  4.267695                       0.000000                        8.774565                 2.059451                    15.101711                
-33.48      171.82       59.10                79.17                  4.254188                       0.000000                        8.762130                 2.090247                    15.106564                
-34.44      172.15       62.25                81.25                  4.232275                       0.000000                        8.873818                 3.281078                    16.387172                
-35.40      172.48       65.98                83.65                  4.213970                       0.000000                        8.830405                 5.308900                    18.353276                
-36.12      172.77       67.95                84.88                  4.203534                       0.000000                        8.746860                 6.385762                    19.336156                
-36.84      173.06       69.92                86.11                  4.190492                       0.000000                        8.665680                 8.682098                    21.538271                
-37.74      173.53       74.25                88.73                  4.133400                       0.000000                        8.391054                 10.167200                   22.691655                
-38.63      174.00       76.42                90.02                  4.121154                       0.000000                        8.200493                 10.073744                   22.395392                
-39.17      174.44       77.55                90.68                  4.141897                       0.000000                        8.022161                 8.583951                    20.748008                
-39.70      174.88       81.89                93.19                  4.133506                       0.000000                        7.968269                 7.277355                    19.379130                
====================Subduction_Zone_51====================
-39.70      174.88       81.89                93.19                  4.133506                       0.000000                        7.968269                 7.277355                    19.379130                
-40.59      174.96       83.19                93.93                  4.085548                       0.000000                        8.083506                 7.074267                    19.243321                
-41.39      174.95       83.40                94.04                  4.058923                       0.000000                        8.157976                 7.801934                    20.018834                
-42.18      174.95       83.99                94.37                  4.025781                       0.000000                        8.240135                 8.379885                    20.645801                
====================Subduction_Zone_52====================
-26.53      168.53       61.31                80.63                  4.336316                       0.000000                        8.841060                 2.727419                    15.904795                
-27.21      168.74       59.24                79.26                  4.354849                       0.000000                        8.765197                 2.149410                    15.269455                
-27.76      169.08       57.47                78.06                  4.345341                       0.000000                        8.743426                 1.984341                    15.073107                
====================Subduction_Zone_53====================
-26.53      168.53       61.31                80.63                  4.336316                       0.000000                        8.841060                 2.727419                    15.904795                
-26.74      167.76       54.06                75.72                  4.411807                       0.000000                        8.834868                 2.517958                    15.764633                
-26.95      166.99       46.31                70.08                  4.416466                       0.000000                        8.342242                 4.224960                    16.983667                
-27.13      166.47       36.33                62.07                  4.345662                       0.000000                        7.360747                 5.940899                    17.647308                
-27.40      165.69       17.00                42.46                  4.046949                       0.000000                        6.118877                 4.124014                    14.289840                
-27.78      165.06       2.26                 15.49                  4.026072                       0.000000                        4.513045                 5.006394                    13.545511                
-28.05      164.43       8.26                 29.60                  4.067085                       0.000000                        5.936144                 12.098903                   22.102133                
-28.44      163.85       21.52                47.77                  4.226971                       0.000000                        6.763318                 12.386313                   23.376602                
-28.80      162.92       36.52                62.23                  4.611727                       0.000000                        7.232515                 8.541611                    20.385853                
-29.04      162.31       43.63                68.02                  5.063270                       2.466420                        8.242820                 4.782576                    20.555086                
-29.27      161.71       45.33                69.33                  5.125193                       2.646894                        8.182466                 4.122342                    20.076895                
-29.79      160.76       38.70                64.07                  5.052308                       2.439603                        7.610759                 5.448317                    20.550987                
-30.12      159.91       34.42                60.42                  5.058833                       2.457356                        7.165776                 8.645887                    23.327852                
-30.38      159.35       30.30                56.68                  4.758515                       0.000000                        6.937402                 9.759444                    21.455361                
-30.63      158.79       27.16                53.67                  4.617598                       0.000000                        6.928889                 11.266543                   22.813030                
-31.08      158.21       23.34                49.75                  4.788602                       0.000000                        6.856918                 11.290436                   22.935955                
-31.59      157.86       20.00                46.06                  5.108015                       2.594520                        6.777805                 11.117840                   25.598179                
-32.09      157.51       19.52                45.49                  5.381041                       3.242133                        6.755723                 11.358246                   26.737142                
-32.94      157.36       22.97                49.35                  5.201891                       2.833793                        6.824658                 11.509161                   26.369503                
-33.34      157.60       25.76                52.27                  5.079492                       2.519739                        6.896544                 11.500025                   25.995800                
-33.56      157.70       26.56                53.08                  5.100290                       2.578504                        6.909014                 11.520784                   26.108592                
====================Subduction_Zone_54====================
-25.41      168.01       64.72                82.84                  4.353570                       0.000000                        8.871342                 4.529605                    17.754517                
-25.54      168.06       64.30                82.58                  4.352473                       0.000000                        8.879672                 4.529605                    17.761750                
-26.52      168.53       61.32                80.64                  4.336306                       0.000000                        8.841380                 2.727419                    15.905104                
-26.53      168.53       61.31                80.63                  4.336316                       0.000000                        8.841060                 2.727419                    15.904795                
====================Subduction_Zone_55====================
-26.53      168.53       61.31                80.63                  4.336316                       0.000000                        8.841060                 2.727419                    15.904795                
-26.74      167.76       54.06                75.72                  4.411807                       0.000000                        8.834868                 2.517958                    15.764633                
-26.95      166.99       46.31                70.08                  4.416466                       0.000000                        8.342242                 4.224960                    16.983667                
-27.13      166.47       36.33                62.07                  4.345662                       0.000000                        7.360747                 5.940899                    17.647308                
-27.40      165.69       17.00                42.46                  4.046949                       0.000000                        6.118877                 4.124014                    14.289840                
-27.78      165.06       2.26                 15.49                  4.026072                       0.000000                        4.513045                 5.006394                    13.545511                
-28.05      164.43       8.26                 29.60                  4.067085                       0.000000                        5.936144                 12.098903                   22.102133                
-28.44      163.85       21.52                47.77                  4.226971                       0.000000                        6.763318                 12.386313                   23.376602                
-28.80      162.92       36.52                62.23                  4.611727                       0.000000                        7.232515                 8.541611                    20.385853                
-29.04      162.31       43.63                68.02                  5.063270                       2.466420                        8.242820                 4.782576                    20.555086                
-29.27      161.71       45.33                69.33                  5.125193                       2.646894                        8.182466                 4.122342                    20.076895                
-29.79      160.76       38.70                64.07                  5.052308                       2.439603                        7.610759                 5.448317                    20.550987                
-30.12      159.91       34.42                60.42                  5.058833                       2.457356                        7.165776                 8.645887                    23.327852                
-30.38      159.35       30.30                56.68                  4.758515                       0.000000                        6.937402                 9.759444                    21.455361                
-30.63      158.79       27.16                53.67                  4.617598                       0.000000                        6.928889                 11.266543                   22.813030                
-31.08      158.21       23.34                49.75                  4.788602                       0.000000                        6.856918                 11.290436                   22.935955                
-31.59      157.86       20.00                46.06                  5.108015                       2.594520                        6.777805                 11.117840                   25.598179                
-32.09      157.51       19.52                45.49                  5.381041                       3.242133                        6.755723                 11.358246                   26.737142                
-32.94      157.36       22.97                49.35                  5.201891                       2.833793                        6.824658                 11.509161                   26.369503                
-33.34      157.60       25.76                52.27                  5.079492                       2.519739                        6.896544                 11.500025                   25.995800                
-33.56      157.70       26.56                53.08                  5.100290                       2.578504                        6.909014                 11.520784                   26.108592                
====================Subduction_Zone_56====================
-55.86      -70.92       0.72                 10.00                  4.032675                       0.000000                        3.313945                 2.059391                    9.406011                 
-55.75      -70.93       0.43                 10.00                  4.056173                       0.000000                        2.830223                 2.255287                    9.141684                 
-55.44      -71.03       0.99                 10.23                  4.663832                       0.000000                        3.540099                 2.826870                    11.030801                
-55.05      -71.27       3.29                 18.69                  4.246351                       0.000000                        4.859749                 6.387447                    15.493547                
-54.69      -71.47       4.31                 21.38                  4.172979                       0.000000                        5.168442                 7.205836                    16.547258                
-54.35      -71.60       5.21                 23.50                  4.177148                       0.000000                        5.378756                 8.640449                    18.196353                
-54.06      -71.73       6.01                 25.25                  4.180796                       0.000000                        5.544462                 10.604239                   20.329496                
-53.81      -71.78       6.67                 26.60                  4.184526                       0.000000                        5.669678                 10.769223                   20.623426                
-53.49      -71.86       7.53                 28.26                  4.189241                       0.000000                        5.822453                 12.786827                   22.798521                
-53.13      -71.93       8.50                 30.01                  4.194890                       0.000000                        5.982381                 14.390523                   24.567793                
-52.68      -71.87       9.61                 31.93                  4.203714                       0.000000                        6.155640                 15.113456                   25.472810                
-52.32      -71.71       10.45                33.29                  4.186238                       0.000000                        6.275194                 15.807521                   26.268952                
-52.10      -71.59       10.95                34.08                  4.087067                       0.000000                        6.354481                 16.216423                   26.657971                
-51.84      -71.46       11.45                34.84                  4.068421                       0.000000                        6.402347                 16.216423                   26.687192                
-51.54      -71.30       12.03                35.72                  4.071447                       0.000000                        6.466854                 16.674497                   27.212798                
-51.06      -71.02       12.93                37.03                  4.076374                       0.000000                        6.551302                 16.473337                   27.101014                
-50.65      -70.76       13.72                38.14                  4.080929                       0.000000                        6.608758                 15.873265                   26.562952                
-50.30      -70.59       14.41                39.10                  4.084681                       0.000000                        6.647960                 15.330950                   26.063591                
-49.97      -70.47       15.15                40.08                  4.088207                       0.000000                        6.678264                 14.815510                   25.581981                
-49.53      -70.55       16.24                41.50                  4.092020                       0.000000                        6.708632                 13.396335                   24.196987                
-49.25      -70.57       16.96                42.40                  4.094614                       0.000000                        6.721173                 12.205669                   23.021457                
-49.01      -70.59       17.55                43.14                  4.096779                       0.000000                        6.729508                 11.837154                   22.663441                
-48.94      -70.59       17.75                43.39                  4.097559                       0.000000                        6.732084                 11.837154                   22.666797                
-48.68      -70.56       18.38                44.15                  4.100162                       0.000000                        6.740124                 11.402575                   22.242862                
-48.37      -70.54       19.15                45.06                  4.120857                       0.000000                        6.749940                 11.088494                   21.959290                
-48.00      -70.50       20.03                46.09                  4.106176                       0.000000                        6.763070                 10.893825                   21.763071                
-47.70      -70.44       20.72                46.88                  4.093281                       0.000000                        6.775092                 10.902595                   21.770967                
-47.37      -70.38       21.42                47.67                  4.080029                       0.000000                        6.788856                 10.940530                   21.809415                
-47.00      -70.31       22.16                48.47                  4.066214                       0.000000                        6.804878                 11.081380                   21.952472                
-46.74      -70.25       22.67                49.03                  4.056703                       0.000000                        6.816989                 11.122371                   21.996063                
-46.08      -70.13       23.85                50.29                  4.034722                       0.000000                        6.847192                 11.311256                   22.193169                
-45.65      -70.05       24.56                51.03                  4.021587                       0.000000                        6.865881                 11.391312                   22.278780                
-45.24      -69.96       25.19                51.68                  4.009340                       0.000000                        6.881957                 11.427392                   22.318689                
-44.86      -69.87       25.73                52.24                  3.998103                       0.000000                        6.895093                 11.430131                   22.323327                
-44.33      -69.73       26.45                52.96                  3.983476                       0.000000                        6.909935                 11.352993                   22.246404                
-44.04      -69.66       26.82                53.33                  3.975882                       0.000000                        6.916484                 11.292108                   22.184474                
-43.57      -69.57       27.57                54.07                  3.966708                       0.000000                        6.926384                 11.156650                   22.049742                
-43.28      -69.53       27.93                54.42                  3.960168                       0.000000                        6.929503                 11.098225                   21.987896                
-42.92      -69.47       28.36                54.84                  3.952138                       0.000000                        6.931977                 11.056723                   21.940838                
-42.62      -69.28       28.83                55.29                  3.941035                       0.000000                        6.933340                 10.901322                   21.775697                
-42.39      -69.20       28.81                55.27                  3.939743                       0.000000                        6.933287                 10.852424                   21.725454                
====================Subduction_Zone_57====================
31.96       -107.10      5.21                 23.51                  3.845454                       0.000000                        5.337608                 8.336229                    17.519291                
31.26       -106.64      5.17                 23.41                  3.856328                       0.000000                        5.370366                 8.624308                    17.851002                
30.57       -106.18      5.55                 24.26                  3.868233                       0.000000                        5.406745                 9.431317                    18.706296                
29.90       -105.57      6.20                 25.64                  3.864330                       0.000000                        5.541001                 10.318221                   19.723551                
29.22       -104.96      6.96                 27.18                  3.852905                       0.000000                        5.684993                 11.451882                   20.989780                
28.54       -104.62      7.08                 27.41                  3.849910                       0.000000                        5.744465                 12.012989                   21.607364                
27.86       -104.28      15.60                40.67                  4.150409                       0.000000                        6.644186                 11.696505                   22.491101                
27.17       -103.66      20.13                46.20                  4.255483                       0.000000                        6.764756                 10.428820                   21.449060                
26.48       -103.04      20.97                47.16                  4.258132                       0.000000                        6.779746                 10.408310                   21.446189                
25.78       -102.44      22.24                48.57                  4.261828                       0.000000                        6.806898                 10.562003                   21.630728                
25.08       -101.84      23.62                50.04                  4.264936                       0.000000                        6.841088                 10.791904                   21.897928                
24.37       -101.25      24.83                51.32                  4.262228                       0.000000                        6.851259                 10.847661                   21.961147                
23.66       -100.67      25.20                51.69                  4.222691                       0.000000                        6.882223                 10.934405                   22.039318                
22.85       -99.80       27.03                53.54                  4.233312                       0.000000                        6.912235                 10.995570                   22.141117                
22.05       -98.92       13.36                37.63                  4.023859                       0.000000                        6.397194                 13.437534                   23.858587                
21.51       -98.33       12.23                36.01                  4.033488                       0.000000                        6.486702                 16.463737                   26.983927                
20.97       -97.74       13.19                37.41                  4.032923                       0.000000                        6.572297                 16.399954                   27.005174                
20.51       -97.24       14.01                38.55                  4.077367                       0.000000                        6.615314                 16.159636                   26.852316                
20.06       -96.74       14.30                38.94                  4.171214                       0.000000                        6.639350                 15.389931                   26.200496                
====================Subduction_Zone_58====================
20.06       -96.74       14.30                38.94                  4.171214                       0.000000                        6.639350                 15.389931                   26.200496                
19.14       -96.14       16.55                41.89                  4.164322                       0.000000                        6.713311                 12.954073                   23.831706                
18.23       -95.55       18.70                44.53                  4.177081                       0.000000                        6.744065                 11.075941                   21.997087                
17.51       -95.10       20.88                47.05                  4.241188                       0.000000                        6.778044                 10.813021                   21.832253                
16.79       -94.64       22.49                48.84                  4.243030                       0.000000                        6.812788                 11.010604                   22.066422                
16.07       -94.19       23.51                49.93                  4.245547                       0.000000                        6.824213                 11.272426                   22.342187                
15.08       -93.53       25.04                51.53                  4.249318                       0.000000                        6.863762                 11.406322                   22.519402                
14.08       -92.87       26.60                53.11                  4.253388                       0.000000                        6.912600                 11.431223                   22.597212                
13.09       -92.21       31.60                57.89                  4.185486                       0.000000                        7.022359                 9.046128                    20.253973                
12.41       -91.71       42.76                67.34                  4.109213                       0.000000                        7.797573                 5.811692                    17.718478                
11.73       -91.21       43.94                68.26                  4.117850                       0.000000                        7.979653                 4.361277                    16.458779                
11.05       -90.71       45.13                69.18                  4.122968                       0.000000                        8.084305                 4.127680                    16.334954                
10.18       -90.39       45.83                69.72                  4.125344                       0.000000                        8.267699                 3.781644                    16.174687                
9.30        -90.07       45.84                69.72                  4.064187                       0.000000                        8.268008                 3.667838                    16.000033                
8.60        -89.70       45.83                69.72                  4.046089                       0.000000                        8.267351                 3.665766                    15.979205                
7.89        -89.33       45.82                69.71                  4.024054                       0.000000                        8.265501                 3.668670                    15.958225                
7.18        -88.96       45.81                69.70                  4.013829                       0.000000                        8.264115                 3.674814                    15.952757                
6.40        -88.52       45.79                69.69                  3.982498                       0.000000                        8.261531                 3.680048                    15.924077                
5.62        -88.09       45.78                69.68                  3.963040                       0.000000                        8.259412                 3.711331                    15.933782                
4.83        -87.65       45.56                69.51                  3.941142                       0.000000                        8.223206                 3.737674                    15.902023                
4.05        -87.21       45.08                69.14                  3.914485                       0.000000                        8.148637                 3.833106                    15.896228                
====================Subduction_Zone_59====================
4.05        -87.21       45.08                69.14                  3.914485                       0.000000                        8.148637                 3.833106                    15.896228                
3.69        -86.38       45.65                69.58                  3.901620                       0.000000                        8.234601                 3.781701                    15.917923                
3.34        -85.54       45.72                69.63                  3.880603                       0.000000                        8.250239                 3.717196                    15.848038                
2.98        -84.71       47.14                70.70                  3.867896                       0.000000                        8.457746                 3.830690                    16.156333                
2.62        -83.87       49.35                72.34                  3.864714                       0.000000                        8.716177                 3.868882                    16.449774                
2.39        -83.05       50.30                73.04                  3.865177                       0.000000                        8.781166                 3.805909                    16.452252                
2.16        -82.22       49.68                72.58                  3.863148                       0.000000                        8.750060                 3.790675                    16.403883                
2.18        -81.49       50.91                73.48                  3.863428                       0.000000                        8.817231                 3.979246                    16.659904                
2.19        -80.77       52.15                74.36                  3.863717                       0.000000                        8.850923                 3.773475                    16.488115                
2.21        -80.05       53.39                75.24                  3.864030                       0.000000                        8.848175                 3.499722                    16.211927                
2.23        -79.96       53.72                75.47                  3.864234                       0.000000                        8.845433                 3.421096                    16.130763                
====================Subduction_Zone_60====================
2.23        -79.96       53.72                75.47                  3.864234                       0.000000                        8.845433                 3.421096                    16.130763                
2.22        -79.81       53.84                75.56                  3.864161                       0.000000                        8.844628                 3.456105                    16.164895                
2.17        -79.18       54.27                75.86                  3.863721                       0.000000                        8.825821                 2.868741                    15.558283                
2.11        -78.27       56.40                77.34                  3.865306                       0.000000                        8.765338                 2.092119                    14.722762                
1.69        -77.39       62.16                81.19                  3.881142                       0.000000                        8.854383                 2.593710                    15.329235                
1.03        -76.89       63.27                81.91                  3.909628                       0.000000                        8.883807                 3.356953                    16.150388                
0.37        -76.40       64.38                82.63                  3.948869                       0.000000                        8.878470                 4.106786                    16.934124                
-0.09       -75.98       66.82                84.18                  4.001631                       0.000000                        8.795576                 4.947488                    17.744695                
-0.60       -75.08       70.75                86.62                  4.101846                       0.000000                        8.627126                 7.655277                    20.384250                
-0.75       -74.16       74.14                88.67                  4.189978                       0.000000                        8.412750                 9.007155                    21.609883                
====================Subduction_Zone_61====================
-7.31       -76.49       78.43                91.20                  4.452455                       0.000000                        7.964452                 8.185680                    20.602587                
-6.45       -76.36       74.16                88.68                  4.469742                       0.000000                        8.395853                 8.775764                    21.641358                
-6.17       -76.33       72.83                87.88                  4.439875                       0.000000                        8.509977                 8.165236                    21.115088                
-5.91       -76.31       71.98                87.37                  4.405017                       0.000000                        8.563941                 8.129926                    21.098884                
-5.63       -76.26       70.97                86.75                  4.406220                       0.000000                        8.617920                 7.214202                    20.238343                
-5.25       -76.21       69.41                85.80                  4.408283                       0.000000                        8.675305                 6.238236                    19.321824                
-5.04       -76.17       68.90                85.48                  4.409008                       0.000000                        8.706582                 5.943312                    19.058903                
-4.80       -76.15       67.80                84.80                  4.410756                       0.000000                        8.742558                 5.929761                    19.083075                
-4.41       -76.04       66.57                84.02                  4.410428                       0.000000                        8.806050                 4.706425                    17.922903                
-4.06       -75.94       65.08                83.07                  4.410274                       0.000000                        8.854747                 4.021137                    17.286158                
-3.78       -75.82       63.99                82.38                  4.400971                       0.000000                        8.884330                 3.937782                    17.223084                
-3.33       -75.63       62.49                81.40                  4.324597                       0.000000                        8.878350                 2.868395                    16.071342                
-2.97       -75.50       61.78                80.94                  4.190084                       0.000000                        8.848725                 2.685429                    15.724239                
-2.66       -75.35       62.34                81.31                  4.160869                       0.000000                        8.873069                 3.246969                    16.280907                
-2.25       -75.17       64.51                82.71                  4.158703                       0.000000                        8.874649                 5.275332                    18.308685                
-1.90       -74.95       66.76                84.14                  4.166879                       0.000000                        8.797726                 5.517396                    18.482001                
-1.56       -74.75       70.06                86.20                  4.173160                       0.000000                        8.707360                 6.489061                    19.369581                
-1.36       -74.60       71.50                87.08                  4.209967                       0.000000                        8.590818                 7.712452                    20.513237                
-1.01       -74.35       72.69                87.80                  4.189328                       0.000000                        8.525059                 8.595771                    21.310158                
-0.75       -74.16       74.14                88.67                  4.189978                       0.000000                        8.412750                 9.007155                    21.609883                
====================Subduction_Zone_62====================
-7.31       -76.49       78.43                91.20                  4.452455                       0.000000                        7.964452                 8.185680                    20.602587                
-7.98       -76.60       81.51                92.97                  4.437735                       0.000000                        7.945001                 5.870630                    18.253366                
-8.90       -76.68       82.85                93.73                  4.227346                       0.000000                        8.088419                 4.627615                    16.943379                
-9.83       -76.76       83.38                94.03                  4.034496                       0.000000                        8.154216                 4.241543                    16.430255                
-10.76      -76.83       84.41                94.61                  3.868899                       0.000000                        8.318200                 4.065640                    16.252740                
-11.57      -76.57       85.93                95.46                  3.837148                       0.000000                        8.589229                 4.396968                    16.823344                
-12.38      -76.31       87.00                96.05                  3.822764                       0.000000                        8.706448                 5.080586                    17.609798                
-13.19      -76.05       87.71                96.44                  3.817254                       0.000000                        8.785993                 5.505873                    18.109120                
-14.14      -75.60       88.51                96.88                  3.806506                       0.000000                        8.857822                 6.331377                    18.995705                
-15.09      -75.15       89.08                97.19                  3.805674                       0.000000                        8.910006                 6.847716                    19.563396                
-16.04      -74.70       89.98                97.68                  3.803826                       0.000000                        8.944859                 7.481389                    20.230073                
-16.99      -74.25       90.63                98.04                  3.805918                       0.000000                        8.971890                 8.151819                    20.929628                
-17.95      -73.81       91.44                98.47                  3.801306                       0.000000                        8.997906                 8.956396                    21.755607                
-18.67      -73.39       92.03                98.79                  3.799947                       0.000000                        9.019324                 9.436617                    22.255888                
-19.39      -72.97       92.63                99.11                  3.801174                       0.000000                        9.034310                 10.173116                   23.008600                
-20.11      -72.56       93.24                99.44                  3.826088                       0.000000                        9.049527                 10.606574                   23.482189                
-21.04      -71.92       93.98                99.83                  3.862147                       0.000000                        9.063917                 11.286500                   24.212564                
-21.97      -71.27       94.92                100.33                 3.850350                       0.000000                        9.090086                 12.484053                   25.424489                
-22.63      -70.53       95.46                100.62                 3.840010                       0.000000                        9.106331                 12.947679                   25.894021                
-23.59      -70.11       96.05                100.92                 3.849938                       0.000000                        9.125342                 12.860907                   25.836187                
-24.22      -69.81       96.68                101.25                 3.844938                       0.000000                        9.145818                 12.553888                   25.544644                
-24.73      -69.54       97.16                101.51                 3.838619                       0.000000                        9.170630                 11.746684                   24.755933                
-25.31      -69.32       97.71                101.79                 3.834660                       0.000000                        9.182604                 11.257450                   24.274714                
-26.05      -69.11       98.42                102.16                 3.829460                       0.000000                        9.209774                 10.535005                   23.574238                
-26.92      -68.98       99.25                102.59                 3.824669                       0.000000                        9.243114                 8.811499                    21.879282                
-27.79      -68.84       100.06               103.01                 3.820196                       0.000000                        9.276810                 7.592716                    20.689722                
-28.74      -68.63       100.89               103.44                 3.965948                       0.000000                        9.313590                 7.087935                    20.367472                
-29.69      -68.42       102.36               104.18                 4.020930                       0.000000                        9.380657                 6.447980                    19.849567                
-30.64      -68.21       103.83               104.93                 4.016925                       0.000000                        9.451539                 5.589672                    19.058136                
-31.59      -68.00       105.28               105.66                 4.013072                       0.000000                        9.522185                 4.380334                    17.915591                
-32.44      -67.97       106.67               106.36                 4.010526                       0.000000                        9.587131                 4.277936                    17.875593                
-33.28      -67.94       108.04               107.04                 4.008102                       0.000000                        9.645019                 3.634323                    17.287444                
-34.13      -67.91       108.76               107.39                 4.004831                       0.000000                        9.637522                 3.791446                    17.433799                
-34.97      -67.88       81.29                92.85                  4.031857                       0.000000                        8.065885                 6.048333                    18.146076                
-35.83      -68.01       54.12                75.76                  4.085851                       0.000000                        8.796980                 4.967529                    17.850360                
-36.69      -68.15       40.09                65.20                  3.950160                       0.000000                        7.678689                 5.269507                    16.898356                
-37.55      -68.28       39.00                64.31                  3.948685                       0.000000                        7.629284                 5.686066                    17.264034                
-38.41      -68.41       37.92                63.41                  3.947266                       0.000000                        7.558190                 6.232435                    17.737891                
-39.27      -68.55       36.85                62.51                  3.945904                       0.000000                        7.456685                 6.811570                    18.214159                
-40.13      -68.68       36.05                61.83                  3.945196                       0.000000                        7.364332                 7.722422                    19.031950                
-40.89      -68.86       34.28                60.29                  3.973116                       0.000000                        7.150872                 9.407739                    20.531726                
-41.64      -69.03       31.17                57.49                  4.018453                       0.000000                        6.965948                 10.145971                   21.130372                
-42.39      -69.20       28.81                55.27                  3.939743                       0.000000                        6.933287                 10.852424                   21.725454                
====================Subduction_Zone_63====================
44.10       -114.23      31.45                57.75                  4.226539                       0.000000                        6.952651                 9.713772                    20.892961                
43.31       -114.10      27.11                53.61                  4.335339                       0.000000                        6.915959                 10.749931                   22.001229                
42.34       -113.53      27.60                54.10                  4.336324                       0.000000                        6.923047                 10.699559                   21.958929                
41.37       -112.97      27.83                54.33                  4.337824                       0.000000                        6.927372                 10.730162                   21.995357                
40.85       -112.72      27.91                54.40                  4.339742                       0.000000                        6.926520                 10.669227                   21.935489                
40.33       -112.48      28.20                54.69                  4.280436                       0.000000                        6.931503                 10.248490                   21.460429                
39.55       -111.97      34.89                60.83                  4.140572                       0.000000                        7.221727                 8.437320                    19.799619                
38.77       -111.45      36.07                61.85                  4.159495                       0.000000                        7.366702                 7.322714                    18.848910                
37.95       -110.89      37.59                63.13                  4.176340                       0.000000                        7.529066                 5.782685                    17.488091                
37.13       -110.32      39.22                64.49                  4.194286                       0.000000                        7.640325                 5.444753                    17.279363                
36.43       -109.86      39.34                64.59                  4.314176                       0.000000                        7.647399                 6.906932                    18.868506                
35.74       -109.39      25.58                52.09                  3.955111                       0.000000                        6.842528                 10.060485                   20.858124                
35.14       -109.01      19.57                45.55                  4.043132                       0.000000                        6.754582                 11.598996                   22.396710                
34.54       -108.63      6.31                 25.88                  3.842045                       0.000000                        5.603537                 10.927486                   20.373068                
33.76       -108.18      6.74                 26.73                  3.845663                       0.000000                        5.681698                 11.163182                   20.690544                
32.98       -107.72      5.90                 25.02                  3.789607                       0.000000                        5.513325                 9.698632                    19.001564                
32.20       -107.27      4.88                 22.76                  3.845692                       0.000000                        5.306938                 7.967495                    17.120125                
31.96       -107.10      5.21                 23.51                  3.845454                       0.000000                        5.337608                 8.336229                    17.519291                
====================Subduction_Zone_64====================
53.04       -118.61      17.10                42.58                  3.926133                       0.000000                        6.725402                 11.482829                   22.134365                
52.97       -118.37      17.53                43.11                  3.925737                       0.000000                        6.729224                 11.365766                   22.020727                
52.52       -117.92      18.14                43.87                  3.925285                       0.000000                        6.737015                 10.762681                   21.424981                
52.07       -117.41      19.07                44.97                  4.455947                       0.000000                        6.748996                 10.483422                   21.688365                
51.71       -117.33      19.90                45.94                  4.528219                       0.000000                        6.761035                 10.449247                   21.738501                
51.37       -116.99      21.28                47.51                  4.526170                       0.000000                        6.785978                 10.470587                   21.782735                
51.06       -116.34      23.36                49.77                  4.523383                       0.000000                        6.843740                 10.809388                   22.176512                
50.37       -115.69      26.09                52.60                  4.520912                       0.000000                        6.902654                 10.917387                   22.340953                
49.79       -115.40      27.82                54.32                  4.517081                       0.000000                        6.928710                 10.878692                   22.324484                
49.20       -115.12      28.62                55.09                  4.512618                       0.000000                        6.932771                 10.510710                   21.956099                
48.61       -114.90      29.71                56.13                  4.508470                       0.000000                        6.934283                 10.278355                   21.721108                
47.81       -114.66      30.14                56.54                  4.479976                       0.000000                        6.935475                 10.030258                   21.445709                
47.31       -114.59      30.01                56.41                  4.506745                       0.000000                        6.934151                 9.723232                    21.164128                
46.81       -114.52      31.10                57.43                  4.432666                       0.000000                        6.935880                 9.624186                    20.992731                
46.29       -114.57      30.93                57.27                  4.228779                       0.000000                        6.944494                 9.634322                    20.807594                
45.88       -114.51      31.41                57.72                  4.228809                       0.000000                        6.946362                 9.634322                    20.809493                
45.33       -114.38      31.24                57.56                  4.228854                       0.000000                        6.943017                 9.634322                    20.806193                
44.60       -114.35      31.35                57.65                  4.227176                       0.000000                        6.947571                 9.713772                    20.888519                
44.28       -114.31      31.45                57.75                  4.227353                       0.000000                        6.947191                 9.713772                    20.888316                
44.10       -114.23      31.45                57.75                  4.226539                       0.000000                        6.952651                 9.713772                    20.892961                
====================Subduction_Zone_65====================
53.04       -118.61      17.10                42.58                  3.926133                       0.000000                        6.725402                 11.482829                   22.134365                
53.43       -118.65      16.87                42.30                  3.926749                       0.000000                        6.716722                 12.019418                   22.662889                
53.74       -119.35      15.85                40.99                  3.927026                       0.000000                        6.702886                 13.156509                   23.786421                
54.06       -120.04      15.16                40.10                  3.927783                       0.000000                        6.677174                 14.142245                   24.747203                
54.38       -120.74      14.29                38.93                  3.927777                       0.000000                        6.631938                 15.226955                   25.786669                
55.10       -121.40      13.11                37.29                  3.926372                       0.000000                        6.575150                 15.959988                   26.461509                
55.85       -122.37      11.97                35.63                  3.925220                       0.000000                        6.440440                 16.128144                   26.493803                
56.25       -122.92      11.24                34.52                  3.924550                       0.000000                        6.377429                 15.845738                   26.147718                
56.66       -123.48      9.96                 32.49                  4.466108                       0.000000                        6.205893                 14.793862                   25.465863                
57.02       -123.88      8.56                 30.13                  4.471245                       0.000000                        5.992575                 13.162999                   23.626818                
57.85       -124.84      5.18                 23.45                  4.480776                       0.000000                        5.373501                 7.857937                    17.712214                
58.49       -125.33      5.50                 24.15                  4.068478                       0.000000                        5.445461                 9.694043                    19.207982                
====================Subduction_Zone_66====================
65.41       -131.68      15.73                40.84                  3.762815                       0.000000                        6.692456                 13.516709                   23.971979                
65.17       -132.62      15.89                41.05                  3.759286                       0.000000                        6.700736                 13.175256                   23.635278                
64.93       -133.57      15.98                41.17                  3.770643                       0.000000                        6.702939                 13.048967                   23.522550                
64.69       -134.51      15.97                41.15                  3.792915                       0.000000                        6.702577                 12.984319                   23.479811                
64.45       -135.45      16.14                41.37                  3.805961                       0.000000                        6.706561                 12.692625                   23.205148                
64.21       -136.39      16.48                41.81                  3.807654                       0.000000                        6.713339                 12.324614                   22.845607                
63.97       -137.34      16.84                42.26                  3.809393                       0.000000                        6.719338                 11.758387                   22.287118                
63.73       -138.28      17.21                42.73                  3.811180                       0.000000                        6.725075                 11.294249                   21.830504                
63.49       -139.22      17.61                43.21                  3.813014                       0.000000                        6.730242                 11.038453                   21.581709                
63.25       -140.17      18.01                43.71                  3.814898                       0.000000                        6.735367                 10.843035                   21.393300                
63.02       -141.11      18.44                44.22                  3.816831                       0.000000                        6.740698                 10.670530                   21.228060                
62.70       -141.96      18.81                44.66                  3.884133                       0.000000                        6.745349                 10.537945                   21.167427                
62.38       -142.81      19.78                45.80                  4.429731                       0.000000                        6.759129                 10.406825                   21.595686                
62.06       -143.66      20.97                47.16                  4.430643                       0.000000                        6.779783                 10.452380                   21.662807                
61.74       -144.50      22.20                48.52                  4.431582                       0.000000                        6.805833                 10.673206                   21.910622                
61.42       -145.35      23.46                49.88                  4.432547                       0.000000                        6.836939                 10.887996                   22.157481                
61.10       -146.20      24.76                51.24                  4.433538                       0.000000                        6.871040                 11.014602                   22.319179                
60.89       -146.71      25.54                52.05                  4.434170                       0.000000                        6.890636                 11.058309                   22.383114                
60.69       -147.22      26.35                52.86                  4.434811                       0.000000                        6.908040                 11.076360                   22.419211                
60.34       -148.05      27.68                54.18                  4.435952                       0.000000                        6.927368                 10.847717                   22.211038                
60.21       -148.65      28.72                55.19                  4.436398                       0.000000                        6.933085                 10.613748                   21.983231                
60.08       -149.25      29.77                56.19                  4.436844                       0.000000                        6.934278                 10.392354                   21.763477                
59.85       -150.01      30.87                57.22                  4.299471                       0.000000                        6.940291                 10.061907                   21.301669                
59.55       -150.92      30.51                56.88                  4.501167                       0.000000                        6.937514                 10.298758                   21.737438                
59.41       -151.43      30.39                56.77                  4.559696                       0.000000                        6.936614                 10.211284                   21.707595                
59.26       -151.94      30.27                56.65                  4.570590                       0.000000                        6.936207                 10.468838                   21.975635                
59.06       -152.70      30.21                56.61                  4.584843                       0.000000                        6.935896                 10.443897                   21.964636                
58.89       -153.67      30.46                56.84                  4.555779                       0.000000                        6.937801                 10.246427                   21.740008                
58.71       -154.64      30.73                57.09                  4.538876                       0.000000                        6.940262                 10.265044                   21.744181                
58.53       -155.61      31.01                57.35                  4.497278                       0.000000                        6.944064                 10.298478                   21.739819                
58.36       -156.57      31.32                57.63                  4.477320                       0.000000                        6.949903                 10.164719                   21.591942                
58.18       -157.54      31.67                57.95                  4.475684                       0.000000                        6.958767                 10.256492                   21.690943                
58.01       -158.53      32.10                58.34                  4.475052                       0.000000                        6.975246                 9.973753                    21.424051                
57.85       -159.53      32.56                58.76                  4.474262                       0.000000                        7.000466                 9.700835                    21.175563                
57.68       -160.52      33.07                59.22                  4.473300                       0.000000                        7.035104                 9.687357                    21.195761                
57.51       -161.51      33.60                59.69                  4.472137                       0.000000                        7.081002                 9.511551                    21.064690                
57.34       -162.50      34.52                60.51                  4.540835                       0.000000                        7.194648                 7.442231                    19.177714                
57.18       -163.49      40.41                65.46                  4.276327                       0.000000                        7.691632                 5.742621                    17.710580                
57.04       -164.34      40.94                65.89                  4.293901                       0.000000                        7.702759                 5.620794                    17.617454                
56.90       -165.19      41.28                66.16                  4.308527                       0.000000                        7.731926                 5.609002                    17.649454                
56.77       -166.04      42.18                66.88                  4.316983                       0.000000                        7.789773                 5.294995                    17.401751                
56.63       -166.88      42.88                67.43                  4.339828                       0.000000                        7.829642                 4.872622                    17.042092                
56.49       -167.73      43.62                68.02                  4.348807                       0.000000                        7.938520                 4.380623                    16.667950                
56.35       -168.58      44.49                68.69                  4.369733                       0.000000                        8.057859                 4.186779                    16.614372                
56.29       -169.55      45.66                69.58                  4.386527                       0.000000                        8.231533                 3.882338                    16.500398                
56.24       -170.53      45.44                69.42                  4.378793                       0.000000                        8.218183                 3.798192                    16.395167                
56.18       -171.50      45.34                69.34                  4.338371                       0.000000                        8.190018                 3.788169                    16.316558                
56.12       -172.48      45.34                69.34                  4.336489                       0.000000                        8.189392                 3.797176                    16.323057                
56.06       -173.45      45.28                69.30                  4.320581                       0.000000                        8.179964                 3.813644                    16.314189                
56.00       -174.43      45.21                69.24                  4.294283                       0.000000                        8.171333                 3.766643                    16.232258                
55.94       -175.40      46.37                70.13                  4.207366                       0.000000                        8.351622                 3.610562                    16.169549                
56.00       -176.37      47.47                70.95                  4.151067                       0.000000                        8.510985                 3.801900                    16.463952                
56.06       -177.34      48.98                72.07                  4.062088                       0.000000                        8.726403                 3.984842                    16.773332                
56.13       -178.30      49.08                72.15                  4.048167                       0.000000                        8.692897                 4.136086                    16.877151                
56.48       178.27       48.87                71.99                  3.985834                       0.000000                        8.677356                 4.081658                    16.744848                
56.71       177.36       48.64                71.82                  3.991383                       0.000000                        8.650871                 4.066450                    16.708704                
56.93       176.45       48.06                71.39                  4.013381                       0.000000                        8.585867                 3.963002                    16.562251                
57.16       175.55       47.43                70.92                  4.001595                       0.000000                        8.504289                 3.860719                    16.366603                
57.39       174.64       46.82                70.46                  3.997199                       0.000000                        8.419323                 3.826014                    16.242536                
57.61       173.73       46.22                70.01                  3.992662                       0.000000                        8.326494                 3.902023                    16.221178                
57.88       172.85       44.57                68.75                  3.974369                       0.000000                        8.159446                 4.573351                    16.707166                
58.15       171.98       43.54                67.95                  3.951087                       0.000000                        7.927116                 4.902180                    16.780384                
58.42       171.10       42.68                67.27                  3.947459                       0.000000                        7.886224                 5.625219                    17.458902                
58.69       170.23       41.91                66.66                  3.940064                       0.000000                        7.807023                 6.009499                    17.756585                
58.96       169.36       41.13                66.05                  3.930878                       0.000000                        7.724567                 6.489938                    18.145383                
59.23       168.48       40.40                65.45                  3.927066                       0.000000                        7.690998                 6.770383                    18.388447                
59.55       167.58       39.87                65.02                  3.915471                       0.000000                        7.669349                 7.328630                    18.913451                
59.86       166.67       39.66                64.85                  3.907455                       0.000000                        7.662807                 7.867276                    19.437539                
60.18       165.77       40.27                65.35                  3.813037                       0.000000                        7.686037                 7.858866                    19.357940                
60.49       164.87       40.72                65.71                  3.799143                       0.000000                        7.705015                 8.134712                    19.638869                
====================Subduction_Zone_67====================
53.04       -118.61      17.10                42.58                  3.926133                       0.000000                        6.725402                 11.482829                   22.134365                
53.43       -118.65      16.87                42.30                  3.926749                       0.000000                        6.716722                 12.019418                   22.662889                
53.74       -119.35      15.85                40.99                  3.927026                       0.000000                        6.702886                 13.156509                   23.786421                
54.06       -120.04      15.16                40.10                  3.927783                       0.000000                        6.677174                 14.142245                   24.747203                
54.38       -120.74      14.29                38.93                  3.927777                       0.000000                        6.631938                 15.226955                   25.786669                
55.10       -121.40      13.11                37.29                  3.926372                       0.000000                        6.575150                 15.959988                   26.461509                
55.85       -122.37      11.97                35.63                  3.925220                       0.000000                        6.440440                 16.128144                   26.493803                
56.25       -122.92      11.24                34.52                  3.924550                       0.000000                        6.377429                 15.845738                   26.147718                
56.66       -123.48      9.96                 32.49                  4.466108                       0.000000                        6.205893                 14.793862                   25.465863                
57.02       -123.88      8.56                 30.13                  4.471245                       0.000000                        5.992575                 13.162999                   23.626818                
57.85       -124.84      5.18                 23.45                  4.480776                       0.000000                        5.373501                 7.857937                    17.712214                
58.36       -125.24      4.81                 22.59                  4.194875                       0.000000                        5.288136                 8.611446                    18.094457                
58.86       -125.63      7.53                 28.26                  3.872397                       0.000000                        5.815827                 13.287282                   22.975506                
59.70       -126.01      11.14                34.37                  3.755569                       0.000000                        6.364573                 15.747979                   25.868121                
60.66       -126.63      11.90                35.52                  3.754046                       0.000000                        6.453181                 16.195849                   26.403076                
61.01       -127.00      12.20                35.97                  3.754004                       0.000000                        6.484757                 16.255990                   26.494751                
61.48       -127.01      12.42                36.30                  3.753992                       0.000000                        6.513638                 16.261887                   26.529517                
61.82       -127.39      12.71                36.72                  3.756551                       0.000000                        6.524235                 16.115874                   26.396659                
62.17       -127.59      12.92                37.02                  3.754425                       0.000000                        6.550376                 16.108086                   26.412887                
62.59       -128.08      13.10                37.27                  3.760372                       0.000000                        6.565278                 15.997926                   26.323576                
62.97       -128.77      13.42                37.72                  3.771773                       0.000000                        6.573477                 15.837692                   26.182942                
63.14       -129.08      13.37                37.65                  3.773414                       0.000000                        6.585130                 15.762359                   26.120904                
63.47       -129.50      13.48                37.80                  3.781590                       0.000000                        6.593013                 15.686712                   26.061314                
63.76       -130.02      13.78                38.22                  3.784126                       0.000000                        6.612939                 15.442203                   25.839268                
64.10       -130.46      14.14                38.72                  3.793125                       0.000000                        6.621463                 15.237893                   25.652481                
64.52       -130.93      15.61                40.69                  3.756032                       0.000000                        6.693251                 13.461711                   23.910994                
64.98       -131.42      15.62                40.70                  3.754386                       0.000000                        6.693612                 13.461711                   23.909709                
65.41       -131.68      15.73                40.84                  3.762815                       0.000000                        6.692456                 13.516709                   23.971979                
====================Subduction_Zone_68====================
53.04       -118.61      17.10                42.58                  3.926133                       0.000000                        6.725402                 11.482829                   22.134365                
52.97       -118.37      17.53                43.11                  3.925737                       0.000000                        6.729224                 11.365766                   22.020727                
52.52       -117.92      18.14                43.87                  3.925285                       0.000000                        6.737015                 10.762681                   21.424981                
52.07       -117.41      19.07                44.97                  4.455947                       0.000000                        6.748996                 10.483422                   21.688365                
51.71       -117.33      19.90                45.94                  4.528219                       0.000000                        6.761035                 10.449247                   21.738501                
51.37       -116.99      21.28                47.51                  4.526170                       0.000000                        6.785978                 10.470587                   21.782735                
51.06       -116.34      23.36                49.77                  4.523383                       0.000000                        6.843740                 10.809388                   22.176512                
50.37       -115.69      26.09                52.60                  4.520912                       0.000000                        6.902654                 10.917387                   22.340953                
49.79       -115.40      27.82                54.32                  4.517081                       0.000000                        6.928710                 10.878692                   22.324484                
49.20       -115.12      28.62                55.09                  4.512618                       0.000000                        6.932771                 10.510710                   21.956099                
48.61       -114.90      29.71                56.13                  4.508470                       0.000000                        6.934283                 10.278355                   21.721108                
47.81       -114.66      30.14                56.54                  4.479976                       0.000000                        6.935475                 10.030258                   21.445709                
47.31       -114.59      30.01                56.41                  4.506745                       0.000000                        6.934151                 9.723232                    21.164128                
46.81       -114.52      31.10                57.43                  4.432666                       0.000000                        6.935880                 9.624186                    20.992731                
46.29       -114.57      30.93                57.27                  4.228779                       0.000000                        6.944494                 9.634322                    20.807594                
45.88       -114.51      31.41                57.72                  4.228809                       0.000000                        6.946362                 9.634322                    20.809493                
45.33       -114.38      31.24                57.56                  4.228854                       0.000000                        6.943017                 9.634322                    20.806193                
44.60       -114.35      31.35                57.65                  4.227176                       0.000000                        6.947571                 9.713772                    20.888519                
44.28       -114.31      31.45                57.75                  4.227353                       0.000000                        6.947191                 9.713772                    20.888316                
44.10       -114.23      31.45                57.75                  4.226539                       0.000000                        6.952651                 9.713772                    20.892961                
====================Subduction_Zone_69====================
44.10       -114.23      31.45                57.75                  4.226539                       0.000000                        6.952651                 9.713772                    20.892961                
43.31       -114.10      27.11                53.61                  4.335339                       0.000000                        6.915959                 10.749931                   22.001229                
42.34       -113.53      27.60                54.10                  4.336324                       0.000000                        6.923047                 10.699559                   21.958929                
41.37       -112.97      27.83                54.33                  4.337824                       0.000000                        6.927372                 10.730162                   21.995357                
40.85       -112.72      27.91                54.40                  4.339742                       0.000000                        6.926520                 10.669227                   21.935489                
40.33       -112.48      28.20                54.69                  4.280436                       0.000000                        6.931503                 10.248490                   21.460429                
39.55       -111.97      34.89                60.83                  4.140572                       0.000000                        7.221727                 8.437320                    19.799619                
38.77       -111.45      36.07                61.85                  4.159495                       0.000000                        7.366702                 7.322714                    18.848910                
37.95       -110.89      37.59                63.13                  4.176340                       0.000000                        7.529066                 5.782685                    17.488091                
37.13       -110.32      39.22                64.49                  4.194286                       0.000000                        7.640325                 5.444753                    17.279363                
36.43       -109.86      39.34                64.59                  4.314176                       0.000000                        7.647399                 6.906932                    18.868506                
35.74       -109.39      25.58                52.09                  3.955111                       0.000000                        6.842528                 10.060485                   20.858124                
35.14       -109.01      19.57                45.55                  4.043132                       0.000000                        6.754582                 11.598996                   22.396710                
34.54       -108.63      6.31                 25.88                  3.842045                       0.000000                        5.603537                 10.927486                   20.373068                
33.76       -108.18      6.74                 26.73                  3.845663                       0.000000                        5.681698                 11.163182                   20.690544                
32.98       -107.72      5.90                 25.02                  3.789607                       0.000000                        5.513325                 9.698632                    19.001564                
32.20       -107.27      4.88                 22.76                  3.845692                       0.000000                        5.306938                 7.967495                    17.120125                
31.38       -106.72      5.21                 23.51                  3.850845                       0.000000                        5.380063                 8.561912                    17.792820                
30.57       -106.18      5.55                 24.26                  3.868233                       0.000000                        5.406745                 9.431317                    18.706296                
29.90       -105.57      6.20                 25.64                  3.864330                       0.000000                        5.541001                 10.318221                   19.723551                
29.22       -104.96      6.96                 27.18                  3.852905                       0.000000                        5.684993                 11.451882                   20.989780                
28.54       -104.62      7.08                 27.41                  3.849910                       0.000000                        5.744465                 12.012989                   21.607364                
27.86       -104.28      15.60                40.67                  4.150409                       0.000000                        6.644186                 11.696505                   22.491101                
27.17       -103.66      20.13                46.20                  4.255483                       0.000000                        6.764756                 10.428820                   21.449060                
26.48       -103.04      20.97                47.16                  4.258132                       0.000000                        6.779746                 10.408310                   21.446189                
25.78       -102.44      22.24                48.57                  4.261828                       0.000000                        6.806898                 10.562003                   21.630728                
25.08       -101.84      23.62                50.04                  4.264936                       0.000000                        6.841088                 10.791904                   21.897928                
24.37       -101.25      24.83                51.32                  4.262228                       0.000000                        6.851259                 10.847661                   21.961147                
23.66       -100.67      25.20                51.69                  4.222691                       0.000000                        6.882223                 10.934405                   22.039318                
22.85       -99.80       27.03                53.54                  4.233312                       0.000000                        6.912235                 10.995570                   22.141117                
22.05       -98.92       13.36                37.63                  4.023859                       0.000000                        6.397194                 13.437534                   23.858587                
21.51       -98.33       12.23                36.01                  4.033488                       0.000000                        6.486702                 16.463737                   26.983927                
20.97       -97.74       13.19                37.41                  4.032923                       0.000000                        6.572297                 16.399954                   27.005174                
20.51       -97.24       14.01                38.55                  4.077367                       0.000000                        6.615314                 16.159636                   26.852316                
20.06       -96.74       14.30                38.94                  4.171214                       0.000000                        6.639350                 15.389931                   26.200496                
====================Subduction_Zone_70====================
20.06       -96.74       14.30                38.94                  4.171214                       0.000000                        6.639350                 15.389931                   26.200496                
19.14       -96.14       16.55                41.89                  4.164322                       0.000000                        6.713311                 12.954073                   23.831706                
18.23       -95.55       18.70                44.53                  4.177081                       0.000000                        6.744065                 11.075941                   21.997087                
17.51       -95.10       20.88                47.05                  4.241188                       0.000000                        6.778044                 10.813021                   21.832253                
16.79       -94.64       22.49                48.84                  4.243030                       0.000000                        6.812788                 11.010604                   22.066422                
16.07       -94.19       23.51                49.93                  4.245547                       0.000000                        6.824213                 11.272426                   22.342187                
15.48       -93.79       24.43                50.89                  4.247762                       0.000000                        6.847750                 11.257877                   22.353389                
14.89       -93.40       25.35                51.85                  4.250065                       0.000000                        6.872077                 11.406322                   22.528465                
====================Subduction_Zone_71====================
16.98       -61.29       72.30                87.56                  4.582940                       0.000000                        8.545759                 11.895325                   25.024025                
16.44       -60.73       66.23                83.80                  4.621427                       0.000000                        8.815171                 7.670026                    21.106625                
15.91       -60.16       59.46                79.40                  4.718950                       0.000000                        8.802952                 5.192080                    18.713982                
15.01       -59.74       38.76                64.11                  5.337711                       3.147094                        7.635764                 8.503406                    24.623975                
14.11       -59.31       23.60                50.02                  7.878508                       5.186052                        6.841213                 12.153710                   32.059483                
13.19       -58.61       38.62                64.00                  7.886301                       5.186052                        7.605234                 6.537121                    27.214709                
13.09       -58.59       39.84                65.00                  7.887683                       5.186052                        7.662846                 6.494723                    27.231303                
====================Subduction_Zone_72====================
8.33        87.04        66.74                84.13                  3.892801                       0.000000                        8.798774                 9.390672                    22.082247                
7.70        87.79        65.97                83.64                  3.892423                       0.000000                        8.830700                 7.173846                    19.896968                
7.07        88.54        65.20                83.15                  3.892297                       0.000000                        8.860056                 6.384339                    19.136692                
6.61        89.35        64.13                82.46                  3.892195                       0.000000                        8.883567                 5.388397                    18.164159                
6.15        90.15        60.90                80.36                  3.896464                       0.000000                        8.826228                 3.687946                    16.410638                
5.69        90.96        53.87                75.58                  3.916834                       0.000000                        8.835442                 3.597139                    16.349415                
5.35        91.71        47.35                70.86                  3.944786                       0.000000                        8.476114                 4.242706                    16.663607                
5.01        92.46        37.79                63.30                  3.971471                       0.000000                        7.782223                 5.678745                    17.432438                
4.67        93.21        37.04                62.67                  3.892977                       0.000000                        7.473166                 8.536177                    19.902320                
4.19        93.97        34.04                60.08                  3.972994                       0.000000                        7.122644                 9.733362                    20.829001                
3.70        94.74        33.41                59.53                  3.949235                       0.000000                        7.059685                 9.818076                    20.826997                
3.21        95.50        33.09                59.24                  3.930785                       0.000000                        7.013700                 9.876689                    20.821174                
2.73        96.27        30.95                57.29                  3.924801                       0.000000                        6.996077                 10.182012                   21.102889                
2.31        97.07        22.99                49.37                  3.936789                       0.000000                        6.817369                 11.043170                   21.797328                
1.89        97.87        22.31                48.64                  3.935419                       0.000000                        6.806847                 10.947050                   21.689316                
1.46        98.67        6.94                 27.13                  4.157725                       0.000000                        5.662453                 11.110912                   20.931090                
1.04        99.47        7.27                 27.76                  3.975212                       0.000000                        5.678136                 12.234676                   21.888024                
0.58        100.23       10.04                32.63                  3.951056                       0.000000                        6.221698                 15.367658                   25.540412                
0.11        101.00       11.34                34.68                  3.938840                       0.000000                        6.383582                 16.569154                   26.891576                
-0.35       101.76       12.21                35.98                  3.933118                       0.000000                        6.527506                 16.630323                   27.090948                
-1.06       102.75       12.90                36.99                  3.937486                       0.000000                        6.548526                 16.671525                   27.157538                
-1.68       103.34       13.54                37.90                  3.938680                       0.000000                        6.596427                 16.279574                   26.814681                
-2.30       103.94       13.77                38.21                  3.940893                       0.000000                        6.612382                 16.065714                   26.618989                
====================Subduction_Zone_73====================
-2.30       103.94       13.77                38.21                  3.940893                       0.000000                        6.612382                 16.065714                   26.618989                
-2.41       104.06       13.84                38.31                  3.941507                       0.000000                        6.616962                 15.939895                   26.498364                
-2.94       104.87       14.09                38.66                  3.945705                       0.000000                        6.647077                 15.515967                   26.108749                
-3.48       105.69       14.36                39.02                  3.949898                       0.000000                        6.659553                 15.458201                   26.067651                
-3.79       106.12       14.85                39.69                  3.952183                       0.000000                        6.667831                 15.109698                   25.729712                
-4.18       106.67       14.80                39.62                  3.955197                       0.000000                        6.677532                 14.972567                   25.605297                
-4.72       107.41       16.10                41.32                  3.970714                       0.000000                        6.715327                 12.513494                   23.199535                
-5.04       107.94       20.01                46.07                  4.128231                       0.000000                        6.762858                 11.313716                   22.204805                
-5.20       108.22       22.09                48.40                  4.099003                       0.000000                        6.803371                 11.292519                   22.194892                
-5.34       108.45       22.08                48.39                  4.107396                       0.000000                        6.815840                 11.168863                   22.092100                
-5.46       108.65       22.71                49.08                  4.124275                       0.000000                        6.845208                 11.179723                   22.149207                
-5.62       108.93       24.90                51.38                  4.127735                       0.000000                        6.874291                 11.167921                   22.169947                
-5.83       109.27       27.42                53.92                  4.117310                       0.000000                        6.924512                 11.127545                   22.169367                
-6.09       109.71       28.88                55.34                  4.059966                       0.000000                        6.933389                 10.978792                   21.972148                
-6.23       109.98       28.88                55.35                  4.061810                       0.000000                        6.933405                 10.880632                   21.875847                
-6.43       110.36       30.10                56.50                  4.065920                       0.000000                        6.935259                 10.536393                   21.537572                
-6.62       110.73       30.79                57.14                  4.069314                       0.000000                        6.939999                 10.478955                   21.488267                
-6.68       110.85       30.91                57.25                  4.068924                       0.000000                        6.941993                 10.229481                   21.240399                
-7.12       111.70       32.56                58.76                  4.144566                       0.000000                        7.037700                 9.909927                    21.092193                
-7.41       112.30       34.32                60.33                  4.187018                       0.000000                        7.154652                 9.022653                    20.364322                
-7.71       112.90       35.84                61.65                  4.200026                       0.000000                        7.361089                 8.321079                    19.882194                
-7.72       112.94       35.92                61.72                  4.200338                       0.000000                        7.370860                 8.253498                    19.824696                
====================Subduction_Zone_74====================
-5.03       115.11       29.16                55.61                  4.104228                       0.000000                        6.933845                 11.241917                   22.279989                
-5.01       115.57       29.26                55.71                  4.106613                       0.000000                        6.933997                 11.265921                   22.306531                
-4.91       116.08       29.33                55.77                  4.111004                       0.000000                        6.933874                 11.255248                   22.300127                
-4.73       116.48       29.11                55.56                  4.112223                       0.000000                        6.933557                 11.133545                   22.179325                
-5.04       116.83       30.30                56.68                  4.428395                       0.000000                        6.936367                 10.778355                   22.143117                
-5.34       117.39       31.58                57.87                  4.859825                       0.642428                        6.956714                 10.373842                   22.832810                
-5.60       117.82       32.20                58.43                  4.910304                       1.994223                        6.996245                 11.481289                   25.382061                
-5.89       118.28       22.56                48.91                  4.526733                       0.000000                        6.829956                 10.768285                   22.124974                
====================Subduction_Zone_75====================
-26.80      137.92       70.51                86.47                  4.704805                       0.000425                        8.818831                 7.557196                    21.081257                
-26.69      137.73       56.88                77.67                  5.336613                       3.074998                        7.527626                 7.557196                    23.496432                
-26.24      137.27       22.15                48.46                  5.885342                       3.962539                        7.027193                 10.711657                   27.586730                
-25.62      136.47       8.53                 30.08                  6.440917                       4.891390                        5.985410                 13.312293                   30.630010                
-25.30      135.85       6.98                 27.20                  6.438147                       4.891390                        5.714038                 11.559585                   28.603160                
-24.98      135.22       11.27                34.58                  6.435129                       4.891390                        6.368599                 13.184886                   30.880004                
-24.80      134.34       119.30               112.48                 6.433347                       4.891390                        6.099852                 14.559084                   31.983673                
-24.61      133.45       119.44               112.54                 6.431387                       4.891390                        5.691731                 12.740785                   29.755293                
-24.42      132.57       119.58               112.61                 6.429877                       4.891390                        5.687304                 10.854241                   27.862813                
-24.24      131.69       119.65               112.64                 6.428442                       4.891390                        5.344492                 6.582079                    23.246402                
-23.97      130.77       11.85                35.44                  6.411760                       4.887222                        6.447728                 14.103322                   31.850032                
-23.70      129.84       11.40                34.77                  6.409369                       4.891390                        6.450877                 13.230718                   30.982354                
-23.61      129.13       121.00               113.28                 6.427780                       4.891390                        6.131727                 15.398297                   32.849195                
-23.53      128.41       121.00               113.28                 4.398727                       0.000000                        9.675690                 13.213817                   27.288233                
-23.44      127.70       121.00               113.28                 4.384718                       0.000000                        9.680936                 14.092495                   28.158149                
-23.28      126.81       120.84               113.20                 4.386013                       0.000000                        9.679798                 7.133046                    21.198857                
-23.11      125.92       120.97               113.26                 4.450889                       0.000000                        9.620764                 9.007189                    23.078842                
====================Subduction_Zone_76====================
-42.18      174.95       83.99                94.37                  4.025781                       0.000000                        8.240135                 8.379885                    20.645801                
-43.14      174.94       85.04                94.96                  3.978362                       0.000000                        8.419173                 9.841515                    22.239049                
-44.10      174.93       86.09                95.55                  3.944024                       0.000000                        8.568347                 12.140591                   24.652962                
-45.00      175.10       85.67                95.31                  3.935011                       0.000000                        8.517605                 20.058564                   32.511179                
-45.90      175.26       84.47                94.64                  3.950082                       0.000000                        8.248646                 20.544562                   32.743290                
-45.99      175.30       84.01                94.39                  3.948241                       0.000000                        8.253205                 20.273562                   32.475007                
====================Subduction_Zone_77====================
-46.15      174.17       84.34                94.57                  3.944178                       0.000000                        8.305693                 20.943235                   33.193105                
-46.00      175.07       86.22                95.62                  3.919506                       0.000000                        8.600242                 20.943235                   33.462983                
-45.99      175.30       84.01                94.39                  3.948241                       0.000000                        8.253205                 20.273562                   32.475007                
====================Subduction_Zone_78====================
-0.31       125.33       11.94                35.59                  4.750385                       0.000000                        6.329567                 16.411923                   27.491875                
-0.91       125.93       11.06                34.24                  4.220017                       0.000000                        6.254405                 16.016746                   26.491168                
-1.51       126.52       11.32                34.65                  4.242556                       0.000000                        6.387802                 16.411814                   27.042171                
-2.48       127.51       18.52                44.32                  4.339986                       0.000000                        6.741812                 11.630519                   22.712317                
-3.46       128.49       24.17                50.63                  4.448991                       0.000000                        6.862332                 11.225025                   22.536348                
-4.16       129.32       30.79                57.14                  4.553154                       0.000000                        6.934692                 10.679053                   22.166899                
-4.86       130.14       36.29                62.03                  4.730312                       0.000000                        7.391810                 8.458322                    20.580444                
-5.46       130.89       39.01                64.32                  4.845966                       0.000000                        7.629394                 5.959685                    18.435046                
-6.07       131.65       38.47                63.87                  4.877374                       0.992591                        7.596303                 6.040335                    19.506603                
-6.58       132.07       41.28                66.16                  4.833565                       0.000000                        7.753192                 5.522396                    18.109154                
-7.10       132.49       43.20                67.68                  4.803181                       0.000000                        7.897563                 4.780972                    17.481716                
-8.08       133.23       47.06                70.65                  4.800663                       0.159527                        8.462245                 3.723797                    17.146232                
-9.04       133.65       51.29                73.75                  4.804378                       0.000000                        8.830138                 3.727780                    17.362296                
-9.94       133.76       55.40                76.65                  4.675546                       0.000000                        8.792869                 2.113333                    15.581748                
-10.83      133.86       59.29                79.30                  4.678507                       0.000000                        8.781655                 2.824603                    16.284765                
-11.59      134.15       63.87                82.30                  4.683110                       0.000000                        8.885661                 3.786801                    17.355571                
-12.35      134.44       66.94                84.25                  4.687671                       0.000000                        8.790203                 5.674558                    19.152433                
-12.81      135.24       67.91                84.86                  4.720143                       0.000000                        8.761801                 6.636253                    20.118197                
-13.26      136.04       66.13                83.74                  4.706461                       0.000000                        8.823884                 4.958894                    18.489240                
-13.71      136.84       66.98                84.28                  4.716426                       0.000000                        8.788602                 5.736187                    19.241215                
-14.04      137.51       67.46                84.58                  4.724907                       0.000000                        8.767793                 5.846083                    19.338782                
-14.36      138.17       67.97                84.90                  4.733661                       0.000000                        8.745960                 6.536090                    20.015711                
-14.69      138.84       63.07                81.78                  4.584760                       0.000000                        8.885431                 3.866631                    17.336821                
-14.85      139.37       62.94                81.70                  4.523118                       0.000000                        8.884602                 3.874483                    17.282203                
-15.01      139.90       62.80                81.61                  4.463999                       0.000000                        8.883682                 3.479191                    16.826871                
====================Subduction_Zone_79====================
-5.89       118.28       22.56                48.91                  4.526733                       0.000000                        6.829956                 10.768285                   22.124974                
-5.98       118.43       23.22                49.63                  4.578960                       0.000000                        6.834707                 11.034690                   22.448357                
-6.37       118.82       29.25                55.70                  4.828304                       0.234936                        6.926317                 9.619229                    21.608787                
-6.84       119.55       39.40                64.64                  4.825868                       0.000000                        7.694838                 4.486105                    17.006810                
-6.99       120.36       43.90                68.23                  4.681406                       0.000000                        8.812676                 4.103463                    17.597545                
-6.79       120.95       32.86                59.03                  4.750508                       0.000000                        8.123329                 4.080096                    16.953934                
-6.59       121.54       21.86                48.15                  4.748082                       0.000000                        6.776355                 12.464785                   23.989222                
-6.18       122.43       6.81                 26.87                  4.169403                       0.000000                        5.700879                 9.425497                    19.295779                
-5.57       123.27       24.74                51.22                  4.447089                       0.000000                        6.954038                 12.432249                   23.833375                
-5.37       123.91       44.98                69.06                  4.788078                       0.000000                        8.133179                 4.312342                    17.233600                
-5.25       124.59       43.34                67.79                  4.793248                       0.000000                        7.905110                 5.063130                    17.761488                
-5.12       125.27       41.38                66.24                  4.671268                       0.000000                        7.729583                 5.687551                    18.088403                
-4.95       126.08       38.00                63.48                  4.448341                       0.000000                        7.564771                 6.517546                    18.530659                
-4.95       126.24       38.01                63.49                  4.450063                       0.000000                        7.565288                 6.569753                    18.585104                
====================Subduction_Zone_80====================
-26.80      137.92       70.51                86.47                  4.704805                       0.000425                        8.818831                 7.557196                    21.081257                
-26.69      137.73       56.88                77.67                  5.336613                       3.074998                        7.527626                 7.557196                    23.496432                
-26.24      137.27       22.15                48.46                  5.885342                       3.962539                        7.027193                 10.711657                   27.586730                
-25.62      136.47       8.53                 30.08                  6.440917                       4.891390                        5.985410                 13.312293                   30.630010                
-25.30      135.85       6.98                 27.20                  6.438147                       4.891390                        5.714038                 11.559585                   28.603160                
-24.98      135.22       11.27                34.58                  6.435129                       4.891390                        6.368599                 13.184886                   30.880004                
-24.80      134.34       119.30               112.48                 6.433347                       4.891390                        6.099852                 14.559084                   31.983673                
-24.61      133.45       119.44               112.54                 6.431387                       4.891390                        5.691731                 12.740785                   29.755293                
-24.42      132.57       119.58               112.61                 6.429877                       4.891390                        5.687304                 10.854241                   27.862813                
-24.24      131.69       119.65               112.64                 6.428442                       4.891390                        5.344492                 6.582079                    23.246402                
-23.97      130.77       11.85                35.44                  6.411760                       4.887222                        6.447728                 14.103322                   31.850032                
-23.70      129.84       11.40                34.77                  6.409369                       4.891390                        6.450877                 13.230718                   30.982354                
-23.61      129.13       121.00               113.28                 6.427780                       4.891390                        6.131727                 15.398297                   32.849195                
-23.53      128.41       121.00               113.28                 4.398727                       0.000000                        9.675690                 13.213817                   27.288233                
-23.44      127.70       121.00               113.28                 4.384718                       0.000000                        9.680936                 14.092495                   28.158149                
-23.28      126.81       120.84               113.20                 4.386013                       0.000000                        9.679798                 7.133046                    21.198857                
-23.11      125.92       120.97               113.26                 4.450889                       0.000000                        9.620764                 9.007189                    23.078842                
====================Subduction_Zone_81====================
42.40       12.95        120.84               113.20                 8.537900                       5.273899                        8.228513                 1.326672                    23.366984                
42.32       12.96        122.62               114.03                 8.218188                       5.235283                        8.184368                 1.326672                    22.964511                
42.35       12.98        122.27               113.87                 8.309748                       5.247708                        8.172251                 1.326672                    23.056379                
====================Subduction_Zone_82====================
38.48       14.59        196.91               125.00                 30.030744                      5.716443                        10.454167                179.327864                  225.529218               
38.19       15.38        198.83               125.00                 29.298503                      5.716443                        10.470807                81.098563                   126.584316               
37.81       16.00        197.88               125.00                 28.538439                      5.716443                        10.473144                74.936106                   119.664132               
37.40       16.62        196.65               125.00                 27.609278                      5.716443                        10.458326                35.199711                   78.983758                
37.07       17.33        197.11               125.00                 26.862481                      5.716443                        10.451334                23.609795                   66.640054                
36.74       18.02        201.35               125.00                 25.642874                      5.716443                        10.483048                51.726634                   93.569000                
36.69       18.78        199.98               125.00                 25.516721                      5.716443                        10.482354                46.978224                   88.693743                
36.64       19.28        200.69               125.00                 25.546797                      5.716443                        10.479132                32.176427                   73.918800                
36.60       19.78        200.89               125.00                 25.230002                      5.716443                        10.482457                16.117187                   57.546089                
36.54       20.71        183.38               125.00                 6.188037                       4.669172                        10.381751                1.369533                    22.608491                
36.57       21.60        37.65                63.19                  10.669509                      5.410523                        7.502031                 16.634322                   40.216385                
36.65       22.47        37.89                63.39                  13.190728                      5.509094                        7.102663                 16.914332                   42.716818                
36.66       22.97        34.76                60.71                  10.987316                      5.440533                        7.043708                 16.460035                   39.931592                
36.68       23.48        33.33                59.45                  10.110972                      5.392316                        7.176810                 16.212050                   38.892149                
36.71       23.99        35.31                61.19                  10.005523                      5.392316                        7.281035                 16.212050                   38.890924                
36.75       24.51        32.56                58.76                  10.070740                      5.392316                        7.083810                 15.273345                   37.820210                
36.89       25.49        40.71                65.71                  9.503211                       5.356036                        7.702831                 14.078994                   36.641072                
37.01       26.32        44.02                68.33                  9.519555                       5.362215                        7.410207                 10.490874                   32.782851                
37.11       27.25        44.28                68.53                  9.306449                       5.333383                        8.083414                 10.309545                   33.032791                
37.15       28.10        45.18                69.22                  9.182259                       5.333383                        8.196196                 9.137302                    31.849140                
37.16       28.62        43.16                67.65                  9.031420                       5.321993                        7.949719                 9.252491                    31.555624                
37.16       29.13        51.85                74.15                  9.040884                       5.333383                        8.745173                 9.483487                    32.602926                
37.12       30.03        44.78                68.91                  8.716747                       5.279815                        8.163691                 8.410907                    30.571159                
37.09       30.86        51.84                74.15                  4.800465                       0.829209                        8.803430                 7.615495                    22.048600                
37.06       31.81        57.37                78.00                  4.550267                       0.000000                        8.745107                 6.573871                    19.869245                
36.96       32.76        53.00                74.97                  4.617164                       0.000000                        8.838209                 5.272897                    18.728271                
36.79       33.69        53.00                74.97                  4.615933                       0.000000                        8.853609                 5.658331                    19.127874                
36.63       34.63        53.00                74.97                  4.616382                       0.000000                        8.847368                 5.959947                    19.423698                
36.37       35.59        53.00                74.97                  4.614082                       0.000000                        8.853653                 5.959947                    19.427682                
36.12       36.26        53.00                74.97                  4.616072                       0.000000                        8.851376                 5.959947                    19.427396                
====================Subduction_Zone_83====================
49.03       138.52       30.71                57.07                  3.897452                       0.000000                        6.939136                 9.760135                    20.596723                
48.76       138.37       30.71                57.07                  3.906750                       0.000000                        6.938834                 9.762999                    20.608584                
47.92       137.84       30.70                57.06                  3.919720                       0.000000                        6.938798                 9.768861                    20.627379                
47.08       137.31       31.60                57.89                  3.924327                       0.000000                        6.948425                 9.568696                    20.441448                
46.35       136.87       32.18                58.42                  3.924600                       0.000000                        6.978639                 9.270154                    20.173393                
45.63       136.43       33.16                59.30                  3.925052                       0.000000                        7.040799                 9.212481                    20.178331                
45.10       136.07       33.43                59.54                  3.925213                       0.000000                        7.063330                 9.049239                    20.037782                
44.57       135.71       33.69                59.77                  3.925630                       0.000000                        7.159638                 8.954047                    20.039315                
43.65       134.98       35.48                61.34                  3.926539                       0.000000                        7.323302                 8.269386                    19.519228                
42.73       134.25       35.98                61.77                  3.927256                       0.000000                        7.356189                 7.386130                    18.669574                
42.08       133.71       35.92                61.71                  3.928038                       0.000000                        7.375523                 7.225982                    18.529544                
41.43       133.16       34.49                60.48                  3.946601                       0.000000                        7.311125                 9.147047                    20.404773                
40.78       132.54       33.00                59.16                  3.929701                       0.000000                        7.028399                 9.232116                    20.190216                
40.13       131.93       32.61                58.80                  3.931072                       0.000000                        7.015505                 9.252351                    20.198928                
39.48       131.22       32.70                58.89                  3.932410                       0.000000                        7.007658                 9.263662                    20.203729                
38.83       130.51       32.91                59.08                  3.933365                       0.000000                        7.021864                 9.227349                    20.182579                
38.09       129.71       32.72                58.90                  3.936457                       0.000000                        7.033884                 9.238946                    20.209287                
37.45       128.87       32.01                58.26                  3.966557                       0.000000                        6.967324                 9.520490                    20.454371                
36.65       128.06       30.73                57.08                  4.011932                       0.000000                        6.938901                 9.779494                    20.730327                
35.78       127.25       30.56                56.92                  4.010110                       0.000000                        6.937551                 9.841895                    20.789556                
34.91       126.44       30.38                56.76                  4.014308                       0.000000                        6.936478                 9.907390                    20.858177                
34.30       125.91       30.27                56.65                  4.018322                       0.000000                        6.935918                 9.957339                    20.911578                
33.70       125.39       30.15                56.54                  4.029756                       0.000000                        6.935341                 9.963085                    20.928182                
32.72       124.61       29.97                56.37                  4.029488                       0.000000                        6.934650                 9.979556                    20.943694                
31.75       123.83       29.79                56.20                  4.036331                       0.000000                        6.934150                 10.029126                   20.999607                
31.10       123.18       29.65                56.07                  4.043056                       0.000000                        6.933997                 10.103538                   21.080590                
30.77       122.77       29.57                56.00                  4.039036                       0.000000                        6.933980                 10.147728                   21.120744                
====================Subduction_Zone_84====================
40.58       0.56         127.81               116.42                 10.072266                      5.392316                        8.578318                 4.200420                    28.243319                
40.96       0.76         127.48               116.27                 10.050764                      5.392316                        8.636500                 5.716819                    29.796399                
41.73       1.62         130.23               117.52                 10.036021                      5.392316                        8.362324                 5.716819                    29.507480                
42.16       2.01         130.76               117.75                 10.083201                      5.392316                        8.248583                 5.716819                    29.440918                
42.56       2.50         129.39               117.14                 10.052080                      5.392316                        8.516227                 5.716819                    29.677442                
42.88       3.10         127.25               116.17                 9.934525                       5.392316                        8.790871                 5.716819                    29.834531                
43.26       3.98         124.11               114.72                 15.878140                      5.600503                        9.757199                 5.716819                    36.952661                
43.46       4.49         118.89               112.29                 16.467981                      5.609706                        9.686531                 1.933103                    33.697321                
43.65       5.37         123.41               114.40                 15.968295                      5.602010                        9.749603                 1.933103                    33.253011                
43.81       6.19         116.52               111.16                 15.828170                      5.600560                        9.773073                 1.933103                    33.134907                
43.89       6.92         128.71               116.83                 16.160726                      5.605016                        9.669371                 1.933103                    33.368216                
43.98       7.65         121.02               113.28                 15.773896                      5.601118                        9.399149                 1.933103                    32.707266                
44.05       8.35         123.15               114.28                 16.116741                      5.604336                        9.740950                 1.933103                    33.395130                
44.09       9.04         124.13               114.73                 16.545821                      5.611516                        9.577290                 1.933103                    33.667731                
44.02       9.90         116.15               110.98                 14.972973                      5.584402                        9.772549                 1.901036                    32.230960                
43.96       10.75        113.03               109.48                 11.718298                      5.466509                        9.767724                 1.935552                    28.888083                
43.84       11.25        113.00               109.47                 9.476194                       5.357576                        9.766958                 1.923602                    26.524330                
43.68       11.73        113.00               109.47                 8.738886                       5.286173                        9.766958                 1.904098                    25.696115                
43.53       12.11        113.00               109.47                 8.260638                       5.234354                        9.766958                 1.899076                    25.161027                
43.34       12.46        113.00               109.47                 8.371238                       5.244985                        9.766958                 1.895287                    25.278468                
43.21       12.74        113.00               109.47                 8.071966                       5.207815                        9.766958                 1.709901                    24.756640                
42.97       12.88        113.00               109.47                 8.496239                       5.269416                        9.666361                 1.601790                    25.033807                
42.47       12.94        128.73               116.84                 8.396777                       5.255729                        8.428488                 1.892943                    23.973937                
42.32       12.96        122.62               114.03                 8.218188                       5.235283                        8.184368                 1.326672                    22.964511                
42.35       12.98        122.27               113.87                 8.309748                       5.247708                        8.172251                 1.326672                    23.056379                
====================Subduction_Zone_85====================
38.48       14.59        196.91               125.00                 30.030744                      5.716443                        10.454167                179.327864                  225.529218               
38.19       15.38        198.83               125.00                 29.298503                      5.716443                        10.470807                81.098563                   126.584316               
37.81       16.00        197.88               125.00                 28.538439                      5.716443                        10.473144                74.936106                   119.664132               
37.40       16.62        196.65               125.00                 27.609278                      5.716443                        10.458326                35.199711                   78.983758                
37.07       17.33        197.11               125.00                 26.862481                      5.716443                        10.451334                23.609795                   66.640054                
36.74       18.02        201.35               125.00                 25.642874                      5.716443                        10.483048                51.726634                   93.569000                
36.69       18.78        199.98               125.00                 25.516721                      5.716443                        10.482354                46.978224                   88.693743                
36.64       19.28        200.69               125.00                 25.546797                      5.716443                        10.479132                32.176427                   73.918800                
36.60       19.78        200.89               125.00                 25.230002                      5.716443                        10.482457                16.117187                   57.546089                
36.54       20.71        183.38               125.00                 6.188037                       4.669172                        10.381751                1.369533                    22.608491                
36.57       21.60        37.65                63.19                  10.669509                      5.410523                        7.502031                 16.634322                   40.216385                
36.65       22.47        37.89                63.39                  13.190728                      5.509094                        7.102663                 16.914332                   42.716818                
36.66       22.97        34.76                60.71                  10.987316                      5.440533                        7.043708                 16.460035                   39.931592                
36.68       23.48        33.33                59.45                  10.110972                      5.392316                        7.176810                 16.212050                   38.892149                
36.71       23.99        35.31                61.19                  10.005523                      5.392316                        7.281035                 16.212050                   38.890924                
36.75       24.51        32.56                58.76                  10.070740                      5.392316                        7.083810                 15.273345                   37.820210                
36.89       25.49        40.71                65.71                  9.503211                       5.356036                        7.702831                 14.078994                   36.641072                
37.01       26.32        44.02                68.33                  9.519555                       5.362215                        7.410207                 10.490874                   32.782851                
37.11       27.25        44.28                68.53                  9.306449                       5.333383                        8.083414                 10.309545                   33.032791                
37.15       28.10        45.18                69.22                  9.182259                       5.333383                        8.196196                 9.137302                    31.849140                
37.16       28.62        43.16                67.65                  9.031420                       5.321993                        7.949719                 9.252491                    31.555624                
37.16       29.13        51.85                74.15                  9.040884                       5.333383                        8.745173                 9.483487                    32.602926                
37.12       30.03        44.78                68.91                  8.716747                       5.279815                        8.163691                 8.410907                    30.571159                
37.09       30.86        51.84                74.15                  4.800465                       0.829209                        8.803430                 7.615495                    22.048600                
37.06       31.81        57.37                78.00                  4.550267                       0.000000                        8.745107                 6.573871                    19.869245                
36.96       32.76        53.00                74.97                  4.617164                       0.000000                        8.838209                 5.272897                    18.728271                
36.79       33.69        53.00                74.97                  4.615933                       0.000000                        8.853609                 5.658331                    19.127874                
36.63       34.63        53.00                74.97                  4.616382                       0.000000                        8.847368                 5.959947                    19.423698                
36.37       35.59        53.00                74.97                  4.614082                       0.000000                        8.853653                 5.959947                    19.427682                
36.12       36.26        53.00                74.97                  4.616072                       0.000000                        8.851376                 5.959947                    19.427396                
====================Subduction_Zone_86====================
38.48       14.59        196.91               125.00                 30.030744                      5.716443                        10.454167                179.327864                  225.529218               
38.19       15.38        198.83               125.00                 29.298503                      5.716443                        10.470807                81.098563                   126.584316               
37.81       16.00        197.88               125.00                 28.538439                      5.716443                        10.473144                74.936106                   119.664132               
37.40       16.62        196.65               125.00                 27.609278                      5.716443                        10.458326                35.199711                   78.983758                
37.07       17.33        197.11               125.00                 26.862481                      5.716443                        10.451334                23.609795                   66.640054                
36.74       18.02        201.35               125.00                 25.642874                      5.716443                        10.483048                51.726634                   93.569000                
36.69       18.78        199.98               125.00                 25.516721                      5.716443                        10.482354                46.978224                   88.693743                
36.64       19.28        200.69               125.00                 25.546797                      5.716443                        10.479132                32.176427                   73.918800                
36.60       19.78        200.89               125.00                 25.230002                      5.716443                        10.482457                16.117187                   57.546089                
36.54       20.71        183.38               125.00                 6.188037                       4.669172                        10.381751                1.369533                    22.608491                
36.57       21.60        37.65                63.19                  10.669509                      5.410523                        7.502031                 16.634322                   40.216385                
36.65       22.47        37.89                63.39                  13.190728                      5.509094                        7.102663                 16.914332                   42.716818                
36.66       22.97        34.76                60.71                  10.987316                      5.440533                        7.043708                 16.460035                   39.931592                
36.68       23.48        33.33                59.45                  10.110972                      5.392316                        7.176810                 16.212050                   38.892149                
36.71       23.99        35.31                61.19                  10.005523                      5.392316                        7.281035                 16.212050                   38.890924                
36.75       24.51        32.56                58.76                  10.070740                      5.392316                        7.083810                 15.273345                   37.820210                
36.89       25.49        40.71                65.71                  9.503211                       5.356036                        7.702831                 14.078994                   36.641072                
37.01       26.32        44.02                68.33                  9.519555                       5.362215                        7.410207                 10.490874                   32.782851                
37.11       27.25        44.28                68.53                  9.306449                       5.333383                        8.083414                 10.309545                   33.032791                
37.15       28.10        45.18                69.22                  9.182259                       5.333383                        8.196196                 9.137302                    31.849140                
37.16       28.62        43.16                67.65                  9.031420                       5.321993                        7.949719                 9.252491                    31.555624                
37.16       29.13        51.85                74.15                  9.040884                       5.333383                        8.745173                 9.483487                    32.602926                
37.12       30.03        44.78                68.91                  8.716747                       5.279815                        8.163691                 8.410907                    30.571159                
37.09       30.86        51.84                74.15                  4.800465                       0.829209                        8.803430                 7.615495                    22.048600                
37.06       31.81        57.37                78.00                  4.550267                       0.000000                        8.745107                 6.573871                    19.869245                
36.96       32.76        53.00                74.97                  4.617164                       0.000000                        8.838209                 5.272897                    18.728271                
36.79       33.69        53.00                74.97                  4.615933                       0.000000                        8.853609                 5.658331                    19.127874                
36.63       34.63        53.00                74.97                  4.616382                       0.000000                        8.847368                 5.959947                    19.423698                
36.37       35.59        53.00                74.97                  4.614082                       0.000000                        8.853653                 5.959947                    19.427682                
36.12       36.26        53.00                74.97                  4.616072                       0.000000                        8.851376                 5.959947                    19.427396                
====================Subduction_Zone_87====================
-46.15      174.17       84.34                94.57                  3.944178                       0.000000                        8.305693                 20.943235                   33.193105                
-46.00      175.07       86.22                95.62                  3.919506                       0.000000                        8.600242                 20.943235                   33.462983                
-45.96      175.77       85.88                95.43                  3.924016                       0.000000                        8.551388                 19.442551                   31.917955                
-45.93      176.47       87.39                96.27                  3.907143                       0.000000                        8.751354                 19.755586                   32.414082                
-45.93      176.98       87.36                96.25                  3.910969                       0.000000                        8.738266                 19.858178                   32.507414                
-45.93      177.50       87.34                96.24                  3.910419                       0.000000                        8.745542                 19.595873                   32.251833                
-45.99      178.47       87.02                96.06                  3.920289                       0.000000                        8.708271                 19.001545                   31.630105                
-46.27      179.39       87.21                96.17                  3.924123                       0.000000                        8.704186                 22.425344                   35.053653                
-46.60      179.96       87.54                96.35                  3.915062                       0.000000                        8.743767                 24.564783                   37.223611                
-46.82      -179.55      87.66                96.42                  3.914297                       0.000000                        8.752821                 22.260170                   34.927289                
====================Subduction_Zone_88====================
-42.64      -69.29       28.82                55.28                  3.941443                       0.000000                        6.933310                 10.917092                   21.791845                
-42.62      -69.28       28.83                55.29                  3.941035                       0.000000                        6.933340                 10.901322                   21.775697                
-42.39      -69.20       28.81                55.27                  3.939743                       0.000000                        6.933287                 10.852424                   21.725454                
====================Subduction_Zone_89====================
-7.31       -76.49       78.43                91.20                  4.452455                       0.000000                        7.964452                 8.185680                    20.602587                
-7.98       -76.60       81.51                92.97                  4.437735                       0.000000                        7.945001                 5.870630                    18.253366                
-8.90       -76.68       82.85                93.73                  4.227346                       0.000000                        8.088419                 4.627615                    16.943379                
-9.83       -76.76       83.38                94.03                  4.034496                       0.000000                        8.154216                 4.241543                    16.430255                
-10.76      -76.83       84.41                94.61                  3.868899                       0.000000                        8.318200                 4.065640                    16.252740                
-11.57      -76.57       85.93                95.46                  3.837148                       0.000000                        8.589229                 4.396968                    16.823344                
-12.38      -76.31       87.00                96.05                  3.822764                       0.000000                        8.706448                 5.080586                    17.609798                
-13.19      -76.05       87.71                96.44                  3.817254                       0.000000                        8.785993                 5.505873                    18.109120                
-14.14      -75.60       88.51                96.88                  3.806506                       0.000000                        8.857822                 6.331377                    18.995705                
-15.09      -75.15       89.08                97.19                  3.805674                       0.000000                        8.910006                 6.847716                    19.563396                
-16.04      -74.70       89.98                97.68                  3.803826                       0.000000                        8.944859                 7.481389                    20.230073                
-16.99      -74.25       90.63                98.04                  3.805918                       0.000000                        8.971890                 8.151819                    20.929628                
-17.95      -73.81       91.44                98.47                  3.801306                       0.000000                        8.997906                 8.956396                    21.755607                
-18.67      -73.39       92.03                98.79                  3.799947                       0.000000                        9.019324                 9.436617                    22.255888                
-19.39      -72.97       92.63                99.11                  3.801174                       0.000000                        9.034310                 10.173116                   23.008600                
-20.11      -72.56       93.24                99.44                  3.826088                       0.000000                        9.049527                 10.606574                   23.482189                
-21.04      -71.92       93.98                99.83                  3.862147                       0.000000                        9.063917                 11.286500                   24.212564                
-21.97      -71.27       94.92                100.33                 3.850350                       0.000000                        9.090086                 12.484053                   25.424489                
-22.63      -70.53       95.46                100.62                 3.840010                       0.000000                        9.106331                 12.947679                   25.894021                
-23.59      -70.11       96.05                100.92                 3.849938                       0.000000                        9.125342                 12.860907                   25.836187                
-24.22      -69.81       96.68                101.25                 3.844938                       0.000000                        9.145818                 12.553888                   25.544644                
-24.73      -69.54       97.16                101.51                 3.838619                       0.000000                        9.170630                 11.746684                   24.755933                
-25.31      -69.32       97.71                101.79                 3.834660                       0.000000                        9.182604                 11.257450                   24.274714                
-26.05      -69.11       98.42                102.16                 3.829460                       0.000000                        9.209774                 10.535005                   23.574238                
-26.92      -68.98       99.25                102.59                 3.824669                       0.000000                        9.243114                 8.811499                    21.879282                
-27.79      -68.84       100.06               103.01                 3.820196                       0.000000                        9.276810                 7.592716                    20.689722                
-28.74      -68.63       100.89               103.44                 3.965948                       0.000000                        9.313590                 7.087935                    20.367472                
-29.69      -68.42       102.36               104.18                 4.020930                       0.000000                        9.380657                 6.447980                    19.849567                
-30.64      -68.21       103.83               104.93                 4.016925                       0.000000                        9.451539                 5.589672                    19.058136                
-31.59      -68.00       105.28               105.66                 4.013072                       0.000000                        9.522185                 4.380334                    17.915591                
-32.44      -67.97       106.67               106.36                 4.010526                       0.000000                        9.587131                 4.277936                    17.875593                
-33.28      -67.94       108.04               107.04                 4.008102                       0.000000                        9.645019                 3.634323                    17.287444                
-34.13      -67.91       108.76               107.39                 4.004831                       0.000000                        9.637522                 3.791446                    17.433799                
-34.97      -67.88       81.29                92.85                  4.031857                       0.000000                        8.065885                 6.048333                    18.146076                
-35.83      -68.01       54.12                75.76                  4.085851                       0.000000                        8.796980                 4.967529                    17.850360                
-36.69      -68.15       40.09                65.20                  3.950160                       0.000000                        7.678689                 5.269507                    16.898356                
-37.55      -68.28       39.00                64.31                  3.948685                       0.000000                        7.629284                 5.686066                    17.264034                
-38.41      -68.41       37.92                63.41                  3.947266                       0.000000                        7.558190                 6.232435                    17.737891                
-39.27      -68.55       36.85                62.51                  3.945904                       0.000000                        7.456685                 6.811570                    18.214159                
-40.13      -68.68       36.05                61.83                  3.945196                       0.000000                        7.364332                 7.722422                    19.031950                
-40.89      -68.86       34.28                60.29                  3.973116                       0.000000                        7.150872                 9.407739                    20.531726                
-41.64      -69.03       31.17                57.49                  4.018453                       0.000000                        6.965948                 10.145971                   21.130372                
-42.39      -69.20       28.81                55.27                  3.939743                       0.000000                        6.933287                 10.852424                   21.725454                
====================Subduction_Zone_90====================
-7.31       -76.49       78.43                91.20                  4.452455                       0.000000                        7.964452                 8.185680                    20.602587                
-6.45       -76.36       74.16                88.68                  4.469742                       0.000000                        8.395853                 8.775764                    21.641358                
-6.17       -76.33       72.83                87.88                  4.439875                       0.000000                        8.509977                 8.165236                    21.115088                
-5.91       -76.31       71.98                87.37                  4.405017                       0.000000                        8.563941                 8.129926                    21.098884                
-5.69       -76.27       71.18                86.88                  4.405973                       0.000000                        8.607304                 7.521323                    20.534600                
====================Subduction_Zone_91====================
-65.24      -57.28       83.09                93.87                  7.427107                       5.066353                        8.106398                 22.147044                   42.746901                
-64.98      -56.43       76.54                90.09                  17.209849                      5.625020                        8.168467                 13.807000                   44.810336                
-64.73      -55.58       60.81                80.30                  9.219967                       5.338259                        8.752113                 8.594907                    31.905246                
-64.51      -54.73       48.01                71.35                  8.291546                       5.235829                        8.723644                 7.646218                    29.897236                
-64.30      -53.89       47.69                71.11                  6.880908                       5.021956                        7.700277                 7.826862                    27.430003                
-64.02      -52.91       46.74                70.40                  6.727108                       4.966898                        8.402772                 7.426659                    27.523437                
-63.73      -51.93       50.03                72.84                  6.619417                       4.954044                        8.753897                 6.698683                    27.026041                
-63.45      -50.95       51.05                73.58                  6.651497                       4.956431                        8.810946                 6.414325                    26.833199                
-63.16      -49.97       51.90                74.19                  6.594920                       4.950322                        8.830173                 5.988770                    26.364185                
-62.91      -49.01       53.76                75.51                  6.594801                       4.950322                        8.793021                 4.922842                    25.260986                
-62.65      -48.06       52.63                74.71                  6.573983                       4.950322                        8.839511                 4.189022                    24.552839                
-62.37      -47.31       53.08                75.03                  6.648248                       4.950322                        8.648241                 4.189022                    24.435834                
-62.09      -46.55       80.66                92.49                  5.801169                       3.970330                        7.914406                 9.590884                    27.276790                
-61.81      -45.80       78.08                91.00                  6.835385                       5.011723                        8.414037                 9.590884                    29.852029                
-61.53      -45.04       72.41                87.63                  7.137954                       5.074698                        8.512153                 10.178490                   30.903294                
====================Subduction_Zone_92====================
-60.94      -61.29       12.70                36.70                  4.398522                       0.000000                        6.515401                 19.869671                   30.783594                
-60.84      -61.62       12.23                36.01                  4.426153                       0.000000                        6.486245                 19.869671                   30.782069                
-60.76      -61.96       12.70                36.70                  4.389621                       0.000000                        6.515417                 19.660908                   30.565946                
-60.69      -62.26       12.35                36.19                  4.413807                       0.000000                        6.497788                 19.291190                   30.202786                
-60.64      -62.54       12.11                35.84                  4.417421                       0.000000                        6.474768                 19.056992                   29.949181                
-60.58      -62.85       12.70                36.70                  4.393977                       0.000000                        6.531474                 18.852987                   29.778438                
-60.51      -63.15       11.44                34.83                  4.390995                       0.000000                        6.480352                 18.852987                   29.724333                
-60.40      -63.60       10.89                33.98                  4.282105                       0.000000                        6.333774                 18.139985                   28.755863                
-60.30      -64.08       10.58                33.49                  3.908404                       0.000000                        6.292495                 17.513090                   27.713989                
-60.14      -64.75       10.13                32.78                  3.908915                       0.000000                        6.231349                 16.066990                   26.207254                
-60.02      -65.25       9.52                 31.77                  3.907613                       0.000000                        6.141748                 15.867238                   25.916599                
-59.86      -65.73       9.40                 31.58                  3.910706                       0.000000                        6.124432                 15.400468                   25.435606                
-59.77      -65.93       9.20                 31.24                  3.914327                       0.000000                        6.127344                 15.174366                   25.216037                
-59.69      -66.13       9.24                 31.30                  3.914413                       0.000000                        6.099714                 14.895042                   24.909168                
-59.56      -66.44       8.67                 30.32                  3.914591                       0.000000                        6.055679                 14.212505                   24.182775                
-59.46      -66.70       8.16                 29.41                  3.912149                       0.000000                        5.972958                 13.986255                   23.871362                
-59.31      -67.08       7.88                 28.91                  3.911151                       0.000000                        5.927561                 13.401127                   23.239839                
-59.15      -67.45       7.53                 28.26                  3.911269                       0.000000                        5.869499                 12.508930                   22.289698                
-59.01      -67.78       7.22                 27.67                  3.908784                       0.000000                        5.768227                 12.077698                   21.754708                
-58.87      -68.12       6.91                 27.07                  3.911567                       0.000000                        5.761519                 12.022079                   21.695166                
-58.73      -68.43       6.60                 26.45                  3.911541                       0.000000                        5.706144                 11.358966                   20.976652                
-58.63      -68.62       6.39                 26.03                  3.908779                       0.000000                        5.617368                 10.831513                   20.357661                
-58.38      -69.13       5.86                 24.93                  3.911133                       0.000000                        5.568261                 10.178013                   19.657407                
-58.00      -69.79       5.10                 23.27                  3.907674                       0.000000                        5.356839                 8.477579                    17.742091                
-57.78      -70.16       4.66                 22.22                  3.909563                       0.000000                        5.314653                 8.320869                    17.545085                
-57.41      -70.50       4.05                 20.72                  3.904469                       0.000000                        5.101175                 7.031926                    16.037570                
-57.35      -70.54       3.95                 20.47                  3.906388                       0.000000                        5.142330                 6.694157                    15.742875                
-56.98      -70.69       3.43                 19.07                  3.901336                       0.000000                        4.923404                 5.672176                    14.496917                
-56.62      -70.77       2.79                 17.22                  3.999645                       0.000000                        4.705463                 4.024074                    12.729182                
-56.24      -70.84       1.78                 13.73                  4.031523                       0.000000                        4.241965                 2.440752                    10.714240                
-55.91      -70.91       0.87                 10.00                  4.032502                       0.000000                        3.497796                 2.059391                    9.589689                 
-55.75      -70.93       0.43                 10.00                  4.056173                       0.000000                        2.830223                 2.255287                    9.141684                 
-55.44      -71.03       0.99                 10.23                  4.663832                       0.000000                        3.540099                 2.826870                    11.030801                
-55.29      -71.12       2.25                 15.44                  4.536461                       0.000000                        4.430305                 4.952317                    13.919083                
====================Subduction_Zone_93====================
-61.89      -64.72       12.19                35.95                  4.373642                       0.000000                        6.380140                 18.481127                   29.234909                
-61.81      -64.55       12.03                35.72                  4.385225                       0.000000                        6.362119                 18.481127                   29.228470                
-61.56      -63.62       12.76                36.78                  4.379491                       0.000000                        6.535858                 19.890311                   30.805661                
-61.32      -62.69       12.61                36.57                  4.404452                       0.000000                        6.506405                 19.869671                   30.780528                
-61.07      -61.75       12.22                35.99                  4.409304                       0.000000                        6.484621                 19.869671                   30.763596                
-60.94      -61.29       12.70                36.70                  4.398522                       0.000000                        6.515401                 19.869671                   30.783594                
====================Subduction_Zone_94====================
-62.82      -67.69       11.82                35.41                  4.427201                       0.000000                        6.444291                 19.541803                   30.413296                
-62.70      -67.19       11.69                35.21                  4.413853                       0.000000                        6.428954                 19.076253                   29.919060                
-62.58      -66.68       12.52                36.44                  4.416832                       0.000000                        6.515089                 18.967698                   29.899618                
-62.34      -66.03       12.02                35.70                  4.406718                       0.000000                        6.464678                 18.967698                   29.839094                
-62.09      -65.39       12.33                36.16                  4.396863                       0.000000                        6.412940                 18.298240                   29.108044                
-61.89      -64.72       12.19                35.95                  4.373642                       0.000000                        6.380140                 18.481127                   29.234909                
====================Subduction_Zone_95====================
34.55       35.88        53.00                74.97                  4.615843                       0.000000                        8.852359                 5.272897                    18.741099                
34.12       36.41        53.00                74.97                  4.613005                       0.000000                        8.847943                 5.990722                    19.451669                
33.70       36.93        53.01                74.97                  4.603681                       0.000000                        8.852216                 6.297306                    19.753203                
33.15       37.75        53.03                74.99                  4.588769                       0.000000                        8.852726                 5.858684                    19.300179                
32.61       38.57        53.00                74.97                  4.573497                       0.000000                        8.848692                 5.224773                    18.646962                
32.06       39.38        53.00                74.97                  4.565450                       0.000000                        8.853411                 4.928204                    18.347065                
31.50       40.30        53.00                74.97                  4.544243                       0.000000                        8.853811                 4.945426                    18.343480                
30.94       41.22        53.00                74.97                  4.529685                       0.000000                        8.853811                 4.430595                    17.814090                
30.57       41.94        53.00                74.97                  4.519744                       0.000000                        8.853811                 4.252014                    17.625569                
30.19       42.66        53.00                74.97                  4.509324                       0.000000                        8.853811                 3.984749                    17.347884                
29.82       43.38        53.00                74.97                  4.498400                       0.000000                        8.853811                 3.808233                    17.160443                
29.17       44.17        53.00                74.97                  4.487507                       0.000000                        8.853811                 3.783337                    17.124655                
28.51       44.95        53.00                74.97                  4.476166                       0.000000                        8.853811                 3.748368                    17.078345                
27.86       45.74        53.00                74.97                  4.464407                       0.000000                        8.853388                 3.685233                    17.003028                
27.42       46.54        53.00                74.97                  4.454439                       0.000000                        8.853811                 3.685465                    16.993714                
26.98       47.35        53.00                74.97                  4.445566                       0.000000                        8.853811                 3.657801                    16.957177                
26.53       48.16        53.00                74.97                  4.436329                       0.000000                        8.853811                 3.682196                    16.972336                
26.21       48.99        53.00                74.97                  4.426803                       0.000000                        8.853811                 3.509642                    16.790256                
25.89       49.83        53.00                74.97                  4.418717                       0.000000                        8.853811                 3.490667                    16.763195                
25.57       50.67        53.00                74.97                  4.417906                       0.000000                        8.853811                 3.505662                    16.777379                
25.35       51.45        53.00                74.97                  4.417126                       0.000000                        8.853811                 3.513343                    16.784280                
25.14       52.23        53.00                74.97                  4.404828                       0.000000                        8.853811                 3.835500                    17.094139                
24.83       53.15        53.00                74.97                  4.397312                       0.000000                        8.853811                 3.997366                    17.248488                
24.51       54.06        53.00                74.97                  4.389275                       0.000000                        8.853811                 4.263423                    17.506509                
24.39       54.69        53.00                74.97                  4.368717                       0.000000                        8.853811                 4.829159                    18.051686                
24.27       55.32        53.01                74.98                  4.378782                       0.000000                        8.853811                 5.138791                    18.371384                
24.16       55.87        53.00                74.97                  4.373979                       0.000000                        8.853811                 5.680235                    18.908024                
24.05       56.42        53.00                74.97                  4.369994                       0.000000                        8.853811                 6.691850                    19.915655                
24.12       56.93        53.00                74.97                  4.366975                       0.000000                        8.853811                 6.691850                    19.912636                
24.20       57.44        53.01                74.98                  4.366528                       0.000000                        8.853811                 6.691850                    19.912188                
24.28       58.08        53.22                75.13                  4.365896                       0.000000                        8.853811                 7.007556                    20.227263                
24.37       58.72        53.00                74.97                  4.365893                       0.000000                        8.853811                 7.040505                    20.260209                
24.41       59.23        53.03                74.99                  4.365978                       0.000000                        8.853811                 7.040505                    20.260293                
24.45       59.74        53.02                74.98                  4.365436                       0.000000                        8.853811                 7.040505                    20.259752                
24.48       59.99        53.07                75.02                  4.365184                       0.000000                        8.853811                 7.040505                    20.259499                
====================Subduction_Zone_96====================
8.33        87.04        66.74                84.13                  3.892801                       0.000000                        8.798774                 9.390672                    22.082247                
7.70        87.79        65.97                83.64                  3.892423                       0.000000                        8.830700                 7.173846                    19.896968                
7.07        88.54        65.20                83.15                  3.892297                       0.000000                        8.860056                 6.384339                    19.136692                
6.61        89.35        64.13                82.46                  3.892195                       0.000000                        8.883567                 5.388397                    18.164159                
6.15        90.15        60.90                80.36                  3.896464                       0.000000                        8.826228                 3.687946                    16.410638                
5.69        90.96        53.87                75.58                  3.916834                       0.000000                        8.835442                 3.597139                    16.349415                
5.35        91.71        47.35                70.86                  3.944786                       0.000000                        8.476114                 4.242706                    16.663607                
5.01        92.46        37.79                63.30                  3.971471                       0.000000                        7.782223                 5.678745                    17.432438                
4.67        93.21        37.04                62.67                  3.892977                       0.000000                        7.473166                 8.536177                    19.902320                
4.19        93.97        34.04                60.08                  3.972994                       0.000000                        7.122644                 9.733362                    20.829001                
3.70        94.74        33.41                59.53                  3.949235                       0.000000                        7.059685                 9.818076                    20.826997                
3.21        95.50        33.09                59.24                  3.930785                       0.000000                        7.013700                 9.876689                    20.821174                
2.73        96.27        30.95                57.29                  3.924801                       0.000000                        6.996077                 10.182012                   21.102889                
2.31        97.07        22.99                49.37                  3.936789                       0.000000                        6.817369                 11.043170                   21.797328                
1.89        97.87        22.31                48.64                  3.935419                       0.000000                        6.806847                 10.947050                   21.689316                
1.46        98.67        6.94                 27.13                  4.157725                       0.000000                        5.662453                 11.110912                   20.931090                
1.04        99.47        7.27                 27.76                  3.975212                       0.000000                        5.678136                 12.234676                   21.888024                
0.58        100.23       10.04                32.63                  3.951056                       0.000000                        6.221698                 15.367658                   25.540412                
0.11        101.00       11.34                34.68                  3.938840                       0.000000                        6.383582                 16.569154                   26.891576                
-0.35       101.76       12.21                35.98                  3.933118                       0.000000                        6.527506                 16.630323                   27.090948                
-1.06       102.75       12.90                36.99                  3.937486                       0.000000                        6.548526                 16.671525                   27.157538                
-1.68       103.34       13.54                37.90                  3.938680                       0.000000                        6.596427                 16.279574                   26.814681                
-2.30       103.94       13.77                38.21                  3.940893                       0.000000                        6.612382                 16.065714                   26.618989                
====================Subduction_Zone_97====================
-2.30       103.94       13.77                38.21                  3.940893                       0.000000                        6.612382                 16.065714                   26.618989                
-2.41       104.06       13.84                38.31                  3.941507                       0.000000                        6.616962                 15.939895                   26.498364                
-2.94       104.87       14.09                38.66                  3.945705                       0.000000                        6.647077                 15.515967                   26.108749                
-3.48       105.69       14.36                39.02                  3.949898                       0.000000                        6.659553                 15.458201                   26.067651                
-3.79       106.12       14.85                39.69                  3.952183                       0.000000                        6.667831                 15.109698                   25.729712                
-4.18       106.67       14.80                39.62                  3.955197                       0.000000                        6.677532                 14.972567                   25.605297                
-4.72       107.41       16.10                41.32                  3.970714                       0.000000                        6.715327                 12.513494                   23.199535                
-5.04       107.94       20.01                46.07                  4.128231                       0.000000                        6.762858                 11.313716                   22.204805                
-5.20       108.22       22.09                48.40                  4.099003                       0.000000                        6.803371                 11.292519                   22.194892                
-5.34       108.45       22.08                48.39                  4.107396                       0.000000                        6.815840                 11.168863                   22.092100                
-5.46       108.65       22.71                49.08                  4.124275                       0.000000                        6.845208                 11.179723                   22.149207                
-5.62       108.93       24.90                51.38                  4.127735                       0.000000                        6.874291                 11.167921                   22.169947                
-5.83       109.27       27.42                53.92                  4.117310                       0.000000                        6.924512                 11.127545                   22.169367                
-6.09       109.71       28.88                55.34                  4.059966                       0.000000                        6.933389                 10.978792                   21.972148                
-6.23       109.98       28.88                55.35                  4.061810                       0.000000                        6.933405                 10.880632                   21.875847                
-6.43       110.36       30.10                56.50                  4.065920                       0.000000                        6.935259                 10.536393                   21.537572                
-6.62       110.73       30.79                57.14                  4.069314                       0.000000                        6.939999                 10.478955                   21.488267                
-6.68       110.85       30.91                57.25                  4.068924                       0.000000                        6.941993                 10.229481                   21.240399                
-7.12       111.70       32.56                58.76                  4.144566                       0.000000                        7.037700                 9.909927                    21.092193                
-7.41       112.30       34.32                60.33                  4.187018                       0.000000                        7.154652                 9.022653                    20.364322                
-7.71       112.90       35.84                61.65                  4.200026                       0.000000                        7.361089                 8.321079                    19.882194                
-7.72       112.94       35.92                61.72                  4.200338                       0.000000                        7.370860                 8.253498                    19.824696                
====================Subduction_Zone_98====================
8.74        107.60       15.11                40.03                  4.447491                       0.000000                        6.661058                 14.680090                   25.788639                
8.36        108.53       13.89                38.38                  4.282519                       0.000000                        6.578286                 16.388536                   27.249341                
7.99        109.46       13.46                37.78                  4.193756                       0.000000                        6.557575                 16.587222                   27.338554                
7.61        110.38       13.00                37.13                  4.142277                       0.000000                        6.557327                 16.683724                   27.383328                
7.50        110.65       13.00                37.13                  4.094316                       0.000000                        6.557327                 16.683896                   27.335539                
6.86        111.08       13.79                38.25                  4.061070                       0.000000                        6.613660                 16.588019                   27.262749                
6.23        111.51       14.38                39.05                  4.079646                       0.000000                        6.646483                 15.634545                   26.360674                
5.36        112.30       15.35                40.34                  4.105556                       0.000000                        6.685576                 14.551690                   25.342823                
4.82        112.83       15.92                41.09                  4.126181                       0.000000                        6.701463                 13.907569                   24.735213                
4.27        113.37       16.62                41.98                  4.145151                       0.000000                        6.715747                 13.601349                   24.462247                
4.10        114.03       16.95                42.40                  4.154776                       0.000000                        6.721074                 11.860446                   22.736296                
3.92        114.68       17.88                43.54                  4.178644                       0.000000                        6.733662                 11.196237                   22.108543                
4.17        115.21       18.75                44.59                  4.188864                       0.000000                        6.744329                 11.089117                   22.022309                
4.43        115.74       18.62                44.44                  4.200425                       0.000000                        6.742984                 11.016600                   21.960009                
4.96        116.50       19.08                44.98                  4.198377                       0.000000                        6.755354                 10.992767                   21.946498                
5.49        117.26       19.55                45.53                  4.202091                       0.000000                        6.762521                 10.857400                   21.822012                
6.02        118.01       20.57                46.70                  4.185526                       0.000000                        6.779816                 10.871435                   21.836777                
6.72        118.76       22.13                48.45                  4.133210                       0.000000                        6.804419                 11.015630                   21.953260                
7.43        119.50       22.78                49.15                  4.122920                       0.000000                        6.817152                 11.078013                   22.018084                
====================Subduction_Zone_99====================
-19.03      -73.17       92.33                98.95                  3.800808                       0.000000                        9.027047                 9.788143                    22.615998                
-19.60      -72.79       92.78                99.19                  3.799557                       0.000000                        9.038382                 10.206768                   23.044707                
-20.18      -72.41       93.26                99.45                  3.832483                       0.000000                        9.050280                 10.606574                   23.489337                
-21.04      -71.80       93.95                99.81                  3.861213                       0.000000                        9.063093                 11.286500                   24.210807                
-21.90      -71.19       95.05                100.40                 3.851860                       0.000000                        9.088736                 12.535681                   25.476277                
-22.65      -70.47       95.47                100.62                 3.839461                       0.000000                        9.106540                 12.960598                   25.906600                
-23.59      -70.05       96.03                100.91                 3.850227                       0.000000                        9.124496                 12.860907                   25.835631                
-24.18      -69.75       96.61                101.22                 3.846689                       0.000000                        9.145622                 12.616772                   25.609083                
-24.41      -69.64       96.83                101.33                 3.842266                       0.000000                        9.151128                 12.049224                   25.042619                
