Latitude    Longitude    Seafloor_Age(Myr)    Plate_Thickness(km)    lithosphere_carbon(Mt/km^2)    Serpentinite_carbon(Mt/km^2)    Crust_carbon(Mt/km^2)    Sediment_carbon(Mt/km^2)    Total_carbon(Mt/km^2)    
====================Subduction_Zone_0====================
24.76       54.66        51.85                74.15                  4.370105                       0.000000                        8.709371                 4.695537                    17.775013                
24.84       55.41        49.00                72.08                  4.370032                       0.000000                        8.723634                 5.091749                    18.185416                
24.91       56.16        51.50                73.90                  4.369277                       0.000000                        8.707230                 5.547588                    18.624096                
24.98       57.05        51.46                73.88                  4.370222                       0.000000                        8.708362                 5.050793                    18.129377                
25.05       57.94        51.30                73.76                  4.369246                       0.000000                        8.713692                 5.050793                    18.133732                
25.12       58.83        51.68                74.03                  4.370190                       0.000000                        8.714769                 5.530514                    18.615473                
25.20       59.72        51.65                74.01                  4.369832                       0.000000                        8.702536                 5.530514                    18.602882                
====================Subduction_Zone_1====================
35.27       34.27        49.51                72.46                  4.479044                       0.000000                        8.766212                 4.200441                    17.445697                
35.40       34.84        49.00                72.08                  4.571722                       0.000000                        8.766212                 4.164148                    17.502082                
35.53       35.42        49.00                72.08                  4.567859                       0.000000                        8.766212                 4.200441                    17.534512                
34.89       36.34        49.00                72.08                  4.613565                       0.000000                        8.766212                 3.928306                    17.308083                
33.92       37.12        49.00                72.08                  4.598485                       0.000000                        8.766212                 3.917672                    17.282369                
33.14       37.98        49.00                72.08                  4.582395                       0.000000                        8.766212                 3.760666                    17.109273                
32.36       38.85        49.00                72.08                  4.566717                       0.000000                        8.766212                 3.640612                    16.973540                
31.90       39.55        49.00                72.08                  4.554922                       0.000000                        8.766212                 3.577929                    16.899063                
31.43       40.25        49.00                72.08                  4.542589                       0.000000                        8.766212                 3.499222                    16.808023                
30.97       40.95        49.00                72.08                  4.532200                       0.000000                        8.766212                 3.443620                    16.742032                
30.45       41.86        49.00                72.08                  4.517577                       0.000000                        8.766212                 3.293921                    16.577710                
29.94       42.78        49.00                72.08                  4.505046                       0.000000                        8.766212                 3.236906                    16.508165                
29.47       43.46        49.00                72.08                  4.494381                       0.000000                        8.766212                 3.251634                    16.512226                
29.00       44.14        49.00                72.08                  4.484778                       0.000000                        8.766212                 3.406733                    16.657722                
28.61       44.76        49.00                72.08                  4.476407                       0.000000                        8.766212                 3.464590                    16.707209                
28.22       45.38        49.00                72.08                  4.468233                       0.000000                        8.766212                 3.392964                    16.627408                
27.58       46.29        49.00                72.08                  4.457105                       0.000000                        8.766212                 3.360420                    16.583737                
27.21       47.01        49.00                72.08                  4.447815                       0.000000                        8.766212                 3.310936                    16.524963                
26.84       47.74        49.00                72.08                  4.439431                       0.000000                        8.766212                 3.339739                    16.545382                
26.47       48.46        49.00                72.08                  4.431412                       0.000000                        8.766212                 3.329930                    16.527554                
26.19       49.22        49.00                72.08                  4.424442                       0.000000                        8.766212                 3.283997                    16.474651                
25.92       49.97        49.38                72.37                  4.416602                       0.000000                        8.763954                 3.277405                    16.457962                
25.65       50.72        49.33                72.33                  4.416876                       0.000000                        8.763310                 3.288566                    16.468753                
25.43       51.71        49.36                72.35                  4.416382                       0.000000                        8.762873                 3.288566                    16.467821                
25.21       52.69        49.00                72.08                  4.403135                       0.000000                        8.766212                 3.622150                    16.791497                
24.98       53.68        49.00                72.08                  4.394645                       0.000000                        8.766212                 4.022811                    17.183668                
24.76       54.66        51.85                74.15                  4.370105                       0.000000                        8.709371                 4.695537                    17.775013                
====================Subduction_Zone_2====================
33.10       -3.72        126.60               115.87                 9.959765                       5.397820                        8.127721                 2.092812                    25.578118                
33.35       -3.35        126.61               115.87                 10.154502                      5.397820                        8.127348                 2.080227                    25.759897                
34.11       -2.54        126.57               115.85                 10.481939                      5.421650                        8.129451                 1.975549                    26.008589                
34.88       -1.74        126.52               115.83                 10.532523                      5.445152                        8.279928                 3.289102                    27.546704                
35.64       -0.93        122.20               113.83                 10.965380                      5.452837                        8.835041                 3.204047                    28.457305                
36.40       -0.13        109.29               107.66                 44.741676                      5.780944                        9.727373                 2.936780                    63.186773                
37.12       0.55         104.99               105.52                 43.137998                      5.768634                        9.692788                 2.945432                    61.544851                
37.85       1.22         114.06               109.98                 14.132643                      5.571686                        9.708183                 2.945432                    32.357944                
====================Subduction_Zone_3====================
17.00       -61.47       72.13                87.46                  4.700156                       0.000000                        8.135613                 16.426306                   29.262074                
16.34       -60.77       54.35                75.92                  4.885504                       0.613176                        8.707279                 6.576034                    20.781993                
15.68       -60.07       40.89                65.85                  5.181686                       2.774064                        8.069116                 7.104503                    23.129369                
14.78       -59.64       16.72                42.11                  7.863540                       5.191347                        6.566820                 12.013377                   31.635085                
13.88       -59.22       27.16                53.67                  7.877114                       5.191347                        6.737461                 11.709846                   31.515769                
12.96       -58.51       29.39                55.83                  7.891846                       5.191347                        7.136402                 10.222820                   30.442415                
12.04       -58.32       39.50                64.72                  7.770481                       5.171776                        7.837370                 5.190377                    25.970004                
11.11       -58.12       46.42                70.16                  5.342572                       3.162375                        8.688101                 4.205340                    21.398388                
10.19       -58.29       46.71                70.38                  5.659994                       3.760498                        8.706311                 3.860203                    21.987006                
9.26        -58.45       48.21                71.50                  5.985148                       4.230584                        8.756102                 4.032607                    23.004441                
8.35        -58.70       52.23                74.42                  5.993227                       4.242517                        8.672395                 4.244330                    23.152470                
7.44        -58.95       58.49                78.76                  5.793202                       3.953801                        8.799000                 3.518933                    22.064936                
====================Subduction_Zone_4====================
-0.67       -72.90       77.91                90.89                  4.248564                       0.000000                        7.908450                 5.149884                    17.306898                
-0.55       -72.81       78.38                91.17                  4.239157                       0.000000                        7.974212                 4.904316                    17.117684                
-0.34       -72.58       78.83                91.43                  4.229458                       0.000000                        8.032868                 4.475508                    16.737834                
-0.02       -72.36       79.93                92.07                  4.210813                       0.000000                        8.189613                 4.281822                    16.682248                
0.14        -72.20       80.58                92.44                  4.191726                       0.000000                        8.367967                 4.271576                    16.831269                
0.43        -72.16       81.76                93.12                  4.187680                       0.000000                        8.410954                 4.850218                    17.448852                
1.32        -71.62       84.42                94.61                  4.151665                       0.000000                        8.789656                 5.744413                    18.685734                
2.04        -71.89       83.50                94.10                  4.145925                       0.000000                        8.791606                 5.997578                    18.935109                
2.76        -72.17       88.18                96.70                  4.050981                       0.000000                        8.984409                 5.997578                    19.032968                
3.39        -72.17       89.22                97.27                  4.047488                       0.000000                        9.010828                 11.725061                   24.783378                
4.02        -72.17       90.04                97.72                  4.049913                       0.000000                        9.018295                 12.095040                   25.163247                
4.69        -71.67       92.33                98.95                  4.033026                       0.000000                        9.091187                 13.087791                   26.212004                
5.37        -71.17       94.41                100.06                 4.019008                       0.000000                        9.164757                 11.439186                   24.622950                
6.06        -70.66       96.38                101.10                 4.005501                       0.000000                        9.246808                 9.201267                    22.453576                
6.75        -70.16       97.87                101.88                 4.006272                       0.000000                        9.314383                 7.694837                    21.015492                
7.44        -69.65       99.23                102.58                 4.011815                       0.000000                        9.379191                 6.909751                    20.300757                
8.29        -68.83       101.02               103.50                 4.021414                       0.000000                        9.466694                 5.729890                    19.217998                
====================Subduction_Zone_5====================
2.16        -79.74       72.72                87.82                  3.874642                       0.000000                        8.066869                 9.014181                    20.955692                
2.16        -79.58       73.57                88.33                  3.885369                       0.000000                        7.979333                 8.945506                    20.810209                
2.13        -78.94       75.33                89.38                  3.926186                       0.000000                        7.863375                 7.034902                    18.824464                
2.12        -78.03       80.22                92.23                  4.032198                       0.000000                        8.239256                 4.364574                    16.636028                
1.74        -77.13       80.30                92.28                  4.049204                       0.000000                        8.146259                 4.384170                    16.579633                
1.10        -76.61       78.45                91.21                  4.061408                       0.000000                        7.975065                 5.160807                    17.197280                
0.46        -76.09       75.81                89.66                  4.078974                       0.000000                        7.846703                 6.328758                    18.254435                
0.01        -75.64       75.15                89.27                  4.095662                       0.000000                        7.863779                 7.385963                    19.345404                
-0.45       -74.72       74.61                88.95                  4.227124                       0.000000                        7.895694                 7.960643                    20.083462                
-0.56       -73.81       76.09                89.83                  4.248297                       0.000000                        7.843402                 6.534226                    18.625925                
-0.67       -72.90       77.91                90.89                  4.248564                       0.000000                        7.908450                 5.149884                    17.306898                
====================Subduction_Zone_6====================
4.27        -88.02       46.29                70.07                  3.758483                       0.000000                        8.694163                 4.035676                    16.488323                
3.82        -87.19       46.78                70.43                  3.758559                       0.000000                        8.720634                 3.926509                    16.405702                
3.47        -86.31       47.29                70.81                  3.758627                       0.000000                        8.741852                 3.731408                    16.231886                
3.13        -85.44       47.79                71.19                  3.758701                       0.000000                        8.756343                 3.436217                    15.951260                
2.78        -84.56       48.30                71.57                  3.758781                       0.000000                        8.764569                 3.056771                    15.580121                
2.43        -83.68       48.80                71.93                  3.758868                       0.000000                        8.766715                 2.797784                    15.323367                
2.23        -82.85       53.15                75.08                  3.767211                       0.000000                        8.670750                 1.972306                    14.410266                
2.02        -82.01       59.07                79.15                  3.780575                       0.000000                        8.813460                 3.187664                    15.781699                
2.06        -81.29       63.98                82.37                  3.799708                       0.000000                        8.680690                 5.722531                    18.202929                
2.09        -80.57       68.01                84.93                  3.829402                       0.000000                        8.501323                 8.075888                    20.406613                
2.13        -79.85       72.05                87.41                  3.868149                       0.000000                        8.140437                 9.046654                    21.055240                
2.16        -79.74       72.72                87.82                  3.874642                       0.000000                        8.066869                 9.014181                    20.955692                
====================Subduction_Zone_7====================
6.54        -89.06       45.78                69.67                  3.758271                       0.000000                        8.659009                 4.166340                    16.583619                
5.78        -88.72       45.95                69.81                  3.758309                       0.000000                        8.671758                 4.141423                    16.571489                
5.03        -88.37       46.13                69.94                  3.758380                       0.000000                        8.683503                 4.087660                    16.529543                
4.27        -88.02       46.29                70.07                  3.758483                       0.000000                        8.694163                 4.035676                    16.488323                
====================Subduction_Zone_8====================
-70.99      -101.48      42.89                67.44                  4.001001                       0.000000                        8.323731                 9.716818                    22.041550                
-70.96      -100.72      34.14                60.17                  4.084132                       0.000000                        7.422162                 12.138248                   23.644542                
-70.93      -99.97       25.39                51.89                  4.208825                       0.000000                        6.790905                 13.089896                   24.089627                
-70.90      -99.21       19.27                45.21                  4.285664                       0.000000                        6.695702                 15.680693                   26.662058                
-70.87      -98.45       10.44                33.27                  4.604370                       0.000000                        6.277545                 16.879204                   27.761119                
-70.79      -97.63       7.77                 28.71                  4.603812                       0.000000                        6.011056                 10.430156                   21.045025                
-70.70      -96.80       7.02                 27.29                  4.486548                       0.000000                        5.949311                 6.586841                    17.022700                
-70.62      -95.98       1.80                 13.83                  4.826515                       0.204796                        4.349101                 3.669308                    13.049720                
-70.51      -95.03       2.50                 16.29                  4.755287                       0.000000                        4.701882                 4.641370                    14.098538                
-70.40      -94.08       2.94                 17.67                  4.687314                       0.000000                        4.588577                 4.568303                    13.844193                
-70.29      -93.14       3.79                 20.04                  4.649256                       0.000000                        5.156656                 5.291526                    15.097438                
-70.17      -92.49       4.93                 22.86                  4.623765                       0.000000                        5.462683                 7.067442                    17.153890                
-70.06      -91.85       5.15                 23.37                  4.577947                       0.000000                        5.302993                 7.884251                    17.765192                
-70.00      -91.09       5.50                 24.15                  4.562915                       0.000000                        5.596750                 9.454310                    19.613975                
-69.94      -90.32       5.40                 23.94                  4.515336                       0.000000                        5.574453                 10.501755                   20.591543                
-69.88      -89.55       6.69                 26.64                  4.486282                       0.000000                        5.687358                 10.247538                   20.421179                
-69.83      -88.65       6.56                 26.38                  4.446298                       0.000000                        5.666519                 10.834880                   20.947696                
-69.78      -87.74       6.46                 26.17                  4.417003                       0.000000                        5.794948                 11.187261                   21.399211                
-69.56      -87.06       6.44                 26.13                  4.384391                       0.000000                        5.790699                 11.172495                   21.347585                
-69.34      -86.39       6.44                 26.12                  4.354998                       0.000000                        5.790177                 11.055686                   21.200861                
-68.97      -85.48       6.28                 25.80                  4.310825                       0.000000                        5.759383                 10.747259                   20.817467                
-68.59      -84.58       6.17                 25.57                  4.271322                       0.000000                        5.737991                 10.723840                   20.733153                
-68.22      -83.68       11.50                34.93                  4.494998                       0.000000                        6.350201                 14.705205                   25.550404                
-67.94      -82.84       11.68                35.20                  4.600536                       0.000000                        6.400051                 17.833950                   28.834537                
-67.65      -82.00       11.57                35.03                  4.583468                       0.000000                        6.358487                 17.758000                   28.699955                
-67.37      -81.16       11.13                34.36                  4.569943                       0.000000                        6.370050                 17.567871                   28.507864                
-67.03      -80.24       11.29                34.61                  4.554988                       0.000000                        6.379547                 17.446717                   28.381253                
-66.70      -79.31       11.47                34.87                  4.529318                       0.000000                        6.374492                 17.283082                   28.186892                
-66.40      -78.70       11.68                35.19                  4.230631                       0.000000                        6.400273                 17.265864                   27.896768                
-66.11      -78.08       12.56                36.50                  4.146170                       0.000000                        6.438972                 17.287361                   27.872503                
-65.75      -77.33       13.02                37.16                  4.157073                       0.000000                        6.456131                 17.494416                   28.107620                
-65.39      -76.58       12.09                35.80                  4.084856                       0.000000                        6.403669                 17.595155                   28.083680                
-65.00      -75.87       13.33                37.60                  4.040595                       0.000000                        6.449023                 17.558090                   28.047708                
-64.61      -75.15       13.25                37.48                  4.146814                       0.000000                        6.435090                 17.068764                   27.650668                
-64.41      -74.41       13.38                37.67                  3.925045                       0.000000                        6.431675                 17.083330                   27.440050                
-64.20      -73.67       13.47                37.80                  4.088084                       0.000000                        6.471089                 17.725544                   28.284718                
-64.04      -72.78       13.99                38.51                  4.048141                       0.000000                        6.482938                 17.947864                   28.478943                
-63.88      -71.89       13.99                38.51                  4.095795                       0.000000                        6.486633                 17.696061                   28.278489                
-63.72      -71.00       13.48                37.81                  4.121717                       0.000000                        6.483501                 19.211986                   29.817204                
-63.56      -70.45       13.65                38.04                  4.221644                       0.000000                        6.415368                 19.481404                   30.118415                
-63.40      -69.89       12.90                36.99                  4.270206                       0.000000                        6.434793                 18.561445                   29.266445                
-63.22      -69.28       12.50                36.41                  4.299914                       0.000000                        6.430657                 18.819715                   29.550287                
-63.04      -68.67       12.48                36.38                  4.333641                       0.000000                        6.445061                 18.007593                   28.786294                
-62.94      -68.26       12.26                36.06                  4.377073                       0.000000                        6.442715                 17.436238                   28.256026                
====================Subduction_Zone_9====================
-65.36      -57.89       78.94                91.49                  7.128280                       5.043098                        8.067536                 24.101394                   44.340308                
-65.08      -57.03       72.79                87.86                  12.534686                      5.508502                        8.109153                 14.471466                   40.623807                
-64.80      -56.17       50.68                73.31                  10.471395                      5.445119                        8.747059                 8.899534                    33.563107                
-64.70      -55.81       52.24                74.43                  7.789265                       5.189679                        8.659388                 7.240599                    28.878930                
====================Subduction_Zone_10====================
27.76       119.46       24.64                51.12                  3.926801                       0.000000                        6.789662                 10.259713                   20.976176                
28.06       120.03       24.98                51.47                  3.938537                       0.000000                        6.792453                 10.199228                   20.930218                
28.36       120.60       25.18                51.67                  3.945608                       0.000000                        6.793910                 10.180861                   20.920379                
29.16       121.46       25.64                52.15                  3.938901                       0.000000                        6.796620                 10.080810                   20.816331                
30.12       122.02       26.11                52.62                  3.934062                       0.000000                        6.799798                 9.945742                    20.679602                
31.07       122.57       26.21                52.72                  3.936700                       0.000000                        6.803233                 9.876047                    20.615979                
====================Subduction_Zone_11====================
31.26       122.80       26.34                52.85                  3.937079                       0.000000                        6.802653                 9.830229                    20.569961                
31.07       122.57       26.21                52.72                  3.936700                       0.000000                        6.803233                 9.876047                    20.615979                
====================Subduction_Zone_12====================
57.76       142.22       24.31                50.77                  3.903765                       0.000000                        6.786586                 10.458801                   21.149151                
56.78       141.76       24.85                51.34                  3.903872                       0.000000                        6.791425                 10.316719                   21.012016                
55.80       141.31       25.70                52.20                  3.904027                       0.000000                        6.796769                 10.226782                   20.927578                
54.93       140.98       19.00                44.88                  3.921060                       0.000000                        6.640565                 10.670064                   21.231689                
54.07       140.65       19.81                45.83                  3.921362                       0.000000                        6.668731                 10.810138                   21.400231                
53.20       140.31       20.61                46.75                  3.921721                       0.000000                        6.696520                 10.904959                   21.523201                
52.34       139.98       21.41                47.65                  3.922139                       0.000000                        6.722729                 10.907356                   21.552223                
51.61       139.62       22.02                48.32                  3.922560                       0.000000                        6.741170                 10.868300                   21.532030                
50.89       139.25       22.62                48.98                  3.923021                       0.000000                        6.757111                 10.825398                   21.505530                
50.23       138.86       23.13                49.53                  3.923510                       0.000000                        6.768506                 10.660186                   21.352202                
49.57       138.47       23.28                49.69                  3.924046                       0.000000                        6.777579                 10.571490                   21.273115                
====================Subduction_Zone_13====================
57.76       142.22       24.31                50.77                  3.903765                       0.000000                        6.786586                 10.458801                   21.149151                
57.62       141.35       24.04                50.49                  3.903825                       0.000000                        6.787054                 10.485933                   21.176812                
====================Subduction_Zone_14====================
40.16       0.63         115.02               110.44                 14.400041                      5.570746                        9.706894                 2.945432                    32.623114                
40.19       0.62         115.01               110.44                 14.527496                      5.572408                        9.707070                 2.945432                    32.752406                
40.63       0.96         115.29               110.57                 13.545648                      5.551005                        9.702760                 2.945432                    31.744845                
41.22       1.73         115.23               110.54                 13.635972                      5.555229                        9.703984                 2.945432                    31.840616                
41.69       2.19         115.37               110.61                 13.574954                      5.546615                        9.700931                 11.926541                   40.749041                
42.06       2.66         115.03               110.44                 14.035447                      5.566463                        9.706619                 11.926541                   41.235071                
42.39       3.30         115.51               110.68                 14.179815                      5.560063                        9.703648                 1.719017                    31.162542                
42.66       4.02         109.50               107.76                 14.165214                      5.572051                        9.708202                 1.719017                    31.164483                
42.86       4.62         109.54               107.78                 17.600240                      5.622253                        9.329909                 1.719017                    34.271419                
43.07       5.40         109.74               107.88                 17.777388                      5.624310                        9.239436                 1.719017                    34.360151                
43.20       6.15         112.77               109.35                 15.965969                      5.604363                        9.729027                 1.719017                    33.018376                
43.28       6.80         109.83               107.92                 17.990485                      5.627673                        9.169208                 1.719017                    34.506384                
43.36       7.46         114.47               110.18                 19.498115                      5.650984                        8.941251                 1.719017                    35.809366                
43.40       8.12         124.61               114.95                 20.260509                      5.661835                        9.168140                 1.629447                    36.719930                
43.40       8.84         109.54               107.78                 12.366763                      5.516843                        9.726504                 2.047153                    29.657262                
43.36       9.57         109.78               107.89                 14.056051                      5.559197                        9.733136                 2.024634                    31.373019                
43.31       10.31        109.92               107.97                 11.379163                      5.480238                        9.733574                 2.014441                    28.607416                
43.23       10.70        109.76               107.89                 10.210574                      5.407737                        9.732344                 1.975497                    27.326152                
43.15       11.20        109.25               107.64                 8.291153                       5.250889                        9.726466                 1.951252                    25.219760                
43.08       11.57        109.00               107.51                 8.322882                       5.254247                        9.726730                 1.947208                    25.251068                
42.96       12.00        109.00               107.51                 8.155201                       5.238170                        9.726450                 1.943243                    25.063064                
42.94       12.40        109.00               107.51                 8.010290                       5.232388                        9.726450                 1.984085                    24.953213                
42.72       12.59        116.57               111.18                 7.979268                       5.226057                        9.726450                 1.982988                    24.914763                
42.28       12.72        109.00               107.51                 8.007355                       5.213497                        9.726450                 1.943243                    24.890545                
42.19       12.74        125.92               115.56                 8.222121                       5.248721                        9.726450                 1.943243                    25.140535                
====================Subduction_Zone_15====================
35.27       34.27        49.51                72.46                  4.479044                       0.000000                        8.766212                 4.200441                    17.445697                
35.40       34.84        49.00                72.08                  4.571722                       0.000000                        8.766212                 4.164148                    17.502082                
35.53       35.42        49.00                72.08                  4.567859                       0.000000                        8.766212                 4.200441                    17.534512                
35.20       35.89        49.00                72.08                  4.574388                       0.000000                        8.766212                 3.921077                    17.261676                
====================Subduction_Zone_16====================
60.99       165.58       36.69                62.37                  3.821667                       0.000000                        7.598773                 5.319986                    16.740426                
61.24       164.77       36.30                62.04                  3.821502                       0.000000                        7.582191                 5.351653                    16.755347                
61.48       163.97       35.91                61.71                  3.825387                       0.000000                        7.581714                 5.483637                    16.890739                
61.73       163.07       37.12                62.74                  3.863923                       0.000000                        7.623526                 4.796547                    16.283996                
61.97       162.18       38.19                63.64                  3.906228                       0.000000                        7.688835                 4.593827                    16.188890                
62.22       161.29       37.94                63.43                  3.906048                       0.000000                        7.677266                 4.608575                    16.191890                
62.47       160.40       37.86                63.36                  3.906112                       0.000000                        7.683325                 4.609121                    16.198558                
====================Subduction_Zone_17====================
62.47       160.40       37.86                63.36                  3.906112                       0.000000                        7.683325                 4.609121                    16.198558                
62.22       159.48       37.92                63.42                  3.905994                       0.000000                        7.688502                 4.600568                    16.195064                
61.98       158.56       37.76                63.28                  3.905851                       0.000000                        7.657434                 4.670082                    16.233367                
61.73       157.64       37.60                63.14                  3.905837                       0.000000                        7.647087                 4.777751                    16.330675                
61.49       156.72       37.43                63.00                  3.905837                       0.000000                        7.652263                 4.836192                    16.394292                
61.24       155.80       37.25                62.85                  3.905851                       0.000000                        7.637481                 4.843563                    16.386895                
60.99       154.88       37.07                62.70                  3.905861                       0.000000                        7.617531                 4.951688                    16.475081                
60.75       153.96       37.24                62.84                  3.905889                       0.000000                        7.626662                 4.909322                    16.441873                
60.49       153.13       37.26                62.86                  3.905871                       0.000000                        7.627804                 4.885458                    16.419134                
60.24       152.29       37.27                62.87                  3.905873                       0.000000                        7.636457                 4.877707                    16.420037                
59.98       151.46       37.27                62.87                  3.905908                       0.000000                        7.628207                 4.957948                    16.492064                
59.76       150.61       37.21                62.81                  3.905962                       0.000000                        7.624811                 4.921429                    16.452202                
59.54       149.76       37.29                62.89                  3.905995                       0.000000                        7.633850                 4.860406                    16.400250                
59.32       148.91       37.20                62.81                  3.906188                       0.000000                        7.624487                 4.916479                    16.447154                
59.10       148.05       36.95                62.60                  3.906264                       0.000000                        7.611480                 5.075774                    16.593518                
58.88       147.20       36.70                62.38                  3.906413                       0.000000                        7.606155                 5.091910                    16.604478                
58.62       146.33       36.76                62.43                  3.906536                       0.000000                        7.610493                 7.255340                    18.772369                
58.37       145.45       24.92                51.41                  3.903731                       0.000000                        6.792003                 8.747049                    19.442782                
58.17       144.57       24.76                51.24                  3.903715                       0.000000                        6.790655                 10.248512                   20.942882                
57.96       143.69       24.76                51.25                  3.903718                       0.000000                        6.790713                 10.264060                   20.958491                
57.85       142.91       24.53                51.00                  3.903767                       0.000000                        6.788146                 10.362168                   21.054081                
57.74       142.13       24.29                50.75                  3.903769                       0.000000                        6.786355                 10.460151                   21.150275                
57.62       141.35       24.04                50.49                  3.903825                       0.000000                        6.787054                 10.485933                   21.176812                
====================Subduction_Zone_18====================
57.01       -121.91      1.76                 13.66                  4.216846                       0.000000                        4.340346                 3.413757                    11.970949                
57.32       -122.25      0.69                 10.00                  4.219571                       0.000000                        3.230299                 1.962757                    9.412628                 
58.16       -123.20      3.95                 20.47                  3.837273                       0.000000                        5.182739                 4.432037                    13.452049                
58.66       -123.58      6.97                 27.18                  3.754362                       0.000000                        5.884595                 10.669269                   20.308226                
59.17       -123.96      7.38                 27.98                  3.754024                       0.000000                        5.959620                 11.975349                   21.688993                
60.01       -124.32      7.93                 29.00                  3.753988                       0.000000                        6.045659                 13.323289                   23.122935                
60.97       -124.92      8.61                 30.22                  3.753976                       0.000000                        6.139450                 14.078870                   23.972295                
61.32       -125.27      8.91                 30.74                  3.753975                       0.000000                        6.175957                 14.168801                   24.098734                
61.80       -125.28      9.12                 31.10                  3.753964                       0.000000                        6.200431                 14.252896                   24.207291                
62.15       -125.65      9.40                 31.58                  3.753972                       0.000000                        6.230844                 14.275784                   24.260600                
62.49       -125.84      9.62                 31.93                  3.753984                       0.000000                        6.259515                 14.277852                   24.291350                
62.92       -126.32      9.97                 32.52                  3.753999                       0.000000                        6.292051                 14.178271                   24.224321                
63.30       -127.01      10.35                33.12                  3.755848                       0.000000                        6.315809                 14.130357                   24.202014                
63.47       -127.31      10.50                33.37                  3.757073                       0.000000                        6.327624                 14.043113                   24.127810                
63.81       -127.72      10.65                33.61                  3.766541                       0.000000                        6.339426                 13.911798                   24.017765                
64.10       -128.24      10.94                34.06                  3.765117                       0.000000                        6.358225                 13.641795                   23.765137                
64.44       -128.68      11.11                34.33                  3.772133                       0.000000                        6.369279                 13.539176                   23.680587                
64.86       -129.13      12.21                35.99                  3.753980                       0.000000                        6.431352                 12.609921                   22.795253                
65.33       -129.61      12.05                35.75                  3.753974                       0.000000                        6.430565                 12.596499                   22.781038                
65.76       -129.86      12.36                36.21                  3.753974                       0.000000                        6.431692                 12.588646                   22.774312                
====================Subduction_Zone_19====================
65.76       -129.86      12.36                36.21                  3.753974                       0.000000                        6.431692                 12.588646                   22.774312                
65.53       -130.82      12.62                36.58                  3.753981                       0.000000                        6.441601                 11.919958                   22.115540                
65.29       -131.79      12.87                36.95                  3.754044                       0.000000                        6.450926                 11.682815                   21.887785                
65.06       -132.75      12.98                37.10                  3.770140                       0.000000                        6.454718                 11.529737                   21.754595                
64.83       -133.72      13.09                37.26                  3.792286                       0.000000                        6.458620                 11.224055                   21.474961                
64.59       -134.68      13.34                37.61                  3.805920                       0.000000                        6.466825                 11.128081                   21.400825                
64.36       -135.64      13.70                38.11                  3.807609                       0.000000                        6.478159                 10.892071                   21.177839                
64.13       -136.61      14.08                38.64                  3.809343                       0.000000                        6.489571                 10.742348                   21.041261                
63.89       -137.57      14.48                39.18                  3.811122                       0.000000                        6.501080                 10.605410                   20.917612                
63.66       -138.53      14.91                39.76                  4.243160                       0.000000                        6.513752                 10.471945                   21.228858                
63.43       -139.50      16.18                41.43                  4.425719                       0.000000                        6.550135                 10.366031                   21.341886                
63.11       -140.37      17.31                42.84                  4.426449                       0.000000                        6.584531                 10.469266                   21.480246                
62.79       -141.24      18.47                44.25                  4.427208                       0.000000                        6.622509                 10.651280                   21.700998                
62.48       -142.11      19.66                45.66                  4.428000                       0.000000                        6.663712                 10.809939                   21.901651                
62.16       -142.97      20.90                47.08                  4.428818                       0.000000                        6.706153                 10.964075                   22.099046                
61.85       -143.84      22.17                48.49                  4.429663                       0.000000                        6.745253                 10.828400                   22.003317                
61.53       -144.71      23.48                49.89                  4.430533                       0.000000                        6.774812                 10.731166                   21.936511                
61.33       -145.23      24.27                50.73                  4.431091                       0.000000                        6.786130                 10.664744                   21.881966                
61.14       -145.75      25.08                51.57                  4.431658                       0.000000                        6.793143                 10.388114                   21.612915                
60.79       -146.60      26.42                52.93                  4.358331                       0.000000                        6.803436                 10.121538                   21.283304                
60.66       -147.22      27.27                53.78                  4.225860                       0.000000                        6.819141                 9.941894                    20.986896                
60.53       -147.83      28.07                54.56                  4.225911                       0.000000                        6.847888                 9.672072                    20.745871                
60.30       -148.60      29.07                55.52                  4.226031                       0.000000                        6.911128                 9.513493                    20.650651                
60.01       -149.52      30.27                56.66                  4.226287                       0.000000                        7.029530                 9.077476                    20.333292                
59.87       -150.04      30.71                57.06                  4.319870                       0.000000                        7.076809                 8.671258                    20.067938                
59.72       -150.56      30.62                56.98                  4.344058                       0.000000                        7.071305                 8.661676                    20.077039                
59.53       -151.34      30.58                56.95                  4.342698                       0.000000                        7.067128                 8.897161                    20.306988                
59.36       -152.33      30.77                57.12                  4.341343                       0.000000                        7.089454                 8.607490                    20.038286                
59.19       -153.31      30.99                57.32                  4.339973                       0.000000                        7.115650                 9.004085                    20.459708                
59.01       -154.29      31.23                57.55                  4.338563                       0.000000                        7.146134                 8.479164                    19.963861                
58.84       -155.28      31.52                57.81                  4.340068                       0.000000                        7.182649                 7.829201                    19.351917                
58.67       -156.26      31.86                58.12                  4.345439                       0.000000                        7.225223                 7.956143                    19.526805                
58.53       -157.12      32.21                58.45                  4.350228                       0.000000                        7.268864                 7.716328                    19.335420                
58.39       -157.99      32.59                58.79                  4.355460                       0.000000                        7.314932                 6.914965                    18.585358                
58.24       -158.85      33.75                59.83                  4.452996                       0.000000                        7.431385                 6.579395                    18.463776                
58.10       -159.71      34.25                60.27                  4.459927                       0.000000                        7.471197                 6.212479                    18.143603                
57.96       -160.58      34.79                60.74                  4.467001                       0.000000                        7.507644                 5.828955                    17.803600                
57.82       -161.44      39.79                64.96                  4.303595                       0.000000                        7.859622                 4.100586                    16.263803                
57.68       -162.31      40.44                65.49                  4.280996                       0.000000                        7.952452                 4.053125                    16.286572                
57.54       -163.17      41.05                65.98                  4.293252                       0.000000                        8.046233                 3.897137                    16.236621                
57.41       -164.03      41.60                66.42                  4.308399                       0.000000                        8.044232                 3.750526                    16.103157                
57.27       -164.88      57.36                77.99                  4.191341                       0.000000                        8.789295                 3.059986                    16.040622                
57.14       -165.74      58.39                78.69                  4.189315                       0.000000                        8.804059                 2.982613                    15.975988                
57.00       -166.60      44.25                68.50                  4.011126                       0.000000                        8.551214                 3.963370                    16.525709                
56.87       -167.46      44.46                68.66                  4.006152                       0.000000                        8.536199                 3.776252                    16.318603                
56.81       -168.45      44.53                68.72                  3.997169                       0.000000                        8.581523                 3.814105                    16.392796                
56.75       -169.44      44.60                68.77                  3.992885                       0.000000                        8.551467                 3.882804                    16.427156                
56.69       -170.43      44.65                68.81                  3.987718                       0.000000                        8.557008                 3.887598                    16.432325                
56.63       -171.42      45.02                69.10                  3.981665                       0.000000                        8.594600                 3.916048                    16.492313                
56.58       -172.41      45.04                69.11                  3.976578                       0.000000                        8.596070                 3.935135                    16.507782                
56.52       -173.40      45.45                69.42                  4.021978                       0.000000                        8.632266                 3.891697                    16.545941                
56.46       -174.39      44.94                69.04                  3.996337                       0.000000                        8.618851                 3.933016                    16.548204                
56.51       -175.13      44.76                68.89                  3.996407                       0.000000                        8.567836                 3.945101                    16.509344                
====================Subduction_Zone_20====================
-40.12      173.03       77.53                90.67                  4.144681                       0.000000                        7.897167                 7.823874                    19.865722                
-41.06      173.22       79.18                91.64                  4.135276                       0.000000                        8.071375                 7.251012                    19.457663                
-41.98      173.31       77.63                90.73                  4.129928                       0.000000                        7.904150                 10.380157                   22.414235                
====================Subduction_Zone_21====================
-29.14      167.37       52.13                74.35                  4.340779                       0.000000                        8.688502                 1.934034                    14.963314                
-29.42      167.55       51.02                73.56                  4.339496                       0.000000                        8.722631                 2.168684                    15.230810                
-30.09      167.73       48.46                71.69                  4.328599                       0.000000                        8.764419                 2.957081                    16.050099                
-30.77      167.92       46.00                69.84                  4.318730                       0.000000                        8.673871                 3.956318                    16.948919                
-31.50      168.05       47.42                70.91                  4.729247                       0.000000                        8.742485                 3.630773                    17.102504                
-32.23      168.19       51.65                74.01                  4.784672                       0.000000                        8.702918                 2.248864                    15.736454                
-32.59      168.16       53.97                75.65                  4.828801                       0.000000                        8.665043                 1.998753                    15.492597                
====================Subduction_Zone_22====================
-32.59      168.16       53.97                75.65                  4.828801                       0.000000                        8.665043                 1.998753                    15.492597                
-33.28      168.77       57.97                78.40                  4.799544                       0.000000                        8.789831                 2.920109                    16.509484                
-34.21      169.21       63.62                82.14                  4.815386                       0.000000                        8.695672                 5.467114                    18.978171                
-35.13      169.65       69.05                85.57                  4.455702                       0.000000                        8.440334                 8.699861                    21.595897                
-36.06      170.09       70.89                86.70                  4.247891                       0.000000                        8.267178                 9.832265                    22.347334                
-36.76      170.48       71.54                87.10                  4.222367                       0.000000                        8.197576                 9.929233                    22.349176                
-37.45      170.86       72.19                87.50                  4.193995                       0.000000                        8.143858                 9.928463                    22.266317                
-38.30      171.45       74.13                88.66                  4.173827                       0.000000                        7.928477                 9.815910                    21.918214                
-39.16      172.03       75.52                89.49                  4.159647                       0.000000                        7.851008                 9.328991                    21.339645                
-40.12      173.03       77.53                90.67                  4.144681                       0.000000                        7.897167                 7.823874                    19.865722                
====================Subduction_Zone_23====================
-64.70      -55.81       52.24                74.43                  7.789265                       5.189679                        8.659388                 7.240599                    28.878930                
-64.52      -55.16       42.42                67.07                  7.505804                       5.142531                        8.364008                 7.146880                    28.159223                
-64.34      -54.51       42.28                66.96                  7.197084                       5.086039                        8.298499                 7.027563                    27.609184                
-64.04      -53.55       47.40                70.90                  6.952598                       5.043866                        8.721561                 5.065152                    25.783177                
-63.74      -52.60       51.60                73.98                  6.682326                       4.955377                        8.711078                 4.891093                    25.239875                
-63.44      -51.64       53.07                75.02                  6.662107                       4.956682                        8.677432                 3.639924                    23.936145                
-63.14      -50.69       54.35                75.92                  6.656222                       4.955377                        8.680594                 3.486862                    23.779056                
-62.87      -49.76       56.73                77.56                  6.596629                       4.955377                        8.747901                 3.527973                    23.827881                
-62.60      -48.82       55.94                77.02                  6.594850                       4.955377                        8.669052                 3.048257                    23.267536                
-62.21      -47.85       57.38                78.01                  6.594888                       4.955377                        8.773521                 3.048257                    23.372043                
-61.82      -46.88       80.31                92.29                  5.894390                       4.105136                        8.578910                 9.406602                    27.985038                
-61.43      -45.90       77.98                90.93                  5.854611                       4.048391                        7.930325                 9.801547                    27.634875                
====================Subduction_Zone_24====================
-55.54      -70.39       0.98                 10.18                  3.868956                       0.000000                        3.755889                 1.532341                    9.157186                 
-55.31      -70.53       0.75                 10.00                  3.866391                       0.000000                        3.485665                 1.140574                    8.492630                 
-54.94      -70.73       0.27                 10.00                  3.863685                       0.000000                        2.458249                 0.545047                    6.866980                 
-54.61      -70.86       0.25                 10.00                  4.158666                       0.000000                        2.417873                 1.318073                    7.894611                 
-54.31      -70.98       1.02                 10.39                  4.187674                       0.000000                        3.778041                 2.119660                    10.085374                
-54.06      -71.03       1.64                 13.21                  4.191990                       0.000000                        4.270940                 3.137513                    11.600443                
-53.74      -71.11       2.47                 16.19                  4.197481                       0.000000                        4.693825                 3.733897                    12.625203                
-53.38      -71.17       3.39                 18.95                  4.204022                       0.000000                        5.034781                 5.304935                    14.543738                
-52.93      -71.11       4.42                 21.65                  4.213947                       0.000000                        5.335213                 7.155309                    16.704468                
-52.57      -70.95       5.17                 23.42                  4.223379                       0.000000                        5.521914                 9.260747                    19.006040                
-52.35      -70.83       5.61                 24.40                  4.229574                       0.000000                        5.621135                 9.752428                    19.603137                
-52.09      -70.69       6.16                 25.56                  4.237153                       0.000000                        5.735483                 11.106820                   21.079456                
-51.79      -70.53       6.78                 26.81                  4.160675                       0.000000                        5.853043                 10.962172                   20.975889                
-51.32      -70.25       7.60                 28.40                  4.079794                       0.000000                        5.993960                 13.246535                   23.320289                
-50.90      -69.98       8.26                 29.60                  4.084487                       0.000000                        6.095042                 13.855140                   24.034670                
-50.56      -69.81       8.88                 30.68                  4.088388                       0.000000                        6.172454                 14.485863                   24.746705                
-50.22      -69.69       9.56                 31.84                  4.092095                       0.000000                        6.244800                 14.440161                   24.777056                
-49.78      -69.76       10.63                33.58                  4.096291                       0.000000                        6.338603                 14.400438                   24.835332                
-49.50      -69.78       11.27                34.58                  4.099125                       0.000000                        6.379359                 13.803964                   24.282449                
-49.27      -69.80       11.86                35.46                  4.101493                       0.000000                        6.408802                 13.055478                   23.565772                
-49.19      -69.79       12.04                35.73                  4.102333                       0.000000                        6.417760                 12.636079                   23.156171                
-48.93      -69.77       12.62                36.59                  4.105140                       0.000000                        6.442047                 12.603936                   23.151122                
-48.63      -69.74       13.35                37.63                  4.108550                       0.000000                        6.467231                 11.521171                   22.096952                
-48.26      -69.69       14.20                38.81                  4.112719                       0.000000                        6.492610                 11.067776                   21.673105                
-47.95      -69.64       14.90                39.74                  4.094975                       0.000000                        6.513025                 10.971584                   21.579584                
-47.62      -69.57       15.57                40.64                  4.059311                       0.000000                        6.532332                 10.828267                   21.419910                
-47.26      -69.50       16.27                41.54                  4.046020                       0.000000                        6.552764                 10.792368                   21.391152                
-46.99      -69.44       16.76                42.16                  4.036898                       0.000000                        6.567465                 10.785505                   21.389867                
-46.33      -69.31       17.89                43.56                  4.015842                       0.000000                        6.603315                 10.943317                   21.562473                
-45.91      -69.23       18.57                44.37                  4.002564                       0.000000                        6.625888                 11.018275                   21.646726                
-45.50      -69.13       19.17                45.08                  3.990573                       0.000000                        6.646397                 11.114371                   21.751340                
-45.12      -69.04       19.69                45.69                  3.979968                       0.000000                        6.664484                 11.239833                   21.884284                
-44.59      -68.90       20.36                46.47                  3.966162                       0.000000                        6.688026                 11.330558                   21.984745                
-44.30      -68.83       20.72                46.87                  3.959016                       0.000000                        6.700102                 11.349026                   22.008144                
-43.83      -68.74       21.45                47.69                  3.949878                       0.000000                        6.724000                 11.370863                   22.044740                
-43.54      -68.69       21.79                48.07                  3.943665                       0.000000                        6.734410                 11.361442                   22.039516                
-43.17      -68.63       22.20                48.52                  3.936357                       0.000000                        6.746205                 11.081135                   21.763696                
-42.90      -68.45       22.91                49.28                  3.954231                       0.000000                        6.763232                 11.055604                   21.773067                
====================Subduction_Zone_25====================
-5.92       -75.29       62.18                81.20                  4.378875                       0.000000                        8.754561                 4.722111                    17.855547                
-5.87       -75.28       62.16                81.19                  4.426490                       0.000000                        8.755384                 4.717010                    17.898884                
-5.49       -75.22       62.27                81.26                  4.761966                       0.000000                        8.765316                 4.606642                    18.133925                
-5.28       -75.18       62.05                81.12                  4.758182                       0.000000                        8.759712                 5.132904                    18.650798                
-5.03       -75.16       63.30                81.93                  4.717159                       0.000000                        8.738833                 5.488032                    18.944024                
-4.64       -75.05       64.41                82.65                  4.653507                       0.000000                        8.691260                 6.028149                    19.372916                
-4.30       -74.95       65.37                83.26                  4.599306                       0.000000                        8.649832                 6.423767                    19.672905                
-4.01       -74.83       65.63                83.42                  4.561160                       0.000000                        8.614350                 6.655769                    19.831280                
-3.57       -74.64       67.07                84.34                  4.502905                       0.000000                        8.550688                 7.951262                    21.004855                
-3.21       -74.51       68.89                85.47                  4.459654                       0.000000                        8.488941                 8.599155                    21.547750                
-2.90       -74.36       69.93                86.12                  4.428273                       0.000000                        8.417517                 8.660908                    21.506698                
-2.49       -74.18       70.63                86.54                  4.388371                       0.000000                        8.295080                 8.814935                    21.498386                
-2.14       -73.95       72.03                87.40                  4.353474                       0.000000                        8.146600                 8.718731                    21.218804                
-1.81       -73.75       73.25                88.13                  4.311097                       0.000000                        7.970102                 8.539658                    20.820857                
-1.60       -73.60       74.67                88.99                  4.301683                       0.000000                        7.888475                 7.307295                    19.497452                
-1.25       -73.35       76.01                89.78                  4.282584                       0.000000                        7.854433                 6.574779                    18.711797                
-0.87       -73.07       77.16                90.46                  4.258955                       0.000000                        7.864123                 5.629389                    17.752468                
-0.55       -72.81       78.38                91.17                  4.239157                       0.000000                        7.974212                 4.904316                    17.117684                
-0.34       -72.58       78.83                91.43                  4.229458                       0.000000                        8.032868                 4.475508                    16.737834                
-0.02       -72.36       79.93                92.07                  4.210813                       0.000000                        8.189613                 4.281822                    16.682248                
0.14        -72.20       80.58                92.44                  4.191726                       0.000000                        8.367967                 4.271576                    16.831269                
0.43        -72.16       81.76                93.12                  4.187680                       0.000000                        8.410954                 4.850218                    17.448852                
1.32        -71.62       84.42                94.61                  4.151665                       0.000000                        8.789656                 5.744413                    18.685734                
2.04        -71.89       83.50                94.10                  4.145925                       0.000000                        8.791606                 5.997578                    18.935109                
2.76        -72.17       88.18                96.70                  4.050981                       0.000000                        8.984409                 5.997578                    19.032968                
3.39        -72.17       89.22                97.27                  4.047488                       0.000000                        9.010828                 11.725061                   24.783378                
4.02        -72.17       90.04                97.72                  4.049913                       0.000000                        9.018295                 12.095040                   25.163247                
4.69        -71.67       92.33                98.95                  4.033026                       0.000000                        9.091187                 13.087791                   26.212004                
5.37        -71.17       94.41                100.06                 4.019008                       0.000000                        9.164757                 11.439186                   24.622950                
6.06        -70.66       96.38                101.10                 4.005501                       0.000000                        9.246808                 9.201267                    22.453576                
6.75        -70.16       97.87                101.88                 4.006272                       0.000000                        9.314383                 7.694837                    21.015492                
7.44        -69.65       99.23                102.58                 4.011815                       0.000000                        9.379191                 6.909751                    20.300757                
8.29        -68.83       101.02               103.50                 4.021414                       0.000000                        9.466694                 5.729890                    19.217998                
====================Subduction_Zone_26====================
14.75       -59.63       17.19                42.69                  7.863878                       5.191347                        6.581616                 12.060449                   31.697291                
13.88       -59.22       27.16                53.67                  7.877114                       5.191347                        6.737461                 11.709846                   31.515769                
12.96       -58.51       29.39                55.83                  7.891846                       5.191347                        7.136402                 10.222820                   30.442415                
12.04       -58.32       39.50                64.72                  7.770481                       5.171776                        7.837370                 5.190377                    25.970004                
11.11       -58.12       46.42                70.16                  5.342572                       3.162375                        8.688101                 4.205340                    21.398388                
10.19       -58.29       46.71                70.38                  5.659994                       3.760498                        8.706311                 3.860203                    21.987006                
9.26        -58.45       48.21                71.50                  5.985148                       4.230584                        8.756102                 4.032607                    23.004441                
8.35        -58.70       52.23                74.42                  5.993227                       4.242517                        8.672395                 4.244330                    23.152470                
7.44        -58.95       58.49                78.76                  5.793202                       3.953801                        8.799000                 3.518933                    22.064936                
====================Subduction_Zone_27====================
-70.99      -101.48      42.89                67.44                  4.001001                       0.000000                        8.323731                 9.716818                    22.041550                
-70.96      -100.72      34.14                60.17                  4.084132                       0.000000                        7.422162                 12.138248                   23.644542                
-70.93      -99.97       25.39                51.89                  4.208825                       0.000000                        6.790905                 13.089896                   24.089627                
-70.90      -99.21       19.27                45.21                  4.285664                       0.000000                        6.695702                 15.680693                   26.662058                
-70.87      -98.45       10.44                33.27                  4.604370                       0.000000                        6.277545                 16.879204                   27.761119                
-70.79      -97.63       7.77                 28.71                  4.603812                       0.000000                        6.011056                 10.430156                   21.045025                
-70.70      -96.80       7.02                 27.29                  4.486548                       0.000000                        5.949311                 6.586841                    17.022700                
-70.62      -95.98       1.80                 13.83                  4.826515                       0.204796                        4.349101                 3.669308                    13.049720                
-70.52      -95.05       2.50                 16.29                  4.756643                       0.000000                        4.701679                 4.641370                    14.099692                
-70.41      -94.12       2.94                 17.67                  4.689796                       0.000000                        4.586171                 4.568303                    13.844270                
====================Subduction_Zone_28====================
30.82       -104.98      11.03                34.20                  4.084177                       0.000000                        6.338777                 13.847733                   24.270688                
30.72       -104.92      11.13                34.35                  4.083917                       0.000000                        6.369734                 13.845228                   24.298880                
30.04       -104.31      12.35                36.18                  4.098431                       0.000000                        6.412364                 12.745041                   23.255837                
29.37       -103.71      13.50                37.84                  4.107401                       0.000000                        6.471909                 11.631265                   22.210575                
28.68       -103.38      13.60                37.98                  4.103439                       0.000000                        6.475239                 11.082070                   21.660747                
27.99       -103.04      14.51                39.22                  4.099282                       0.000000                        6.501897                 10.678502                   21.279681                
27.30       -102.43      25.53                52.03                  4.034038                       0.000000                        6.747352                 9.067629                    19.849019                
26.60       -101.82      34.34                60.34                  4.193415                       0.000000                        7.477876                 5.884779                    17.556069                
25.90       -101.23      35.76                61.58                  4.206555                       0.000000                        7.534684                 5.521938                    17.263177                
25.19       -100.63      37.26                62.86                  4.220574                       0.000000                        7.627912                 5.154241                    17.002727                
24.47       -100.06      38.30                63.73                  4.239394                       0.000000                        7.700686                 4.898233                    16.838313                
23.76       -99.48       38.84                64.17                  4.246185                       0.000000                        7.748454                 4.309542                    16.304181                
22.95       -98.61       41.31                66.18                  4.262149                       0.000000                        8.063462                 3.682798                    16.008409                
22.14       -97.75       40.32                65.39                  4.210350                       0.000000                        7.936184                 3.863649                    16.010183                
21.59       -97.16       31.61                57.89                  4.119229                       0.000000                        7.164453                 5.966836                    17.250519                
21.05       -96.57       37.94                63.43                  3.988229                       0.000000                        7.010858                 9.572777                    20.571864                
20.44       -95.92       25.79                52.30                  4.219799                       0.000000                        6.795700                 10.022961                   21.038460                
====================Subduction_Zone_29====================
20.44       -95.92       25.79                52.30                  4.219799                       0.000000                        6.795700                 10.022961                   21.038460                
19.62       -95.48       28.03                54.52                  4.541659                       0.000000                        6.818928                 9.128658                    20.489245                
18.80       -95.04       32.37                58.59                  4.517702                       0.000000                        7.287719                 7.701300                    19.506721                
18.04       -94.65       34.67                60.64                  4.556882                       0.000000                        7.500865                 5.473482                    17.531229                
17.29       -94.26       37.99                63.47                  4.582882                       0.000000                        7.675748                 4.747100                    17.005729                
16.54       -93.87       40.00                65.13                  4.644895                       0.000000                        7.890484                 4.325479                    16.860858                
15.76       -93.44       42.09                66.81                  3.939486                       0.000000                        8.203462                 3.476885                    15.619833                
14.97       -93.01       42.55                67.17                  3.773168                       0.000000                        8.281785                 3.457846                    15.512799                
14.19       -92.58       42.98                67.51                  3.766873                       0.000000                        8.322619                 3.485459                    15.574951                
13.41       -92.15       42.06                66.78                  3.964115                       0.000000                        8.129213                 3.470819                    15.564147                
12.69       -91.71       42.53                67.16                  3.799022                       0.000000                        8.250554                 3.492287                    15.541863                
11.97       -91.26       43.03                67.55                  3.791919                       0.000000                        8.352891                 3.524786                    15.669596                
11.26       -90.82       43.92                68.24                  3.774455                       0.000000                        8.491634                 3.829962                    16.096051                
10.36       -90.57       45.00                69.08                  3.758570                       0.000000                        8.592605                 3.942674                    16.293849                
9.46        -90.33       45.12                69.17                  3.758426                       0.000000                        8.603618                 3.975323                    16.337367                
8.73        -90.02       45.28                69.30                  3.758342                       0.000000                        8.618658                 4.010485                    16.387485                
8.00        -89.71       45.45                69.42                  3.758288                       0.000000                        8.632694                 4.045056                    16.436038                
7.26        -89.39       45.48                69.45                  3.758264                       0.000000                        8.635595                 4.086183                    16.480042                
6.26        -88.94       45.84                69.72                  3.758281                       0.000000                        8.663799                 4.172773                    16.594853                
5.26        -88.48       46.07                69.90                  3.758354                       0.000000                        8.679871                 4.092960                    16.531185                
4.27        -88.02       46.29                70.07                  3.758483                       0.000000                        8.694163                 4.035676                    16.488323                
====================Subduction_Zone_30====================
4.27        -88.02       46.29                70.07                  3.758483                       0.000000                        8.694163                 4.035676                    16.488323                
3.82        -87.19       46.78                70.43                  3.758559                       0.000000                        8.720634                 3.926509                    16.405702                
3.47        -86.31       47.29                70.81                  3.758627                       0.000000                        8.741852                 3.731408                    16.231886                
3.13        -85.44       47.79                71.19                  3.758701                       0.000000                        8.756343                 3.436217                    15.951260                
2.78        -84.56       48.30                71.57                  3.758781                       0.000000                        8.764569                 3.056771                    15.580121                
2.43        -83.68       48.80                71.93                  3.758868                       0.000000                        8.766715                 2.797784                    15.323367                
2.23        -82.85       53.15                75.08                  3.767211                       0.000000                        8.670750                 1.972306                    14.410266                
2.02        -82.01       59.07                79.15                  3.780575                       0.000000                        8.813460                 3.187664                    15.781699                
2.06        -81.29       63.98                82.37                  3.799708                       0.000000                        8.680690                 5.722531                    18.202929                
2.09        -80.57       68.01                84.93                  3.829402                       0.000000                        8.501323                 8.075888                    20.406613                
2.13        -79.85       72.05                87.41                  3.868149                       0.000000                        8.140437                 9.046654                    21.055240                
2.16        -79.74       72.72                87.82                  3.874642                       0.000000                        8.066869                 9.014181                    20.955692                
====================Subduction_Zone_31====================
2.16        -79.74       72.72                87.82                  3.874642                       0.000000                        8.066869                 9.014181                    20.955692                
2.16        -79.58       73.57                88.33                  3.885369                       0.000000                        7.979333                 8.945506                    20.810209                
2.13        -78.94       75.33                89.38                  3.926186                       0.000000                        7.863375                 7.034902                    18.824464                
2.12        -78.03       80.22                92.23                  4.032198                       0.000000                        8.239256                 4.364574                    16.636028                
1.74        -77.13       80.30                92.28                  4.049204                       0.000000                        8.146259                 4.384170                    16.579633                
1.10        -76.61       78.45                91.21                  4.061408                       0.000000                        7.975065                 5.160807                    17.197280                
0.46        -76.09       75.81                89.66                  4.078974                       0.000000                        7.846703                 6.328758                    18.254435                
0.01        -75.64       75.15                89.27                  4.095662                       0.000000                        7.863779                 7.385963                    19.345404                
-0.45       -74.72       74.61                88.95                  4.227124                       0.000000                        7.895694                 7.960643                    20.083462                
-0.56       -73.81       76.09                89.83                  4.248297                       0.000000                        7.843402                 6.534226                    18.625925                
-0.67       -72.90       77.91                90.89                  4.248564                       0.000000                        7.908450                 5.149884                    17.306898                
====================Subduction_Zone_32====================
-7.55       -75.51       66.29                83.84                  4.233123                       0.000000                        8.586686                 6.617906                    19.437715                
-6.69       -75.38       63.66                82.16                  4.209505                       0.000000                        8.718176                 5.556683                    18.484364                
-6.40       -75.35       62.80                81.60                  4.209557                       0.000000                        8.728849                 5.230752                    18.169158                
-6.15       -75.33       62.29                81.27                  4.248943                       0.000000                        8.749211                 4.741460                    17.739614                
-5.87       -75.28       62.16                81.19                  4.426490                       0.000000                        8.755384                 4.717010                    17.898884                
-5.49       -75.22       62.27                81.26                  4.761966                       0.000000                        8.765316                 4.606642                    18.133925                
-5.28       -75.18       62.05                81.12                  4.758182                       0.000000                        8.759712                 5.132904                    18.650798                
-5.03       -75.16       63.30                81.93                  4.717159                       0.000000                        8.738833                 5.488032                    18.944024                
-4.64       -75.05       64.41                82.65                  4.653507                       0.000000                        8.691260                 6.028149                    19.372916                
-4.30       -74.95       65.37                83.26                  4.599306                       0.000000                        8.649832                 6.423767                    19.672905                
-4.01       -74.83       65.63                83.42                  4.561160                       0.000000                        8.614350                 6.655769                    19.831280                
-3.57       -74.64       67.07                84.34                  4.502905                       0.000000                        8.550688                 7.951262                    21.004855                
-3.21       -74.51       68.89                85.47                  4.459654                       0.000000                        8.488941                 8.599155                    21.547750                
-2.90       -74.36       69.93                86.12                  4.428273                       0.000000                        8.417517                 8.660908                    21.506698                
-2.49       -74.18       70.63                86.54                  4.388371                       0.000000                        8.295080                 8.814935                    21.498386                
-2.14       -73.95       72.03                87.40                  4.353474                       0.000000                        8.146600                 8.718731                    21.218804                
-1.81       -73.75       73.25                88.13                  4.311097                       0.000000                        7.970102                 8.539658                    20.820857                
-1.60       -73.60       74.67                88.99                  4.301683                       0.000000                        7.888475                 7.307295                    19.497452                
-1.25       -73.35       76.01                89.78                  4.282584                       0.000000                        7.854433                 6.574779                    18.711797                
-0.87       -73.07       77.16                90.46                  4.258955                       0.000000                        7.864123                 5.629389                    17.752468                
-0.67       -72.90       77.91                90.89                  4.248564                       0.000000                        7.908450                 5.149884                    17.306898                
====================Subduction_Zone_33====================
-7.55       -75.51       66.29                83.84                  4.233123                       0.000000                        8.586686                 6.617906                    19.437715                
-8.21       -75.63       68.35                85.13                  4.252015                       0.000000                        8.482729                 7.872373                    20.607116                
-9.13       -75.74       73.31                88.17                  4.652738                       0.000000                        8.005417                 8.547954                    21.206110                
-10.04      -75.84       78.76                91.39                  4.617339                       0.000000                        8.017862                 4.699908                    17.335109                
-10.96      -75.95       80.14                92.19                  4.278223                       0.000000                        8.224522                 4.022472                    16.525217                
-11.78      -75.66       80.83                92.58                  4.119672                       0.000000                        8.337143                 4.045200                    16.502015                
-12.60      -75.38       81.53                92.98                  4.017520                       0.000000                        8.449107                 4.086457                    16.553083                
-13.43      -75.09       82.23                93.38                  3.946807                       0.000000                        8.554448                 4.647760                    17.149015                
-14.39      -74.67       83.05                93.85                  3.887873                       0.000000                        8.663591                 5.159086                    17.710550                
-15.35      -74.25       83.88                94.32                  3.838313                       0.000000                        8.754375                 5.794543                    18.387230                
-16.31      -73.83       84.73                94.79                  3.807900                       0.000000                        8.825675                 6.539660                    19.173236                
-17.27      -73.41       85.61                95.28                  3.807455                       0.000000                        8.880060                 7.188781                    19.876296                
-18.23      -72.99       86.49                95.77                  3.808269                       0.000000                        8.926795                 8.020893                    20.755957                
-18.96      -72.59       87.16                96.14                  3.808992                       0.000000                        8.948423                 8.743278                    21.500693                
-19.69      -72.20       87.72                96.45                  3.798967                       0.000000                        8.962568                 9.516796                    22.278331                
-20.42      -71.80       88.17                96.70                  3.789968                       0.000000                        8.970876                 9.763454                    22.524298                
-21.34      -71.21       88.96                97.13                  3.791335                       0.000000                        8.990811                 10.403807                   23.185954                
-22.26      -70.61       89.82                97.60                  3.832464                       0.000000                        9.013165                 11.175808                   24.021437                
-22.92      -69.87       90.46                97.95                  3.822394                       0.000000                        9.037097                 11.893346                   24.752837                
-23.91      -69.48       91.46                98.48                  3.816421                       0.000000                        9.060471                 12.861513                   25.738405                
-24.56      -69.19       92.09                98.82                  3.811403                       0.000000                        9.087216                 12.971640                   25.870259                
-25.14      -68.96       92.63                99.11                  3.807811                       0.000000                        9.105628                 12.478386                   25.391825                
-25.69      -68.72       93.11                99.37                  3.804965                       0.000000                        9.115822                 11.816386                   24.737172                
-26.39      -68.51       93.74                99.70                  3.801500                       0.000000                        9.138987                 11.079303                   24.019790                
-27.26      -68.40       94.52                100.11                 3.800095                       0.000000                        9.175923                 10.308285                   23.284303                
-28.12      -68.28       95.25                100.51                 3.801386                       0.000000                        9.198748                 9.238566                    22.238699                
-29.10      -68.04       96.06                100.93                 3.803525                       0.000000                        9.232669                 7.739854                    20.776047                
-30.07      -67.79       96.89                101.36                 4.004598                       0.000000                        9.284053                 7.195511                    20.484162                
-31.04      -67.55       98.41                102.16                 4.001896                       0.000000                        9.339626                 6.423016                    19.764538                
-32.01      -67.30       99.93                102.94                 3.998553                       0.000000                        9.413260                 5.416868                    18.828681                
-32.84      -67.23       101.29               103.64                 3.996364                       0.000000                        9.479594                 4.370418                    17.846375                
-33.66      -67.15       102.63               104.32                 3.994289                       0.000000                        9.542906                 4.212924                    17.750119                
-34.49      -67.07       103.97               105.00                 3.992323                       0.000000                        9.599845                 3.720928                    17.313096                
-35.32      -66.99       105.29               105.67                 3.993738                       0.000000                        9.614416                 3.775866                    17.384020                
-36.17      -67.13       86.19                95.61                  4.047797                       0.000000                        8.892727                 8.420263                    21.360788                
-37.01      -67.27       66.85                84.20                  4.159551                       0.000000                        8.557444                 6.668067                    19.385062                
-37.86      -67.41       49.48                72.44                  4.399455                       0.000000                        8.709203                 3.998383                    17.107042                
-38.70      -67.55       31.46                57.76                  3.950934                       0.000000                        7.177264                 6.621768                    17.749966                
-39.55      -67.68       30.50                56.87                  3.948797                       0.000000                        7.056866                 8.769329                    19.774992                
-40.40      -67.82       29.55                55.98                  3.947271                       0.000000                        6.953662                 9.474085                    20.375018                
-41.15      -68.00       28.75                55.22                  3.945911                       0.000000                        6.887575                 9.616061                    20.449547                
-41.90      -68.18       28.20                54.69                  3.949979                       0.000000                        6.840976                 9.981479                    20.772434                
-42.65      -68.36       24.23                50.69                  3.986428                       0.000000                        6.783416                 10.721445                   21.491289                
====================Subduction_Zone_34====================
-56.05      -70.19       1.63                 13.13                  3.873229                       0.000000                        4.266632                 2.307746                    10.447607                
-56.00      -70.19       1.57                 12.90                  3.872757                       0.000000                        4.232835                 2.307746                    10.413338                
-55.69      -70.29       1.18                 11.20                  3.870059                       0.000000                        3.945789                 1.885468                    9.701317                 
-55.31      -70.53       0.75                 10.00                  3.866391                       0.000000                        3.485665                 1.140574                    8.492630                 
-54.94      -70.73       0.27                 10.00                  3.863685                       0.000000                        2.458249                 0.545047                    6.866980                 
-54.61      -70.86       0.25                 10.00                  4.158666                       0.000000                        2.417873                 1.318073                    7.894611                 
-54.31      -70.98       1.02                 10.39                  4.187674                       0.000000                        3.778041                 2.119660                    10.085374                
-54.06      -71.03       1.64                 13.21                  4.191990                       0.000000                        4.270940                 3.137513                    11.600443                
-53.74      -71.11       2.47                 16.19                  4.197481                       0.000000                        4.693825                 3.733897                    12.625203                
-53.38      -71.17       3.39                 18.95                  4.204022                       0.000000                        5.034781                 5.304935                    14.543738                
-52.93      -71.11       4.42                 21.65                  4.213947                       0.000000                        5.335213                 7.155309                    16.704468                
-52.57      -70.95       5.17                 23.42                  4.223379                       0.000000                        5.521914                 9.260747                    19.006040                
-52.35      -70.83       5.61                 24.40                  4.229574                       0.000000                        5.621135                 9.752428                    19.603137                
-52.09      -70.69       6.16                 25.56                  4.237153                       0.000000                        5.735483                 11.106820                   21.079456                
-51.79      -70.53       6.78                 26.81                  4.160675                       0.000000                        5.853043                 10.962172                   20.975889                
-51.32      -70.25       7.60                 28.40                  4.079794                       0.000000                        5.993960                 13.246535                   23.320289                
-50.90      -69.98       8.26                 29.60                  4.084487                       0.000000                        6.095042                 13.855140                   24.034670                
-50.56      -69.81       8.88                 30.68                  4.088388                       0.000000                        6.172454                 14.485863                   24.746705                
-50.22      -69.69       9.56                 31.84                  4.092095                       0.000000                        6.244800                 14.440161                   24.777056                
-49.78      -69.76       10.63                33.58                  4.096291                       0.000000                        6.338603                 14.400438                   24.835332                
-49.50      -69.78       11.27                34.58                  4.099125                       0.000000                        6.379359                 13.803964                   24.282449                
-49.27      -69.80       11.86                35.46                  4.101493                       0.000000                        6.408802                 13.055478                   23.565772                
-49.19      -69.79       12.04                35.73                  4.102333                       0.000000                        6.417760                 12.636079                   23.156171                
-48.93      -69.77       12.62                36.59                  4.105140                       0.000000                        6.442047                 12.603936                   23.151122                
-48.63      -69.74       13.35                37.63                  4.108550                       0.000000                        6.467231                 11.521171                   22.096952                
-48.26      -69.69       14.20                38.81                  4.112719                       0.000000                        6.492610                 11.067776                   21.673105                
-47.95      -69.64       14.90                39.74                  4.094975                       0.000000                        6.513025                 10.971584                   21.579584                
-47.62      -69.57       15.57                40.64                  4.059311                       0.000000                        6.532332                 10.828267                   21.419910                
-47.26      -69.50       16.27                41.54                  4.046020                       0.000000                        6.552764                 10.792368                   21.391152                
-46.99      -69.44       16.76                42.16                  4.036898                       0.000000                        6.567465                 10.785505                   21.389867                
-46.33      -69.31       17.89                43.56                  4.015842                       0.000000                        6.603315                 10.943317                   21.562473                
-45.91      -69.23       18.57                44.37                  4.002564                       0.000000                        6.625888                 11.018275                   21.646726                
-45.50      -69.13       19.17                45.08                  3.990573                       0.000000                        6.646397                 11.114371                   21.751340                
-45.12      -69.04       19.69                45.69                  3.979968                       0.000000                        6.664484                 11.239833                   21.884284                
-44.59      -68.90       20.36                46.47                  3.966162                       0.000000                        6.688026                 11.330558                   21.984745                
-44.30      -68.83       20.72                46.87                  3.959016                       0.000000                        6.700102                 11.349026                   22.008144                
-43.83      -68.74       21.45                47.69                  3.949878                       0.000000                        6.724000                 11.370863                   22.044740                
-43.54      -68.69       21.79                48.07                  3.943665                       0.000000                        6.734410                 11.361442                   22.039516                
-43.17      -68.63       22.20                48.52                  3.936357                       0.000000                        6.746205                 11.081135                   21.763696                
-42.88      -68.44       22.99                49.38                  3.957123                       0.000000                        6.765017                 11.055604                   21.777744                
-42.65      -68.36       24.23                50.69                  3.986428                       0.000000                        6.783416                 10.721445                   21.491289                
====================Subduction_Zone_35====================
-41.98      173.31       77.63                90.73                  4.129928                       0.000000                        7.904150                 10.380157                   22.414235                
-42.84      173.40       75.30                89.36                  4.108994                       0.000000                        7.858319                 13.871841                   25.839154                
-43.70      173.50       74.33                88.78                  4.110260                       0.000000                        7.914981                 14.948706                   26.973947                
-44.56      173.59       73.62                88.36                  4.080109                       0.000000                        7.905371                 16.119457                   28.104936                
-45.45      173.87       73.61                88.35                  4.075348                       0.000000                        7.975725                 18.195404                   30.246476                
-46.33      174.14       75.66                89.57                  4.001583                       0.000000                        7.849440                 20.121654                   31.972676                
-47.00      174.56       79.56                91.85                  3.937776                       0.000000                        8.304524                 23.758883                   36.001182                
====================Subduction_Zone_36====================
-27.68      139.92       33.14                59.28                  5.140572                       2.686904                        7.511249                 8.736474                    24.075200                
-27.81      139.39       48.02                71.36                  4.916357                       2.036675                        7.295710                 8.689851                    22.938593                
-27.93      138.86       50.53                73.20                  5.075779                       2.492020                        8.357306                 8.815779                    24.740884                
-27.49      138.02       101.67               103.84                 5.154334                       2.719844                        9.478164                 8.585726                    25.938069                
-27.05      137.19       95.72                100.75                 5.705046                       3.795064                        8.013524                 11.329061                   28.842695                
-26.60      136.72       22.50                48.85                  6.440599                       4.920678                        5.759364                 12.554796                   29.675436                
-25.99      135.91       4.63                 22.17                  6.440973                       4.896384                        5.379750                 9.261141                    25.978248                
-25.68      135.28       5.47                 24.08                  6.438197                       4.896384                        4.858663                 7.010265                    23.203508                
-25.37      134.65       111.75               108.86                 5.118871                       2.639085                        9.736854                 8.204614                    25.699424                
-25.19      133.76       109.78               107.90                 5.118543                       2.639085                        9.737619                 10.525921                   28.021168                
-25.02      132.87       111.09               108.54                 5.117697                       2.624005                        9.737387                 8.000846                    25.479935                
-24.84      131.98       112.45               109.20                 5.098942                       2.571428                        9.734827                 9.093566                    26.498764                
-24.66      131.10       112.32               109.14                 5.118468                       2.628825                        9.735136                 12.637892                   30.120321                
-24.40      130.17       113.31               109.62                 5.152370                       2.704048                        9.730014                 12.472377                   30.058809                
-24.15      129.24       113.06               109.50                 7.088230                       4.602394                        9.695885                 13.648051                   35.034560                
-24.07      128.52       113.24               109.59                 5.441115                       3.152192                        9.722873                 18.455781                   36.771961                
-23.99      127.80       116.29               111.05                 4.362194                       0.000000                        9.668134                 20.604422                   34.634751                
-23.91      127.08       115.58               110.71                 4.387326                       0.000000                        9.692234                 16.655111                   30.734671                
-23.75      126.15       114.64               110.26                 4.355430                       0.000000                        9.704589                 6.942939                    21.002958                
-23.59      125.22       112.05               109.00                 5.134732                       2.679330                        9.737314                 9.286292                    26.837667                
-23.48      124.68       111.55               108.76                 5.077230                       2.513132                        9.737374                 4.744010                    22.071745                
-23.36      124.14       111.85               108.91                 5.026957                       2.370931                        9.736897                 4.645296                    21.780081                
====================Subduction_Zone_37====================
-2.56       116.64       13.07                37.23                  4.318670                       0.000000                        6.459513                 15.699327                   26.477510                
-2.54       116.85       12.97                37.08                  4.715405                       0.650053                        6.449742                 15.777576                   27.592776                
-2.41       117.34       11.74                35.28                  5.912886                       4.133410                        6.402985                 15.739860                   32.189140                
-2.22       117.74       10.09                32.71                  6.099441                       4.359818                        6.296195                 15.971074                   32.726528                
-2.52       118.10       10.48                33.34                  5.799809                       3.970252                        6.325714                 15.033418                   31.129193                
-2.73       118.54       13.69                38.11                  5.404697                       3.289668                        6.470032                 13.009162                   28.173559                
====================Subduction_Zone_38====================
8.69        87.21        61.59                80.81                  3.891432                       0.000000                        8.776669                 9.996839                    22.664940                
8.05        88.01        60.44                80.06                  3.891449                       0.000000                        8.799871                 7.364559                    20.055879                
7.41        88.81        59.03                79.12                  3.891328                       0.000000                        8.813003                 4.387933                    17.092265                
6.97        89.63        53.38                75.24                  3.889749                       0.000000                        8.692863                 3.474153                    16.056765                
6.53        90.45        47.30                70.82                  3.893907                       0.000000                        8.733890                 4.588014                    17.215811                
6.10        91.28        41.34                66.21                  3.905151                       0.000000                        7.980777                 5.062742                    16.948670                
5.78        92.03        36.81                62.48                  3.893513                       0.000000                        7.604491                 6.170973                    17.668977                
5.46        92.79        36.18                61.94                  3.922532                       0.000000                        7.551993                 6.360161                    17.834685                
5.14        93.55        34.29                60.30                  3.971639                       0.000000                        7.475107                 6.489374                    17.936120                
4.68        94.33        33.45                59.55                  3.934784                       0.000000                        7.381812                 6.933108                    18.249705                
4.21        95.10        32.98                59.14                  3.930196                       0.000000                        7.324583                 7.289693                    18.544472                
3.74        95.88        32.39                58.61                  3.917825                       0.000000                        7.159018                 9.728331                    20.805174                
3.28        96.66        22.98                49.36                  3.949294                       0.000000                        6.763835                 11.254608                   21.967737                
2.88        97.47        22.56                48.92                  3.934942                       0.000000                        6.747692                 11.337768                   22.020402                
2.47        98.28        19.72                45.73                  4.187074                       0.459951                        6.615737                 8.787719                    20.050482                
2.07        99.09        1.43                 12.29                  3.978655                       0.000000                        4.206408                 3.031935                    11.216997                
1.67        99.90        3.03                 17.94                  3.967717                       0.000000                        4.975020                 4.965586                    13.908322                
1.23        100.68       4.31                 21.37                  3.958923                       0.000000                        5.380544                 8.312797                    17.652263                
0.78        101.45       7.01                 27.26                  3.956797                       0.000000                        5.883145                 11.990408                   21.830350                
0.34        102.23       13.95                38.46                  3.939338                       0.000000                        6.485719                 11.601921                   22.026978                
-0.01       102.73       13.29                37.53                  3.970832                       0.000000                        6.465121                 12.819230                   23.255183                
-0.35       103.23       12.35                36.19                  3.966375                       0.000000                        6.414463                 13.470914                   23.851752                
-1.07       103.95       10.80                33.84                  3.968619                       0.000000                        6.349015                 14.437986                   24.755619                
-1.79       104.68       10.17                32.84                  3.963450                       0.000000                        6.292093                 14.600546                   24.856089                
-2.32       105.06       9.58                 31.87                  3.957408                       0.000000                        6.248076                 14.603297                   24.808782                
-2.86       105.45       9.00                 30.89                  3.956096                       0.000000                        6.186644                 14.508048                   24.650789                
-3.24       105.97       9.00                 30.89                  3.959701                       0.000000                        6.186644                 14.501921                   24.648266                
-3.63       106.48       9.00                 30.89                  3.964370                       0.000000                        6.186644                 14.497910                   24.648924                
-4.19       106.98       9.79                 32.22                  3.971891                       0.000000                        6.268851                 14.554080                   24.794822                
-4.75       107.48       12.91                37.00                  3.975776                       0.000000                        6.451097                 12.253864                   22.680737                
-5.21       108.22       14.45                39.15                  4.114676                       0.000000                        6.501213                 11.215940                   21.831830                
-5.67       108.96       19.82                45.84                  4.120709                       0.000000                        6.668374                 11.193274                   21.982357                
-6.13       109.70       21.65                47.91                  4.129730                       0.000000                        6.730014                 11.377695                   22.237439                
-6.37       110.38       22.86                49.23                  4.138925                       0.000000                        6.762477                 11.255422                   22.156824                
-6.61       111.07       23.97                50.42                  4.075889                       0.000000                        6.788439                 11.064250                   21.928579                
-6.85       111.76       25.95                52.45                  4.081408                       0.000000                        6.798997                 10.749975                   21.630380                
====================Subduction_Zone_39====================
62.47       160.40       37.86                63.36                  3.906112                       0.000000                        7.683325                 4.609121                    16.198558                
62.22       159.48       37.92                63.42                  3.905994                       0.000000                        7.688502                 4.600568                    16.195064                
61.98       158.56       37.76                63.28                  3.905851                       0.000000                        7.657434                 4.670082                    16.233367                
61.73       157.64       37.60                63.14                  3.905837                       0.000000                        7.647087                 4.777751                    16.330675                
61.49       156.72       37.43                63.00                  3.905837                       0.000000                        7.652263                 4.836192                    16.394292                
61.24       155.80       37.25                62.85                  3.905851                       0.000000                        7.637481                 4.843563                    16.386895                
60.99       154.88       37.07                62.70                  3.905861                       0.000000                        7.617531                 4.951688                    16.475081                
60.75       153.96       37.24                62.84                  3.905889                       0.000000                        7.626662                 4.909322                    16.441873                
60.49       153.13       37.26                62.86                  3.905871                       0.000000                        7.627804                 4.885458                    16.419134                
60.24       152.29       37.27                62.87                  3.905873                       0.000000                        7.636457                 4.877707                    16.420037                
59.98       151.46       37.27                62.87                  3.905908                       0.000000                        7.628207                 4.957948                    16.492064                
59.76       150.61       37.21                62.81                  3.905962                       0.000000                        7.624811                 4.921429                    16.452202                
59.54       149.76       37.29                62.89                  3.905995                       0.000000                        7.633850                 4.860406                    16.400250                
59.32       148.91       37.20                62.81                  3.906188                       0.000000                        7.624487                 4.916479                    16.447154                
59.10       148.05       36.95                62.60                  3.906264                       0.000000                        7.611480                 5.075774                    16.593518                
58.88       147.20       36.70                62.38                  3.906413                       0.000000                        7.606155                 5.091910                    16.604478                
58.62       146.33       36.76                62.43                  3.906536                       0.000000                        7.610493                 7.255340                    18.772369                
58.37       145.45       24.92                51.41                  3.903731                       0.000000                        6.792003                 8.747049                    19.442782                
58.17       144.57       24.76                51.24                  3.903715                       0.000000                        6.790655                 10.248512                   20.942882                
57.96       143.69       24.76                51.25                  3.903718                       0.000000                        6.790713                 10.264060                   20.958491                
57.86       142.95       24.54                51.01                  3.903765                       0.000000                        6.788240                 10.362168                   21.054173                
57.76       142.22       24.31                50.77                  3.903765                       0.000000                        6.786586                 10.458801                   21.149151                
====================Subduction_Zone_40====================
56.51       -175.13      44.76                68.89                  3.996407                       0.000000                        8.567836                 3.945101                    16.509344                
56.56       -175.86      44.92                69.02                  3.995619                       0.000000                        8.584342                 3.916929                    16.496889                
56.60       -176.59      44.71                68.86                  3.994923                       0.000000                        8.598006                 3.875700                    16.468630                
56.65       -177.33      44.54                68.73                  3.983423                       0.000000                        8.573271                 3.787125                    16.343819                
57.00       179.20       43.48                67.90                  4.004092                       0.000000                        8.458454                 3.510752                    15.973298                
57.23       178.28       42.90                67.45                  3.999719                       0.000000                        8.328213                 3.459965                    15.787898                
57.46       177.36       42.32                66.99                  3.996275                       0.000000                        8.246087                 3.494433                    15.736795                
57.68       176.43       41.63                66.44                  3.980708                       0.000000                        8.128833                 3.573737                    15.683278                
57.91       175.51       40.89                65.85                  3.958982                       0.000000                        8.023581                 3.892058                    15.874621                
58.13       174.59       40.10                65.21                  3.868327                       0.000000                        7.902820                 3.970156                    15.741304                
58.40       173.70       40.18                65.28                  3.841804                       0.000000                        7.913961                 4.242838                    15.998603                
58.67       172.81       39.65                64.84                  3.831947                       0.000000                        7.898264                 4.173279                    15.903490                
58.94       171.92       39.48                64.71                  3.831489                       0.000000                        7.820476                 4.341897                    15.993862                
59.21       171.03       39.35                64.60                  3.822946                       0.000000                        7.830098                 4.341026                    15.994071                
59.48       170.14       38.98                64.29                  3.822719                       0.000000                        7.758829                 4.576064                    16.157612                
59.75       169.26       38.56                63.95                  3.822536                       0.000000                        7.721216                 4.773691                    16.317443                
60.03       168.37       38.13                63.59                  3.822303                       0.000000                        7.684137                 4.870334                    16.376774                
60.32       167.49       37.69                63.22                  3.822085                       0.000000                        7.652828                 5.036740                    16.511652                
60.61       166.61       37.25                62.85                  3.821881                       0.000000                        7.627072                 5.162752                    16.611705                
60.90       165.73       36.81                62.48                  3.821691                       0.000000                        7.604297                 5.319915                    16.745902                
61.19       164.85       36.36                62.10                  3.821513                       0.000000                        7.584721                 5.340690                    16.746924                
61.48       163.97       35.91                61.71                  3.825387                       0.000000                        7.581714                 5.483637                    16.890739                
61.73       163.07       37.12                62.74                  3.863923                       0.000000                        7.623526                 4.796547                    16.283996                
61.97       162.18       38.19                63.64                  3.906228                       0.000000                        7.688835                 4.593827                    16.188890                
62.22       161.29       37.94                63.43                  3.906048                       0.000000                        7.677266                 4.608575                    16.191890                
62.47       160.40       37.86                63.36                  3.906112                       0.000000                        7.683325                 4.609121                    16.198558                
====================Subduction_Zone_41====================
-40.12      173.03       77.53                90.67                  4.144681                       0.000000                        7.897167                 7.823874                    19.865722                
-41.06      173.22       79.18                91.64                  4.135276                       0.000000                        8.071375                 7.251012                    19.457663                
-41.93      173.31       77.74                90.80                  4.134223                       0.000000                        7.914158                 10.384586                   22.432968                
-42.81      173.40       75.39                89.42                  4.107452                       0.000000                        7.854146                 13.871841                   25.833439                
-43.69      173.50       74.35                88.80                  4.110256                       0.000000                        7.913575                 14.896446                   26.920277                
-44.56      173.59       73.62                88.36                  4.080109                       0.000000                        7.905371                 16.119457                   28.104936                
-45.45      173.87       73.61                88.35                  4.075348                       0.000000                        7.975725                 18.195404                   30.246476                
-46.33      174.14       75.66                89.57                  4.001583                       0.000000                        7.849440                 20.121654                   31.972676                
-47.00      174.56       79.56                91.85                  3.937776                       0.000000                        8.304524                 23.758883                   36.001182                
====================Subduction_Zone_42====================
-32.59      168.16       53.97                75.65                  4.828801                       0.000000                        8.665043                 1.998753                    15.492597                
-33.28      168.77       57.97                78.40                  4.799544                       0.000000                        8.789831                 2.920109                    16.509484                
-34.21      169.21       63.62                82.14                  4.815386                       0.000000                        8.695672                 5.467114                    18.978171                
-35.13      169.65       69.05                85.57                  4.455702                       0.000000                        8.440334                 8.699861                    21.595897                
-36.06      170.09       70.89                86.70                  4.247891                       0.000000                        8.267178                 9.832265                    22.347334                
-36.76      170.48       71.54                87.10                  4.222367                       0.000000                        8.197576                 9.929233                    22.349176                
-37.45      170.86       72.19                87.50                  4.193995                       0.000000                        8.143858                 9.928463                    22.266317                
-38.30      171.45       74.13                88.66                  4.173827                       0.000000                        7.928477                 9.815910                    21.918214                
-39.16      172.03       75.52                89.49                  4.159647                       0.000000                        7.851008                 9.328991                    21.339645                
-40.12      173.03       77.53                90.67                  4.144681                       0.000000                        7.897167                 7.823874                    19.865722                
====================Subduction_Zone_43====================
-10.85      146.50       107.60               106.82                 4.013255                       0.000000                        9.706420                 1.984524                    15.704199                
-11.12      147.19       106.89               106.47                 4.012669                       0.000000                        9.691827                 2.020523                    15.725019                
-11.55      148.15       105.80               105.93                 4.012032                       0.000000                        9.663529                 2.567767                    16.243328                
-12.22      149.05       103.01               104.52                 4.437366                       0.000000                        9.559722                 4.065397                    18.062485                
-12.90      149.95       99.99                102.97                 4.439415                       0.000000                        9.458053                 6.273448                    20.170916                
-13.55      150.80       97.01                101.42                 4.295859                       0.000000                        9.275099                 8.003989                    21.574947                
-14.19      151.66       95.25                100.50                 4.105198                       0.000000                        9.198350                 9.823081                    23.126630                
-14.71      152.07       93.95                99.82                  4.099739                       0.000000                        9.147071                 12.394450                   25.641260                
-15.23      152.48       92.69                99.14                  4.094438                       0.000000                        9.100889                 13.169999                   26.365326                
-16.07      153.27       90.64                98.04                  4.084407                       0.000000                        9.035971                 12.621731                   25.742108                
-16.28      153.82       90.08                97.74                  4.077414                       0.000000                        9.020183                 12.002222                   25.099819                
-16.49      154.37       89.53                97.44                  4.012364                       0.000000                        9.006303                 11.337046                   24.355713                
-16.55      155.14       89.33                97.33                  3.960001                       0.000000                        9.000599                 11.209872                   24.170472                
-16.61      155.91       89.14                97.23                  3.923653                       0.000000                        8.995590                 11.134280                   24.053523                
-16.97      156.62       88.55                96.90                  3.919584                       0.000000                        8.980398                 10.431751                   23.331733                
-17.33      157.34       87.95                96.57                  3.915009                       0.000000                        8.964757                 9.706615                    22.586381                
-17.49      157.94       87.64                96.40                  3.911962                       0.000000                        8.957152                 9.381627                    22.250741                
-17.65      158.54       87.33                96.23                  3.906121                       0.000000                        8.956333                 9.140055                    22.002509                
-18.08      159.05       86.64                95.85                  3.901020                       0.000000                        8.925051                 8.610531                    21.436602                
-18.19      159.61       86.41                95.73                  3.900125                       0.000000                        8.916537                 8.555270                    21.371932                
-18.30      160.17       86.18                95.60                  3.899268                       0.000000                        8.906920                 8.114341                    20.920528                
-18.60      160.83       85.68                95.32                  3.898327                       0.000000                        8.883760                 7.672188                    20.454275                
-19.21      161.38       84.75                94.80                  3.898164                       0.000000                        8.825288                 7.054576                    19.778028                
-19.83      161.93       84.01                94.39                  3.937782                       0.000000                        8.766702                 5.945173                    18.649657                
-20.60      162.79       82.98                93.81                  4.200098                       0.000000                        8.654836                 5.425147                    18.280082                
-21.55      163.21       81.75                93.11                  4.683742                       0.000000                        8.483768                 4.689869                    17.857380                
-22.13      163.67       81.06                92.71                  4.792322                       0.000000                        8.371925                 4.580700                    17.744946                
-22.71      164.14       80.34                92.30                  4.924666                       2.060312                        8.256079                 4.574786                    19.815843                
-23.24      164.56       79.88                92.04                  5.083776                       2.537614                        8.183689                 4.662553                    20.467632                
-23.77      164.98       79.37                91.74                  5.279638                       3.026747                        8.105087                 5.635929                    22.047401                
-24.70      165.41       72.82                87.88                  5.226061                       2.892293                        8.057202                 9.018021                    25.193578                
-25.63      165.84       67.22                84.43                  4.386501                       0.000000                        8.544518                 8.225299                    21.156319                
-26.30      166.07       64.08                82.44                  4.374857                       0.000000                        8.676274                 6.326497                    19.377628                
-26.98      166.31       61.06                80.47                  4.364263                       0.000000                        8.792676                 4.473061                    17.630000                
-27.96      166.81       56.91                77.69                  4.353731                       0.000000                        8.755045                 2.433645                    15.542421                
-28.63      167.04       54.15                75.78                  4.343515                       0.000000                        8.666542                 1.951575                    14.961632                
-29.42      167.55       51.02                73.56                  4.339496                       0.000000                        8.722631                 2.168684                    15.230810                
-30.09      167.73       48.46                71.69                  4.328599                       0.000000                        8.764419                 2.957081                    16.050099                
-30.77      167.92       46.00                69.84                  4.318730                       0.000000                        8.673871                 3.956318                    16.948919                
-31.50      168.05       47.42                70.91                  4.729247                       0.000000                        8.742485                 3.630773                    17.102504                
-32.23      168.19       51.65                74.01                  4.784672                       0.000000                        8.702918                 2.248864                    15.736454                
-32.59      168.16       53.97                75.65                  4.828801                       0.000000                        8.665043                 1.998753                    15.492597                
====================Subduction_Zone_44====================
-7.06       146.85       100.42               103.19                 4.029128                       0.000000                        9.436571                 5.329748                    18.795446                
-6.35       147.52       99.91                102.93                 4.041690                       0.000000                        9.412704                 6.101276                    19.555669                
-5.64       148.19       99.44                102.69                 4.054902                       0.000000                        9.389445                 8.010899                    21.455247                
-4.93       148.86       99.51                102.72                 4.058337                       0.000000                        9.391563                 4.726969                    18.176869                
-3.94       149.54       96.49                101.16                 4.080487                       0.000000                        9.254655                 8.205537                    21.540679                
-2.95       150.21       96.50                101.16                 4.129544                       0.000000                        9.252681                 9.139141                    22.521366                
-2.18       150.68       94.07                99.88                  4.134803                       0.000000                        9.152534                 10.553984                   23.841321                
-1.42       151.15       91.63                98.57                  4.157870                       0.000000                        9.066722                 11.116176                   24.340769                
-0.66       151.61       89.02                97.16                  4.167593                       0.000000                        8.992927                 9.057763                    22.218283                
0.10        152.08       88.22                96.72                  4.164376                       0.000000                        8.970960                 8.770600                    21.905936                
1.06        152.32       88.27                96.75                  4.151591                       0.000000                        8.971971                 9.211843                    22.335405                
====================Subduction_Zone_45====================
1.06        152.32       88.27                96.75                  4.151591                       0.000000                        8.971971                 9.211843                    22.335405                
1.88        151.70       79.77                91.97                  4.191896                       0.000000                        8.176469                 5.184350                    17.552715                
2.70        151.09       71.27                86.94                  4.238205                       0.000000                        8.222472                 8.512469                    20.973145                
3.51        150.47       64.39                82.63                  4.276363                       0.000000                        8.647851                 6.120394                    19.044608                
4.12        150.12       70.60                86.53                  4.180204                       0.000000                        8.281390                 7.276484                    19.738078                
4.73        149.77       76.90                90.31                  4.103554                       0.000000                        7.911399                 6.620885                    18.635838                
5.29        148.89       84.84                94.85                  4.032762                       0.000000                        8.776347                 7.867506                    20.676615                
5.77        148.24       76.13                89.85                  4.026096                       0.000000                        8.325273                 7.769390                    20.120760                
6.32        147.90       75.69                89.59                  4.047874                       0.000000                        7.934807                 7.743216                    19.725897                
6.86        147.56       72.02                87.39                  4.046531                       0.000000                        7.887328                 7.293095                    19.226955                
7.46        147.39       71.54                87.10                  4.094129                       0.000000                        7.899455                 8.651186                    20.644771                
8.05        147.22       68.24                85.07                  4.120691                       0.000000                        8.473792                 8.855638                    21.450121                
8.98        146.83       48.07                71.40                  4.068450                       0.000000                        8.707180                 2.377440                    15.153069                
9.94        146.04       38.80                64.14                  4.018333                       0.000000                        7.744004                 4.480425                    16.242762                
10.82       145.20       36.98                62.63                  4.017477                       0.000000                        7.613082                 5.131904                    16.762463                
11.80       144.62       34.94                60.87                  4.020216                       0.000000                        7.517297                 5.597946                    17.135459                
12.35       144.32       33.73                59.81                  3.962316                       0.000000                        7.436211                 6.149860                    17.548387                
12.91       144.01       32.68                58.87                  3.948664                       0.000000                        7.323857                 6.791305                    18.063826                
13.57       143.73       31.45                57.75                  3.946344                       0.000000                        7.182896                 7.574191                    18.703431                
14.23       143.45       30.22                56.61                  3.946255                       0.000000                        7.023827                 8.479399                    19.449482                
15.20       143.10       28.45                54.93                  3.942440                       0.000000                        6.868339                 9.230454                    20.041233                
15.71       142.89       27.51                54.01                  3.941524                       0.000000                        6.826180                 9.578249                    20.345953                
16.22       142.67       26.57                53.09                  3.940578                       0.000000                        6.805337                 9.721632                    20.467547                
16.90       142.36       25.33                51.83                  3.939405                       0.000000                        6.794777                 10.172846                   20.907028                
17.58       142.05       24.08                50.54                  3.938179                       0.000000                        6.784004                 10.210303                   20.932487                
18.20       141.70       29.02                55.47                  3.957083                       0.000000                        6.915708                 9.426753                    20.299544                
18.82       141.36       30.63                56.99                  3.961537                       0.000000                        7.075785                 7.328321                    18.365644                
19.46       140.92       31.79                58.07                  3.964599                       0.000000                        7.215378                 6.830397                    18.010373                
20.11       140.49       32.99                59.14                  3.967799                       0.000000                        7.348789                 6.623282                    17.939870                
21.02       139.76       33.99                60.04                  3.974658                       0.000000                        7.534457                 5.684453                    17.193568                
21.88       139.24       36.13                61.90                  3.976375                       0.000000                        7.575003                 5.289161                    16.840539                
22.74       138.72       34.02                60.07                  3.974520                       0.000000                        7.452446                 5.608997                    17.035963                
23.53       138.19       33.54                59.64                  3.982735                       0.000000                        7.475222                 6.242087                    17.700044                
24.32       137.66       35.67                61.50                  3.990155                       0.000000                        7.551139                 5.481595                    17.022890                
25.10       137.13       37.24                62.85                  4.002359                       0.000000                        7.630980                 5.044476                    16.677815                
25.92       136.45       38.54                63.93                  4.015019                       0.000000                        7.724458                 4.239425                    15.978902                
26.75       135.76       38.93                64.25                  4.036014                       0.000000                        7.834831                 3.996849                    15.867693                
27.57       135.08       38.71                64.07                  4.054523                       0.000000                        7.737196                 4.449536                    16.241255                
28.35       134.26       38.78                64.13                  3.951018                       0.000000                        7.748691                 4.467926                    16.167635                
29.13       133.45       38.89                64.22                  3.993763                       0.000000                        7.753457                 4.470455                    16.217675                
29.92       132.63       37.52                63.08                  3.995308                       0.000000                        7.642618                 4.898884                    16.536810                
30.58       131.64       35.60                61.44                  4.001868                       0.000000                        7.550721                 5.435225                    16.987814                
31.24       130.66       33.71                59.79                  4.007764                       0.000000                        7.427951                 5.922631                    17.358346                
31.90       129.68       31.85                58.11                  4.012882                       0.000000                        7.224235                 7.431718                    18.668835                
32.61       129.08       30.83                57.18                  4.001580                       0.000000                        7.096156                 8.491577                    19.589314                
33.32       128.47       29.83                56.24                  3.988933                       0.000000                        6.981803                 8.914012                    19.884748                
34.03       127.87       28.85                55.31                  3.949559                       0.000000                        6.895123                 9.153994                    19.998676                
34.63       127.13       28.36                54.84                  3.948543                       0.000000                        6.862024                 9.380716                    20.191283                
35.24       126.39       27.31                53.81                  3.949857                       0.000000                        6.824860                 9.526773                    20.301490                
====================Subduction_Zone_46====================
57.76       142.22       24.31                50.77                  3.903765                       0.000000                        6.786586                 10.458801                   21.149151                
56.78       141.76       24.85                51.34                  3.903872                       0.000000                        6.791425                 10.316719                   21.012016                
55.80       141.31       25.70                52.20                  3.904027                       0.000000                        6.796769                 10.226782                   20.927578                
54.93       140.98       19.00                44.88                  3.921060                       0.000000                        6.640565                 10.670064                   21.231689                
54.07       140.65       19.81                45.83                  3.921362                       0.000000                        6.668731                 10.810138                   21.400231                
53.20       140.31       20.61                46.75                  3.921721                       0.000000                        6.696520                 10.904959                   21.523201                
52.34       139.98       21.41                47.65                  3.922139                       0.000000                        6.722729                 10.907356                   21.552223                
51.61       139.62       22.02                48.32                  3.922560                       0.000000                        6.741170                 10.868300                   21.532030                
50.89       139.25       22.62                48.98                  3.923021                       0.000000                        6.757111                 10.825398                   21.505530                
50.08       138.77       23.25                49.65                  3.923626                       0.000000                        6.770775                 10.649835                   21.344237                
49.27       138.30       23.99                50.44                  3.924215                       0.000000                        6.782846                 10.458259                   21.165320                
48.43       137.76       24.59                51.07                  3.925136                       0.000000                        6.791152                 10.333035                   21.049323                
47.60       137.22       25.45                51.95                  3.925654                       0.000000                        6.795487                 9.997348                    20.718490                
46.87       136.78       26.56                53.07                  3.925405                       0.000000                        6.812848                 9.868101                    20.606354                
46.15       136.34       27.29                53.80                  3.925854                       0.000000                        6.826176                 9.657610                    20.409640                
45.62       135.97       27.55                54.05                  3.925902                       0.000000                        6.831800                 9.587729                    20.345431                
45.09       135.60       28.25                54.74                  3.926493                       0.000000                        6.870063                 9.405364                    20.201920                
44.19       134.88       29.57                56.00                  3.927448                       0.000000                        6.955520                 9.146514                    20.029483                
43.28       134.16       30.04                56.44                  3.931139                       0.000000                        7.019976                 8.783008                    19.734122                
42.63       133.62       27.84                54.34                  3.929394                       0.000000                        6.847483                 9.219687                    19.996564                
41.97       133.08       27.37                53.88                  3.930393                       0.000000                        6.821918                 9.597275                    20.349587                
41.31       132.49       27.06                53.57                  3.932045                       0.000000                        6.814053                 9.731570                    20.477668                
40.65       131.89       26.68                53.19                  3.933869                       0.000000                        6.810496                 9.698419                    20.442783                
40.00       131.21       26.80                53.31                  3.935352                       0.000000                        6.812791                 9.690004                    20.438147                
39.35       130.53       26.90                53.41                  3.936897                       0.000000                        6.810627                 9.683012                    20.430536                
38.58       129.74       27.03                53.54                  3.939216                       0.000000                        6.813195                 9.643830                    20.396241                
37.93       128.91       26.97                53.48                  3.941507                       0.000000                        6.812073                 9.677723                    20.431303                
37.14       128.13       27.09                53.59                  3.944171                       0.000000                        6.814581                 9.665416                    20.424168                
36.26       127.32       27.25                53.75                  3.947646                       0.000000                        6.824402                 9.511628                    20.283676                
35.39       126.52       27.33                53.84                  3.951769                       0.000000                        6.820797                 9.527275                    20.299841                
35.24       126.39       27.31                53.81                  3.949857                       0.000000                        6.824860                 9.526773                    20.301490                
====================Subduction_Zone_47====================
1.06        152.32       88.27                96.75                  4.151591                       0.000000                        8.971971                 9.211843                    22.335405                
1.88        151.70       79.77                91.97                  4.191896                       0.000000                        8.176469                 5.184350                    17.552715                
2.70        151.09       71.27                86.94                  4.238205                       0.000000                        8.222472                 8.512469                    20.973145                
3.51        150.47       64.39                82.63                  4.276363                       0.000000                        8.647851                 6.120394                    19.044608                
4.12        150.12       70.60                86.53                  4.180204                       0.000000                        8.281390                 7.276484                    19.738078                
4.73        149.77       76.90                90.31                  4.103554                       0.000000                        7.911399                 6.620885                    18.635838                
5.02        149.31       82.12                93.32                  4.054173                       0.000000                        8.525443                 7.347435                    19.927051                
====================Subduction_Zone_48====================
-6.40       147.48       99.97                102.96                 4.040777                       0.000000                        9.415251                 5.263625                    18.719654                
-5.66       148.17       99.46                102.70                 4.054437                       0.000000                        9.391076                 7.582120                    21.027633                
-4.93       148.86       99.51                102.72                 4.058337                       0.000000                        9.391563                 4.726969                    18.176869                
-3.94       149.54       96.49                101.16                 4.080487                       0.000000                        9.254655                 8.205537                    21.540679                
-2.95       150.21       96.50                101.16                 4.129544                       0.000000                        9.252681                 9.139141                    22.521366                
-2.18       150.68       94.07                99.88                  4.134803                       0.000000                        9.152534                 10.553984                   23.841321                
-1.42       151.15       91.63                98.57                  4.157870                       0.000000                        9.066722                 11.116176                   24.340769                
-0.66       151.61       89.02                97.16                  4.167593                       0.000000                        8.992927                 9.057763                    22.218283                
0.10        152.08       88.22                96.72                  4.164376                       0.000000                        8.970960                 8.770600                    21.905936                
1.06        152.32       88.27                96.75                  4.151591                       0.000000                        8.971971                 9.211843                    22.335405                
====================Subduction_Zone_49====================
-3.88       106.71       9.00                 30.89                  3.967688                       0.000000                        6.186644                 14.530854                   24.685185                
-4.75       107.48       12.91                37.00                  3.975776                       0.000000                        6.451097                 12.253864                   22.680737                
-5.21       108.22       14.45                39.15                  4.114676                       0.000000                        6.501213                 11.215940                   21.831830                
-5.67       108.96       19.82                45.84                  4.120709                       0.000000                        6.668374                 11.193274                   21.982357                
-6.13       109.70       21.65                47.91                  4.129730                       0.000000                        6.730014                 11.377695                   22.237439                
-6.37       110.38       22.86                49.23                  4.138925                       0.000000                        6.762477                 11.255422                   22.156824                
-6.61       111.07       23.97                50.42                  4.075889                       0.000000                        6.788439                 11.064250                   21.928579                
-6.85       111.76       25.95                52.45                  4.081408                       0.000000                        6.798997                 10.749975                   21.630380                
====================Subduction_Zone_50====================
2.90        116.28       15.83                40.98                  4.334082                       0.000000                        6.539452                 10.813217                   21.686751                
2.71        115.54       15.34                40.34                  4.330950                       0.000000                        6.539764                 10.813217                   21.683931                
2.53        114.80       15.42                40.44                  4.331847                       0.000000                        6.529673                 10.792643                   21.654164                
2.34        114.05       15.75                40.86                  4.330717                       0.000000                        6.524603                 10.798000                   21.653320                
2.58        113.26       15.32                40.31                  4.325597                       0.000000                        6.525202                 10.854599                   21.705397                
2.82        112.47       14.45                39.15                  4.279487                       0.000000                        6.500449                 11.048825                   21.828761                
3.07        111.67       13.84                38.31                  4.237944                       0.000000                        6.482374                 11.230941                   21.951258                
3.65        111.20       13.36                37.64                  4.205486                       0.000000                        6.467725                 11.565854                   22.239065                
4.23        110.73       13.26                37.50                  4.174861                       0.000000                        6.468625                 11.645801                   22.289288                
4.83        110.44       12.83                36.89                  4.108002                       0.000000                        6.449482                 12.572145                   23.129629                
5.44        110.15       12.02                35.71                  4.097240                       0.000000                        6.417042                 13.921703                   24.435985                
6.14        109.99       11.09                34.30                  4.081408                       0.000000                        6.386449                 14.325033                   24.792890                
6.66        109.49       12.06                35.76                  4.098262                       0.000000                        6.418404                 14.316365                   24.833031                
7.17        108.98       11.35                34.69                  4.090502                       0.000000                        6.382868                 14.126907                   24.600277                
====================Subduction_Zone_51====================
5.02        149.31       82.12                93.32                  4.054173                       0.000000                        8.525443                 7.347435                    19.927051                
5.29        148.89       84.84                94.85                  4.032762                       0.000000                        8.776347                 7.867506                    20.676615                
5.77        148.24       76.13                89.85                  4.026096                       0.000000                        8.325273                 7.769390                    20.120760                
6.32        147.90       75.69                89.59                  4.047874                       0.000000                        7.934807                 7.743216                    19.725897                
6.86        147.56       72.02                87.39                  4.046531                       0.000000                        7.887328                 7.293095                    19.226955                
7.46        147.39       71.54                87.10                  4.094129                       0.000000                        7.899455                 8.651186                    20.644771                
8.05        147.22       68.24                85.07                  4.120691                       0.000000                        8.473792                 8.855638                    21.450121                
8.98        146.83       48.07                71.40                  4.068450                       0.000000                        8.707180                 2.377440                    15.153069                
9.94        146.04       38.80                64.14                  4.018333                       0.000000                        7.744004                 4.480425                    16.242762                
10.82       145.20       36.98                62.63                  4.017477                       0.000000                        7.613082                 5.131904                    16.762463                
11.80       144.62       34.94                60.87                  4.020216                       0.000000                        7.517297                 5.597946                    17.135459                
12.35       144.32       33.73                59.81                  3.962316                       0.000000                        7.436211                 6.149860                    17.548387                
12.91       144.01       32.68                58.87                  3.948664                       0.000000                        7.323857                 6.791305                    18.063826                
13.57       143.73       31.45                57.75                  3.946344                       0.000000                        7.182896                 7.574191                    18.703431                
14.23       143.45       30.22                56.61                  3.946255                       0.000000                        7.023827                 8.479399                    19.449482                
15.20       143.10       28.45                54.93                  3.942440                       0.000000                        6.868339                 9.230454                    20.041233                
15.71       142.89       27.51                54.01                  3.941524                       0.000000                        6.826180                 9.578249                    20.345953                
16.22       142.67       26.57                53.09                  3.940578                       0.000000                        6.805337                 9.721632                    20.467547                
16.90       142.36       25.33                51.83                  3.939405                       0.000000                        6.794777                 10.172846                   20.907028                
17.58       142.05       24.08                50.54                  3.938179                       0.000000                        6.784004                 10.210303                   20.932487                
18.20       141.70       29.02                55.47                  3.957083                       0.000000                        6.915708                 9.426753                    20.299544                
18.82       141.36       30.63                56.99                  3.961537                       0.000000                        7.075785                 7.328321                    18.365644                
19.46       140.92       31.79                58.07                  3.964599                       0.000000                        7.215378                 6.830397                    18.010373                
20.11       140.49       32.99                59.14                  3.967799                       0.000000                        7.348789                 6.623282                    17.939870                
21.02       139.76       33.99                60.04                  3.974658                       0.000000                        7.534457                 5.684453                    17.193568                
21.88       139.24       36.13                61.90                  3.976375                       0.000000                        7.575003                 5.289161                    16.840539                
22.74       138.72       34.02                60.07                  3.974520                       0.000000                        7.452446                 5.608997                    17.035963                
23.53       138.19       33.54                59.64                  3.982735                       0.000000                        7.475222                 6.242087                    17.700044                
24.32       137.66       35.67                61.50                  3.990155                       0.000000                        7.551139                 5.481595                    17.022890                
25.10       137.13       37.24                62.85                  4.002359                       0.000000                        7.630980                 5.044476                    16.677815                
25.92       136.45       38.54                63.93                  4.015019                       0.000000                        7.724458                 4.239425                    15.978902                
26.75       135.76       38.93                64.25                  4.036014                       0.000000                        7.834831                 3.996849                    15.867693                
27.57       135.08       38.71                64.07                  4.054523                       0.000000                        7.737196                 4.449536                    16.241255                
28.35       134.26       38.78                64.13                  3.951018                       0.000000                        7.748691                 4.467926                    16.167635                
29.13       133.45       38.89                64.22                  3.993763                       0.000000                        7.753457                 4.470455                    16.217675                
29.92       132.63       37.52                63.08                  3.995308                       0.000000                        7.642618                 4.898884                    16.536810                
30.58       131.64       35.60                61.44                  4.001868                       0.000000                        7.550721                 5.435225                    16.987814                
31.24       130.66       33.71                59.79                  4.007764                       0.000000                        7.427951                 5.922631                    17.358346                
31.90       129.68       31.85                58.11                  4.012882                       0.000000                        7.224235                 7.431718                    18.668835                
32.61       129.08       30.83                57.18                  4.001580                       0.000000                        7.096156                 8.491577                    19.589314                
33.32       128.47       29.83                56.24                  3.988933                       0.000000                        6.981803                 8.914012                    19.884748                
34.03       127.87       28.85                55.31                  3.949559                       0.000000                        6.895123                 9.153994                    19.998676                
34.63       127.13       28.36                54.84                  3.948543                       0.000000                        6.862024                 9.380716                    20.191283                
35.24       126.39       27.31                53.81                  3.949857                       0.000000                        6.824860                 9.526773                    20.301490                
====================Subduction_Zone_52====================
27.76       119.46       24.64                51.12                  3.926801                       0.000000                        6.789662                 10.259713                   20.976176                
28.06       120.03       24.98                51.47                  3.938537                       0.000000                        6.792453                 10.199228                   20.930218                
28.36       120.60       25.18                51.67                  3.945608                       0.000000                        6.793910                 10.180861                   20.920379                
29.16       121.46       25.64                52.15                  3.938901                       0.000000                        6.796620                 10.080810                   20.816331                
30.12       122.02       26.11                52.62                  3.934062                       0.000000                        6.799798                 9.945742                    20.679602                
31.07       122.57       26.21                52.72                  3.936700                       0.000000                        6.803233                 9.876047                    20.615979                
====================Subduction_Zone_53====================
35.24       126.39       27.31                53.81                  3.949857                       0.000000                        6.824860                 9.526773                    20.301490                
34.71       125.93       27.23                53.73                  3.947659                       0.000000                        6.822498                 9.494585                    20.264742                
34.18       125.47       27.20                53.71                  3.947453                       0.000000                        6.817308                 9.452806                    20.217567                
33.22       124.67       27.00                53.51                  3.942601                       0.000000                        6.816376                 9.680880                    20.439857                
32.25       123.88       26.85                53.36                  3.940187                       0.000000                        6.809124                 9.694684                    20.443996                
31.60       123.22       26.58                53.09                  3.937846                       0.000000                        6.805933                 9.783582                    20.527360                
31.07       122.57       26.21                52.72                  3.936700                       0.000000                        6.803233                 9.876047                    20.615979                
====================Subduction_Zone_54====================
-7.06       146.85       100.42               103.19                 4.029128                       0.000000                        9.436571                 5.329748                    18.795446                
-6.40       147.48       99.97                102.96                 4.040777                       0.000000                        9.415251                 5.263625                    18.719654                
====================Subduction_Zone_55====================
-3.59       126.28       7.02                 27.28                  4.289958                       0.000000                        6.214219                 10.095278                   20.599455                
-4.13       127.01       12.69                36.68                  4.355739                       0.000000                        6.477823                 11.331167                   22.164729                
-4.68       127.74       19.13                45.03                  4.422385                       0.000000                        6.645148                 11.239623                   22.307157                
-5.22       128.50       25.28                51.77                  4.501936                       0.000000                        6.794166                 10.832141                   22.128243                
-5.76       129.25       30.65                57.01                  4.616229                       0.000000                        7.075149                 9.179674                    20.871051                
-6.31       130.00       34.85                60.79                  4.742199                       0.000000                        7.507256                 6.557035                    18.806490                
-6.87       130.92       34.12                60.15                  4.854715                       0.414402                        7.467610                 5.718254                    18.454981                
-7.44       131.85       34.82                60.77                  4.872238                       1.877249                        7.530536                 5.503556                    19.783579                
-7.92       132.69       35.75                61.58                  4.887325                       1.934425                        7.556806                 5.486485                    19.865041                
-8.40       133.54       36.72                62.40                  4.900501                       1.975544                        7.600380                 5.178415                    19.654840                
-9.28       134.54       41.51                66.35                  4.918837                       2.041242                        8.119388                 3.941022                    19.020489                
-10.14      135.42       43.19                67.68                  4.817441                       0.153781                        8.373690                 3.681920                    17.026833                
-11.02      136.00       45.12                69.17                  4.944371                       2.126349                        8.601772                 3.894429                    19.566920                
-11.89      136.25       49.38                72.37                  4.737769                       0.273067                        8.760492                 2.335620                    16.106948                
-12.76      136.50       53.03                74.99                  4.717604                       0.000000                        8.669879                 2.012380                    15.399863                
-13.46      136.91       55.67                76.84                  4.723988                       0.000000                        8.705151                 2.174525                    15.603663                
-14.17      137.32       58.35                78.66                  4.730352                       0.000000                        8.802262                 2.945896                    16.478510                
-14.49      138.20       53.12                75.06                  4.741681                       0.000000                        8.669397                 2.203893                    15.614971                
-14.81      139.07       53.08                75.03                  4.753620                       0.000000                        8.668206                 2.005798                    15.427625                
-15.13      139.94       53.07                75.02                  4.766088                       0.000000                        8.670136                 2.002429                    15.438652                
-15.34      140.66       40.53                65.56                  4.692662                       0.000000                        7.977283                 4.490962                    17.160908                
-15.56      141.38       30.92                57.27                  4.564920                       0.000000                        7.095242                 9.014139                    20.674301                
-15.77      142.09       22.15                48.47                  4.465949                       0.000000                        6.753973                 11.172159                   22.392080                
-15.91      143.09       27.08                53.59                  4.233307                       0.000000                        6.843516                 10.671461                   21.748284                
-16.04      144.09       21.25                47.48                  4.260054                       0.000000                        6.714905                 11.017099                   21.992057                
-16.10      144.81       17.73                43.36                  4.283210                       0.000000                        6.601926                 11.111268                   21.996404                
====================Subduction_Zone_56====================
8.69        87.21        61.59                80.81                  3.891432                       0.000000                        8.776669                 9.996839                    22.664940                
8.05        88.01        60.44                80.06                  3.891449                       0.000000                        8.799871                 7.364559                    20.055879                
7.41        88.81        59.03                79.12                  3.891328                       0.000000                        8.813003                 4.387933                    17.092265                
6.97        89.63        53.38                75.24                  3.889749                       0.000000                        8.692863                 3.474153                    16.056765                
6.53        90.45        47.30                70.82                  3.893907                       0.000000                        8.733890                 4.588014                    17.215811                
6.10        91.28        41.34                66.21                  3.905151                       0.000000                        7.980777                 5.062742                    16.948670                
5.78        92.03        36.81                62.48                  3.893513                       0.000000                        7.604491                 6.170973                    17.668977                
5.46        92.79        36.18                61.94                  3.922532                       0.000000                        7.551993                 6.360161                    17.834685                
5.14        93.55        34.29                60.30                  3.971639                       0.000000                        7.475107                 6.489374                    17.936120                
4.68        94.33        33.45                59.55                  3.934784                       0.000000                        7.381812                 6.933108                    18.249705                
4.21        95.10        32.98                59.14                  3.930196                       0.000000                        7.324583                 7.289693                    18.544472                
3.74        95.88        32.39                58.61                  3.917825                       0.000000                        7.159018                 9.728331                    20.805174                
3.28        96.66        22.98                49.36                  3.949294                       0.000000                        6.763835                 11.254608                   21.967737                
2.88        97.47        22.56                48.92                  3.934942                       0.000000                        6.747692                 11.337768                   22.020402                
2.47        98.28        19.72                45.73                  4.187074                       0.459951                        6.615737                 8.787719                    20.050482                
2.07        99.09        1.43                 12.29                  3.978655                       0.000000                        4.206408                 3.031935                    11.216997                
1.67        99.90        3.03                 17.94                  3.967717                       0.000000                        4.975020                 4.965586                    13.908322                
1.23        100.68       4.31                 21.37                  3.958923                       0.000000                        5.380544                 8.312797                    17.652263                
0.78        101.45       7.01                 27.26                  3.956797                       0.000000                        5.883145                 11.990408                   21.830350                
0.34        102.23       13.95                38.46                  3.939338                       0.000000                        6.485719                 11.601921                   22.026978                
-0.01       102.73       13.29                37.53                  3.970832                       0.000000                        6.465121                 12.819230                   23.255183                
-0.35       103.23       12.35                36.19                  3.966375                       0.000000                        6.414463                 13.470914                   23.851752                
-1.07       103.95       10.80                33.84                  3.968619                       0.000000                        6.349015                 14.437986                   24.755619                
-1.79       104.68       10.17                32.84                  3.963450                       0.000000                        6.292093                 14.600546                   24.856089                
-2.32       105.06       9.58                 31.87                  3.957408                       0.000000                        6.248076                 14.603297                   24.808782                
-2.86       105.45       9.00                 30.89                  3.956096                       0.000000                        6.186644                 14.508048                   24.650789                
-3.24       105.97       9.00                 30.89                  3.959701                       0.000000                        6.186644                 14.501921                   24.648266                
-3.63       106.48       9.00                 30.89                  3.964370                       0.000000                        6.186644                 14.497910                   24.648924                
-3.88       106.71       9.00                 30.89                  3.967688                       0.000000                        6.186644                 14.530854                   24.685185                
====================Subduction_Zone_57====================
2.90        116.28       15.83                40.98                  4.334082                       0.000000                        6.539452                 10.813217                   21.686751                
2.71        115.54       15.34                40.34                  4.330950                       0.000000                        6.539764                 10.813217                   21.683931                
2.53        114.80       15.42                40.44                  4.331847                       0.000000                        6.529673                 10.792643                   21.654164                
2.34        114.05       15.75                40.86                  4.330717                       0.000000                        6.524603                 10.798000                   21.653320                
2.58        113.26       15.32                40.31                  4.325597                       0.000000                        6.525202                 10.854599                   21.705397                
2.82        112.47       14.45                39.15                  4.279487                       0.000000                        6.500449                 11.048825                   21.828761                
3.07        111.67       13.84                38.31                  4.237944                       0.000000                        6.482374                 11.230941                   21.951258                
3.65        111.20       13.36                37.64                  4.205486                       0.000000                        6.467725                 11.565854                   22.239065                
4.23        110.73       13.26                37.50                  4.174861                       0.000000                        6.468625                 11.645801                   22.289288                
4.83        110.44       12.83                36.89                  4.108002                       0.000000                        6.449482                 12.572145                   23.129629                
5.44        110.15       12.02                35.71                  4.097240                       0.000000                        6.417042                 13.921703                   24.435985                
6.14        109.99       11.09                34.30                  4.081408                       0.000000                        6.386449                 14.325033                   24.792890                
6.66        109.49       12.06                35.76                  4.098262                       0.000000                        6.418404                 14.316365                   24.833031                
7.17        108.98       11.35                34.69                  4.090502                       0.000000                        6.382868                 14.126907                   24.600277                
====================Subduction_Zone_58====================
4.77        115.64       16.55                41.90                  4.239041                       0.000000                        6.561216                 10.741060                   21.541317                
5.45        116.62       17.95                43.62                  4.177159                       0.000000                        6.603653                 10.849880                   21.630692                
6.13        117.59       18.38                44.15                  4.108285                       0.000000                        6.620804                 10.905369                   21.634458                
6.70        118.52       20.66                46.81                  4.079402                       0.000000                        6.698243                 11.302799                   22.080444                
7.27        119.46       19.89                45.93                  4.038707                       0.000000                        6.671593                 11.248697                   21.958998                
7.84        120.39       20.57                46.70                  4.010701                       0.000000                        6.695050                 11.287904                   21.993655                
8.32        121.05       20.48                46.60                  3.990340                       0.000000                        6.691859                 11.297501                   21.979700                
====================Subduction_Zone_59====================
4.77        115.64       16.55                41.90                  4.239041                       0.000000                        6.561216                 10.741060                   21.541317                
5.45        116.62       17.95                43.62                  4.177159                       0.000000                        6.603653                 10.849880                   21.630692                
6.13        117.59       18.38                44.15                  4.108285                       0.000000                        6.620804                 10.905369                   21.634458                
6.70        118.52       20.66                46.81                  4.079402                       0.000000                        6.698243                 11.302799                   22.080444                
7.27        119.46       19.89                45.93                  4.038707                       0.000000                        6.671593                 11.248697                   21.958998                
7.84        120.39       20.57                46.70                  4.010701                       0.000000                        6.695050                 11.287904                   21.993655                
8.32        121.05       20.48                46.60                  3.990340                       0.000000                        6.691859                 11.297501                   21.979700                
====================Subduction_Zone_60====================
-60.97      -61.48       50.57                73.23                  4.885013                       1.745991                        8.577585                 7.100150                    22.308739                
-60.97      -61.51       52.27                74.45                  4.867446                       1.646875                        8.521501                 7.100150                    22.135972                
-60.92      -61.79       49.17                72.21                  4.791569                       1.133377                        8.225114                 7.100150                    21.250212                
-60.86      -62.10       50.25                73.00                  4.748185                       0.576478                        7.970710                 7.100150                    20.395524                
-60.78      -62.41       44.71                68.85                  4.841610                       1.638778                        8.537315                 8.850136                    23.867839                
-60.68      -62.86       34.75                60.71                  4.543833                       0.000000                        7.335366                 13.127531                   25.006731                
-60.57      -63.34       24.26                50.72                  4.476798                       0.000000                        6.764740                 15.912575                   27.154113                
-60.41      -64.02       13.43                37.74                  4.355195                       0.000000                        6.469836                 17.259596                   28.084626                
-60.30      -64.52       13.27                37.52                  4.359581                       0.000000                        6.464299                 17.011662                   27.835542                
-60.13      -65.01       11.51                34.93                  4.358919                       0.000000                        6.425303                 16.673897                   27.458120                
-60.04      -65.21       10.99                34.14                  4.354223                       0.000000                        6.360914                 16.668726                   27.383863                
-59.95      -65.40       10.52                33.41                  4.357695                       0.000000                        6.376178                 16.467640                   27.201514                
-59.83      -65.72       9.79                 32.23                  4.353113                       0.000000                        6.268120                 16.285264                   26.906498                
-59.73      -65.98       9.19                 31.22                  4.356493                       0.000000                        6.277604                 15.562409                   26.196506                
-59.57      -66.35       8.86                 30.65                  4.439920                       0.000000                        6.174216                 13.873811                   24.487947                
-59.42      -66.73       7.34                 27.90                  4.427438                       0.000000                        5.952966                 13.028057                   23.408462                
-59.27      -67.06       7.20                 27.63                  4.419729                       0.000000                        5.938771                 11.925891                   22.284391                
-59.14      -67.40       6.49                 26.23                  4.009587                       0.000000                        5.851034                 10.830368                   20.690989                
-58.99      -67.71       6.18                 25.61                  3.896043                       0.000000                        5.794095                 10.528922                   20.219060                
-58.89      -67.90       5.98                 25.18                  3.895750                       0.000000                        5.753521                 10.285943                   19.935214                
-58.64      -68.41       5.47                 24.08                  3.892917                       0.000000                        5.589713                 9.035971                    18.518601                
-58.26      -69.07       4.73                 22.40                  3.891726                       0.000000                        5.415605                 7.755657                    17.062988                
-58.03      -69.45       4.29                 21.34                  3.890930                       0.000000                        5.302642                 7.146993                    16.340566                
-57.67      -69.79       3.70                 19.82                  3.890697                       0.000000                        5.208268                 6.147938                    15.246904                
-57.60      -69.82       3.61                 19.56                  3.887929                       0.000000                        5.105507                 5.784549                    14.777985                
-57.23      -69.97       3.10                 18.13                  3.884611                       0.000000                        4.938158                 4.833081                    13.655850                
-56.87      -70.05       2.63                 16.71                  3.881132                       0.000000                        4.763638                 4.638463                    13.283233                
-56.50      -70.11       2.16                 15.15                  3.877462                       0.000000                        4.558845                 3.259425                    11.695731                
-56.17      -70.18       1.76                 13.66                  3.874360                       0.000000                        4.347418                 2.307746                    10.529524                
-56.05      -70.19       1.63                 13.13                  3.873229                       0.000000                        4.266632                 2.307746                    10.447607                
====================Subduction_Zone_61====================
-62.01      -65.27       14.66                39.43                  4.405878                       0.000000                        6.507611                 16.095713                   27.009202                
-61.93      -65.10       14.28                38.92                  4.421851                       0.000000                        6.497727                 15.734917                   26.654495                
-61.69      -64.16       17.78                43.43                  4.417632                       0.000000                        6.545149                 15.263642                   26.226423                
-61.44      -63.23       28.62                55.09                  4.546371                       0.000000                        8.204378                 9.630011                    22.380761                
-61.20      -62.29       47.47                70.95                  4.591512                       0.047332                        8.709801                 7.853493                    21.202139                
-60.97      -61.48       50.57                73.23                  4.885013                       1.745991                        8.577585                 7.100150                    22.308739                
====================Subduction_Zone_62====================
-70.41      -94.12       2.94                 17.67                  4.689796                       0.000000                        4.586171                 4.568303                    13.844270                
-70.29      -93.14       3.79                 20.04                  4.649256                       0.000000                        5.156656                 5.291526                    15.097438                
-70.17      -92.49       4.93                 22.86                  4.623765                       0.000000                        5.462683                 7.067442                    17.153890                
-70.06      -91.85       5.15                 23.37                  4.577947                       0.000000                        5.302993                 7.884251                    17.765192                
-70.00      -91.09       5.50                 24.15                  4.562915                       0.000000                        5.596750                 9.454310                    19.613975                
-69.94      -90.32       5.40                 23.94                  4.515336                       0.000000                        5.574453                 10.501755                   20.591543                
-69.88      -89.55       6.69                 26.64                  4.486282                       0.000000                        5.687358                 10.247538                   20.421179                
-69.83      -88.65       6.56                 26.38                  4.446298                       0.000000                        5.666519                 10.834880                   20.947696                
-69.78      -87.74       6.46                 26.17                  4.417003                       0.000000                        5.794948                 11.187261                   21.399211                
-69.56      -87.06       6.44                 26.13                  4.384391                       0.000000                        5.790699                 11.172495                   21.347585                
-69.34      -86.39       6.44                 26.12                  4.354998                       0.000000                        5.790177                 11.055686                   21.200861                
-68.97      -85.48       6.28                 25.80                  4.310825                       0.000000                        5.759383                 10.747259                   20.817467                
-68.59      -84.58       6.17                 25.57                  4.271322                       0.000000                        5.737991                 10.723840                   20.733153                
-68.22      -83.68       11.50                34.93                  4.494998                       0.000000                        6.350201                 14.705205                   25.550404                
-67.94      -82.84       11.68                35.20                  4.600536                       0.000000                        6.400051                 17.833950                   28.834537                
-67.65      -82.00       11.57                35.03                  4.583468                       0.000000                        6.358487                 17.758000                   28.699955                
-67.37      -81.16       11.13                34.36                  4.569943                       0.000000                        6.370050                 17.567871                   28.507864                
-67.03      -80.24       11.29                34.61                  4.554988                       0.000000                        6.379547                 17.446717                   28.381253                
-66.70      -79.31       11.47                34.87                  4.529318                       0.000000                        6.374492                 17.283082                   28.186892                
-66.40      -78.70       11.68                35.19                  4.230631                       0.000000                        6.400273                 17.265864                   27.896768                
-66.11      -78.08       12.56                36.50                  4.146170                       0.000000                        6.438972                 17.287361                   27.872503                
-65.75      -77.33       13.02                37.16                  4.157073                       0.000000                        6.456131                 17.494416                   28.107620                
-65.39      -76.58       12.09                35.80                  4.084856                       0.000000                        6.403669                 17.595155                   28.083680                
-65.00      -75.87       13.33                37.60                  4.040595                       0.000000                        6.449023                 17.558090                   28.047708                
-64.61      -75.15       13.25                37.48                  4.146814                       0.000000                        6.435090                 17.068764                   27.650668                
-64.41      -74.41       13.38                37.67                  3.925045                       0.000000                        6.431675                 17.083330                   27.440050                
-64.20      -73.67       13.47                37.80                  4.088084                       0.000000                        6.471089                 17.725544                   28.284718                
-64.04      -72.78       13.99                38.51                  4.048141                       0.000000                        6.482938                 17.947864                   28.478943                
-63.88      -71.89       13.99                38.51                  4.095795                       0.000000                        6.486633                 17.696061                   28.278489                
-63.72      -71.00       13.48                37.81                  4.121717                       0.000000                        6.483501                 19.211986                   29.817204                
-63.56      -70.45       13.65                38.04                  4.221644                       0.000000                        6.415368                 19.481404                   30.118415                
-63.40      -69.89       12.90                36.99                  4.270206                       0.000000                        6.434793                 18.561445                   29.266445                
-63.22      -69.28       12.50                36.41                  4.299914                       0.000000                        6.430657                 18.819715                   29.550287                
-63.04      -68.67       12.48                36.38                  4.333641                       0.000000                        6.445061                 18.007593                   28.786294                
-62.87      -67.96       12.02                35.70                  4.374407                       0.000000                        6.435680                 17.406091                   28.216179                
-62.70      -67.24       12.60                36.56                  4.396830                       0.000000                        6.415332                 17.597926                   28.410088                
-62.46      -66.59       13.06                37.21                  4.424540                       0.000000                        6.442088                 16.610888                   27.477515                
-62.21      -65.94       14.54                39.27                  4.404015                       0.000000                        6.498057                 16.610888                   27.512959                
-62.01      -65.27       14.66                39.43                  4.405878                       0.000000                        6.507611                 16.095713                   27.009202                
====================Subduction_Zone_63====================
14.55       -92.77       42.79                67.36                  3.769734                       0.000000                        8.293240                 3.488177                    15.551150                
13.98       -92.46       43.09                67.60                  3.765222                       0.000000                        8.362325                 3.485459                    15.613006                
13.41       -92.15       42.06                66.78                  3.964115                       0.000000                        8.129213                 3.470819                    15.564147                
12.69       -91.71       42.53                67.16                  3.799022                       0.000000                        8.250554                 3.492287                    15.541863                
11.97       -91.26       43.03                67.55                  3.791919                       0.000000                        8.352891                 3.524786                    15.669596                
11.26       -90.82       43.92                68.24                  3.774455                       0.000000                        8.491634                 3.829962                    16.096051                
10.36       -90.57       45.00                69.08                  3.758570                       0.000000                        8.592605                 3.942674                    16.293849                
9.46        -90.33       45.12                69.17                  3.758426                       0.000000                        8.603618                 3.975323                    16.337367                
8.73        -90.02       45.28                69.30                  3.758342                       0.000000                        8.618658                 4.010485                    16.387485                
8.00        -89.71       45.45                69.42                  3.758288                       0.000000                        8.632694                 4.045056                    16.436038                
7.26        -89.39       45.48                69.45                  3.758264                       0.000000                        8.635595                 4.086183                    16.480042                
6.54        -89.06       45.78                69.67                  3.758271                       0.000000                        8.659009                 4.166340                    16.583619                
====================Subduction_Zone_64====================
-10.85      146.50       107.60               106.82                 4.013255                       0.000000                        9.706420                 1.984524                    15.704199                
-11.12      147.19       106.89               106.47                 4.012669                       0.000000                        9.691827                 2.020523                    15.725019                
-11.55      148.15       105.80               105.93                 4.012032                       0.000000                        9.663529                 2.567767                    16.243328                
-12.22      149.05       103.01               104.52                 4.437366                       0.000000                        9.559722                 4.065397                    18.062485                
-12.90      149.95       99.99                102.97                 4.439415                       0.000000                        9.458053                 6.273448                    20.170916                
-13.55      150.80       97.01                101.42                 4.295859                       0.000000                        9.275099                 8.003989                    21.574947                
-14.19      151.66       95.25                100.50                 4.105198                       0.000000                        9.198350                 9.823081                    23.126630                
-14.71      152.07       93.95                99.82                  4.099739                       0.000000                        9.147071                 12.394450                   25.641260                
-15.23      152.48       92.69                99.14                  4.094438                       0.000000                        9.100889                 13.169999                   26.365326                
-16.07      153.27       90.64                98.04                  4.084407                       0.000000                        9.035971                 12.621731                   25.742108                
-16.28      153.82       90.08                97.74                  4.077414                       0.000000                        9.020183                 12.002222                   25.099819                
-16.49      154.37       89.53                97.44                  4.012364                       0.000000                        9.006303                 11.337046                   24.355713                
-16.55      155.14       89.33                97.33                  3.960001                       0.000000                        9.000599                 11.209872                   24.170472                
-16.61      155.91       89.14                97.23                  3.923653                       0.000000                        8.995590                 11.134280                   24.053523                
-16.97      156.62       88.55                96.90                  3.919584                       0.000000                        8.980398                 10.431751                   23.331733                
-17.33      157.34       87.95                96.57                  3.915009                       0.000000                        8.964757                 9.706615                    22.586381                
-17.49      157.94       87.64                96.40                  3.911962                       0.000000                        8.957152                 9.381627                    22.250741                
-17.65      158.54       87.33                96.23                  3.906121                       0.000000                        8.956333                 9.140055                    22.002509                
-18.08      159.05       86.64                95.85                  3.901020                       0.000000                        8.925051                 8.610531                    21.436602                
-18.19      159.61       86.41                95.73                  3.900125                       0.000000                        8.916537                 8.555270                    21.371932                
-18.30      160.17       86.18                95.60                  3.899268                       0.000000                        8.906920                 8.114341                    20.920528                
-18.60      160.83       85.68                95.32                  3.898327                       0.000000                        8.883760                 7.672188                    20.454275                
-19.21      161.38       84.75                94.80                  3.898164                       0.000000                        8.825288                 7.054576                    19.778028                
-19.83      161.93       84.01                94.39                  3.937782                       0.000000                        8.766702                 5.945173                    18.649657                
-20.60      162.79       82.98                93.81                  4.200098                       0.000000                        8.654836                 5.425147                    18.280082                
-21.55      163.21       81.75                93.11                  4.683742                       0.000000                        8.483768                 4.689869                    17.857380                
-22.13      163.67       81.06                92.71                  4.792322                       0.000000                        8.371925                 4.580700                    17.744946                
-22.71      164.14       80.34                92.30                  4.924666                       2.060312                        8.256079                 4.574786                    19.815843                
-23.24      164.56       79.88                92.04                  5.083776                       2.537614                        8.183689                 4.662553                    20.467632                
-23.77      164.98       79.37                91.74                  5.279638                       3.026747                        8.105087                 5.635929                    22.047401                
-24.70      165.41       72.82                87.88                  5.226061                       2.892293                        8.057202                 9.018021                    25.193578                
-25.63      165.84       67.22                84.43                  4.386501                       0.000000                        8.544518                 8.225299                    21.156319                
-25.69      165.86       66.94                84.26                  4.385427                       0.000000                        8.557359                 7.812401                    20.755187                
====================Subduction_Zone_65====================
-27.49      166.57       58.88                79.02                  4.358728                       0.000000                        8.811142                 3.463421                    16.633290                
-27.96      166.81       56.91                77.69                  4.353731                       0.000000                        8.755045                 2.433645                    15.542421                
-28.63      167.04       54.15                75.78                  4.343515                       0.000000                        8.666542                 1.951575                    14.961632                
-29.14      167.37       52.13                74.35                  4.340779                       0.000000                        8.688502                 1.934034                    14.963314                
====================Subduction_Zone_66====================
-27.49      166.57       58.88                79.02                  4.358728                       0.000000                        8.811142                 3.463421                    16.633290                
-27.67      166.06       58.11                78.50                  4.349753                       0.000000                        8.812096                 3.189034                    16.350884                
-27.95      165.29       56.60                77.47                  4.339018                       0.000000                        8.722100                 2.183682                    15.244800                
-28.34      164.66       56.16                77.17                  4.340934                       0.000000                        8.723707                 1.983497                    15.048138                
-28.63      164.04       55.35                76.61                  4.416950                       0.000000                        8.693212                 1.974920                    15.085082                
-29.03      163.46       54.77                76.21                  4.425817                       0.000000                        8.673729                 1.963751                    15.063296                
-29.41      162.53       47.94                71.30                  4.708049                       0.000000                        8.756692                 3.422111                    16.886852                
-29.65      161.93       43.80                68.16                  4.827206                       0.000000                        8.481453                 3.553040                    16.861699                
-29.90      161.32       38.75                64.10                  4.915558                       2.018511                        7.874633                 4.785806                    19.594508                
-30.43      160.38       31.49                57.79                  5.223876                       2.887704                        7.202719                 7.021801                    22.336100                
-30.78      159.54       29.30                55.74                  5.025577                       2.362391                        6.856716                 9.030972                    23.275657                
-31.05      158.98       25.05                51.54                  4.987338                       2.253225                        6.793057                 10.147955                   24.181575                
-31.32      158.42       30.79                57.15                  5.013650                       1.747528                        7.732916                 8.112422                    22.606515                
-31.77      157.85       33.44                59.55                  5.368157                       3.221843                        7.377331                 6.922787                    22.890118                
-32.28      157.51       22.02                48.32                  5.440020                       3.367929                        6.783582                 10.145351                   25.736881                
-32.80      157.17       15.49                40.53                  5.381301                       3.244959                        6.530162                 11.028237                   26.184659                
-33.65      157.03       19.09                45.00                  5.290826                       3.062198                        6.679030                 11.380188                   26.412241                
-34.04      157.29       22.07                48.37                  5.283216                       3.044505                        6.668112                 11.604313                   26.600146                
-34.26      157.40       20.11                46.18                  5.163190                       2.741682                        6.755571                 11.604313                   26.264756                
====================Subduction_Zone_67====================
-25.69      165.86       66.94                84.26                  4.385427                       0.000000                        8.557359                 7.812401                    20.755187                
-26.33      166.08       63.95                82.35                  4.374359                       0.000000                        8.681934                 6.120581                    19.176874                
-26.98      166.31       61.06                80.47                  4.364263                       0.000000                        8.792676                 4.473061                    17.630000                
-27.49      166.57       58.88                79.02                  4.358728                       0.000000                        8.811142                 3.463421                    16.633290                
====================Subduction_Zone_68====================
-27.49      166.57       58.88                79.02                  4.358728                       0.000000                        8.811142                 3.463421                    16.633290                
-27.67      166.06       58.11                78.50                  4.349753                       0.000000                        8.812096                 3.189034                    16.350884                
-27.95      165.29       56.60                77.47                  4.339018                       0.000000                        8.722100                 2.183682                    15.244800                
-28.34      164.66       56.16                77.17                  4.340934                       0.000000                        8.723707                 1.983497                    15.048138                
-28.63      164.04       55.35                76.61                  4.416950                       0.000000                        8.693212                 1.974920                    15.085082                
-29.03      163.46       54.77                76.21                  4.425817                       0.000000                        8.673729                 1.963751                    15.063296                
-29.41      162.53       47.94                71.30                  4.708049                       0.000000                        8.756692                 3.422111                    16.886852                
-29.65      161.93       43.80                68.16                  4.827206                       0.000000                        8.481453                 3.553040                    16.861699                
-29.90      161.32       38.75                64.10                  4.915558                       2.018511                        7.874633                 4.785806                    19.594508                
-30.43      160.38       31.49                57.79                  5.223876                       2.887704                        7.202719                 7.021801                    22.336100                
-30.78      159.54       29.30                55.74                  5.025577                       2.362391                        6.856716                 9.030972                    23.275657                
-31.05      158.98       25.05                51.54                  4.987338                       2.253225                        6.793057                 10.147955                   24.181575                
-31.32      158.42       30.79                57.15                  5.013650                       1.747528                        7.732916                 8.112422                    22.606515                
-31.77      157.85       33.44                59.55                  5.368157                       3.221843                        7.377331                 6.922787                    22.890118                
-32.28      157.51       22.02                48.32                  5.440020                       3.367929                        6.783582                 10.145351                   25.736881                
-32.80      157.17       15.49                40.53                  5.381301                       3.244959                        6.530162                 11.028237                   26.184659                
-33.65      157.03       19.09                45.00                  5.290826                       3.062198                        6.679030                 11.380188                   26.412241                
-34.04      157.29       22.07                48.37                  5.283216                       3.044505                        6.668112                 11.604313                   26.600146                
-34.26      157.40       20.11                46.18                  5.163190                       2.741682                        6.755571                 11.604313                   26.264756                
====================Subduction_Zone_69====================
44.32       -112.80      30.90                57.24                  4.234869                       0.000000                        7.104844                 8.360656                    19.700368                
43.53       -112.69      33.42                59.53                  4.288968                       0.000000                        7.401028                 6.076340                    17.766336                
42.55       -112.13      34.73                60.69                  4.325871                       0.000000                        7.495153                 5.578205                    17.399230                
41.58       -111.58      35.94                61.73                  4.356137                       0.000000                        7.548824                 5.410671                    17.315632                
41.06       -111.34      36.36                62.09                  4.382360                       0.000000                        7.561031                 5.284204                    17.227595                
40.54       -111.10      37.24                62.84                  4.415757                       0.000000                        7.627027                 5.014879                    17.057664                
39.75       -110.60      38.57                63.96                  4.377089                       0.000000                        7.733959                 4.410058                    16.521106                
38.97       -110.10      41.34                66.21                  4.145163                       0.000000                        8.091768                 3.306693                    15.543624                
38.14       -109.54      42.65                67.25                  3.890478                       0.000000                        8.297429                 3.286971                    15.474878                
37.31       -108.99      43.65                68.04                  3.885686                       0.000000                        8.439050                 3.434897                    15.759633                
36.61       -108.53      44.31                68.55                  3.880999                       0.000000                        8.519657                 3.470067                    15.870723                
35.92       -108.07      44.75                68.89                  3.876766                       0.000000                        8.567184                 3.619639                    16.063589                
35.31       -107.70      41.52                66.36                  3.916966                       0.000000                        7.844999                 7.674173                    19.436137                
34.71       -107.33      11.59                35.06                  4.067160                       0.000000                        6.436091                 11.799387                   22.302637                
33.93       -106.88      11.74                35.29                  4.029577                       0.000000                        6.403512                 13.190436                   23.623525                
33.15       -106.43      11.39                34.75                  3.955910                       0.000000                        6.398026                 13.790035                   24.143971                
32.36       -105.98      9.09                 31.04                  4.087643                       0.000000                        6.196572                 14.196926                   24.481141                
31.59       -105.48      9.86                 32.34                  4.085849                       0.000000                        6.275126                 14.183500                   24.544475                
30.82       -104.98      11.03                34.20                  4.084177                       0.000000                        6.338777                 13.847733                   24.270688                
====================Subduction_Zone_70====================
53.30       -117.03      13.44                37.75                  4.136076                       0.000000                        6.479113                 10.782997                   21.398186                
53.22       -116.79      14.19                38.79                  4.138904                       0.000000                        6.484222                 10.750189                   21.373315                
52.77       -116.35      15.35                40.34                  4.552970                       0.000000                        6.525846                 10.500615                   21.579431                
52.32       -115.85      17.46                43.03                  4.550507                       0.000000                        6.589451                 10.475802                   21.615760                
51.96       -115.77      18.45                44.23                  4.546056                       0.000000                        6.637459                 10.565963                   21.749479                
51.61       -115.44      19.95                46.00                  4.544157                       0.000000                        6.689623                 10.825157                   22.058938                
51.29       -114.79      22.10                48.41                  4.543323                       0.000000                        6.755454                 10.836394                   22.135171                
50.61       -114.16      25.07                51.57                  4.539568                       0.000000                        6.796045                 10.300125                   21.635738                
50.02       -113.88      26.58                53.09                  4.377358                       0.000000                        6.805543                 10.002110                   21.185010                
49.43       -113.60      27.69                54.19                  4.246372                       0.000000                        6.831879                 9.758395                    20.836646                
48.83       -113.40      28.64                55.11                  4.243837                       0.000000                        6.860855                 9.525132                    20.629823                
48.04       -113.17      28.98                55.44                  4.242431                       0.000000                        6.904505                 9.075990                    20.222926                
47.54       -113.11      29.23                55.68                  4.242886                       0.000000                        6.900510                 8.777080                    19.920476                
47.04       -113.05      30.10                56.50                  4.239457                       0.000000                        7.010714                 8.692054                    19.942225                
46.51       -113.10      30.52                56.89                  4.239625                       0.000000                        6.989378                 8.692054                    19.921057                
46.11       -113.06      30.58                56.94                  4.238006                       0.000000                        7.029714                 8.692054                    19.959774                
45.55       -112.94      30.38                56.76                  4.238032                       0.000000                        7.008254                 8.695658                    19.941943                
44.82       -112.91      30.59                56.95                  4.234391                       0.000000                        7.100866                 8.298072                    19.633330                
44.50       -112.88      30.80                57.15                  4.234696                       0.000000                        7.093274                 8.360656                    19.688625                
44.32       -112.80      30.90                57.24                  4.234869                       0.000000                        7.104844                 8.360656                    19.700368                
====================Subduction_Zone_71====================
53.30       -117.03      13.44                37.75                  4.136076                       0.000000                        6.479113                 10.782997                   21.398186                
53.68       -117.07      13.13                37.31                  4.133086                       0.000000                        6.460350                 11.222503                   21.815939                
54.00       -117.76      11.99                35.66                  4.058195                       0.000000                        6.411249                 13.356556                   23.826000                
54.33       -118.45      10.64                33.59                  4.061683                       0.000000                        6.337245                 13.733876                   24.132804                
54.65       -119.14      9.86                 32.33                  4.001555                       0.000000                        6.312435                 14.126188                   24.440178                
55.37       -119.79      7.43                 28.07                  4.087163                       0.000000                        5.967117                 12.131801                   22.186081                
56.14       -120.75      4.70                 22.32                  4.216314                       0.000000                        5.411652                 9.405394                    19.033360                
56.54       -121.30      3.30                 18.72                  4.219913                       0.000000                        5.013080                 6.217097                    15.450089                
56.95       -121.85      1.96                 14.43                  4.217369                       0.000000                        4.443467                 3.413757                    12.074593                
57.01       -121.91      1.76                 13.66                  4.216846                       0.000000                        4.340346                 3.413757                    11.970949                
====================Subduction_Zone_72====================
65.76       -129.86      12.36                36.21                  3.753974                       0.000000                        6.431692                 12.588646                   22.774312                
65.53       -130.82      12.62                36.58                  3.753981                       0.000000                        6.441601                 11.919958                   22.115540                
65.29       -131.79      12.87                36.95                  3.754044                       0.000000                        6.450926                 11.682815                   21.887785                
65.06       -132.75      12.98                37.10                  3.770140                       0.000000                        6.454718                 11.529737                   21.754595                
64.83       -133.72      13.09                37.26                  3.792286                       0.000000                        6.458620                 11.224055                   21.474961                
64.59       -134.68      13.34                37.61                  3.805920                       0.000000                        6.466825                 11.128081                   21.400825                
64.36       -135.64      13.70                38.11                  3.807609                       0.000000                        6.478159                 10.892071                   21.177839                
64.13       -136.61      14.08                38.64                  3.809343                       0.000000                        6.489571                 10.742348                   21.041261                
63.89       -137.57      14.48                39.18                  3.811122                       0.000000                        6.501080                 10.605410                   20.917612                
63.66       -138.53      14.91                39.76                  4.243160                       0.000000                        6.513752                 10.471945                   21.228858                
63.43       -139.50      16.18                41.43                  4.425719                       0.000000                        6.550135                 10.366031                   21.341886                
63.11       -140.37      17.31                42.84                  4.426449                       0.000000                        6.584531                 10.469266                   21.480246                
62.79       -141.24      18.47                44.25                  4.427208                       0.000000                        6.622509                 10.651280                   21.700998                
62.48       -142.11      19.66                45.66                  4.428000                       0.000000                        6.663712                 10.809939                   21.901651                
62.16       -142.97      20.90                47.08                  4.428818                       0.000000                        6.706153                 10.964075                   22.099046                
61.85       -143.84      22.17                48.49                  4.429663                       0.000000                        6.745253                 10.828400                   22.003317                
61.53       -144.71      23.48                49.89                  4.430533                       0.000000                        6.774812                 10.731166                   21.936511                
61.33       -145.23      24.27                50.73                  4.431091                       0.000000                        6.786130                 10.664744                   21.881966                
61.14       -145.75      25.08                51.57                  4.431658                       0.000000                        6.793143                 10.388114                   21.612915                
60.79       -146.60      26.42                52.93                  4.358331                       0.000000                        6.803436                 10.121538                   21.283304                
60.66       -147.22      27.27                53.78                  4.225860                       0.000000                        6.819141                 9.941894                    20.986896                
60.53       -147.83      28.07                54.56                  4.225911                       0.000000                        6.847888                 9.672072                    20.745871                
60.30       -148.60      29.07                55.52                  4.226031                       0.000000                        6.911128                 9.513493                    20.650651                
60.01       -149.52      30.27                56.66                  4.226287                       0.000000                        7.029530                 9.077476                    20.333292                
59.87       -150.04      30.71                57.06                  4.319870                       0.000000                        7.076809                 8.671258                    20.067938                
59.72       -150.56      30.62                56.98                  4.344058                       0.000000                        7.071305                 8.661676                    20.077039                
59.53       -151.34      30.58                56.95                  4.342698                       0.000000                        7.067128                 8.897161                    20.306988                
59.36       -152.33      30.77                57.12                  4.341343                       0.000000                        7.089454                 8.607490                    20.038286                
59.19       -153.31      30.99                57.32                  4.339973                       0.000000                        7.115650                 9.004085                    20.459708                
59.01       -154.29      31.23                57.55                  4.338563                       0.000000                        7.146134                 8.479164                    19.963861                
58.84       -155.28      31.52                57.81                  4.340068                       0.000000                        7.182649                 7.829201                    19.351917                
58.67       -156.26      31.86                58.12                  4.345439                       0.000000                        7.225223                 7.956143                    19.526805                
58.53       -157.12      32.21                58.45                  4.350228                       0.000000                        7.268864                 7.716328                    19.335420                
58.39       -157.99      32.59                58.79                  4.355460                       0.000000                        7.314932                 6.914965                    18.585358                
58.24       -158.85      33.75                59.83                  4.452996                       0.000000                        7.431385                 6.579395                    18.463776                
58.10       -159.71      34.25                60.27                  4.459927                       0.000000                        7.471197                 6.212479                    18.143603                
57.96       -160.58      34.79                60.74                  4.467001                       0.000000                        7.507644                 5.828955                    17.803600                
57.82       -161.44      39.79                64.96                  4.303595                       0.000000                        7.859622                 4.100586                    16.263803                
57.68       -162.31      40.44                65.49                  4.280996                       0.000000                        7.952452                 4.053125                    16.286572                
57.54       -163.17      41.05                65.98                  4.293252                       0.000000                        8.046233                 3.897137                    16.236621                
57.41       -164.03      41.60                66.42                  4.308399                       0.000000                        8.044232                 3.750526                    16.103157                
57.27       -164.88      57.36                77.99                  4.191341                       0.000000                        8.789295                 3.059986                    16.040622                
57.14       -165.74      58.39                78.69                  4.189315                       0.000000                        8.804059                 2.982613                    15.975988                
57.00       -166.60      44.25                68.50                  4.011126                       0.000000                        8.551214                 3.963370                    16.525709                
56.87       -167.46      44.46                68.66                  4.006152                       0.000000                        8.536199                 3.776252                    16.318603                
56.81       -168.45      44.53                68.72                  3.997169                       0.000000                        8.581523                 3.814105                    16.392796                
56.75       -169.44      44.60                68.77                  3.992885                       0.000000                        8.551467                 3.882804                    16.427156                
56.69       -170.43      44.65                68.81                  3.987718                       0.000000                        8.557008                 3.887598                    16.432325                
56.63       -171.42      45.02                69.10                  3.981665                       0.000000                        8.594600                 3.916048                    16.492313                
56.58       -172.41      45.04                69.11                  3.976578                       0.000000                        8.596070                 3.935135                    16.507782                
56.52       -173.40      45.45                69.42                  4.021978                       0.000000                        8.632266                 3.891697                    16.545941                
56.46       -174.39      44.94                69.04                  3.996337                       0.000000                        8.618851                 3.933016                    16.548204                
56.52       -175.37      44.71                68.86                  3.996253                       0.000000                        8.563430                 3.944291                    16.503974                
56.59       -176.35      44.81                68.93                  3.995388                       0.000000                        8.573168                 3.887117                    16.455673                
56.65       -177.33      44.54                68.73                  3.983423                       0.000000                        8.573271                 3.787125                    16.343819                
57.00       179.20       43.48                67.90                  4.004092                       0.000000                        8.458454                 3.510752                    15.973298                
57.23       178.28       42.90                67.45                  3.999719                       0.000000                        8.328213                 3.459965                    15.787898                
57.46       177.36       42.32                66.99                  3.996275                       0.000000                        8.246087                 3.494433                    15.736795                
57.68       176.43       41.63                66.44                  3.980708                       0.000000                        8.128833                 3.573737                    15.683278                
57.91       175.51       40.89                65.85                  3.958982                       0.000000                        8.023581                 3.892058                    15.874621                
58.13       174.59       40.10                65.21                  3.868327                       0.000000                        7.902820                 3.970156                    15.741304                
58.40       173.70       40.18                65.28                  3.841804                       0.000000                        7.913961                 4.242838                    15.998603                
58.67       172.81       39.65                64.84                  3.831947                       0.000000                        7.898264                 4.173279                    15.903490                
58.94       171.92       39.48                64.71                  3.831489                       0.000000                        7.820476                 4.341897                    15.993862                
59.21       171.03       39.35                64.60                  3.822946                       0.000000                        7.830098                 4.341026                    15.994071                
59.48       170.14       38.98                64.29                  3.822719                       0.000000                        7.758829                 4.576064                    16.157612                
59.75       169.26       38.56                63.95                  3.822536                       0.000000                        7.721216                 4.773691                    16.317443                
60.06       168.34       38.10                63.56                  3.822295                       0.000000                        7.681861                 4.877197                    16.381353                
60.37       167.42       37.63                63.17                  3.822070                       0.000000                        7.649052                 5.069579                    16.540701                
60.68       166.50       37.16                62.78                  3.821862                       0.000000                        7.622338                 5.221556                    16.665756                
60.99       165.58       36.69                62.37                  3.821667                       0.000000                        7.598773                 5.319986                    16.740426                
====================Subduction_Zone_73====================
53.30       -117.03      13.44                37.75                  4.136076                       0.000000                        6.479113                 10.782997                   21.398186                
53.68       -117.07      13.13                37.31                  4.133086                       0.000000                        6.460350                 11.222503                   21.815939                
54.00       -117.76      11.99                35.66                  4.058195                       0.000000                        6.411249                 13.356556                   23.826000                
54.33       -118.45      10.64                33.59                  4.061683                       0.000000                        6.337245                 13.733876                   24.132804                
54.65       -119.14      9.86                 32.33                  4.001555                       0.000000                        6.312435                 14.126188                   24.440178                
55.37       -119.79      7.43                 28.07                  4.087163                       0.000000                        5.967117                 12.131801                   22.186081                
56.14       -120.75      4.70                 22.32                  4.216314                       0.000000                        5.411652                 9.405394                    19.033360                
56.54       -121.30      3.30                 18.72                  4.219913                       0.000000                        5.013080                 6.217097                    15.450089                
56.95       -121.85      1.96                 14.43                  4.217369                       0.000000                        4.443467                 3.413757                    12.074593                
57.32       -122.25      0.69                 10.00                  4.219571                       0.000000                        3.230299                 1.962757                    9.412628                 
58.16       -123.20      3.95                 20.47                  3.837273                       0.000000                        5.182739                 4.432037                    13.452049                
58.66       -123.58      6.97                 27.18                  3.754362                       0.000000                        5.884595                 10.669269                   20.308226                
59.17       -123.96      7.38                 27.98                  3.754024                       0.000000                        5.959620                 11.975349                   21.688993                
60.01       -124.32      7.93                 29.00                  3.753988                       0.000000                        6.045659                 13.323289                   23.122935                
60.97       -124.92      8.61                 30.22                  3.753976                       0.000000                        6.139450                 14.078870                   23.972295                
61.32       -125.27      8.91                 30.74                  3.753975                       0.000000                        6.175957                 14.168801                   24.098734                
61.80       -125.28      9.12                 31.10                  3.753964                       0.000000                        6.200431                 14.252896                   24.207291                
62.15       -125.65      9.40                 31.58                  3.753972                       0.000000                        6.230844                 14.275784                   24.260600                
62.49       -125.84      9.62                 31.93                  3.753984                       0.000000                        6.259515                 14.277852                   24.291350                
62.92       -126.32      9.97                 32.52                  3.753999                       0.000000                        6.292051                 14.178271                   24.224321                
63.30       -127.01      10.35                33.12                  3.755848                       0.000000                        6.315809                 14.130357                   24.202014                
63.47       -127.31      10.50                33.37                  3.757073                       0.000000                        6.327624                 14.043113                   24.127810                
63.81       -127.72      10.65                33.61                  3.766541                       0.000000                        6.339426                 13.911798                   24.017765                
64.10       -128.24      10.94                34.06                  3.765117                       0.000000                        6.358225                 13.641795                   23.765137                
64.44       -128.68      11.11                34.33                  3.772133                       0.000000                        6.369279                 13.539176                   23.680587                
64.86       -129.13      12.21                35.99                  3.753980                       0.000000                        6.431352                 12.609921                   22.795253                
65.33       -129.61      12.05                35.75                  3.753974                       0.000000                        6.430565                 12.596499                   22.781038                
65.76       -129.86      12.36                36.21                  3.753974                       0.000000                        6.431692                 12.588646                   22.774312                
====================Subduction_Zone_74====================
53.30       -117.03      13.44                37.75                  4.136076                       0.000000                        6.479113                 10.782997                   21.398186                
53.22       -116.79      14.19                38.79                  4.138904                       0.000000                        6.484222                 10.750189                   21.373315                
52.77       -116.35      15.35                40.34                  4.552970                       0.000000                        6.525846                 10.500615                   21.579431                
52.32       -115.85      17.46                43.03                  4.550507                       0.000000                        6.589451                 10.475802                   21.615760                
51.96       -115.77      18.45                44.23                  4.546056                       0.000000                        6.637459                 10.565963                   21.749479                
51.61       -115.44      19.95                46.00                  4.544157                       0.000000                        6.689623                 10.825157                   22.058938                
51.29       -114.79      22.10                48.41                  4.543323                       0.000000                        6.755454                 10.836394                   22.135171                
50.61       -114.16      25.07                51.57                  4.539568                       0.000000                        6.796045                 10.300125                   21.635738                
50.02       -113.88      26.58                53.09                  4.377358                       0.000000                        6.805543                 10.002110                   21.185010                
49.43       -113.60      27.69                54.19                  4.246372                       0.000000                        6.831879                 9.758395                    20.836646                
48.83       -113.40      28.64                55.11                  4.243837                       0.000000                        6.860855                 9.525132                    20.629823                
48.04       -113.17      28.98                55.44                  4.242431                       0.000000                        6.904505                 9.075990                    20.222926                
47.54       -113.11      29.23                55.68                  4.242886                       0.000000                        6.900510                 8.777080                    19.920476                
47.04       -113.05      30.10                56.50                  4.239457                       0.000000                        7.010714                 8.692054                    19.942225                
46.51       -113.10      30.52                56.89                  4.239625                       0.000000                        6.989378                 8.692054                    19.921057                
46.11       -113.06      30.58                56.94                  4.238006                       0.000000                        7.029714                 8.692054                    19.959774                
45.55       -112.94      30.38                56.76                  4.238032                       0.000000                        7.008254                 8.695658                    19.941943                
44.82       -112.91      30.59                56.95                  4.234391                       0.000000                        7.100866                 8.298072                    19.633330                
44.50       -112.88      30.80                57.15                  4.234696                       0.000000                        7.093274                 8.360656                    19.688625                
44.32       -112.80      30.90                57.24                  4.234869                       0.000000                        7.104844                 8.360656                    19.700368                
====================Subduction_Zone_75====================
44.32       -112.80      30.90                57.24                  4.234869                       0.000000                        7.104844                 8.360656                    19.700368                
43.53       -112.69      33.42                59.53                  4.288968                       0.000000                        7.401028                 6.076340                    17.766336                
42.55       -112.13      34.73                60.69                  4.325871                       0.000000                        7.495153                 5.578205                    17.399230                
41.58       -111.58      35.94                61.73                  4.356137                       0.000000                        7.548824                 5.410671                    17.315632                
41.06       -111.34      36.36                62.09                  4.382360                       0.000000                        7.561031                 5.284204                    17.227595                
40.54       -111.10      37.24                62.84                  4.415757                       0.000000                        7.627027                 5.014879                    17.057664                
39.75       -110.60      38.57                63.96                  4.377089                       0.000000                        7.733959                 4.410058                    16.521106                
38.97       -110.10      41.34                66.21                  4.145163                       0.000000                        8.091768                 3.306693                    15.543624                
38.14       -109.54      42.65                67.25                  3.890478                       0.000000                        8.297429                 3.286971                    15.474878                
37.31       -108.99      43.65                68.04                  3.885686                       0.000000                        8.439050                 3.434897                    15.759633                
36.61       -108.53      44.31                68.55                  3.880999                       0.000000                        8.519657                 3.470067                    15.870723                
35.92       -108.07      44.75                68.89                  3.876766                       0.000000                        8.567184                 3.619639                    16.063589                
35.31       -107.70      41.52                66.36                  3.916966                       0.000000                        7.844999                 7.674173                    19.436137                
34.71       -107.33      11.59                35.06                  4.067160                       0.000000                        6.436091                 11.799387                   22.302637                
33.93       -106.88      11.74                35.29                  4.029577                       0.000000                        6.403512                 13.190436                   23.623525                
33.15       -106.43      11.39                34.75                  3.955910                       0.000000                        6.398026                 13.790035                   24.143971                
32.36       -105.98      9.09                 31.04                  4.087643                       0.000000                        6.196572                 14.196926                   24.481141                
31.54       -105.45      9.91                 32.42                  4.085741                       0.000000                        6.279560                 14.183500                   24.548801                
30.72       -104.92      11.13                34.35                  4.083917                       0.000000                        6.369734                 13.845228                   24.298880                
30.04       -104.31      12.35                36.18                  4.098431                       0.000000                        6.412364                 12.745041                   23.255837                
29.37       -103.71      13.50                37.84                  4.107401                       0.000000                        6.471909                 11.631265                   22.210575                
28.68       -103.38      13.60                37.98                  4.103439                       0.000000                        6.475239                 11.082070                   21.660747                
27.99       -103.04      14.51                39.22                  4.099282                       0.000000                        6.501897                 10.678502                   21.279681                
27.30       -102.43      25.53                52.03                  4.034038                       0.000000                        6.747352                 9.067629                    19.849019                
26.60       -101.82      34.34                60.34                  4.193415                       0.000000                        7.477876                 5.884779                    17.556069                
25.90       -101.23      35.76                61.58                  4.206555                       0.000000                        7.534684                 5.521938                    17.263177                
25.19       -100.63      37.26                62.86                  4.220574                       0.000000                        7.627912                 5.154241                    17.002727                
24.47       -100.06      38.30                63.73                  4.239394                       0.000000                        7.700686                 4.898233                    16.838313                
23.76       -99.48       38.84                64.17                  4.246185                       0.000000                        7.748454                 4.309542                    16.304181                
22.95       -98.61       41.31                66.18                  4.262149                       0.000000                        8.063462                 3.682798                    16.008409                
22.14       -97.75       40.32                65.39                  4.210350                       0.000000                        7.936184                 3.863649                    16.010183                
21.59       -97.16       31.61                57.89                  4.119229                       0.000000                        7.164453                 5.966836                    17.250519                
21.05       -96.57       37.94                63.43                  3.988229                       0.000000                        7.010858                 9.572777                    20.571864                
20.44       -95.92       25.79                52.30                  4.219799                       0.000000                        6.795700                 10.022961                   21.038460                
====================Subduction_Zone_76====================
20.44       -95.92       25.79                52.30                  4.219799                       0.000000                        6.795700                 10.022961                   21.038460                
19.62       -95.48       28.03                54.52                  4.541659                       0.000000                        6.818928                 9.128658                    20.489245                
18.80       -95.04       32.37                58.59                  4.517702                       0.000000                        7.287719                 7.701300                    19.506721                
18.04       -94.65       34.67                60.64                  4.556882                       0.000000                        7.500865                 5.473482                    17.531229                
17.29       -94.26       37.99                63.47                  4.582882                       0.000000                        7.675748                 4.747100                    17.005729                
16.54       -93.87       40.00                65.13                  4.644895                       0.000000                        7.890484                 4.325479                    16.860858                
15.55       -93.32       42.22                66.91                  4.035695                       0.000000                        8.194183                 3.402810                    15.632688                
14.55       -92.77       42.79                67.36                  3.769734                       0.000000                        8.293240                 3.488177                    15.551150                
====================Subduction_Zone_77====================
17.00       -61.47       72.13                87.46                  4.700156                       0.000000                        8.135613                 16.426306                   29.262074                
16.34       -60.77       54.35                75.92                  4.885504                       0.613176                        8.707279                 6.576034                    20.781993                
15.68       -60.07       40.89                65.85                  5.181686                       2.774064                        8.069116                 7.104503                    23.129369                
14.75       -59.63       17.19                42.69                  7.863878                       5.191347                        6.581616                 12.060449                   31.697291                
====================Subduction_Zone_78====================
33.10       -3.72        126.60               115.87                 9.959765                       5.397820                        8.127721                 2.092812                    25.578118                
33.35       -3.35        126.61               115.87                 10.154502                      5.397820                        8.127348                 2.080227                    25.759897                
34.11       -2.54        126.57               115.85                 10.481939                      5.421650                        8.129451                 1.975549                    26.008589                
34.88       -1.74        126.52               115.83                 10.532523                      5.445152                        8.279928                 3.289102                    27.546704                
35.64       -0.93        122.20               113.83                 10.965380                      5.452837                        8.835041                 3.204047                    28.457305                
36.40       -0.13        109.29               107.66                 44.741676                      5.780944                        9.727373                 2.936780                    63.186773                
37.13       0.57         104.53               105.28                 44.618357                      5.773052                        9.697816                 2.945432                    63.034658                
37.87       1.26         114.15               110.02                 14.038491                      5.565853                        9.706382                 2.945432                    32.256158                
38.61       1.95         115.26               110.56                 13.516127                      5.551984                        9.703258                 2.945432                    31.716801                
39.49       2.79         115.37               110.61                 13.559232                      5.546183                        9.700831                 11.926541                   40.732788                
39.69       2.93         115.25               110.55                 13.805190                      5.555715                        9.703474                 11.926541                   40.990921                
====================Subduction_Zone_79====================
-3.57       126.25       6.80                 26.85                  4.287473                       0.000000                        6.192922                 10.095278                   20.575673                
-4.12       127.00       13.74                38.17                  4.337719                       0.000000                        6.440291                 11.331167                   22.109176                
-4.68       127.74       19.13                45.03                  4.422385                       0.000000                        6.645148                 11.239623                   22.307157                
-5.22       128.50       25.28                51.77                  4.501936                       0.000000                        6.794166                 10.832141                   22.128243                
-5.76       129.25       30.65                57.01                  4.616229                       0.000000                        7.075149                 9.179674                    20.871051                
-6.31       130.00       34.85                60.79                  4.742199                       0.000000                        7.507256                 6.557035                    18.806490                
-6.87       130.92       34.12                60.15                  4.854715                       0.414402                        7.467610                 5.718254                    18.454981                
-7.44       131.85       34.82                60.77                  4.872238                       1.877249                        7.530536                 5.503556                    19.783579                
-7.92       132.69       35.75                61.58                  4.887325                       1.934425                        7.556806                 5.486485                    19.865041                
-8.40       133.54       36.72                62.40                  4.900501                       1.975544                        7.600380                 5.178415                    19.654840                
-9.28       134.54       41.51                66.35                  4.918837                       2.041242                        8.119388                 3.941022                    19.020489                
-10.14      135.42       43.19                67.68                  4.817441                       0.153781                        8.373690                 3.681920                    17.026833                
-11.02      136.00       45.12                69.17                  4.944371                       2.126349                        8.601772                 3.894429                    19.566920                
-11.89      136.25       49.38                72.37                  4.737769                       0.273067                        8.760492                 2.335620                    16.106948                
-12.76      136.50       53.03                74.99                  4.717604                       0.000000                        8.669879                 2.012380                    15.399863                
-13.46      136.91       55.67                76.84                  4.723988                       0.000000                        8.705151                 2.174525                    15.603663                
-14.17      137.32       58.35                78.66                  4.730352                       0.000000                        8.802262                 2.945896                    16.478510                
-14.49      138.20       53.12                75.06                  4.741681                       0.000000                        8.669397                 2.203893                    15.614971                
-14.81      139.07       53.08                75.03                  4.753620                       0.000000                        8.668206                 2.005798                    15.427625                
-15.13      139.94       53.07                75.02                  4.766088                       0.000000                        8.670136                 2.002429                    15.438652                
-15.34      140.66       40.53                65.56                  4.692662                       0.000000                        7.977283                 4.490962                    17.160908                
-15.56      141.38       30.92                57.27                  4.564920                       0.000000                        7.095242                 9.014139                    20.674301                
-15.77      142.09       22.15                48.47                  4.465949                       0.000000                        6.753973                 11.172159                   22.392080                
-15.91      143.09       27.08                53.59                  4.233307                       0.000000                        6.843516                 10.671461                   21.748284                
-16.04      144.09       21.25                47.48                  4.260054                       0.000000                        6.714905                 11.017099                   21.992057                
-16.10      144.81       17.73                43.36                  4.283210                       0.000000                        6.601926                 11.111268                   21.996404                
====================Subduction_Zone_80====================
-2.73       118.54       13.69                38.11                  5.404697                       3.289668                        6.470032                 13.009162                   28.173559                
-2.79       118.67       15.37                40.38                  5.398996                       3.278780                        6.490753                 12.172999                   27.341529                
-3.03       119.11       19.78                45.80                  5.106891                       2.587091                        6.661320                 12.015384                   26.370686                
-3.38       119.73       16.53                41.87                  5.227507                       2.897481                        6.568202                 11.501090                   26.194281                
-3.75       120.14       22.01                48.31                  4.986504                       2.246032                        6.728947                 9.664254                    23.625736                
-4.20       120.88       26.95                53.46                  4.819676                       0.003704                        6.919680                 8.850539                    20.593598                
-4.31       121.70       21.95                48.25                  4.939100                       2.101670                        6.717231                 9.530292                    23.288294                
-4.09       122.28       9.54                 31.81                  5.136789                       2.666224                        6.142358                 10.311351                   24.256722                
-3.86       122.85       4.08                 20.79                  4.956406                       1.575546                        5.243897                 8.258079                    20.033928                
-3.42       123.72       0.93                 10.00                  4.368566                       0.000000                        3.694190                 2.989555                    11.052312                
-2.78       124.53       0.93                 10.00                  4.098451                       0.000000                        3.708881                 1.385038                    9.192370                 
-2.55       125.17       2.81                 17.27                  4.210792                       0.000000                        4.824493                 3.383048                    12.418333                
-2.38       125.95       2.88                 17.47                  4.212695                       0.000000                        4.825244                 5.230681                    14.268620                
====================Subduction_Zone_81====================
37.85       1.22         114.06               109.98                 14.132643                      5.571686                        9.708183                 2.945432                    32.357944                
38.61       1.95         115.26               110.56                 13.516127                      5.551984                        9.703258                 2.945432                    31.716801                
39.49       2.79         115.37               110.61                 13.559232                      5.546183                        9.700831                 11.926541                   40.732788                
39.69       2.93         115.25               110.55                 13.805190                      5.555715                        9.703474                 11.926541                   40.990921                
====================Subduction_Zone_82====================
-2.56       116.64       13.07                37.23                  4.318670                       0.000000                        6.459513                 15.699327                   26.477510                
-2.54       116.85       12.97                37.08                  4.715405                       0.650053                        6.449742                 15.777576                   27.592776                
-2.41       117.34       11.74                35.28                  5.912886                       4.133410                        6.402985                 15.739860                   32.189140                
-2.22       117.74       10.09                32.71                  6.099441                       4.359818                        6.296195                 15.971074                   32.726528                
-2.52       118.10       10.48                33.34                  5.799809                       3.970252                        6.325714                 15.033418                   31.129193                
-2.79       118.67       15.37                40.38                  5.398996                       3.278780                        6.490753                 12.172999                   27.341529                
-3.03       119.11       19.78                45.80                  5.106891                       2.587091                        6.661320                 12.015384                   26.370686                
-3.38       119.73       16.53                41.87                  5.227507                       2.897481                        6.568202                 11.501090                   26.194281                
-3.75       120.14       22.01                48.31                  4.986504                       2.246032                        6.728947                 9.664254                    23.625736                
-4.20       120.88       26.95                53.46                  4.819676                       0.003704                        6.919680                 8.850539                    20.593598                
-4.31       121.70       21.95                48.25                  4.939100                       2.101670                        6.717231                 9.530292                    23.288294                
-4.09       122.28       9.54                 31.81                  5.136789                       2.666224                        6.142358                 10.311351                   24.256722                
-3.86       122.85       4.08                 20.79                  4.956406                       1.575546                        5.243897                 8.258079                    20.033928                
-3.42       123.72       0.93                 10.00                  4.368566                       0.000000                        3.694190                 2.989555                    11.052312                
-2.78       124.53       0.93                 10.00                  4.098451                       0.000000                        3.708881                 1.385038                    9.192370                 
-2.55       125.17       2.81                 17.27                  4.210792                       0.000000                        4.824493                 3.383048                    12.418333                
-2.35       126.05       3.35                 18.84                  4.210302                       0.000000                        4.606352                 5.427562                    14.244216                
====================Subduction_Zone_83====================
-27.68      139.92       33.14                59.28                  5.140572                       2.686904                        7.511249                 8.736474                    24.075200                
-27.81      139.39       48.02                71.36                  4.916357                       2.036675                        7.295710                 8.689851                    22.938593                
-27.93      138.86       50.53                73.20                  5.075779                       2.492020                        8.357306                 8.815779                    24.740884                
-27.49      138.02       101.67               103.84                 5.154334                       2.719844                        9.478164                 8.585726                    25.938069                
-27.05      137.19       95.72                100.75                 5.705046                       3.795064                        8.013524                 11.329061                   28.842695                
-26.60      136.72       22.50                48.85                  6.440599                       4.920678                        5.759364                 12.554796                   29.675436                
-25.99      135.91       4.63                 22.17                  6.440973                       4.896384                        5.379750                 9.261141                    25.978248                
-25.68      135.28       5.47                 24.08                  6.438197                       4.896384                        4.858663                 7.010265                    23.203508                
-25.37      134.65       111.75               108.86                 5.118871                       2.639085                        9.736854                 8.204614                    25.699424                
-25.19      133.76       109.78               107.90                 5.118543                       2.639085                        9.737619                 10.525921                   28.021168                
-25.02      132.87       111.09               108.54                 5.117697                       2.624005                        9.737387                 8.000846                    25.479935                
-24.84      131.98       112.45               109.20                 5.098942                       2.571428                        9.734827                 9.093566                    26.498764                
-24.66      131.10       112.32               109.14                 5.118468                       2.628825                        9.735136                 12.637892                   30.120321                
-24.40      130.17       113.31               109.62                 5.152370                       2.704048                        9.730014                 12.472377                   30.058809                
-24.15      129.24       113.06               109.50                 7.088230                       4.602394                        9.695885                 13.648051                   35.034560                
-24.07      128.52       113.24               109.59                 5.441115                       3.152192                        9.722873                 18.455781                   36.771961                
-23.99      127.80       116.29               111.05                 4.362194                       0.000000                        9.668134                 20.604422                   34.634751                
-23.91      127.08       115.58               110.71                 4.387326                       0.000000                        9.692234                 16.655111                   30.734671                
-23.75      126.15       114.64               110.26                 4.355430                       0.000000                        9.704589                 6.942939                    21.002958                
-23.59      125.22       112.05               109.00                 5.134732                       2.679330                        9.737314                 9.286292                    26.837667                
-23.48      124.68       111.55               108.76                 5.077230                       2.513132                        9.737374                 4.744010                    22.071745                
-23.36      124.14       111.85               108.91                 5.026957                       2.370931                        9.736897                 4.645296                    21.780081                
====================Subduction_Zone_84====================
42.19       12.74        125.92               115.56                 8.222121                       5.248721                        9.726450                 1.943243                    25.140535                
42.12       12.77        126.87               115.99                 8.136454                       5.230839                        9.726450                 1.943243                    25.036986                
42.15       12.78        126.82               115.97                 8.152658                       5.236098                        9.726450                 1.943243                    25.058449                
====================Subduction_Zone_85====================
38.26       14.41        126.20               115.69                 8.347269                       5.255792                        8.195739                 2.029285                    23.828085                
37.90       15.13        126.66               115.89                 29.796133                      5.722280                        10.437313                137.821742                  183.777468               
37.52       15.76        194.61               125.00                 28.801117                      5.722280                        10.446537                66.694380                   111.664314               
37.13       16.41        192.15               125.00                 24.361191                      5.690856                        10.420541                35.662892                   76.135480                
36.81       17.13        192.61               125.00                 27.410388                      5.722280                        10.426555                29.663483                   73.222706                
36.50       17.84        191.77               125.00                 26.594060                      5.722280                        10.429918                0.000000                    42.746259                
36.45       18.62        196.58               125.00                 25.015922                      5.722280                        10.463376                0.000000                    41.201578                
36.35       19.60        197.71               125.00                 25.427395                      5.722280                        10.464486                0.000000                    41.614161                
36.29       20.54        196.60               125.00                 24.974349                      5.722280                        10.463099                0.000000                    41.159729                
36.32       21.44        36.43                62.16                  10.329807                      5.402568                        7.586618                 0.001291                    23.320284                
36.41       22.32        29.07                55.52                  10.302366                      5.397820                        6.941072                 14.699245                   37.340503                
36.42       22.83        32.73                58.92                  10.367778                      5.420702                        6.907919                 15.071893                   37.768292                
36.44       23.34        34.09                60.13                  9.928160                       5.397820                        6.939223                 16.072348                   38.337552                
36.47       23.84        31.89                58.16                  10.206927                      5.426917                        7.115458                 14.410429                   37.159731                
36.51       24.35        38.48                63.88                  8.841161                       5.315986                        7.886859                 12.985641                   35.029647                
36.64       25.33        44.04                68.34                  9.501259                       5.368325                        7.839723                 9.607305                    32.316612                
36.76       26.16        46.87                70.50                  9.364408                       5.338828                        8.229214                 9.210636                    32.143087                
36.85       27.07        43.68                68.06                  9.226026                       5.338828                        8.388422                 8.664035                    31.617311                
36.90       27.92        47.73                71.14                  8.340814                       5.248897                        8.653215                 8.663075                    30.906001                
36.91       28.43        47.65                71.08                  9.026983                       5.333722                        8.690743                 7.982504                    31.033952                
36.92       28.95        49.96                72.79                  8.967215                       5.309332                        8.717702                 7.887997                    30.882246                
36.89       29.85        51.05                73.57                  5.043010                       2.054787                        8.740362                 7.263129                    23.101288                
36.88       30.67        50.44                73.14                  4.601576                       0.000000                        8.751433                 4.589172                    17.942181                
36.85       31.64        50.52                73.20                  4.607087                       0.000000                        8.750247                 4.589172                    17.946506                
36.76       32.57        49.67                72.58                  4.579475                       0.000000                        8.756831                 4.588040                    17.924346                
36.62       33.48        50.27                73.01                  4.561990                       0.000000                        8.766212                 4.200441                    17.528643                
36.50       34.19        49.00                72.08                  4.584812                       0.000000                        8.766212                 4.024917                    17.375941                
====================Subduction_Zone_86====================
49.57       138.47       23.28                49.69                  3.924046                       0.000000                        6.777579                 10.571490                   21.273115                
49.27       138.30       23.99                50.44                  3.924215                       0.000000                        6.782846                 10.458259                   21.165320                
48.43       137.76       24.59                51.07                  3.925136                       0.000000                        6.791152                 10.333035                   21.049323                
47.60       137.22       25.45                51.95                  3.925654                       0.000000                        6.795487                 9.997348                    20.718490                
46.87       136.78       26.56                53.07                  3.925405                       0.000000                        6.812848                 9.868101                    20.606354                
46.15       136.34       27.29                53.80                  3.925854                       0.000000                        6.826176                 9.657610                    20.409640                
45.62       135.97       27.55                54.05                  3.925902                       0.000000                        6.831800                 9.587729                    20.345431                
45.09       135.60       28.25                54.74                  3.926493                       0.000000                        6.870063                 9.405364                    20.201920                
44.19       134.88       29.57                56.00                  3.927448                       0.000000                        6.955520                 9.146514                    20.029483                
43.28       134.16       30.04                56.44                  3.931139                       0.000000                        7.019976                 8.783008                    19.734122                
42.63       133.62       27.84                54.34                  3.929394                       0.000000                        6.847483                 9.219687                    19.996564                
41.97       133.08       27.37                53.88                  3.930393                       0.000000                        6.821918                 9.597275                    20.349587                
41.31       132.49       27.06                53.57                  3.932045                       0.000000                        6.814053                 9.731570                    20.477668                
40.65       131.89       26.68                53.19                  3.933869                       0.000000                        6.810496                 9.698419                    20.442783                
40.00       131.21       26.80                53.31                  3.935352                       0.000000                        6.812791                 9.690004                    20.438147                
39.35       130.53       26.90                53.41                  3.936897                       0.000000                        6.810627                 9.683012                    20.430536                
38.58       129.74       27.03                53.54                  3.939216                       0.000000                        6.813195                 9.643830                    20.396241                
37.93       128.91       26.97                53.48                  3.941507                       0.000000                        6.812073                 9.677723                    20.431303                
37.14       128.13       27.09                53.59                  3.944171                       0.000000                        6.814581                 9.665416                    20.424168                
36.26       127.32       27.25                53.75                  3.947646                       0.000000                        6.824402                 9.511628                    20.283676                
35.39       126.52       27.33                53.84                  3.951769                       0.000000                        6.820797                 9.527275                    20.299841                
34.79       125.99       27.24                53.75                  3.947926                       0.000000                        6.822722                 9.521296                    20.291944                
34.18       125.47       27.20                53.71                  3.947453                       0.000000                        6.817308                 9.452806                    20.217567                
33.22       124.67       27.00                53.51                  3.942601                       0.000000                        6.816376                 9.680880                    20.439857                
32.25       123.88       26.85                53.36                  3.940187                       0.000000                        6.809124                 9.694684                    20.443996                
31.60       123.22       26.58                53.09                  3.937846                       0.000000                        6.805933                 9.783582                    20.527360                
31.26       122.80       26.34                52.85                  3.937079                       0.000000                        6.802653                 9.830229                    20.569961                
====================Subduction_Zone_87====================
40.16       0.63         115.02               110.44                 14.400041                      5.570746                        9.706894                 2.945432                    32.623114                
40.19       0.62         115.01               110.44                 14.527496                      5.572408                        9.707070                 2.945432                    32.752406                
40.63       0.96         115.29               110.57                 13.545648                      5.551005                        9.702760                 2.945432                    31.744845                
41.22       1.73         115.23               110.54                 13.635972                      5.555229                        9.703984                 2.945432                    31.840616                
41.69       2.19         115.37               110.61                 13.574954                      5.546615                        9.700931                 11.926541                   40.749041                
42.06       2.66         115.03               110.44                 14.035447                      5.566463                        9.706619                 11.926541                   41.235071                
42.39       3.30         115.51               110.68                 14.179815                      5.560063                        9.703648                 1.719017                    31.162542                
42.66       4.02         109.50               107.76                 14.165214                      5.572051                        9.708202                 1.719017                    31.164483                
42.86       4.62         109.54               107.78                 17.600240                      5.622253                        9.329909                 1.719017                    34.271419                
43.07       5.40         109.74               107.88                 17.777388                      5.624310                        9.239436                 1.719017                    34.360151                
43.20       6.15         112.77               109.35                 15.965969                      5.604363                        9.729027                 1.719017                    33.018376                
43.28       6.80         109.83               107.92                 17.990485                      5.627673                        9.169208                 1.719017                    34.506384                
43.36       7.46         114.47               110.18                 19.498115                      5.650984                        8.941251                 1.719017                    35.809366                
43.40       8.12         124.61               114.95                 20.260509                      5.661835                        9.168140                 1.629447                    36.719930                
43.40       8.84         109.54               107.78                 12.366763                      5.516843                        9.726504                 2.047153                    29.657262                
43.36       9.57         109.78               107.89                 14.056051                      5.559197                        9.733136                 2.024634                    31.373019                
43.31       10.31        109.92               107.97                 11.379163                      5.480238                        9.733574                 2.014441                    28.607416                
43.23       10.70        109.76               107.89                 10.210574                      5.407737                        9.732344                 1.975497                    27.326152                
43.15       11.20        109.25               107.64                 8.291153                       5.250889                        9.726466                 1.951252                    25.219760                
43.08       11.57        109.00               107.51                 8.322882                       5.254247                        9.726730                 1.947208                    25.251068                
42.96       12.00        109.00               107.51                 8.155201                       5.238170                        9.726450                 1.943243                    25.063064                
42.94       12.40        109.00               107.51                 8.010290                       5.232388                        9.726450                 1.984085                    24.953213                
42.72       12.59        116.57               111.18                 7.979268                       5.226057                        9.726450                 1.982988                    24.914763                
42.28       12.72        109.00               107.51                 8.007355                       5.213497                        9.726450                 1.943243                    24.890545                
42.12       12.77        126.87               115.99                 8.136454                       5.230839                        9.726450                 1.943243                    25.036986                
42.15       12.78        126.82               115.97                 8.152658                       5.236098                        9.726450                 1.943243                    25.058449                
====================Subduction_Zone_88====================
38.26       14.41        126.20               115.69                 8.347269                       5.255792                        8.195739                 2.029285                    23.828085                
37.90       15.13        126.66               115.89                 29.796133                      5.722280                        10.437313                137.821742                  183.777468               
37.52       15.76        194.61               125.00                 28.801117                      5.722280                        10.446537                66.694380                   111.664314               
37.13       16.41        192.15               125.00                 24.361191                      5.690856                        10.420541                35.662892                   76.135480                
36.81       17.13        192.61               125.00                 27.410388                      5.722280                        10.426555                29.663483                   73.222706                
36.50       17.84        191.77               125.00                 26.594060                      5.722280                        10.429918                0.000000                    42.746259                
36.45       18.62        196.58               125.00                 25.015922                      5.722280                        10.463376                0.000000                    41.201578                
36.35       19.60        197.71               125.00                 25.427395                      5.722280                        10.464486                0.000000                    41.614161                
36.29       20.54        196.60               125.00                 24.974349                      5.722280                        10.463099                0.000000                    41.159729                
36.32       21.44        36.43                62.16                  10.329807                      5.402568                        7.586618                 0.001291                    23.320284                
36.41       22.32        29.07                55.52                  10.302366                      5.397820                        6.941072                 14.699245                   37.340503                
36.42       22.83        32.73                58.92                  10.367778                      5.420702                        6.907919                 15.071893                   37.768292                
36.44       23.34        34.09                60.13                  9.928160                       5.397820                        6.939223                 16.072348                   38.337552                
36.47       23.84        31.89                58.16                  10.206927                      5.426917                        7.115458                 14.410429                   37.159731                
36.51       24.35        38.48                63.88                  8.841161                       5.315986                        7.886859                 12.985641                   35.029647                
36.64       25.33        44.04                68.34                  9.501259                       5.368325                        7.839723                 9.607305                    32.316612                
36.76       26.16        46.87                70.50                  9.364408                       5.338828                        8.229214                 9.210636                    32.143087                
36.85       27.07        43.68                68.06                  9.226026                       5.338828                        8.388422                 8.664035                    31.617311                
36.90       27.92        47.73                71.14                  8.340814                       5.248897                        8.653215                 8.663075                    30.906001                
36.91       28.43        47.65                71.08                  9.026983                       5.333722                        8.690743                 7.982504                    31.033952                
36.92       28.95        49.96                72.79                  8.967215                       5.309332                        8.717702                 7.887997                    30.882246                
36.89       29.85        51.05                73.57                  5.043010                       2.054787                        8.740362                 7.263129                    23.101288                
36.88       30.67        50.44                73.14                  4.601576                       0.000000                        8.751433                 4.589172                    17.942181                
36.85       31.64        50.52                73.20                  4.607087                       0.000000                        8.750247                 4.589172                    17.946506                
36.76       32.57        49.67                72.58                  4.579475                       0.000000                        8.756831                 4.588040                    17.924346                
36.62       33.48        50.27                73.01                  4.561990                       0.000000                        8.766212                 4.200441                    17.528643                
36.50       34.19        49.00                72.08                  4.584812                       0.000000                        8.766212                 4.024917                    17.375941                
====================Subduction_Zone_89====================
38.26       14.41        126.20               115.69                 8.347269                       5.255792                        8.195739                 2.029285                    23.828085                
37.90       15.13        126.66               115.89                 29.796133                      5.722280                        10.437313                137.821742                  183.777468               
37.52       15.76        194.61               125.00                 28.801117                      5.722280                        10.446537                66.694380                   111.664314               
37.13       16.41        192.15               125.00                 24.361191                      5.690856                        10.420541                35.662892                   76.135480                
36.81       17.13        192.61               125.00                 27.410388                      5.722280                        10.426555                29.663483                   73.222706                
36.50       17.84        191.77               125.00                 26.594060                      5.722280                        10.429918                0.000000                    42.746259                
36.45       18.62        196.58               125.00                 25.015922                      5.722280                        10.463376                0.000000                    41.201578                
36.35       19.60        197.71               125.00                 25.427395                      5.722280                        10.464486                0.000000                    41.614161                
36.29       20.54        196.60               125.00                 24.974349                      5.722280                        10.463099                0.000000                    41.159729                
36.32       21.44        36.43                62.16                  10.329807                      5.402568                        7.586618                 0.001291                    23.320284                
36.41       22.32        29.07                55.52                  10.302366                      5.397820                        6.941072                 14.699245                   37.340503                
36.42       22.83        32.73                58.92                  10.367778                      5.420702                        6.907919                 15.071893                   37.768292                
36.44       23.34        34.09                60.13                  9.928160                       5.397820                        6.939223                 16.072348                   38.337552                
36.47       23.84        31.89                58.16                  10.206927                      5.426917                        7.115458                 14.410429                   37.159731                
36.51       24.35        38.48                63.88                  8.841161                       5.315986                        7.886859                 12.985641                   35.029647                
36.64       25.33        44.04                68.34                  9.501259                       5.368325                        7.839723                 9.607305                    32.316612                
36.76       26.16        46.87                70.50                  9.364408                       5.338828                        8.229214                 9.210636                    32.143087                
36.85       27.07        43.68                68.06                  9.226026                       5.338828                        8.388422                 8.664035                    31.617311                
36.90       27.92        47.73                71.14                  8.340814                       5.248897                        8.653215                 8.663075                    30.906001                
36.91       28.43        47.65                71.08                  9.026983                       5.333722                        8.690743                 7.982504                    31.033952                
36.92       28.95        49.96                72.79                  8.967215                       5.309332                        8.717702                 7.887997                    30.882246                
36.89       29.85        51.05                73.57                  5.043010                       2.054787                        8.740362                 7.263129                    23.101288                
36.88       30.67        50.44                73.14                  4.601576                       0.000000                        8.751433                 4.589172                    17.942181                
36.85       31.64        50.52                73.20                  4.607087                       0.000000                        8.750247                 4.589172                    17.946506                
36.76       32.57        49.67                72.58                  4.579475                       0.000000                        8.756831                 4.588040                    17.924346                
36.62       33.48        50.27                73.01                  4.561990                       0.000000                        8.766212                 4.200441                    17.528643                
36.50       34.19        49.00                72.08                  4.584812                       0.000000                        8.766212                 4.024917                    17.375941                
====================Subduction_Zone_90====================
-42.90      -68.45       22.91                49.28                  3.954231                       0.000000                        6.763232                 11.055604                   21.773067                
-42.88      -68.44       22.99                49.38                  3.957123                       0.000000                        6.765017                 11.055604                   21.777744                
-42.65      -68.36       24.23                50.69                  3.986428                       0.000000                        6.783416                 10.721445                   21.491289                
====================Subduction_Zone_91====================
-7.55       -75.51       66.29                83.84                  4.233123                       0.000000                        8.586686                 6.617906                    19.437715                
-8.21       -75.63       68.35                85.13                  4.252015                       0.000000                        8.482729                 7.872373                    20.607116                
-9.13       -75.74       73.31                88.17                  4.652738                       0.000000                        8.005417                 8.547954                    21.206110                
-10.04      -75.84       78.76                91.39                  4.617339                       0.000000                        8.017862                 4.699908                    17.335109                
-10.96      -75.95       80.14                92.19                  4.278223                       0.000000                        8.224522                 4.022472                    16.525217                
-11.78      -75.66       80.83                92.58                  4.119672                       0.000000                        8.337143                 4.045200                    16.502015                
-12.60      -75.38       81.53                92.98                  4.017520                       0.000000                        8.449107                 4.086457                    16.553083                
-13.43      -75.09       82.23                93.38                  3.946807                       0.000000                        8.554448                 4.647760                    17.149015                
-14.39      -74.67       83.05                93.85                  3.887873                       0.000000                        8.663591                 5.159086                    17.710550                
-15.35      -74.25       83.88                94.32                  3.838313                       0.000000                        8.754375                 5.794543                    18.387230                
-16.31      -73.83       84.73                94.79                  3.807900                       0.000000                        8.825675                 6.539660                    19.173236                
-17.27      -73.41       85.61                95.28                  3.807455                       0.000000                        8.880060                 7.188781                    19.876296                
-18.23      -72.99       86.49                95.77                  3.808269                       0.000000                        8.926795                 8.020893                    20.755957                
-18.96      -72.59       87.16                96.14                  3.808992                       0.000000                        8.948423                 8.743278                    21.500693                
-19.69      -72.20       87.72                96.45                  3.798967                       0.000000                        8.962568                 9.516796                    22.278331                
-20.42      -71.80       88.17                96.70                  3.789968                       0.000000                        8.970876                 9.763454                    22.524298                
-21.34      -71.21       88.96                97.13                  3.791335                       0.000000                        8.990811                 10.403807                   23.185954                
-22.26      -70.61       89.82                97.60                  3.832464                       0.000000                        9.013165                 11.175808                   24.021437                
-22.92      -69.87       90.46                97.95                  3.822394                       0.000000                        9.037097                 11.893346                   24.752837                
-23.91      -69.48       91.46                98.48                  3.816421                       0.000000                        9.060471                 12.861513                   25.738405                
-24.56      -69.19       92.09                98.82                  3.811403                       0.000000                        9.087216                 12.971640                   25.870259                
-25.14      -68.96       92.63                99.11                  3.807811                       0.000000                        9.105628                 12.478386                   25.391825                
-25.69      -68.72       93.11                99.37                  3.804965                       0.000000                        9.115822                 11.816386                   24.737172                
-26.39      -68.51       93.74                99.70                  3.801500                       0.000000                        9.138987                 11.079303                   24.019790                
-27.26      -68.40       94.52                100.11                 3.800095                       0.000000                        9.175923                 10.308285                   23.284303                
-28.12      -68.28       95.25                100.51                 3.801386                       0.000000                        9.198748                 9.238566                    22.238699                
-29.10      -68.04       96.06                100.93                 3.803525                       0.000000                        9.232669                 7.739854                    20.776047                
-30.07      -67.79       96.89                101.36                 4.004598                       0.000000                        9.284053                 7.195511                    20.484162                
-31.04      -67.55       98.41                102.16                 4.001896                       0.000000                        9.339626                 6.423016                    19.764538                
-32.01      -67.30       99.93                102.94                 3.998553                       0.000000                        9.413260                 5.416868                    18.828681                
-32.84      -67.23       101.29               103.64                 3.996364                       0.000000                        9.479594                 4.370418                    17.846375                
-33.66      -67.15       102.63               104.32                 3.994289                       0.000000                        9.542906                 4.212924                    17.750119                
-34.49      -67.07       103.97               105.00                 3.992323                       0.000000                        9.599845                 3.720928                    17.313096                
-35.32      -66.99       105.29               105.67                 3.993738                       0.000000                        9.614416                 3.775866                    17.384020                
-36.17      -67.13       86.19                95.61                  4.047797                       0.000000                        8.892727                 8.420263                    21.360788                
-37.01      -67.27       66.85                84.20                  4.159551                       0.000000                        8.557444                 6.668067                    19.385062                
-37.86      -67.41       49.48                72.44                  4.399455                       0.000000                        8.709203                 3.998383                    17.107042                
-38.70      -67.55       31.46                57.76                  3.950934                       0.000000                        7.177264                 6.621768                    17.749966                
-39.55      -67.68       30.50                56.87                  3.948797                       0.000000                        7.056866                 8.769329                    19.774992                
-40.40      -67.82       29.55                55.98                  3.947271                       0.000000                        6.953662                 9.474085                    20.375018                
-41.15      -68.00       28.75                55.22                  3.945911                       0.000000                        6.887575                 9.616061                    20.449547                
-41.90      -68.18       28.20                54.69                  3.949979                       0.000000                        6.840976                 9.981479                    20.772434                
-42.65      -68.36       24.23                50.69                  3.986428                       0.000000                        6.783416                 10.721445                   21.491289                
====================Subduction_Zone_92====================
-7.55       -75.51       66.29                83.84                  4.233123                       0.000000                        8.586686                 6.617906                    19.437715                
-6.69       -75.38       63.66                82.16                  4.209505                       0.000000                        8.718176                 5.556683                    18.484364                
-6.40       -75.35       62.80                81.60                  4.209557                       0.000000                        8.728849                 5.230752                    18.169158                
-6.15       -75.33       62.29                81.27                  4.248943                       0.000000                        8.749211                 4.741460                    17.739614                
-5.92       -75.29       62.18                81.20                  4.378875                       0.000000                        8.754561                 4.722111                    17.855547                
====================Subduction_Zone_93====================
-65.36      -57.89       78.94                91.49                  7.128280                       5.043098                        8.067536                 24.101394                   44.340308                
-65.08      -57.03       72.79                87.86                  12.534686                      5.508502                        8.109153                 14.471466                   40.623807                
-64.80      -56.17       50.68                73.31                  10.471395                      5.445119                        8.747059                 8.899534                    33.563107                
-64.57      -55.34       43.25                67.73                  7.556852                       5.146663                        8.383778                 7.146880                    28.234174                
-64.34      -54.51       42.28                66.96                  7.197084                       5.086039                        8.298499                 7.027563                    27.609184                
-64.04      -53.55       47.40                70.90                  6.952598                       5.043866                        8.721561                 5.065152                    25.783177                
-63.74      -52.60       51.60                73.98                  6.682326                       4.955377                        8.711078                 4.891093                    25.239875                
-63.44      -51.64       53.07                75.02                  6.662107                       4.956682                        8.677432                 3.639924                    23.936145                
-63.14      -50.69       54.35                75.92                  6.656222                       4.955377                        8.680594                 3.486862                    23.779056                
-62.87      -49.76       56.73                77.56                  6.596629                       4.955377                        8.747901                 3.527973                    23.827881                
-62.60      -48.82       55.94                77.02                  6.594850                       4.955377                        8.669052                 3.048257                    23.267536                
-62.21      -47.85       57.38                78.01                  6.594888                       4.955377                        8.773521                 3.048257                    23.372043                
-61.82      -46.88       80.31                92.29                  5.894390                       4.105136                        8.578910                 9.406602                    27.985038                
-61.43      -45.90       77.98                90.93                  5.854611                       4.048391                        7.930325                 9.801547                    27.634875                
====================Subduction_Zone_94====================
-60.97      -61.48       50.57                73.23                  4.885013                       1.745991                        8.577585                 7.100150                    22.308739                
-60.97      -61.51       52.27                74.45                  4.867446                       1.646875                        8.521501                 7.100150                    22.135972                
-60.92      -61.79       49.17                72.21                  4.791569                       1.133377                        8.225114                 7.100150                    21.250212                
-60.86      -62.10       50.25                73.00                  4.748185                       0.576478                        7.970710                 7.100150                    20.395524                
-60.78      -62.41       44.71                68.85                  4.841610                       1.638778                        8.537315                 8.850136                    23.867839                
-60.68      -62.86       34.75                60.71                  4.543833                       0.000000                        7.335366                 13.127531                   25.006731                
-60.57      -63.34       24.26                50.72                  4.476798                       0.000000                        6.764740                 15.912575                   27.154113                
-60.41      -64.02       13.43                37.74                  4.355195                       0.000000                        6.469836                 17.259596                   28.084626                
-60.30      -64.52       13.27                37.52                  4.359581                       0.000000                        6.464299                 17.011662                   27.835542                
-60.13      -65.01       11.51                34.93                  4.358919                       0.000000                        6.425303                 16.673897                   27.458120                
-60.04      -65.21       10.99                34.14                  4.354223                       0.000000                        6.360914                 16.668726                   27.383863                
-59.95      -65.40       10.52                33.41                  4.357695                       0.000000                        6.376178                 16.467640                   27.201514                
-59.83      -65.72       9.79                 32.23                  4.353113                       0.000000                        6.268120                 16.285264                   26.906498                
-59.73      -65.98       9.19                 31.22                  4.356493                       0.000000                        6.277604                 15.562409                   26.196506                
-59.57      -66.35       8.86                 30.65                  4.439920                       0.000000                        6.174216                 13.873811                   24.487947                
-59.42      -66.73       7.34                 27.90                  4.427438                       0.000000                        5.952966                 13.028057                   23.408462                
-59.27      -67.06       7.20                 27.63                  4.419729                       0.000000                        5.938771                 11.925891                   22.284391                
-59.14      -67.40       6.49                 26.23                  4.009587                       0.000000                        5.851034                 10.830368                   20.690989                
-58.99      -67.71       6.18                 25.61                  3.896043                       0.000000                        5.794095                 10.528922                   20.219060                
-58.89      -67.90       5.98                 25.18                  3.895750                       0.000000                        5.753521                 10.285943                   19.935214                
-58.64      -68.41       5.47                 24.08                  3.892917                       0.000000                        5.589713                 9.035971                    18.518601                
-58.26      -69.07       4.73                 22.40                  3.891726                       0.000000                        5.415605                 7.755657                    17.062988                
-58.03      -69.45       4.29                 21.34                  3.890930                       0.000000                        5.302642                 7.146993                    16.340566                
-57.67      -69.79       3.70                 19.82                  3.890697                       0.000000                        5.208268                 6.147938                    15.246904                
-57.60      -69.82       3.61                 19.56                  3.887929                       0.000000                        5.105507                 5.784549                    14.777985                
-57.23      -69.97       3.10                 18.13                  3.884611                       0.000000                        4.938158                 4.833081                    13.655850                
-56.87      -70.05       2.63                 16.71                  3.881132                       0.000000                        4.763638                 4.638463                    13.283233                
-56.50      -70.11       2.16                 15.15                  3.877462                       0.000000                        4.558845                 3.259425                    11.695731                
-56.17      -70.18       1.76                 13.66                  3.874360                       0.000000                        4.347418                 2.307746                    10.529524                
-56.00      -70.19       1.57                 12.90                  3.872757                       0.000000                        4.232835                 2.307746                    10.413338                
-55.69      -70.29       1.18                 11.20                  3.870059                       0.000000                        3.945789                 1.885468                    9.701317                 
-55.54      -70.39       0.98                 10.18                  3.868956                       0.000000                        3.755889                 1.532341                    9.157186                 
====================Subduction_Zone_95====================
-62.01      -65.27       14.66                39.43                  4.405878                       0.000000                        6.507611                 16.095713                   27.009202                
-61.93      -65.10       14.28                38.92                  4.421851                       0.000000                        6.497727                 15.734917                   26.654495                
-61.69      -64.16       17.78                43.43                  4.417632                       0.000000                        6.545149                 15.263642                   26.226423                
-61.44      -63.23       28.62                55.09                  4.546371                       0.000000                        8.204378                 9.630011                    22.380761                
-61.20      -62.29       47.47                70.95                  4.591512                       0.047332                        8.709801                 7.853493                    21.202139                
-60.97      -61.48       50.57                73.23                  4.885013                       1.745991                        8.577585                 7.100150                    22.308739                
====================Subduction_Zone_96====================
-62.94      -68.26       12.26                36.06                  4.377073                       0.000000                        6.442715                 17.436238                   28.256026                
-62.82      -67.75       12.71                36.72                  4.370229                       0.000000                        6.424711                 17.299331                   28.094272                
-62.70      -67.24       12.60                36.56                  4.396830                       0.000000                        6.415332                 17.597926                   28.410088                
-62.46      -66.59       13.06                37.21                  4.424540                       0.000000                        6.442088                 16.610888                   27.477515                
-62.21      -65.94       14.54                39.27                  4.404015                       0.000000                        6.498057                 16.610888                   27.512959                
-62.01      -65.27       14.66                39.43                  4.405878                       0.000000                        6.507611                 16.095713                   27.009202                
====================Subduction_Zone_97====================
24.76       54.66        51.85                74.15                  4.370105                       0.000000                        8.709371                 4.695537                    17.775013                
24.84       55.41        49.00                72.08                  4.370032                       0.000000                        8.723634                 5.091749                    18.185416                
24.91       56.16        51.50                73.90                  4.369277                       0.000000                        8.707230                 5.547588                    18.624096                
24.98       57.05        51.46                73.88                  4.370222                       0.000000                        8.708362                 5.050793                    18.129377                
25.05       57.94        51.30                73.76                  4.369246                       0.000000                        8.713692                 5.050793                    18.133732                
25.12       58.83        51.68                74.03                  4.370190                       0.000000                        8.714769                 5.530514                    18.615473                
25.20       59.72        51.65                74.01                  4.369832                       0.000000                        8.702536                 5.530514                    18.602882                
====================Subduction_Zone_98====================
35.20       35.89        49.00                72.08                  4.574388                       0.000000                        8.766212                 3.921077                    17.261676                
34.89       36.34        49.00                72.08                  4.613565                       0.000000                        8.766212                 3.928306                    17.308083                
33.92       37.12        49.00                72.08                  4.598485                       0.000000                        8.766212                 3.917672                    17.282369                
33.14       37.98        49.00                72.08                  4.582395                       0.000000                        8.766212                 3.760666                    17.109273                
32.36       38.85        49.00                72.08                  4.566717                       0.000000                        8.766212                 3.640612                    16.973540                
31.90       39.55        49.00                72.08                  4.554922                       0.000000                        8.766212                 3.577929                    16.899063                
31.43       40.25        49.00                72.08                  4.542589                       0.000000                        8.766212                 3.499222                    16.808023                
30.97       40.95        49.00                72.08                  4.532200                       0.000000                        8.766212                 3.443620                    16.742032                
30.45       41.86        49.00                72.08                  4.517577                       0.000000                        8.766212                 3.293921                    16.577710                
29.94       42.78        49.00                72.08                  4.505046                       0.000000                        8.766212                 3.236906                    16.508165                
29.47       43.46        49.00                72.08                  4.494381                       0.000000                        8.766212                 3.251634                    16.512226                
29.00       44.14        49.00                72.08                  4.484778                       0.000000                        8.766212                 3.406733                    16.657722                
28.61       44.76        49.00                72.08                  4.476407                       0.000000                        8.766212                 3.464590                    16.707209                
28.22       45.38        49.00                72.08                  4.468233                       0.000000                        8.766212                 3.392964                    16.627408                
27.58       46.29        49.00                72.08                  4.457105                       0.000000                        8.766212                 3.360420                    16.583737                
27.21       47.01        49.00                72.08                  4.447815                       0.000000                        8.766212                 3.310936                    16.524963                
26.84       47.74        49.00                72.08                  4.439431                       0.000000                        8.766212                 3.339739                    16.545382                
26.47       48.46        49.00                72.08                  4.431412                       0.000000                        8.766212                 3.329930                    16.527554                
26.19       49.22        49.00                72.08                  4.424442                       0.000000                        8.766212                 3.283997                    16.474651                
25.92       49.97        49.38                72.37                  4.416602                       0.000000                        8.763954                 3.277405                    16.457962                
25.65       50.72        49.33                72.33                  4.416876                       0.000000                        8.763310                 3.288566                    16.468753                
25.43       51.71        49.36                72.35                  4.416382                       0.000000                        8.762873                 3.288566                    16.467821                
25.21       52.69        49.00                72.08                  4.403135                       0.000000                        8.766212                 3.622150                    16.791497                
24.98       53.68        49.00                72.08                  4.394645                       0.000000                        8.766212                 4.022811                    17.183668                
24.76       54.66        51.85                74.15                  4.370105                       0.000000                        8.709371                 4.695537                    17.775013                
====================Subduction_Zone_99====================
-19.31      -72.42       87.48                96.31                  3.809286                       0.000000                        8.951844                 8.921623                    21.682753                
-19.87      -72.08       87.71                96.44                  3.793279                       0.000000                        8.959487                 9.448365                    22.201131                
-20.43      -71.73       88.17                96.70                  3.790138                       0.000000                        8.975585                 9.801207                    22.566930                
-21.30      -71.15       88.92                97.11                  3.791484                       0.000000                        8.994611                 10.533309                   23.319405                
-22.18      -70.56       89.96                97.67                  3.834182                       0.000000                        9.011383                 11.100836                   23.946401                
-22.95      -69.87       90.50                97.96                  3.822250                       0.000000                        9.037979                 11.893346                   24.753575                
-23.91      -69.47       91.46                98.48                  3.816353                       0.000000                        9.060302                 12.861513                   25.738168                
-24.50      -69.20       92.02                98.78                  3.811679                       0.000000                        9.085047                 12.971640                   25.868367                
-24.76      -69.08       92.26                98.91                  3.810591                       0.000000                        9.086358                 12.584042                   25.480991                
