Latitude    Longitude    Seafloor_Age(Myr)    Plate_Thickness(km)    lithosphere_carbon(Mt/km^2)    Serpentinite_carbon(Mt/km^2)    Crust_carbon(Mt/km^2)    Sediment_carbon(Mt/km^2)    Total_carbon(Mt/km^2)    
====================Subduction_Zone_0====================
23.64       -4.19        83.41                94.05                  10.135966                      5.398090                        8.183459                 2.498466                    26.215981                
24.32       -3.32        77.66                90.75                  10.947261                      5.457086                        8.866117                 3.541479                    28.811943                
25.00       -2.45        71.82                87.27                  10.914240                      5.457086                        9.219125                 4.717282                    30.307733                
25.67       -1.58        65.63                83.43                  11.410610                      5.478705                        9.082536                 6.115102                    32.086952                
26.35       -0.71        59.87                79.68                  12.150110                      5.519274                        8.840674                 8.380906                    34.890964                
27.09       0.16         51.71                74.05                  17.942476                      5.637200                        8.599582                 13.022503                   45.201761                
27.82       1.03         58.43                78.71                  16.276693                      5.607888                        8.765462                 4.577329                    35.227372                
28.56       1.90         56.13                77.15                  12.954968                      5.525287                        8.717526                 17.064618                   44.262399                
====================Subduction_Zone_1====================
29.50       34.35        35.91                61.71                  4.478586                       0.000000                        7.134910                 6.529780                    18.143276                
28.70       35.13        36.75                62.43                  4.473366                       0.000000                        7.157504                 5.785274                    17.416144                
28.02       36.05        37.13                62.75                  4.471698                       0.000000                        7.176293                 5.338365                    16.986357                
27.33       36.97        39.61                64.81                  4.313608                       0.000000                        7.446857                 4.673678                    16.434143                
26.95       37.70        39.73                64.91                  4.296508                       0.000000                        7.477573                 4.417464                    16.191546                
26.56       38.43        39.89                65.04                  4.358738                       0.000000                        7.501746                 4.307886                    16.168370                
26.17       39.16        40.06                65.17                  4.435407                       0.000000                        7.527864                 4.365706                    16.328977                
25.76       40.10        39.94                65.08                  4.553467                       0.000000                        7.509085                 4.481204                    16.543757                
25.35       41.04        39.69                64.87                  4.634141                       0.000000                        7.470841                 4.485277                    16.590259                
24.96       41.76        39.76                64.93                  4.680550                       0.000000                        7.481850                 4.476029                    16.638429                
24.58       42.47        39.81                64.98                  4.731498                       0.000000                        7.490242                 4.358430                    16.580170                
24.26       43.11        39.69                64.88                  4.763756                       0.000000                        7.472800                 4.522627                    16.759184                
23.95       43.76        39.49                64.71                  4.734176                       0.000000                        7.440661                 4.609830                    16.784667                
23.42       44.72        39.41                64.64                  4.637870                       0.000000                        7.428412                 4.601229                    16.667511                
23.13       45.47        38.87                64.20                  4.511480                       0.000000                        7.336336                 4.527964                    16.375781                
22.85       46.22        35.79                61.60                  4.471672                       0.000000                        7.133297                 6.431755                    18.036723                
22.56       46.97        35.09                61.00                  4.472772                       0.000000                        7.141579                 7.211932                    18.826283                
22.39       47.73        34.07                60.11                  4.473944                       0.000000                        7.182082                 8.064631                    19.720657                
22.21       48.50        34.38                60.38                  4.468563                       0.000000                        7.168263                 7.822012                    19.458838                
22.03       49.26        34.93                60.86                  4.473764                       0.000000                        7.183205                 7.307173                    18.964143                
21.93       50.25        35.04                60.96                  4.474857                       0.000000                        7.187017                 7.307173                    18.969048                
21.83       51.23        38.65                64.02                  4.560042                       0.000000                        7.380491                 7.307173                    19.247707                
21.73       52.21        28.75                55.22                  4.898843                       1.974872                        7.557140                 4.922053                    19.352908                
21.64       53.20        26.50                53.01                  5.158393                       2.743918                        7.620095                 6.375335                    21.897741                
====================Subduction_Zone_2====================
21.64       53.20        26.50                53.01                  5.158393                       2.743918                        7.620095                 6.375335                    21.897741                
21.80       53.91        24.59                51.07                  5.560081                       3.601605                        7.631648                 5.721284                    22.514618                
21.97       54.63        24.67                51.14                  5.764792                       3.942903                        7.624594                 6.398999                    23.731289                
22.18       55.58        28.60                55.07                  5.641437                       3.740621                        7.557432                 8.252586                    25.192075                
22.38       56.54        34.35                60.35                  5.577277                       3.638047                        7.171912                 6.638518                    23.025753                
22.59       57.49        38.17                63.62                  5.581276                       3.647303                        7.268187                 6.465856                    22.962620                
22.80       58.45        38.19                63.64                  5.580660                       3.647303                        7.267673                 6.465856                    22.961492                
22.84       58.51        36.86                62.52                  5.581737                       3.647303                        7.169595                 6.465856                    22.864490                
====================Subduction_Zone_3====================
-20.94      142.86       44.98                69.07                  3.779100                       0.000000                        8.172723                 7.006851                    18.958674                
-20.92      142.86       44.95                69.04                  3.779194                       0.000000                        8.170526                 7.006851                    18.956571                
-20.09      143.09       45.22                69.25                  3.773372                       0.000000                        8.186641                 7.051660                    19.011673                
-19.25      143.32       45.48                69.44                  3.770688                       0.000000                        8.168773                 6.853963                    18.793424                
-18.42      143.55       45.28                69.30                  3.772394                       0.000000                        8.192820                 7.119078                    19.084291                
-17.59      143.78       45.03                69.10                  3.777328                       0.000000                        8.175819                 6.014073                    17.967220                
-16.76      144.02       44.34                68.57                  3.792396                       0.000000                        8.134363                 6.465577                    18.392337                
-15.94      144.13       44.63                68.79                  3.795510                       0.000000                        8.109059                 6.979857                    18.884425                
-15.12      144.25       44.60                68.77                  3.775171                       0.000000                        8.132486                 6.148653                    18.056309                
-14.30      144.37       43.96                68.28                  3.803408                       0.000000                        8.085830                 6.505585                    18.394823                
-13.47      144.49       43.89                68.22                  3.785869                       0.000000                        8.187290                 6.235478                    18.208638                
-12.65      144.61       43.86                68.20                  3.809394                       0.000000                        8.078865                 7.036968                    18.925227                
====================Subduction_Zone_4====================
31.82       -6.35        77.60                90.71                  16.554957                      5.609874                        8.977127                 2.104146                    33.246104                
31.69       -5.74        70.45                86.43                  19.306880                      5.641574                        8.767767                 3.877772                    37.593993                
31.55       -5.13        70.23                86.30                  21.064088                      5.672646                        8.962790                 5.217248                    40.916772                
31.51       -4.34        82.38                93.46                  20.514541                      5.663570                        8.463263                 4.273279                    38.914653                
31.47       -3.55        81.37                92.89                  19.038546                      5.658479                        8.855735                 1.870219                    35.422979                
31.44       -2.94        82.81                93.71                  19.957355                      5.663570                        8.464098                 2.039849                    36.124871                
31.42       -2.34        82.57                93.58                  20.151804                      5.662746                        8.328672                 2.112407                    36.255629                
31.46       -1.83        82.60                93.59                  16.829542                      5.624834                        8.359145                 2.349082                    33.162604                
31.51       -1.32        79.58                91.86                  13.773279                      5.547923                        8.773226                 2.349082                    30.443510                
31.64       -0.59        84.13                94.45                  10.462939                      5.443915                        8.285178                 2.676593                    26.868625                
31.77       0.14         80.50                92.39                  9.350039                       5.349927                        8.788408                 2.618711                    26.107086                
32.07       0.67         84.49                94.66                  8.698621                       5.283162                        8.882845                 2.758962                    25.623590                
32.37       1.20         75.04                89.21                  7.801369                       5.191582                        7.871901                 3.217884                    24.082737                
====================Subduction_Zone_5====================
33.89       8.82         82.96                93.80                  7.865265                       5.199137                        8.285894                 1.503357                    22.853653                
33.83       8.06         73.12                88.06                  7.989284                       5.199000                        9.233929                 2.803874                    25.226088                
33.76       7.29         56.19                77.19                  9.483553                       5.368592                        8.661605                 9.220249                    32.733999                
33.45       6.62         58.68                78.88                  8.916655                       5.312165                        9.035729                 4.473677                    27.738227                
33.14       5.94         73.83                88.48                  8.552650                       5.279705                        9.007676                 2.336743                    25.176774                
32.83       5.27         78.56                91.27                  7.841641                       5.191606                        8.973982                 1.781034                    23.788263                
32.17       4.62         83.80                94.27                  7.760536                       5.187839                        7.814690                 1.859662                    22.622727                
31.52       3.97         85.15                95.02                  7.858590                       5.197624                        8.627459                 3.346660                    25.030334                
====================Subduction_Zone_6====================
29.68       14.44        117.46               111.61                 9.726394                       5.395479                        9.313007                 0.000000                    24.434880                
29.52       15.24        116.51               111.15                 9.428410                       5.349122                        9.216296                 0.000000                    23.993828                
29.37       15.90        112.78               109.36                 9.024756                       5.325994                        9.108992                 0.000000                    23.459742                
29.18       16.79        83.27                93.97                  8.521326                       5.280098                        8.221255                 1.724675                    23.747355                
29.12       17.44        65.80                83.53                  8.277283                       5.250602                        9.119439                 6.056109                    28.703433                
29.04       18.20        50.81                73.40                  8.148815                       5.250602                        8.441376                 7.502401                    29.343194                
28.98       18.81        42.34                67.01                  7.398412                       5.106549                        7.887441                 4.463481                    24.855883                
28.91       19.43        41.84                66.61                  7.298661                       5.103112                        7.813052                 4.263473                    24.478298                
29.01       20.18        40.73                65.72                  7.188338                       5.101855                        7.600783                 4.237148                    24.128123                
29.11       20.98        38.58                63.96                  6.420132                       4.899420                        7.314149                 4.584846                    23.218547                
29.17       21.50        39.16                64.44                  6.500265                       4.940257                        7.391249                 4.794812                    23.626584                
29.24       22.03        38.54                63.93                  6.113154                       4.394600                        7.191902                 4.848758                    22.548415                
29.36       22.94        37.19                62.80                  5.916436                       4.152973                        7.180031                 5.466351                    22.715791                
29.48       23.85        36.78                62.45                  5.860244                       4.075059                        7.147182                 6.876720                    23.959204                
29.57       24.56        35.42                61.29                  5.602627                       3.674457                        7.134424                 7.597662                    24.009169                
29.66       25.24        34.99                60.91                  5.597421                       3.670659                        7.144310                 8.202806                    24.615196                
29.72       25.79        34.39                60.39                  5.511121                       3.520495                        7.168370                 8.581133                    24.781119                
29.78       26.33        33.80                59.87                  5.431875                       3.363256                        7.202164                 8.583948                    24.581243                
29.88       27.28        32.75                58.93                  5.340259                       3.174448                        7.302454                 8.967106                    24.784266                
29.98       28.26        34.21                60.23                  5.124969                       2.653514                        7.178653                 8.870167                    23.827304                
30.02       28.78        33.00                59.16                  5.075517                       2.521755                        7.188949                 8.606599                    23.392819                
30.07       29.30        33.67                59.76                  5.125666                       2.656287                        7.213147                 8.381324                    23.376425                
30.12       29.87        34.47                60.46                  5.080220                       2.534010                        7.167170                 7.294603                    22.076003                
30.17       30.59        36.36                62.09                  4.935836                       2.100516                        7.144963                 6.218369                    20.399684                
30.21       31.13        39.06                64.36                  4.902686                       1.903413                        7.136266                 5.369285                    19.311650                
30.09       31.92        38.58                63.96                  4.731810                       0.000000                        7.322549                 4.444371                    16.498729                
29.96       32.72        39.43                64.66                  4.644565                       0.000000                        7.434913                 4.464438                    16.543916                
29.83       33.51        37.21                62.82                  4.500007                       0.000000                        7.218474                 4.543608                    16.262089                
29.70       34.31        35.57                61.42                  4.483812                       0.000000                        7.135243                 6.693193                    18.312248                
29.67       34.45        35.17                61.07                  4.479255                       0.000000                        7.140298                 7.201598                    18.821152                
====================Subduction_Zone_7====================
29.50       34.35        35.91                61.71                  4.478586                       0.000000                        7.134910                 6.529780                    18.143276                
28.70       35.13        36.75                62.43                  4.473366                       0.000000                        7.157504                 5.785274                    17.416144                
28.02       36.05        37.13                62.75                  4.471698                       0.000000                        7.176293                 5.338365                    16.986357                
27.33       36.97        39.61                64.81                  4.313608                       0.000000                        7.446857                 4.673678                    16.434143                
26.95       37.70        39.73                64.91                  4.296508                       0.000000                        7.477573                 4.417464                    16.191546                
26.56       38.43        39.89                65.04                  4.358738                       0.000000                        7.501746                 4.307886                    16.168370                
26.17       39.16        40.06                65.17                  4.435407                       0.000000                        7.527864                 4.365706                    16.328977                
25.76       40.10        39.94                65.08                  4.553467                       0.000000                        7.509085                 4.481204                    16.543757                
25.35       41.04        39.69                64.87                  4.634141                       0.000000                        7.470841                 4.485277                    16.590259                
24.96       41.76        39.76                64.93                  4.680550                       0.000000                        7.481850                 4.476029                    16.638429                
24.58       42.47        39.81                64.98                  4.731498                       0.000000                        7.490242                 4.358430                    16.580170                
24.26       43.11        39.69                64.88                  4.763756                       0.000000                        7.472800                 4.522627                    16.759184                
23.95       43.76        39.49                64.71                  4.734176                       0.000000                        7.440661                 4.609830                    16.784667                
23.42       44.72        39.41                64.64                  4.637870                       0.000000                        7.428412                 4.601229                    16.667511                
23.13       45.47        38.87                64.20                  4.511480                       0.000000                        7.336336                 4.527964                    16.375781                
22.85       46.22        35.79                61.60                  4.471672                       0.000000                        7.133297                 6.431755                    18.036723                
22.56       46.97        35.09                61.00                  4.472772                       0.000000                        7.141579                 7.211932                    18.826283                
22.39       47.73        34.07                60.11                  4.473944                       0.000000                        7.182082                 8.064631                    19.720657                
22.21       48.50        34.38                60.38                  4.468563                       0.000000                        7.168263                 7.822012                    19.458838                
22.03       49.26        34.93                60.86                  4.473764                       0.000000                        7.183205                 7.307173                    18.964143                
21.93       50.25        35.04                60.96                  4.474857                       0.000000                        7.187017                 7.307173                    18.969048                
21.83       51.23        38.65                64.02                  4.560042                       0.000000                        7.380491                 7.307173                    19.247707                
21.73       52.21        28.75                55.22                  4.898843                       1.974872                        7.557140                 4.922053                    19.352908                
21.64       53.20        26.50                53.01                  5.158393                       2.743918                        7.620095                 6.375335                    21.897741                
====================Subduction_Zone_8====================
21.64       53.20        26.50                53.01                  5.158393                       2.743918                        7.620095                 6.375335                    21.897741                
21.80       53.91        24.59                51.07                  5.560081                       3.601605                        7.631648                 5.721284                    22.514618                
21.97       54.63        24.67                51.14                  5.764792                       3.942903                        7.624594                 6.398999                    23.731289                
22.18       55.58        28.60                55.07                  5.641437                       3.740621                        7.557432                 8.252586                    25.192075                
22.38       56.54        34.35                60.35                  5.577277                       3.638047                        7.171912                 6.638518                    23.025753                
22.59       57.49        38.17                63.62                  5.581276                       3.647303                        7.268187                 6.465856                    22.962620                
22.80       58.45        38.19                63.64                  5.580660                       3.647303                        7.267673                 6.465856                    22.961492                
22.84       58.51        36.86                62.52                  5.581737                       3.647303                        7.169595                 6.465856                    22.864490                
====================Subduction_Zone_9====================
16.06       82.99        21.29                47.51                  5.495762                       3.473128                        7.633994                 4.173321                    20.776205                
16.40       82.14        21.15                47.36                  6.024177                       4.283096                        7.634151                 4.128314                    22.069738                
16.74       81.29        22.48                48.83                  6.396764                       4.887773                        7.633441                 4.648487                    23.566466                
17.09       80.68        27.82                54.32                  6.366131                       4.878528                        7.617554                 7.432372                    26.294584                
17.20       79.93        30.58                56.95                  6.115941                       4.410358                        7.451896                 8.076870                    26.055066                
17.02       79.07        34.25                60.26                  6.094491                       4.378480                        7.333500                 7.778851                    25.585323                
16.84       78.22        31.15                57.48                  6.069698                       4.344958                        7.407655                 6.961354                    24.783665                
16.66       77.36        38.76                64.11                  6.039386                       4.310521                        7.350356                 5.114998                    22.815261                
16.57       76.45        36.21                61.97                  6.008399                       4.267798                        7.149616                 6.386525                    23.812338                
16.47       75.54        33.77                59.84                  5.978668                       4.232626                        7.215305                 7.437493                    24.864092                
16.37       74.62        31.42                57.72                  5.950008                       4.207262                        7.386034                 7.765463                    25.308767                
16.51       73.82        31.64                57.93                  5.924307                       4.161860                        7.368187                 7.956513                    25.410867                
16.64       73.01        31.89                58.15                  5.899615                       4.131592                        7.351361                 7.611527                    24.994095                
16.78       72.21        42.08                66.81                  5.848140                       4.055282                        7.846384                 5.506469                    23.256275                
16.91       71.40        42.86                67.41                  5.157853                       1.829651                        7.946532                 5.328573                    20.262608                
17.04       70.60        43.31                67.77                  5.508279                       3.123432                        7.995751                 4.865224                    21.492685                
17.42       69.72        44.76                68.90                  4.393647                       0.000000                        8.155677                 6.290321                    18.839645                
17.80       68.85        45.79                69.68                  4.389483                       0.000000                        8.174964                 7.212576                    19.777023                
18.18       67.98        46.82                70.46                  4.386580                       0.000000                        8.275669                 7.485106                    20.147354                
18.56       67.10        47.79                71.19                  4.384593                       0.000000                        8.313520                 8.313618                    21.011732                
18.94       66.23        46.53                70.24                  4.380526                       0.000000                        8.262286                 8.109890                    20.752702                
19.71       65.44        48.87                71.99                  4.316542                       0.000000                        8.351207                 10.006442                   22.674192                
20.48       64.65        48.34                71.60                  4.358453                       0.000000                        8.333225                 9.641547                    22.333225                
20.85       63.84        49.31                72.31                  4.265871                       0.000000                        8.366749                 10.799770                   23.432390                
21.22       63.03        46.26                70.04                  4.371786                       0.000000                        8.251363                 7.048478                    19.671627                
21.59       62.23        47.13                70.70                  4.369375                       0.000000                        8.288880                 7.965269                    20.623524                
21.96       61.42        46.84                70.48                  4.368653                       0.000000                        8.276356                 7.000631                    19.645640                
22.33       60.61        46.64                70.33                  4.368305                       0.000000                        8.267454                 7.633828                    20.269587                
22.78       59.68        36.51                62.23                  5.584183                       3.647303                        7.151534                 6.465856                    22.848874                
23.23       58.74        36.80                62.47                  5.582227                       3.647303                        7.164603                 6.465856                    22.859988                
====================Subduction_Zone_10====================
17.55       83.58        21.14                47.35                  5.981966                       4.232273                        7.634022                 4.146501                    21.994762                
17.30       84.13        21.14                47.35                  5.541029                       3.562085                        7.633968                 4.173321                    20.910404                
17.06       84.68        21.43                47.68                  5.301101                       3.083913                        7.635403                 4.193440                    20.213856                
16.23       85.36        21.35                47.58                  4.930713                       2.076952                        7.635903                 4.226265                    18.869833                
15.40       86.03        22.98                49.36                  4.732773                       0.000000                        7.636199                 5.660042                    18.029015                
14.57       86.70        26.62                53.13                  4.586494                       0.000000                        7.606651                 7.390332                    19.583477                
13.74       87.37        30.24                56.63                  4.473452                       0.000000                        7.473259                 8.295940                    20.242650                
12.91       88.12        28.89                55.35                  4.485081                       0.000000                        7.546725                 8.132646                    20.164453                
12.08       88.86        27.52                54.02                  4.529900                       0.000000                        7.562114                 8.003063                    20.095077                
11.25       89.61        30.19                56.58                  4.675341                       0.000000                        7.477821                 8.546815                    20.699977                
10.42       90.35        29.32                55.76                  4.679860                       0.000000                        7.473402                 8.546815                    20.700076                
9.71        90.87        31.53                57.83                  4.696396                       0.000000                        7.379398                 8.433099                    20.508893                
9.37        91.39        33.03                59.18                  4.920635                       0.714498                        7.258295                 7.581371                    20.474801                
9.02        91.91        36.70                62.38                  6.465549                       4.385504                        7.206764                 4.984972                    23.042790                
====================Subduction_Zone_11====================
9.02        91.91        36.70                62.38                  6.465549                       4.385504                        7.206764                 4.984972                    23.042790                
8.68        92.80        37.20                62.80                  4.485472                       0.013755                        7.235260                 4.528185                    16.262673                
8.35        93.70        36.79                62.46                  5.151653                       2.708936                        7.148483                 4.764507                    19.773580                
7.92        94.70        35.94                61.74                  4.793215                       0.675242                        7.153969                 5.116868                    17.739295                
7.48        95.70        35.49                61.35                  4.705769                       0.000000                        7.146727                 6.279778                    18.132275                
7.05        96.69        34.41                60.41                  4.863357                       0.872560                        7.173888                 6.935178                    19.844983                
6.53        97.56        36.17                61.93                  4.751725                       0.000000                        7.162314                 4.843064                    16.757103                
6.01        98.42        38.61                63.99                  5.135797                       2.681672                        7.320007                 4.472222                    19.609698                
5.61        99.20        42.22                66.91                  4.955305                       2.158377                        7.929155                 5.032750                    20.075587                
5.20        99.98        38.10                63.57                  5.243986                       2.948836                        7.259721                 4.237102                    19.689645                
4.80        100.77       42.87                67.43                  4.933753                       2.091350                        7.959270                 5.121160                    20.105532                
4.39        101.55       47.40                70.89                  4.990685                       2.266120                        8.302500                 9.070344                    24.629650                
3.47        102.33       57.06                77.79                  5.107626                       2.116261                        8.734556                 9.628274                    25.586717                
2.54        103.11       63.97                82.37                  5.213164                       2.878391                        9.058159                 4.203351                    21.353065                
1.90        103.47       63.83                82.27                  5.207498                       2.863009                        9.050047                 5.715421                    22.835974                
1.25        103.83       59.04                79.13                  4.770947                       0.419506                        8.803253                 5.715421                    19.709127                
0.51        104.44       59.44                79.40                  4.733601                       0.000000                        8.824880                 5.731602                    19.290082                
-0.23       105.05       57.82                78.31                  4.280257                       0.000000                        8.715149                 6.387228                    19.382634                
-0.97       105.66       56.42                77.35                  4.101116                       0.000000                        8.664334                 4.805011                    17.570461                
-1.86       106.51       56.04                77.09                  3.986671                       0.000000                        8.648175                 7.537490                    20.172336                
-2.76       107.36       55.29                76.57                  3.944184                       0.000000                        8.611841                 8.225777                    20.781802                
-3.65       108.21       54.42                75.97                  3.948933                       0.000000                        8.561237                 9.144686                    21.654856                
-4.09       108.93       47.55                71.01                  4.635662                       0.965912                        8.330210                 8.674509                    22.606293                
-4.53       109.65       45.17                69.21                  4.137129                       0.000000                        8.185561                 6.351607                    18.674297                
-4.97       110.37       43.86                68.20                  4.141776                       0.000000                        8.074415                 5.679858                    17.896049                
-5.13       111.28       43.30                67.77                  4.147875                       0.000000                        8.012744                 5.625998                    17.786617                
-5.29       112.18       42.73                67.31                  4.154228                       0.000000                        7.940317                 5.108955                    17.203499                
-5.46       113.08       42.13                66.84                  4.160848                       0.000000                        7.856684                 4.525256                    16.542788                
-5.62       113.98       41.51                66.35                  4.167742                       0.000000                        7.762403                 4.458967                    16.389112                
-5.78       114.89       40.86                65.83                  4.174925                       0.000000                        7.658490                 4.287556                    16.120971                
-5.94       115.79       40.19                65.28                  4.182408                       0.000000                        7.548884                 4.316793                    16.048084                
-6.10       116.69       39.49                64.71                  4.206685                       0.000000                        7.440008                 4.376403                    16.023096                
-6.36       117.35       38.37                63.79                  4.348910                       0.000000                        7.289390                 6.166528                    17.804828                
====================Subduction_Zone_12====================
2.53        117.80       42.22                66.91                  4.682653                       0.000000                        7.870510                 4.191576                    16.744738                
2.63        116.90       44.64                68.80                  4.758861                       0.000000                        8.142521                 6.307749                    19.209130                
2.73        115.99       46.98                70.58                  4.839289                       0.000000                        8.278251                 8.299774                    21.417313                
2.70        115.23       49.23                72.26                  4.903501                       1.996229                        8.359341                 10.716922                   25.975993                
2.66        114.46       51.42                73.84                  4.976002                       2.223770                        8.439664                 12.075535                   27.714970                
2.63        113.70       53.60                75.39                  5.058530                       2.466450                        8.531806                 10.936371                   26.993156                
2.60        112.93       55.79                76.92                  5.153368                       2.734249                        8.635688                 7.992029                    24.515334                
3.00        112.20       55.44                76.68                  5.251081                       2.979530                        8.619118                 7.351180                    24.200909                
3.40        111.48       56.38                77.32                  5.306883                       3.091682                        8.664988                 6.896213                    23.959765                
3.79        110.75       57.30                77.95                  5.179725                       2.795293                        8.770858                 7.544178                    24.290055                
4.46        110.41       51.85                74.15                  4.973205                       2.222918                        8.459339                 11.894407                   27.549869                
5.12        110.06       46.70                70.37                  5.009832                       2.328560                        8.262272                 7.697826                    23.298490                
5.77        109.90       43.96                68.27                  4.834175                       0.000000                        8.024947                 7.702763                    20.561885                
6.42        109.74       48.02                71.36                  4.777085                       0.000000                        8.324508                 8.159606                    21.261199                
7.14        109.72       61.25                80.59                  4.642171                       0.000000                        8.934530                 6.083762                    19.660463                
7.94        109.20       75.01                89.18                  4.530420                       0.000000                        9.220496                 1.445107                    15.196023                
8.75        108.69       76.91                90.31                  4.469640                       0.000000                        9.161404                 1.163417                    14.794462                
9.51        108.18       76.17                89.87                  4.456687                       0.000000                        9.161127                 1.142728                    14.760542                
10.27       107.68       76.35                89.98                  4.465730                       0.000000                        9.192284                 1.114173                    14.772187                
10.99       107.22       76.12                89.85                  4.432439                       0.000000                        9.202672                 1.103372                    14.738482                
11.70       106.77       76.00                89.77                  4.390082                       0.000000                        9.193268                 1.147951                    14.731301                
====================Subduction_Zone_13====================
36.70       121.08       71.69                87.19                  3.993394                       0.000000                        9.239940                 1.797065                    15.030400                
36.46       120.92       71.64                87.16                  3.993487                       0.000000                        9.239671                 1.767887                    15.001045                
35.75       120.49       72.29                87.56                  4.003291                       0.000000                        9.242160                 1.621030                    14.866482                
35.04       120.06       72.75                87.83                  3.894860                       0.000000                        9.242985                 1.555796                    14.693642                
34.33       119.64       73.09                88.04                  3.936750                       0.000000                        9.242985                 1.523597                    14.703331                
33.56       119.21       73.45                88.25                  3.950678                       0.000000                        9.242498                 1.389414                    14.582590                
32.78       118.78       73.83                88.48                  3.958072                       0.000000                        9.241178                 1.390217                    14.589466                
32.00       118.35       74.24                88.73                  3.965761                       0.000000                        9.238639                 1.320056                    14.524457                
31.20       117.91       74.70                89.00                  3.974044                       0.000000                        9.234540                 1.328582                    14.537166                
30.39       117.47       70.94                86.73                  3.853334                       0.000000                        9.235296                 1.776807                    14.865438                
29.59       117.03       71.33                86.97                  3.859720                       0.000000                        9.238016                 1.803551                    14.901287                
28.67       116.58       71.76                87.23                  3.867355                       0.000000                        9.240281                 1.693524                    14.801160                
27.74       116.12       72.22                87.51                  3.875371                       0.000000                        9.241968                 1.601657                    14.718996                
26.82       115.67       72.71                87.81                  3.883796                       0.000000                        9.242948                 1.541819                    14.668563                
25.83       115.14       73.53                88.30                  4.103199                       0.000000                        9.242203                 1.369561                    14.714963                
24.84       114.62       74.62                88.96                  4.118382                       0.000000                        9.235404                 1.221574                    14.575361                
23.86       114.09       75.79                89.65                  4.134381                       0.000000                        9.215002                 1.121932                    14.471315                
22.88       113.61       76.94                90.33                  4.150988                       0.000000                        9.173532                 1.104913                    14.429432                
21.91       113.14       78.17                91.05                  4.168503                       0.000000                        9.088382                 1.145726                    14.402610                
20.93       112.66       79.49                91.81                  4.186991                       0.000000                        8.933363                 1.197016                    14.317369                
19.96       112.19       80.92                92.63                  4.206516                       0.000000                        8.686312                 1.286446                    14.179274                
19.15       111.69       82.45                93.51                  4.223518                       0.000000                        8.359115                 1.336167                    13.918800                
18.35       111.19       84.09                94.43                  4.241274                       0.000000                        8.035303                 1.412582                    13.689159                
17.54       110.69       85.81                95.39                  4.260546                       0.000000                        7.835921                 1.387243                    13.483710                
16.74       110.20       85.56                95.25                  4.337682                       0.000000                        7.841898                 1.395132                    13.574712                
15.94       109.70       82.61                93.60                  4.280961                       0.000000                        8.295345                 1.354063                    13.930369                
15.01       109.09       84.57                94.70                  4.270434                       0.000000                        7.962681                 1.424851                    13.657966                
14.09       108.48       84.41                94.61                  4.292430                       0.000000                        7.988279                 1.400018                    13.680727                
13.16       107.87       80.84                92.59                  4.325285                       0.000000                        8.708938                 1.231405                    14.265628                
12.24       107.26       75.77                89.64                  4.396741                       0.000000                        9.211111                 1.131590                    14.739442                
11.70       106.77       76.00                89.77                  4.390082                       0.000000                        9.193268                 1.147951                    14.731301                
====================Subduction_Zone_14====================
64.15       135.69       67.08                84.34                  3.859317                       0.000000                        9.171153                 1.641923                    14.672393                
63.36       135.50       67.05                84.32                  3.859320                       0.000000                        9.170242                 1.633225                    14.662786                
62.54       135.29       67.02                84.31                  3.859382                       0.000000                        9.169506                 1.639318                    14.668206                
61.73       135.09       67.00                84.29                  3.859503                       0.000000                        9.168938                 1.630654                    14.659096                
60.92       134.89       66.99                84.28                  3.859683                       0.000000                        9.168536                 1.659312                    14.687531                
60.18       134.59       67.05                84.32                  3.859904                       0.000000                        9.170173                 1.630804                    14.660881                
59.44       134.30       67.11                84.36                  3.860177                       0.000000                        9.171993                 1.630748                    14.662918                
58.69       134.00       67.19                84.41                  3.860502                       0.000000                        9.174027                 1.611219                    14.645748                
57.78       133.47       67.41                84.55                  3.860981                       0.000000                        9.179558                 1.629652                    14.670191                
56.86       132.93       67.37                84.52                  3.861526                       0.000000                        9.178685                 1.596695                    14.636906                
====================Subduction_Zone_15====================
64.15       135.69       67.08                84.34                  3.859317                       0.000000                        9.171153                 1.641923                    14.672393                
64.49       136.57       66.69                84.09                  3.859336                       0.000000                        9.159901                 1.731824                    14.751061                
64.83       137.45       66.30                83.85                  3.859369                       0.000000                        9.148088                 1.832871                    14.840328                
65.16       138.33       65.93                83.61                  3.859417                       0.000000                        9.135809                 1.950899                    14.946124                
65.50       139.20       65.56                83.38                  3.892072                       0.000000                        9.122772                 2.072958                    15.087802                
65.84       140.08       65.02                83.04                  4.006754                       0.000000                        9.102545                 2.418280                    15.527579                
66.17       140.96       64.32                82.59                  4.084436                       0.000000                        9.073819                 3.132120                    16.290374                
66.58       141.91       63.45                82.03                  4.161607                       0.000000                        9.034313                 3.882622                    17.078541                
66.99       142.86       62.96                81.71                  4.130049                       0.000000                        9.010469                 4.180221                    17.320739                
67.40       143.81       62.55                81.44                  4.100938                       0.000000                        8.990075                 4.220739                    17.311751                
67.81       144.75       62.21                81.22                  4.075057                       0.000000                        8.972610                 4.163411                    17.211078                
68.21       145.70       61.92                81.03                  4.051738                       0.000000                        8.957981                 4.148823                    17.158541                
68.62       146.65       61.69                80.88                  4.030533                       0.000000                        8.945903                 4.139507                    17.115943                
69.18       147.60       61.63                80.85                  4.007662                       0.000000                        8.942814                 4.151647                    17.102123                
69.74       148.56       61.52                80.77                  3.995208                       0.000000                        8.936942                 4.669680                    17.601831                
====================Subduction_Zone_16====================
5.18        50.66        25.23                51.73                  4.215318                       0.000000                        7.620705                 6.876291                    18.712314                
4.83        51.39        28.19                54.67                  4.032057                       0.000000                        7.569156                 7.094692                    18.695905                
4.48        52.13        28.08                54.57                  3.963038                       0.000000                        7.577307                 8.581330                    20.121675                
4.13        52.93        27.53                54.03                  3.967888                       0.000000                        7.591488                 8.270254                    19.829630                
3.77        53.73        26.98                53.49                  3.973164                       0.000000                        7.602148                 7.664840                    19.240153                
3.42        54.53        26.43                52.94                  3.978951                       0.000000                        7.609945                 7.424665                    19.013560                
3.14        55.37        25.73                52.23                  3.985000                       0.000000                        7.617222                 7.018408                    18.620630                
2.86        56.21        25.03                51.52                  3.992514                       0.000000                        7.622740                 6.623718                    18.238971                
2.58        57.05        26.22                52.73                  4.152474                       0.000000                        7.612255                 7.350173                    19.114902                
2.34        57.99        24.88                51.36                  4.157836                       0.000000                        7.623865                 6.438997                    18.220698                
2.11        58.93        23.51                49.93                  4.163387                       0.000000                        7.633226                 5.625936                    17.422549                
1.87        59.88        22.11                48.42                  4.169127                       0.000000                        7.638435                 4.580978                    16.388540                
1.64        60.82        20.69                46.84                  4.175063                       0.000000                        7.627248                 3.949758                    15.752068                
1.46        61.80        19.06                44.96                  4.149628                       0.000000                        7.574995                 3.214645                    14.939267                
1.28        62.78        21.65                47.91                  4.135453                       0.000000                        7.628601                 4.535017                    16.299071                
1.10        63.76        21.19                47.40                  4.193560                       0.000000                        7.634114                 4.025939                    15.853614                
0.92        64.75        19.40                45.35                  4.200090                       0.000000                        7.589044                 3.220063                    15.009197                
0.93        65.69        17.31                42.84                  4.205978                       0.000000                        7.458638                 2.419440                    14.084056                
0.95        66.64        15.21                40.16                  4.210713                       0.000000                        7.282136                 1.714618                    13.207467                
0.97        67.58        13.09                37.25                  4.215427                       0.000000                        7.136916                 1.573209                    12.925553                
0.99        68.53        10.92                34.02                  4.220641                       0.000000                        7.022242                 1.744448                    12.987331                
1.00        69.47        8.68                 30.34                  4.306044                       0.000000                        6.839114                 2.448901                    13.594059                
1.02        70.42        6.36                 25.98                  4.462061                       0.000000                        6.468751                 3.304690                    14.235502                
1.05        70.67        5.66                 24.50                  4.463010                       0.000000                        6.413462                 3.069684                    13.946156                
====================Subduction_Zone_17====================
72.47       -118.99      35.56                61.41                  3.825444                       0.000000                        7.132058                 7.085916                    18.043418                
72.49       -119.97      35.11                61.02                  3.827935                       0.000000                        7.140903                 7.601327                    18.570164                
72.56       -120.97      34.65                60.62                  3.830539                       0.000000                        7.155355                 8.068522                    19.054416                
72.63       -121.96      34.19                60.21                  3.833230                       0.000000                        7.177842                 8.399601                    19.410673                
72.70       -122.96      33.76                59.83                  3.835892                       0.000000                        7.205622                 8.602380                    19.643894                
72.76       -123.96      33.31                59.43                  3.838663                       0.000000                        7.236309                 8.753243                    19.828216                
72.83       -124.96      32.90                59.07                  3.841461                       0.000000                        7.267568                 8.860924                    19.969953                
72.90       -125.95      32.49                58.70                  3.844301                       0.000000                        7.300751                 8.957284                    20.102336                
72.97       -126.95      32.68                58.87                  3.844394                       0.000000                        7.285235                 8.942035                    20.071664                
73.11       -127.90      32.96                59.12                  3.844367                       0.000000                        7.262471                 8.878312                    19.985150                
73.25       -128.85      33.25                59.38                  3.844299                       0.000000                        7.240452                 8.785098                    19.869848                
73.39       -129.80      33.54                59.64                  3.844198                       0.000000                        7.219091                 8.574498                    19.637787                
73.53       -130.75      33.83                59.90                  3.844077                       0.000000                        7.199315                 8.484360                    19.527753                
73.67       -131.70      34.13                60.16                  3.843936                       0.000000                        7.181607                 8.283097                    19.308640                
73.81       -132.65      34.42                60.42                  3.844469                       0.000000                        7.165090                 7.981483                    18.991042                
73.94       -133.60      35.13                61.04                  3.862712                       0.000000                        7.139111                 7.357687                    18.359509                
74.08       -134.55      35.99                61.78                  3.877939                       0.000000                        7.133371                 6.211396                    17.222706                
74.22       -135.50      36.95                62.59                  3.888426                       0.000000                        7.164690                 5.270308                    16.323424                
74.36       -136.45      38.10                63.56                  3.887126                       0.000000                        7.242536                 4.720612                    15.850274                
74.50       -137.39      38.99                64.30                  3.905379                       0.000000                        7.370686                 4.400255                    15.676320                
74.62       -138.36      40.38                65.44                  3.773783                       0.000000                        7.577640                 4.253844                    15.605267                
74.74       -139.32      41.33                66.20                  3.747409                       0.000000                        7.731646                 4.362910                    15.841965                
74.85       -140.29      42.11                66.82                  3.751178                       0.000000                        7.855441                 4.545729                    16.152348                
74.97       -141.25      42.93                67.48                  3.762897                       0.000000                        7.971769                 5.187280                    16.921945                
75.09       -142.22      43.84                68.18                  3.776238                       0.000000                        8.070284                 5.929295                    17.775816                
75.20       -143.18      44.76                68.90                  3.791199                       0.000000                        8.155846                 6.916236                    18.863281                
75.32       -144.15      45.82                69.70                  3.811350                       0.000000                        8.228116                 7.785349                    19.824815                
75.44       -145.11      47.20                70.75                  3.836973                       0.000000                        8.288305                 9.039246                    21.164524                
75.55       -146.08      48.57                71.77                  3.873721                       0.000000                        8.341449                 10.301353                   22.516523                
75.67       -147.04      50.31                73.04                  3.921178                       0.000000                        8.399626                 12.040430                   24.361234                
75.79       -148.01      51.94                74.22                  3.985772                       0.000000                        8.464171                 13.475007                   25.924950                
75.90       -148.97      52.04                74.28                  3.980144                       0.000000                        8.468004                 13.540529                   25.988676                
76.06       -149.95      52.21                74.41                  3.974247                       0.000000                        8.474888                 13.524534                   25.973669                
76.22       -150.93      52.38                74.53                  3.968494                       0.000000                        8.482060                 13.429071                   25.879626                
76.38       -151.91      52.58                74.67                  3.965796                       0.000000                        8.490111                 13.165475                   25.621382                
76.53       -152.88      52.82                74.84                  3.972083                       0.000000                        8.500465                 13.144174                   25.616722                
76.69       -153.86      53.08                75.02                  3.977946                       0.000000                        8.511373                 12.753845                   25.243163                
76.85       -154.84      53.33                75.21                  3.982398                       0.000000                        8.522465                 12.296109                   24.800972                
77.01       -155.82      53.60                75.40                  3.986912                       0.000000                        8.534267                 12.297020                   24.818198                
77.17       -156.80      53.88                75.59                  3.991958                       0.000000                        8.546692                 12.296228                   24.834878                
77.32       -157.77      54.17                75.80                  3.997147                       0.000000                        8.559889                 11.613813                   24.170849                
77.48       -158.75      54.48                76.01                  4.002405                       0.000000                        8.573906                 11.160841                   23.737152                
77.58       -159.74      54.69                76.15                  4.007249                       0.000000                        8.583435                 11.115598                   23.706281                
77.68       -160.73      54.91                76.31                  4.011536                       0.000000                        8.593765                 10.688529                   23.293830                
77.78       -161.72      54.56                76.07                  3.970911                       0.000000                        8.577693                 11.026997                   23.575601                
77.87       -162.70      54.25                75.85                  3.934615                       0.000000                        8.563270                 11.218000                   23.715886                
77.97       -163.69      54.44                75.98                  3.937267                       0.000000                        8.571879                 11.177974                   23.687121                
78.07       -164.68      54.63                76.11                  3.940398                       0.000000                        8.580814                 11.117575                   23.638786                
78.17       -165.67      54.83                76.25                  3.943556                       0.000000                        8.590194                 11.044573                   23.578323                
78.26       -166.66      55.04                76.40                  3.946744                       0.000000                        8.600071                 10.569581                   23.116396                
78.36       -167.65      55.26                76.55                  3.949855                       0.000000                        8.610362                 9.866790                    22.427006                
78.46       -168.63      55.48                76.71                  3.952964                       0.000000                        8.621142                 9.541890                    22.115996                
78.56       -169.62      55.44                76.67                  3.939188                       0.000000                        8.619102                 9.832254                    22.390545                
78.66       -170.61      55.69                76.85                  3.943197                       0.000000                        8.631065                 9.336551                    21.910814                
78.75       -171.60      56.01                77.07                  3.951144                       0.000000                        8.646915                 8.515307                    21.113366                
78.13       169.74       51.29                73.75                  3.991599                       0.000000                        8.438688                 12.655597                   25.085885                
====================Subduction_Zone_18====================
64.15       135.69       67.08                84.34                  3.859317                       0.000000                        9.171153                 1.641923                    14.672393                
64.49       136.57       66.69                84.09                  3.859336                       0.000000                        9.159901                 1.731824                    14.751061                
64.83       137.45       66.30                83.85                  3.859369                       0.000000                        9.148088                 1.832871                    14.840328                
65.16       138.33       65.93                83.61                  3.859417                       0.000000                        9.135809                 1.950899                    14.946124                
65.50       139.20       65.56                83.38                  3.892072                       0.000000                        9.122772                 2.072958                    15.087802                
65.84       140.08       65.02                83.04                  4.006754                       0.000000                        9.102545                 2.418280                    15.527579                
66.17       140.96       64.32                82.59                  4.084436                       0.000000                        9.073819                 3.132120                    16.290374                
66.58       141.91       63.45                82.03                  4.161607                       0.000000                        9.034313                 3.882622                    17.078541                
66.99       142.86       62.96                81.71                  4.130049                       0.000000                        9.010469                 4.180221                    17.320739                
67.40       143.81       62.55                81.44                  4.100938                       0.000000                        8.990075                 4.220739                    17.311751                
67.81       144.75       62.21                81.22                  4.075057                       0.000000                        8.972610                 4.163411                    17.211078                
68.21       145.70       61.92                81.03                  4.051738                       0.000000                        8.957981                 4.148823                    17.158541                
68.62       146.65       61.69                80.88                  4.030533                       0.000000                        8.945903                 4.139507                    17.115943                
69.07       147.52       61.59                80.81                  4.011081                       0.000000                        8.940268                 4.151183                    17.102532                
69.53       148.39       61.49                80.75                  3.995573                       0.000000                        8.935155                 4.146679                    17.077407                
69.98       149.26       59.36                79.34                  3.805268                       0.000000                        8.825522                 5.198472                    17.829262                
70.43       150.12       57.15                77.85                  3.797322                       0.000000                        8.757356                 6.413693                    18.968370                
70.88       150.99       54.15                75.78                  3.816990                       0.000000                        8.685224                 10.593281                   23.095495                
71.33       151.86       53.33                75.20                  3.889973                       0.000000                        8.522418                 11.235600                   23.647991                
71.78       152.73       53.55                75.36                  3.890046                       0.000000                        8.532060                 10.743382                   23.165488                
72.14       153.67       54.01                75.68                  3.916058                       0.000000                        8.552457                 10.652209                   23.120724                
72.49       154.60       54.29                75.88                  3.914097                       0.000000                        8.557695                 10.216407                   22.688199                
72.85       155.54       51.72                74.06                  3.918068                       0.000000                        8.562247                 9.970748                    22.451063                
73.20       156.47       48.19                71.49                  3.800303                       0.000000                        8.316646                 9.682308                    21.799257                
73.56       157.41       48.16                71.46                  3.811749                       0.000000                        8.327162                 9.334743                    21.473655                
73.91       158.35       48.18                71.48                  3.812286                       0.000000                        8.327839                 9.668254                    21.808379                
74.26       158.90       48.34                71.60                  3.812625                       0.000000                        8.330458                 9.794801                    21.937884                
74.61       159.44       48.70                71.86                  3.812160                       0.000000                        8.340304                 10.015474                   22.167938                
75.03       160.17       48.84                71.96                  3.810784                       0.000000                        8.348320                 10.302136                   22.461239                
75.45       160.89       49.00                72.08                  3.804775                       0.000000                        8.353603                 10.547653                   22.706031                
75.87       161.61       49.16                72.20                  3.799155                       0.000000                        8.358947                 10.677934                   22.836036                
76.18       162.60       49.24                72.26                  3.797653                       0.000000                        8.364387                 10.659500                   22.821540                
76.49       163.60       49.59                72.52                  3.867405                       0.000000                        8.369876                 10.981531                   23.218811                
76.80       164.59       49.62                72.54                  3.993684                       0.000000                        8.375178                 11.424311                   23.793173                
77.11       165.58       49.96                72.79                  3.996147                       0.000000                        8.389386                 11.514705                   23.900238                
77.43       166.58       50.34                73.06                  3.991743                       0.000000                        8.400235                 11.892273                   24.284251                
77.74       167.57       50.64                73.28                  3.992601                       0.000000                        8.414087                 12.416154                   24.822841                
77.87       168.29       51.08                73.60                  3.990318                       0.000000                        8.430509                 12.692862                   25.113689                
78.00       169.02       51.18                73.67                  3.990960                       0.000000                        8.434444                 12.774794                   25.200198                
78.13       169.74       51.29                73.75                  3.991599                       0.000000                        8.438688                 12.655597                   25.085885                
====================Subduction_Zone_19====================
64.15       135.69       67.08                84.34                  3.859317                       0.000000                        9.171153                 1.641923                    14.672393                
63.36       135.50       67.05                84.32                  3.859320                       0.000000                        9.170242                 1.633225                    14.662786                
62.54       135.29       67.02                84.31                  3.859382                       0.000000                        9.169506                 1.639318                    14.668206                
61.73       135.09       67.00                84.29                  3.859503                       0.000000                        9.168938                 1.630654                    14.659096                
60.92       134.89       66.99                84.28                  3.859683                       0.000000                        9.168536                 1.659312                    14.687531                
60.18       134.59       67.05                84.32                  3.859904                       0.000000                        9.170173                 1.630804                    14.660881                
59.44       134.30       67.11                84.36                  3.860177                       0.000000                        9.171993                 1.630748                    14.662918                
58.69       134.00       67.19                84.41                  3.860502                       0.000000                        9.174027                 1.611219                    14.645748                
57.99       133.59       67.35                84.51                  3.860861                       0.000000                        9.178200                 1.632594                    14.671655                
57.29       133.19       67.52                84.62                  3.861261                       0.000000                        9.179197                 1.607895                    14.648353                
56.59       132.78       67.30                84.48                  3.861443                       0.000000                        9.178267                 1.599431                    14.639142                
55.76       132.33       67.45                84.57                  3.862666                       0.000000                        9.180651                 1.624198                    14.667516                
54.93       131.89       67.43                84.56                  3.862976                       0.000000                        9.180155                 1.607405                    14.650536                
54.21       131.49       61.48                80.74                  3.822123                       0.000000                        8.932632                 2.879663                    15.634418                
53.49       131.10       61.42                80.70                  3.821719                       0.000000                        8.933469                 4.142178                    16.897366                
52.70       130.66       60.90                80.37                  3.850950                       0.000000                        8.903789                 4.210247                    16.964986                
51.90       130.22       60.70                80.23                  3.874365                       0.000000                        8.893053                 4.542642                    17.310060                
51.21       129.76       60.69                80.23                  3.905040                       0.000000                        8.879479                 4.595082                    17.379601                
50.51       129.29       60.88                80.35                  3.915381                       0.000000                        8.902247                 4.330325                    17.147953                
49.67       128.80       61.66                80.86                  3.932116                       0.000000                        8.944160                 4.145385                    17.021661                
48.83       128.31       62.63                81.50                  3.949828                       0.000000                        8.979548                 4.175437                    17.104813                
48.14       127.92       62.85                81.64                  3.962231                       0.000000                        9.005174                 4.318211                    17.285615                
47.45       127.52       63.02                81.75                  4.003366                       0.000000                        9.009501                 4.258020                    17.270887                
46.88       127.20       63.19                81.86                  4.034494                       0.000000                        9.017972                 4.114933                    17.167398                
46.31       126.87       63.40                81.99                  4.057234                       0.000000                        9.031659                 3.884159                    16.973052                
45.68       126.52       63.66                82.16                  4.100901                       0.000000                        9.044099                 3.652813                    16.797814                
45.06       126.18       63.99                82.38                  4.171570                       0.000000                        9.055818                 3.419852                    16.647239                
44.29       125.75       64.53                82.72                  4.256044                       0.000000                        9.079729                 3.081963                    16.417736                
43.53       125.32       65.27                83.19                  4.267108                       0.000000                        9.111859                 2.385780                    15.764747                
42.64       124.81       66.02                83.67                  3.985026                       0.000000                        9.138895                 1.972770                    15.096692                
41.76       124.31       66.64                84.06                  3.985835                       0.000000                        9.158443                 1.770188                    14.914466                
40.95       123.77       67.33                84.50                  3.986693                       0.000000                        9.177622                 1.612452                    14.776766                
40.15       123.23       68.04                84.94                  3.987662                       0.000000                        9.194400                 1.694893                    14.876955                
39.20       122.68       68.79                85.41                  3.988937                       0.000000                        9.208877                 1.725947                    14.923761                
38.26       122.14       69.56                85.89                  3.990702                       0.000000                        9.220835                 1.816880                    15.028417                
37.36       121.53       70.44                86.43                  3.991874                       0.000000                        9.230984                 1.841723                    15.064581                
36.46       120.92       71.64                87.16                  3.993487                       0.000000                        9.239671                 1.767887                    15.001045                
35.75       120.49       72.29                87.56                  4.003291                       0.000000                        9.242160                 1.621030                    14.866482                
35.04       120.06       72.75                87.83                  3.894860                       0.000000                        9.242985                 1.555796                    14.693642                
34.33       119.64       73.09                88.04                  3.936750                       0.000000                        9.242985                 1.523597                    14.703331                
33.56       119.21       73.45                88.25                  3.950678                       0.000000                        9.242498                 1.389414                    14.582590                
32.78       118.78       73.83                88.48                  3.958072                       0.000000                        9.241178                 1.390217                    14.589466                
32.00       118.35       74.24                88.73                  3.965761                       0.000000                        9.238639                 1.320056                    14.524457                
31.20       117.91       74.70                89.00                  3.974044                       0.000000                        9.234540                 1.328582                    14.537166                
30.39       117.47       70.94                86.73                  3.853334                       0.000000                        9.235296                 1.776807                    14.865438                
29.59       117.03       71.33                86.97                  3.859720                       0.000000                        9.238016                 1.803551                    14.901287                
28.67       116.58       71.76                87.23                  3.867355                       0.000000                        9.240281                 1.693524                    14.801160                
27.74       116.12       72.22                87.51                  3.875371                       0.000000                        9.241968                 1.601657                    14.718996                
26.82       115.67       72.71                87.81                  3.883796                       0.000000                        9.242948                 1.541819                    14.668563                
25.83       115.14       73.53                88.30                  4.103199                       0.000000                        9.242203                 1.369561                    14.714963                
24.84       114.62       74.62                88.96                  4.118382                       0.000000                        9.235404                 1.221574                    14.575361                
23.86       114.09       75.79                89.65                  4.134381                       0.000000                        9.215002                 1.121932                    14.471315                
22.88       113.61       76.94                90.33                  4.150988                       0.000000                        9.173532                 1.104913                    14.429432                
21.91       113.14       78.17                91.05                  4.168503                       0.000000                        9.088382                 1.145726                    14.402610                
20.93       112.66       79.49                91.81                  4.186991                       0.000000                        8.933363                 1.197016                    14.317369                
19.96       112.19       80.92                92.63                  4.206516                       0.000000                        8.686312                 1.286446                    14.179274                
19.15       111.69       82.45                93.51                  4.223518                       0.000000                        8.359115                 1.336167                    13.918800                
18.35       111.19       84.09                94.43                  4.241274                       0.000000                        8.035303                 1.412582                    13.689159                
17.54       110.69       85.81                95.39                  4.260546                       0.000000                        7.835921                 1.387243                    13.483710                
16.74       110.20       85.56                95.25                  4.337682                       0.000000                        7.841898                 1.395132                    13.574712                
15.94       109.70       82.61                93.60                  4.280961                       0.000000                        8.295345                 1.354063                    13.930369                
15.01       109.09       84.57                94.70                  4.270434                       0.000000                        7.962681                 1.424851                    13.657966                
14.09       108.48       84.41                94.61                  4.292430                       0.000000                        7.988279                 1.400018                    13.680727                
13.16       107.87       80.84                92.59                  4.325285                       0.000000                        8.708938                 1.231405                    14.265628                
12.24       107.26       75.77                89.64                  4.396741                       0.000000                        9.211111                 1.131590                    14.739442                
11.70       106.77       76.00                89.77                  4.390082                       0.000000                        9.193268                 1.147951                    14.731301                
====================Subduction_Zone_20====================
2.72        115.74       47.72                71.14                  4.859502                       0.330046                        8.306749                 8.689521                    22.185818                
2.68        114.80       50.44                73.13                  4.942301                       2.119738                        8.402294                 10.971571                   26.435905                
2.64        113.87       53.11                75.05                  5.039023                       2.413864                        8.510028                 11.659421                   27.622335                
2.60        112.93       55.79                76.92                  5.153368                       2.734249                        8.635688                 7.992029                    24.515334                
3.00        112.20       55.44                76.68                  5.251081                       2.979530                        8.619118                 7.351180                    24.200909                
3.40        111.48       56.38                77.32                  5.306883                       3.091682                        8.664988                 6.896213                    23.959765                
3.79        110.75       57.30                77.95                  5.179725                       2.795293                        8.770858                 7.544178                    24.290055                
4.46        110.41       51.85                74.15                  4.973205                       2.222918                        8.459339                 11.894407                   27.549869                
5.12        110.06       46.70                70.37                  5.009832                       2.328560                        8.262272                 7.697826                    23.298490                
5.77        109.90       43.96                68.27                  4.834175                       0.000000                        8.024947                 7.702763                    20.561885                
6.42        109.74       48.02                71.36                  4.777085                       0.000000                        8.324508                 8.159606                    21.261199                
7.14        109.72       61.25                80.59                  4.642171                       0.000000                        8.934530                 6.083762                    19.660463                
7.94        109.20       75.01                89.18                  4.530420                       0.000000                        9.220496                 1.445107                    15.196023                
8.75        108.69       76.91                90.31                  4.469640                       0.000000                        9.161404                 1.163417                    14.794462                
9.51        108.18       76.17                89.87                  4.456687                       0.000000                        9.161127                 1.142728                    14.760542                
10.27       107.68       76.35                89.98                  4.465730                       0.000000                        9.192284                 1.114173                    14.772187                
10.99       107.22       76.12                89.85                  4.432439                       0.000000                        9.202672                 1.103372                    14.738482                
11.70       106.77       76.00                89.77                  4.390082                       0.000000                        9.193268                 1.147951                    14.731301                
====================Subduction_Zone_21====================
74.57       -137.83      39.47                64.70                  3.876403                       0.000000                        7.456089                 4.271234                    15.603725                
74.68       -138.76      40.61                65.62                  3.760701                       0.000000                        7.622138                 4.321360                    15.704199                
74.79       -139.69      41.63                66.44                  3.744544                       0.000000                        7.781332                 4.361453                    15.887329                
74.90       -140.61      42.32                66.99                  3.754707                       0.000000                        7.891626                 4.762847                    16.409179                
75.01       -141.54      43.22                67.70                  3.766681                       0.000000                        8.003329                 5.417859                    17.187869                
75.13       -142.47      44.03                68.33                  3.779708                       0.000000                        8.090405                 6.431068                    18.301181                
75.24       -143.40      45.01                69.09                  3.795398                       0.000000                        8.172465                 7.293656                    19.261519                
75.35       -144.33      46.03                69.86                  3.815238                       0.000000                        8.240051                 8.205133                    20.260423                
75.46       -145.26      47.43                70.92                  3.842018                       0.000000                        8.296248                 9.206836                    21.345102                
75.57       -146.19      48.74                71.90                  3.878349                       0.000000                        8.347547                 10.301353                   22.527249                
75.68       -147.11      50.46                73.15                  3.925972                       0.000000                        8.404619                 12.090265                   24.420856                
75.79       -148.04      51.95                74.22                  3.985560                       0.000000                        8.464393                 13.489330                   25.939282                
75.90       -148.97      52.04                74.28                  3.980144                       0.000000                        8.468004                 13.540529                   25.988676                
76.06       -149.95      52.21                74.41                  3.974247                       0.000000                        8.474888                 13.524534                   25.973669                
76.22       -150.93      52.38                74.53                  3.968494                       0.000000                        8.482060                 13.429071                   25.879626                
76.38       -151.91      52.58                74.67                  3.965796                       0.000000                        8.490111                 13.165475                   25.621382                
76.53       -152.88      52.82                74.84                  3.972083                       0.000000                        8.500465                 13.144174                   25.616722                
76.69       -153.86      53.08                75.02                  3.977946                       0.000000                        8.511373                 12.753845                   25.243163                
76.85       -154.84      53.33                75.21                  3.982398                       0.000000                        8.522465                 12.296109                   24.800972                
77.01       -155.82      53.60                75.40                  3.986912                       0.000000                        8.534267                 12.297020                   24.818198                
77.17       -156.80      53.88                75.59                  3.991958                       0.000000                        8.546692                 12.296228                   24.834878                
77.32       -157.77      54.17                75.80                  3.997147                       0.000000                        8.559889                 11.613813                   24.170849                
77.48       -158.75      54.48                76.01                  4.002405                       0.000000                        8.573906                 11.160841                   23.737152                
77.58       -159.74      54.69                76.15                  4.007249                       0.000000                        8.583435                 11.115598                   23.706281                
77.68       -160.73      54.91                76.31                  4.011536                       0.000000                        8.593765                 10.688529                   23.293830                
77.78       -161.72      54.56                76.07                  3.970911                       0.000000                        8.577693                 11.026997                   23.575601                
77.87       -162.70      54.25                75.85                  3.934615                       0.000000                        8.563270                 11.218000                   23.715886                
77.97       -163.69      54.44                75.98                  3.937267                       0.000000                        8.571879                 11.177974                   23.687121                
78.07       -164.68      54.63                76.11                  3.940398                       0.000000                        8.580814                 11.117575                   23.638786                
78.17       -165.67      54.83                76.25                  3.943556                       0.000000                        8.590194                 11.044573                   23.578323                
78.26       -166.66      55.04                76.40                  3.946744                       0.000000                        8.600071                 10.569581                   23.116396                
78.36       -167.65      55.26                76.55                  3.949855                       0.000000                        8.610362                 9.866790                    22.427006                
78.46       -168.63      55.48                76.71                  3.952964                       0.000000                        8.621142                 9.541890                    22.115996                
78.56       -169.62      55.44                76.67                  3.939188                       0.000000                        8.619102                 9.832254                    22.390545                
78.66       -170.61      55.69                76.85                  3.943197                       0.000000                        8.631065                 9.336551                    21.910814                
78.75       -171.60      56.01                77.07                  3.951144                       0.000000                        8.646915                 8.515307                    21.113366                
78.13       169.74       51.29                73.75                  3.991599                       0.000000                        8.438688                 12.655597                   25.085885                
====================Subduction_Zone_22====================
73.87       158.21       48.30                71.57                  3.812164                       0.000000                        8.327207                 9.668513                    21.807884                
73.91       158.35       48.18                71.48                  3.812286                       0.000000                        8.327839                 9.668254                    21.808379                
74.26       158.90       48.34                71.60                  3.812625                       0.000000                        8.330458                 9.794801                    21.937884                
74.61       159.44       48.70                71.86                  3.812160                       0.000000                        8.340304                 10.015474                   22.167938                
75.03       160.17       48.84                71.96                  3.810784                       0.000000                        8.348320                 10.302136                   22.461239                
75.45       160.89       49.00                72.08                  3.804775                       0.000000                        8.353603                 10.547653                   22.706031                
75.87       161.61       49.16                72.20                  3.799155                       0.000000                        8.358947                 10.677934                   22.836036                
76.18       162.60       49.24                72.26                  3.797653                       0.000000                        8.364387                 10.659500                   22.821540                
76.49       163.60       49.59                72.52                  3.867405                       0.000000                        8.369876                 10.981531                   23.218811                
76.80       164.59       49.62                72.54                  3.993684                       0.000000                        8.375178                 11.424311                   23.793173                
77.11       165.58       49.96                72.79                  3.996147                       0.000000                        8.389386                 11.514705                   23.900238                
77.43       166.58       50.34                73.06                  3.991743                       0.000000                        8.400235                 11.892273                   24.284251                
77.74       167.57       50.64                73.28                  3.992601                       0.000000                        8.414087                 12.416154                   24.822841                
77.87       168.29       51.08                73.60                  3.990318                       0.000000                        8.430509                 12.692862                   25.113689                
78.00       169.02       51.18                73.67                  3.990960                       0.000000                        8.434444                 12.774794                   25.200198                
78.13       169.74       51.29                73.75                  3.991599                       0.000000                        8.438688                 12.655597                   25.085885                
====================Subduction_Zone_23====================
-64.18      -63.60       48.40                71.64                  5.220172                       2.886955                        8.335384                 9.336167                    25.778677                
-64.17      -63.62       48.40                71.64                  5.215661                       2.871618                        8.335643                 9.336167                    25.759089                
-64.02      -64.06       48.95                72.05                  5.307286                       3.101761                        8.307840                 8.914129                    25.631016                
-63.87      -64.54       46.84                70.48                  5.341835                       3.178737                        8.274884                 9.336167                    26.131623                
-63.64      -65.19       46.56                70.27                  5.364535                       3.219595                        8.262600                 8.932267                    25.778997                
-63.47      -65.68       44.24                68.49                  5.919524                       3.878298                        8.088010                 8.914129                    26.799961                
-63.26      -66.12       43.59                67.99                  6.492492                       4.536774                        8.027556                 8.914129                    27.970952                
-63.14      -66.29       42.61                67.22                  6.746197                       4.765771                        7.907248                 8.914129                    28.333346                
-63.04      -66.47       43.18                67.67                  6.120629                       4.107644                        8.068182                 8.134710                    26.431165                
-62.89      -66.75       38.25                63.69                  3.951840                       0.000000                        7.264796                 5.487806                    16.704442                
-62.76      -66.98       38.06                63.53                  3.951478                       0.000000                        7.273748                 5.487806                    16.713032                
-62.57      -67.31       38.10                63.56                  3.951634                       0.000000                        7.278224                 5.487806                    16.717664                
-62.37      -67.64       38.32                63.75                  3.951804                       0.000000                        7.282817                 5.487806                    16.722427                
-62.20      -67.92       38.14                63.59                  3.951475                       0.000000                        7.282243                 5.487806                    16.721523                
-62.03      -68.23       38.22                63.66                  3.952405                       0.000000                        7.261128                 7.456660                    18.670194                
-61.85      -68.49       38.22                63.67                  3.952125                       0.000000                        7.261928                 7.456660                    18.670712                
-61.73      -68.65       38.26                63.70                  3.951932                       0.000000                        7.275676                 6.758703                    17.986311                
-61.43      -69.08       38.11                63.58                  3.952243                       0.000000                        7.259429                 5.470026                    16.681697                
-60.99      -69.62       37.28                62.88                  3.952519                       0.000000                        7.185271                 5.806428                    16.944217                
-60.72      -69.92       36.79                62.46                  3.952696                       0.000000                        7.156481                 6.410880                    17.520057                
-60.33      -70.12       36.16                61.92                  3.953619                       0.000000                        7.135645                 7.021549                    18.110813                
-60.26      -70.13       36.06                61.84                  3.953836                       0.000000                        7.133962                 7.242323                    18.330120                
-59.88      -70.13       35.53                61.38                  3.955255                       0.000000                        7.132788                 7.437392                    18.525435                
-59.52      -70.07       35.04                60.96                  3.956808                       0.000000                        7.141785                 7.973171                    19.071765                
-59.14      -69.99       34.46                60.45                  3.957879                       0.000000                        7.164102                 8.425143                    19.547124                
-58.81      -69.93       34.01                60.06                  3.959311                       0.000000                        7.188178                 8.425143                    19.572633                
-58.65      -69.88       33.80                59.87                  3.960077                       0.000000                        7.201575                 8.693934                    19.855586                
-58.34      -69.87       33.44                59.55                  3.961974                       0.000000                        7.226876                 8.856501                    20.045351                
-57.93      -69.98       32.80                58.98                  3.963180                       0.000000                        7.275628                 9.001029                    20.239836                
-57.55      -70.05       32.21                58.45                  3.964377                       0.000000                        7.324092                 9.101900                    20.390369                
-57.21      -70.07       31.70                57.98                  3.965635                       0.000000                        7.366251                 9.136801                    20.468687                
-56.91      -70.10       31.24                57.56                  3.966692                       0.000000                        7.403345                 9.138503                    20.508540                
-56.65      -70.06       30.88                57.22                  3.967791                       0.000000                        7.431009                 9.076226                    20.475026                
-56.33      -70.04       30.40                56.78                  3.969127                       0.000000                        7.464929                 9.015831                    20.449887                
-55.97      -69.98       29.88                56.29                  3.970733                       0.000000                        7.498129                 8.947150                    20.416013                
-55.54      -69.77       27.66                54.16                  3.906058                       0.000000                        7.575733                 8.067104                    19.548895                
-55.20      -69.49       23.70                50.14                  3.779222                       0.000000                        7.632003                 5.542790                    16.954016                
-55.00      -69.29       23.59                50.02                  3.790419                       0.000000                        7.632750                 5.511965                    16.935134                
-54.75      -69.07       23.44                49.86                  3.805278                       0.000000                        7.633739                 5.446557                    16.885574                
-54.48      -68.80       23.24                49.65                  3.819266                       0.000000                        7.635144                 5.309529                    16.763939                
-54.04      -68.36       22.86                49.24                  3.864349                       0.000000                        7.636729                 5.078066                    16.579144                
-53.66      -67.96       22.43                48.77                  3.910325                       0.000000                        7.638282                 4.871861                    16.420468                
-53.34      -67.68       21.94                48.23                  3.958347                       0.000000                        7.638391                 4.630342                    16.227080                
-53.02      -67.45       21.29                47.51                  3.997074                       0.000000                        7.635324                 4.342471                    15.974869                
-52.59      -67.41       20.07                46.14                  4.088620                       0.000000                        7.613176                 3.595306                    15.297102                
-52.31      -67.35       18.82                44.67                  4.108574                       0.000000                        7.534147                 2.862634                    14.505356                
-52.08      -67.30       16.81                42.23                  4.061267                       0.000000                        7.430567                 2.097637                    13.589471                
-52.00      -67.28       16.68                42.06                  4.041480                       0.000000                        7.407707                 2.079390                    13.528576                
-51.75      -67.19       16.27                41.54                  4.030000                       0.000000                        7.372232                 1.995106                    13.397337                
-51.44      -67.07       15.78                40.90                  4.016901                       0.000000                        7.329884                 1.923063                    13.269849                
-51.09      -66.93       15.21                40.16                  4.002512                       0.000000                        7.282351                 1.739890                    13.024753                
-50.79      -66.79       14.75                39.55                  3.991317                       0.000000                        7.246401                 1.732844                    12.970563                
-50.47      -66.64       14.27                38.90                  3.980022                       0.000000                        7.211041                 1.578056                    12.769119                
-50.12      -66.47       13.74                38.18                  3.968277                       0.000000                        7.175970                 1.587423                    12.731669                
-49.87      -66.35       13.36                37.64                  3.960127                       0.000000                        7.152601                 1.591563                    12.704290                
-49.23      -66.05       12.41                36.27                  3.941251                       0.000000                        7.100861                 1.683763                    12.725875                
-48.82      -65.86       11.79                35.36                  3.929997                       0.000000                        7.069549                 1.688293                    12.687839                
-48.42      -65.67       11.22                34.49                  3.920015                       0.000000                        7.039783                 1.705553                    12.665351                
-48.06      -65.48       10.70                33.69                  3.911304                       0.000000                        7.009608                 1.792220                    12.713131                
-47.55      -65.22       9.99                 32.55                  3.899901                       0.000000                        6.961252                 2.119599                    12.980752                
-47.27      -65.08       9.60                 31.91                  3.893151                       0.000000                        6.911235                 2.268274                    13.072660                
-46.82      -64.88       8.72                 30.40                  3.883849                       0.000000                        6.843923                 2.352038                    13.079810                
-46.54      -64.77       8.29                 29.65                  3.874253                       0.000000                        6.742798                 2.884789                    13.501840                
-46.18      -64.62       7.76                 28.69                  3.871645                       0.000000                        6.722765                 3.436962                    14.031373                
-45.91      -64.37       7.13                 27.49                  3.866237                       0.000000                        6.650665                 3.444517                    13.961418                
-45.34      -64.03       6.28                 25.81                  3.849611                       0.000000                        6.463866                 3.577624                    13.891102                
-45.34      -64.03       6.28                 25.81                  3.849611                       0.000000                        6.463866                 3.577624                    13.891102                
-44.87      -63.91       5.76                 24.72                  3.840921                       0.000000                        6.261037                 3.632065                    13.734023                
-44.45      -63.70       5.20                 23.49                  3.835427                       0.000000                        6.108859                 3.535012                    13.479298                
-43.75      -63.29       4.26                 21.26                  3.829787                       0.000000                        5.940747                 3.385072                    13.155606                
-43.06      -62.88       3.92                 20.40                  3.823896                       0.000000                        5.813165                 3.281733                    12.918794                
-42.16      -62.60       3.33                 18.79                  3.816450                       0.000000                        5.606090                 3.106963                    12.529503                
-41.26      -62.31       2.43                 16.07                  3.808116                       0.000000                        5.192436                 2.797868                    11.798420                
-40.36      -62.03       1.78                 13.72                  3.801717                       0.000000                        4.805678                 2.448234                    11.055629                
-39.46      -61.74       1.46                 12.43                  3.797911                       0.000000                        4.569521                 2.169034                    10.536466                
-38.56      -61.46       1.15                 11.05                  3.794400                       0.000000                        4.299298                 1.888004                    9.981702                 
-37.77      -61.47       0.71                 10.00                  3.792478                       0.000000                        3.759665                 1.432600                    8.984743                 
-36.97      -61.48       0.28                 10.00                  3.790656                       0.000000                        2.729224                 0.611000                    7.130881                 
-36.18      -61.49       0.57                 10.00                  5.564023                       2.309573                        3.466655                 0.793084                    12.133335                
-35.38      -61.50       5.03                 23.10                  7.114109                       4.159873                        5.567443                 1.611336                    18.452761                
-34.56      -61.57       15.56                40.62                  4.477124                       0.338327                        7.328211                 6.736196                    18.879858                
-33.74      -61.64       24.96                51.45                  4.095941                       0.000000                        7.595879                 8.126987                    19.818808                
-32.92      -61.70       33.42                59.53                  3.957130                       0.000000                        7.321334                 6.078664                    17.357129                
-32.10      -61.77       40.98                65.92                  3.890744                       0.000000                        7.567883                 5.890000                    17.348627                
-31.28      -61.84       47.78                71.18                  3.836148                       0.000000                        8.287098                 8.690721                    20.813967                
-30.39      -61.78       48.92                72.03                  3.900896                       0.000000                        8.343912                 10.136973                   22.381781                
-29.49      -61.72       47.68                71.11                  3.902801                       0.000000                        8.309894                 8.890770                    21.103465                
-28.77      -61.87       46.66                70.34                  3.902845                       0.000000                        8.268846                 8.301095                    20.472787                
-28.20      -62.04       45.85                69.73                  3.902186                       0.000000                        8.228748                 7.198861                    19.329795                
-27.66      -62.13       45.36                69.36                  3.900386                       0.000000                        8.178292                 7.070584                    19.149263                
-26.95      -62.42       38.22                63.67                  3.928815                       0.000000                        7.666761                 4.760553                    16.356128                
-26.44      -62.59       38.32                63.75                  3.943073                       0.000000                        7.555184                 3.776727                    15.274984                
-25.93      -62.77       40.08                65.19                  3.938252                       0.000000                        7.832657                 4.387170                    16.158078                
-25.25      -63.46       44.70                68.85                  3.926100                       0.000000                        8.151258                 6.407998                    18.485356                
-24.27      -63.90       44.70                68.85                  3.928295                       0.000000                        8.151258                 6.407998                    18.487551                
-23.29      -64.34       44.70                68.85                  3.929560                       0.000000                        8.151258                 6.407998                    18.488816                
-22.52      -64.69       44.70                68.85                  3.934707                       0.000000                        8.151258                 6.407998                    18.493963                
-21.74      -65.04       44.70                68.85                  3.937410                       0.000000                        8.151258                 6.407998                    18.496666                
-20.97      -65.38       44.70                68.85                  3.937417                       0.000000                        8.151258                 6.407998                    18.496673                
-20.14      -65.61       44.70                68.85                  3.947198                       0.000000                        8.151258                 6.407998                    18.506455                
-19.31      -65.84       44.70                68.85                  3.962342                       0.000000                        8.151258                 6.407998                    18.521598                
-18.47      -66.07       44.70                68.85                  3.986863                       0.000000                        8.151258                 6.407998                    18.546119                
-17.64      -66.30       44.70                68.85                  4.011918                       0.000000                        8.151258                 6.404779                    18.567955                
-16.80      -66.53       44.70                68.85                  4.086123                       0.000000                        8.133276                 6.353963                    18.573362                
-15.97      -66.77       43.34                67.79                  4.154792                       0.000000                        7.978176                 5.668441                    17.801409                
-15.12      -66.96       41.00                65.94                  4.137988                       0.000000                        7.681457                 3.830017                    15.649462                
-14.28      -67.16       40.97                65.91                  4.073140                       0.000000                        7.677139                 3.839110                    15.589389                
-13.43      -67.35       42.34                67.01                  4.066109                       0.000000                        7.935946                 4.515682                    16.517737                
-12.56      -67.14       43.26                67.73                  4.061991                       0.000000                        7.947066                 5.938251                    17.947309                
-11.69      -66.92       47.48                70.96                  4.114179                       0.000000                        8.297678                 8.806102                    21.217960                
-10.81      -66.70       49.70                72.60                  4.086327                       0.000000                        8.380404                 10.120830                   22.587561                
-9.94       -66.48       50.83                73.42                  4.088321                       0.000000                        8.421136                 12.257917                   24.767374                
====================Subduction_Zone_24====================
9.61        -64.34       4.16                 21.00                  5.219595                       2.901173                        5.894903                 2.728314                    16.743985                
9.08        -63.50       8.71                 30.40                  5.211773                       2.875467                        6.832642                 1.877934                    16.797815                
8.55        -62.67       18.03                43.73                  5.198688                       2.853368                        7.420594                 2.796811                    18.269460                
8.02        -61.83       24.78                51.26                  5.241698                       2.877921                        7.623289                 5.328618                    21.071527                
7.19        -60.96       32.23                58.46                  5.203180                       2.860333                        7.243263                 8.138639                    23.445415                
6.41        -60.63       37.77                63.29                  5.200922                       2.856247                        7.228202                 6.438858                    21.724230                
5.63        -60.29       46.36                70.12                  6.326744                       4.783740                        8.142503                 9.237761                    28.490747                
4.82        -60.17       52.80                74.83                  6.354989                       4.729306                        8.498680                 9.424836                    29.007812                
4.02        -60.05       58.10                78.50                  5.395875                       3.287673                        8.704838                 8.043037                    25.431423                
====================Subduction_Zone_25====================
-54.74      173.57       3.49                 19.23                  6.045947                       4.471424                        5.684009                 1.695039                    17.896419                
-54.66      174.12       8.35                 29.76                  5.472425                       3.352310                        6.749377                 2.609134                    18.183246                
-54.63      174.97       13.62                38.00                  4.913366                       0.748787                        7.173244                 2.679325                    15.514722                
-54.56      175.74       16.47                41.79                  4.684262                       0.000000                        7.379974                 3.046664                    15.110900                
-54.60      176.52       14.90                39.75                  4.759806                       0.000000                        7.276794                 2.575979                    14.612579                
-54.63      177.29       14.01                38.54                  4.657143                       0.000000                        7.391217                 2.777819                    14.826178                
-54.70      178.23       14.91                39.77                  4.827869                       1.027337                        7.264949                 3.067942                    16.188098                
-54.82      179.05       11.16                34.40                  5.126930                       2.655688                        7.152666                 3.316834                    18.252117                
-54.97      179.83       11.48                34.89                  5.365415                       3.210875                        7.052288                 2.858298                    18.486876                
-55.27      -179.19      14.57                39.30                  4.402451                       0.000000                        7.229607                 3.201068                    14.833126                
-55.52      -178.55      16.64                42.01                  4.148800                       0.000000                        7.404984                 3.234004                    14.787788                
-55.77      -177.91      20.31                46.41                  4.034300                       0.000000                        7.610818                 5.503184                    17.148302                
-55.98      -177.36      24.08                50.53                  3.965603                       0.000000                        7.629074                 7.343561                    18.938238                
-56.20      -176.81      29.31                55.75                  3.891410                       0.000000                        7.527771                 9.461888                    20.881069                
-56.48      -175.84      41.67                66.48                  3.801277                       0.000000                        7.667222                 7.585971                    19.054470                
-56.73      -174.91      41.50                66.34                  3.794110                       0.000000                        7.761650                 7.957276                    19.513036                
-56.98      -174.07      41.56                66.39                  3.790800                       0.000000                        7.770549                 8.423986                    19.985335                
====================Subduction_Zone_26====================
-49.40      167.70       12.13                35.86                  4.838279                       1.045964                        7.085855                 3.791370                    16.761468                
-49.49      167.79       12.72                36.72                  4.787966                       0.079538                        7.181175                 3.856132                    15.904810                
-49.81      168.13       19.73                45.74                  4.553521                       0.000000                        7.631030                 3.328475                    15.513026                
-50.00      168.26       20.03                46.08                  4.653025                       0.000000                        7.601178                 3.889142                    16.143345                
-50.20      168.34       18.71                44.55                  4.598780                       0.000000                        7.624764                 4.614055                    16.837598                
-50.49      168.48       17.45                43.01                  4.668921                       0.000000                        7.578093                 2.839500                    15.086514                
-50.64      168.63       17.50                43.08                  4.678197                       0.000000                        7.596728                 3.005601                    15.280526                
-50.90      168.85       17.36                42.91                  4.803735                       0.746688                        7.445704                 2.891607                    15.887733                
-51.14      169.03       16.56                41.91                  4.852581                       1.190823                        7.393999                 2.891607                    16.329010                
-51.37      169.21       15.72                40.83                  4.892770                       1.703761                        7.323303                 2.585573                    16.505407                
-51.61      169.36       17.12                42.61                  4.722717                       0.021256                        7.536585                 2.649911                    14.930469                
-51.84      169.52       14.53                39.25                  4.797944                       0.171384                        7.374585                 1.913656                    14.257570                
-52.16      169.62       13.99                38.52                  4.971479                       2.175533                        7.193576                 1.967277                    16.307865                
-52.65      169.80       15.09                40.01                  4.930547                       2.076199                        7.272609                 1.869356                    16.148711                
-52.94      169.91       12.24                36.02                  5.033903                       2.385072                        7.165892                 1.637541                    16.222409                
-53.79      170.40       7.53                 28.27                  5.650186                       3.752357                        6.684446                 3.137079                    19.224069                
-53.91      170.54       6.46                 26.17                  5.798738                       3.965488                        6.458073                 3.188353                    19.410652                
-54.14      171.09       4.89                 22.77                  5.844934                       4.024080                        6.091419                 3.284910                    19.245343                
-54.34      171.79       4.39                 21.57                  6.001529                       4.251325                        5.942771                 2.518779                    18.714404                
-54.54      172.49       3.47                 19.19                  5.942332                       4.176482                        5.667893                 2.846088                    18.632796                
-54.64      173.03       3.46                 19.15                  5.967736                       4.214162                        5.614889                 2.566410                    18.363198                
-54.74      173.57       3.49                 19.23                  6.045947                       4.471424                        5.684009                 1.695039                    17.896419                
====================Subduction_Zone_27====================
-32.62      156.32       24.53                51.00                  4.896134                       1.330917                        7.626367                 6.246309                    20.099728                
-32.70      156.41       24.34                50.80                  4.983108                       2.245848                        7.627635                 5.926703                    20.783294                
-33.14      156.83       23.55                49.98                  4.987832                       2.267387                        7.632837                 5.996467                    20.884522                
-33.34      156.94       23.07                49.46                  4.998088                       2.299622                        7.635614                 5.208327                    20.141651                
-33.61      157.20       22.55                48.90                  5.011411                       2.334728                        7.637886                 4.853811                    19.837835                
-34.02      157.38       21.21                47.42                  5.030465                       2.385710                        7.634015                 4.327433                    19.377623                
-34.46      157.51       19.66                45.66                  4.985378                       2.255619                        7.598349                 3.347435                    18.186780                
-34.77      157.61       18.79                44.63                  4.939107                       2.110556                        7.558072                 2.679711                    17.287446                
-35.24      157.91       17.43                43.00                  4.915463                       2.031418                        7.465562                 3.019418                    17.431862                
-35.93      158.25       15.58                40.65                  4.858799                       0.867479                        7.313431                 2.201242                    15.240952                
-36.43      158.65       14.54                39.26                  4.871835                       1.523702                        7.230541                 2.118086                    15.744164                
-37.02      159.18       13.14                37.32                  4.883616                       1.919417                        7.139773                 2.046672                    15.989478                
-37.40      159.57       12.34                36.18                  4.888301                       1.943366                        7.097809                 1.973995                    15.903470                
-37.92      160.35       11.59                35.06                  4.848334                       0.760252                        7.059201                 1.877929                    14.545716                
-38.25      160.92       11.58                35.05                  4.772854                       0.000000                        7.058765                 1.829386                    13.661004                
-38.67      161.47       11.36                34.71                  4.760621                       0.000000                        7.047048                 1.852996                    13.660665                
-38.99      161.90       11.19                34.45                  4.754333                       0.000000                        7.038052                 1.767853                    13.560238                
-39.25      162.33       11.50                34.92                  4.734107                       0.000000                        7.053565                 1.760211                    13.547883                
-39.75      162.94       10.52                33.40                  4.688184                       0.000000                        6.997668                 2.046029                    13.731881                
-40.16      163.63       9.40                 31.58                  4.598661                       0.000000                        6.912224                 2.062790                    13.573675                
-40.58      164.22       8.23                 29.54                  4.537857                       0.000000                        6.785778                 2.677888                    14.001523                
-41.10      164.78       6.63                 26.52                  4.492260                       0.000000                        6.533080                 3.381992                    14.407332                
-41.78      165.54       5.87                 24.95                  4.801685                       0.000000                        6.390857                 3.208965                    14.401507                
-42.55      166.22       10.86                33.93                  4.782175                       0.000000                        7.016202                 1.983997                    13.782374                
-43.05      166.66       14.17                38.76                  4.727197                       0.000000                        7.206882                 1.752651                    13.686730                
-43.63      167.06       18.14                43.86                  4.613862                       0.000000                        7.517471                 2.472878                    14.604211                
-44.23      167.60       20.02                46.07                  4.586407                       0.000000                        7.610098                 3.242765                    15.439270                
-45.07      167.90       17.69                43.31                  4.566064                       0.000000                        7.581901                 3.159060                    15.307026                
-45.60      167.81       19.85                45.88                  4.590041                       0.000000                        7.605408                 4.160775                    16.356224                
-46.06      167.59       20.66                46.80                  4.599388                       0.000000                        7.622485                 3.696964                    15.918836                
-46.58      167.42       23.64                50.07                  4.545852                       0.000000                        7.630905                 5.582458                    17.759216                
-47.54      167.56       37.77                63.29                  4.255047                       0.000000                        7.226394                 5.667995                    17.149435                
-48.07      167.66       38.69                64.05                  4.242951                       0.000000                        7.327615                 4.795179                    16.365745                
-48.59      167.75       36.13                61.90                  4.293646                       0.000000                        7.239950                 5.333721                    16.867317                
-49.15      167.78       21.09                47.30                  4.568513                       0.000000                        7.589893                 7.182876                    19.341282                
-49.34      167.70       13.76                38.19                  4.789760                       0.744419                        7.195193                 4.638049                    17.367421                
-49.40      167.70       12.13                35.86                  4.838279                       1.045964                        7.085855                 3.791370                    16.761468                
====================Subduction_Zone_28====================
-31.22      153.76       25.23                51.73                  4.150818                       0.000000                        7.621184                 7.564230                    19.336232                
-31.29      154.06       25.25                51.74                  4.150726                       0.000000                        7.621031                 7.143325                    18.915083                
-31.42      154.33       25.25                51.74                  4.177955                       0.000000                        7.621069                 6.793199                    18.592223                
-31.60      154.70       25.31                51.81                  4.237025                       0.000000                        7.620532                 7.346619                    19.204177                
-31.72      155.03       25.51                52.01                  4.293152                       0.000000                        7.618722                 6.879923                    18.791797                
-31.95      155.39       25.33                51.83                  4.392258                       0.000000                        7.620257                 7.011772                    19.024288                
-32.29      155.78       24.77                51.25                  4.573353                       0.000000                        7.624577                 6.912297                    19.110226                
-32.62      156.32       24.53                51.00                  4.896134                       1.330917                        7.626367                 6.246309                    20.099728                
====================Subduction_Zone_29====================
-25.63      141.53       55.46                76.69                  4.460210                       0.000000                        8.609891                 11.484604                   24.554706                
-26.19      142.18       42.07                66.80                  4.343860                       0.000000                        7.839368                 10.088867                   22.272095                
-26.74      142.82       27.83                54.33                  4.256825                       0.000000                        7.570735                 6.469469                    18.297029                
-27.30      143.21       19.91                45.94                  4.256640                       0.000000                        7.605179                 4.794397                    16.656216                
-27.85      143.59       17.72                43.35                  4.308836                       0.000000                        7.489410                 2.414829                    14.213075                
-28.77      144.36       14.56                39.30                  4.358522                       0.000000                        7.231742                 1.904000                    13.494265                
-29.02      144.94       15.46                40.49                  4.322907                       0.000000                        7.315789                 2.069435                    13.708132                
-29.28      145.52       16.49                41.82                  4.265886                       0.000000                        7.388254                 2.361235                    14.015375                
-29.41      146.35       18.39                44.16                  4.234443                       0.000000                        7.535485                 2.896477                    14.666405                
-29.54      147.19       20.28                46.37                  4.192641                       0.000000                        7.616127                 3.890441                    15.699209                
-29.95      147.94       20.02                46.07                  4.189073                       0.000000                        7.625814                 4.088998                    15.903885                
-30.37      148.70       19.35                45.30                  4.206940                       0.000000                        7.583216                 3.903730                    15.693886                
-30.57      149.34       19.55                45.53                  4.208580                       0.000000                        7.594924                 4.023185                    15.826689                
-30.77      149.99       19.80                45.82                  4.199326                       0.000000                        7.603525                 3.888258                    15.691109                
-31.24      150.52       18.27                44.01                  4.224484                       0.000000                        7.526534                 3.489613                    15.240631                
-31.39      151.13       18.30                44.06                  4.230259                       0.000000                        7.530625                 2.971629                    14.732513                
-31.54      151.75       19.01                44.90                  4.232466                       0.000000                        7.569216                 3.802001                    15.603683                
-31.87      152.45       19.61                45.60                  4.263153                       0.000000                        7.595553                 3.705447                    15.564153                
-32.39      152.90       18.31                44.07                  4.333185                       0.000000                        7.531267                 3.239751                    15.104203                
====================Subduction_Zone_30====================
-20.94      142.86       44.98                69.07                  3.779100                       0.000000                        8.172723                 7.006851                    18.958674                
-20.92      142.86       44.95                69.04                  3.779194                       0.000000                        8.170526                 7.006851                    18.956571                
-20.09      143.09       45.22                69.25                  3.773372                       0.000000                        8.186641                 7.051660                    19.011673                
-19.25      143.32       45.48                69.44                  3.770688                       0.000000                        8.168773                 6.853963                    18.793424                
-18.42      143.55       45.28                69.30                  3.772394                       0.000000                        8.192820                 7.119078                    19.084291                
-17.59      143.78       45.03                69.10                  3.777328                       0.000000                        8.175819                 6.014073                    17.967220                
-16.76      144.02       44.34                68.57                  3.792396                       0.000000                        8.134363                 6.465577                    18.392337                
-15.92      144.14       44.64                68.81                  3.795576                       0.000000                        8.109975                 6.979857                    18.885407                
-15.09      144.26       44.47                68.67                  3.776445                       0.000000                        8.119346                 6.162463                    18.058254                
-14.25      144.38       43.89                68.22                  3.804569                       0.000000                        8.081866                 6.592647                    18.479082                
-13.41      144.50       43.90                68.23                  3.789551                       0.000000                        8.186340                 6.235478                    18.211370                
-12.57      144.62       44.07                68.36                  3.807404                       0.000000                        8.083831                 7.251080                    19.142314                
-11.73      144.74       44.18                68.45                  3.815595                       0.000000                        8.116489                 7.124296                    19.056380                
-10.81      144.86       44.65                68.81                  3.821553                       0.000000                        8.144544                 6.934259                    18.900356                
-9.88       144.98       45.73                69.64                  3.824796                       0.000000                        8.218277                 6.926450                    18.969523                
-8.95       145.11       46.60                70.30                  3.832477                       0.000000                        8.262646                 7.035115                    19.130239                
-8.02       145.23       47.81                71.21                  3.849902                       0.000000                        8.314224                 8.237279                    20.401405                
-7.08       145.19       49.64                72.56                  3.830636                       0.000000                        8.378652                 9.796132                    22.005419                
-6.14       145.14       49.79                72.66                  3.858416                       0.000000                        8.383937                 10.139089                   22.381442                
-5.20       145.10       50.06                72.86                  3.968420                       0.000000                        8.386918                 10.288189                   22.643527                
-4.26       145.05       48.94                72.04                  3.931675                       0.000000                        8.353206                 9.742309                    22.027190                
-3.36       145.02       47.73                71.14                  3.896353                       0.000000                        8.311635                 8.700787                    20.908775                
-2.46       144.99       46.48                70.21                  3.896420                       0.000000                        8.260886                 7.807992                    19.965298                
-1.56       144.96       45.24                69.26                  3.896794                       0.000000                        8.192953                 6.730807                    18.820553                
-0.65       144.93       43.73                68.10                  5.046232                       1.904247                        7.606138                 5.610846                    20.167464                
-0.05       144.86       42.47                67.11                  4.037546                       0.000000                        7.905419                 5.086971                    17.029937                
0.56        144.78       41.22                66.11                  4.036962                       0.622393                        7.711946                 5.004314                    17.375614                
1.48        144.62       25.39                51.89                  13.044101                      4.941519                        7.610279                 3.658628                    29.254528                
2.40        144.47       21.55                47.81                  4.393018                       0.000000                        7.350265                 6.364349                    18.107633                
3.31        144.31       17.07                42.55                  4.527335                       0.000000                        7.539165                 7.418756                    19.485255                
====================Subduction_Zone_31====================
16.06       82.99        21.29                47.51                  5.495762                       3.473128                        7.633994                 4.173321                    20.776205                
16.40       82.14        21.15                47.36                  6.024177                       4.283096                        7.634151                 4.128314                    22.069738                
16.74       81.29        22.48                48.83                  6.396764                       4.887773                        7.633441                 4.648487                    23.566466                
17.09       80.68        27.82                54.32                  6.366131                       4.878528                        7.617554                 7.432372                    26.294584                
17.20       79.93        30.58                56.95                  6.115941                       4.410358                        7.451896                 8.076870                    26.055066                
17.02       79.07        34.25                60.26                  6.094491                       4.378480                        7.333500                 7.778851                    25.585323                
16.84       78.22        31.15                57.48                  6.069698                       4.344958                        7.407655                 6.961354                    24.783665                
16.66       77.36        38.76                64.11                  6.039386                       4.310521                        7.350356                 5.114998                    22.815261                
16.57       76.45        36.21                61.97                  6.008399                       4.267798                        7.149616                 6.386525                    23.812338                
16.47       75.54        33.77                59.84                  5.978668                       4.232626                        7.215305                 7.437493                    24.864092                
16.37       74.62        31.42                57.72                  5.950008                       4.207262                        7.386034                 7.765463                    25.308767                
16.51       73.82        31.64                57.93                  5.924307                       4.161860                        7.368187                 7.956513                    25.410867                
16.64       73.01        31.89                58.15                  5.899615                       4.131592                        7.351361                 7.611527                    24.994095                
16.78       72.21        42.08                66.81                  5.848140                       4.055282                        7.846384                 5.506469                    23.256275                
16.91       71.40        42.86                67.41                  5.157853                       1.829651                        7.946532                 5.328573                    20.262608                
17.04       70.60        43.31                67.77                  5.508279                       3.123432                        7.995751                 4.865224                    21.492685                
17.42       69.72        44.76                68.90                  4.393647                       0.000000                        8.155677                 6.290321                    18.839645                
17.80       68.85        45.79                69.68                  4.389483                       0.000000                        8.174964                 7.212576                    19.777023                
18.18       67.98        46.82                70.46                  4.386580                       0.000000                        8.275669                 7.485106                    20.147354                
18.56       67.10        47.79                71.19                  4.384593                       0.000000                        8.313520                 8.313618                    21.011732                
18.94       66.23        46.53                70.24                  4.380526                       0.000000                        8.262286                 8.109890                    20.752702                
19.71       65.44        48.87                71.99                  4.316542                       0.000000                        8.351207                 10.006442                   22.674192                
20.48       64.65        48.34                71.60                  4.358453                       0.000000                        8.333225                 9.641547                    22.333225                
20.85       63.84        49.31                72.31                  4.265871                       0.000000                        8.366749                 10.799770                   23.432390                
21.22       63.03        46.26                70.04                  4.371786                       0.000000                        8.251363                 7.048478                    19.671627                
21.59       62.23        47.13                70.70                  4.369375                       0.000000                        8.288880                 7.965269                    20.623524                
21.96       61.42        46.84                70.48                  4.368653                       0.000000                        8.276356                 7.000631                    19.645640                
22.33       60.61        46.64                70.33                  4.368305                       0.000000                        8.267454                 7.633828                    20.269587                
22.78       59.68        36.51                62.23                  5.584183                       3.647303                        7.151534                 6.465856                    22.848874                
23.23       58.74        36.80                62.47                  5.582227                       3.647303                        7.164603                 6.465856                    22.859988                
====================Subduction_Zone_32====================
5.18        50.66        25.23                51.73                  4.215318                       0.000000                        7.620705                 6.876291                    18.712314                
4.83        51.39        28.19                54.67                  4.032057                       0.000000                        7.569156                 7.094692                    18.695905                
4.48        52.13        28.08                54.57                  3.963038                       0.000000                        7.577307                 8.581330                    20.121675                
4.13        52.93        27.53                54.03                  3.967888                       0.000000                        7.591488                 8.270254                    19.829630                
3.77        53.73        26.98                53.49                  3.973164                       0.000000                        7.602148                 7.664840                    19.240153                
3.42        54.53        26.43                52.94                  3.978951                       0.000000                        7.609945                 7.424665                    19.013560                
3.14        55.37        25.73                52.23                  3.985000                       0.000000                        7.617222                 7.018408                    18.620630                
2.86        56.21        25.03                51.52                  3.992514                       0.000000                        7.622740                 6.623718                    18.238971                
2.58        57.05        26.22                52.73                  4.152474                       0.000000                        7.612255                 7.350173                    19.114902                
2.34        57.99        24.88                51.36                  4.157836                       0.000000                        7.623865                 6.438997                    18.220698                
2.11        58.93        23.51                49.93                  4.163387                       0.000000                        7.633226                 5.625936                    17.422549                
1.87        59.88        22.11                48.42                  4.169127                       0.000000                        7.638435                 4.580978                    16.388540                
1.64        60.82        20.69                46.84                  4.175063                       0.000000                        7.627248                 3.949758                    15.752068                
1.46        61.80        19.06                44.96                  4.149628                       0.000000                        7.574995                 3.214645                    14.939267                
1.28        62.78        21.65                47.91                  4.135453                       0.000000                        7.628601                 4.535017                    16.299071                
1.10        63.76        21.19                47.40                  4.193560                       0.000000                        7.634114                 4.025939                    15.853614                
0.92        64.75        19.40                45.35                  4.200090                       0.000000                        7.589044                 3.220063                    15.009197                
0.93        65.69        17.31                42.84                  4.205978                       0.000000                        7.458638                 2.419440                    14.084056                
0.95        66.64        15.21                40.16                  4.210713                       0.000000                        7.282136                 1.714618                    13.207467                
0.97        67.58        13.09                37.25                  4.215427                       0.000000                        7.136916                 1.573209                    12.925553                
0.99        68.53        10.92                34.02                  4.220641                       0.000000                        7.022242                 1.744448                    12.987331                
1.00        69.47        8.68                 30.34                  4.306044                       0.000000                        6.839114                 2.448901                    13.594059                
1.02        70.42        6.36                 25.98                  4.462061                       0.000000                        6.468751                 3.304690                    14.235502                
1.14        71.31        7.29                 27.81                  4.496483                       0.000000                        6.484295                 2.423577                    13.404354                
1.25        72.20        5.00                 23.02                  5.361057                       3.208814                        6.154985                 3.084610                    17.809466                
1.37        73.09        1.52                 12.69                  5.363370                       3.216697                        4.534179                 2.172691                    15.286937                
1.49        73.99        8.08                 29.27                  4.812263                       1.416076                        6.761824                 2.847785                    15.837948                
1.60        74.88        11.03                34.20                  4.244437                       0.000000                        7.028807                 1.669752                    12.942996                
1.83        75.66        13.30                37.55                  4.246573                       0.000000                        7.148948                 1.544077                    12.939598                
2.06        76.44        15.58                40.64                  4.248604                       0.000000                        7.313070                 1.734025                    13.295699                
2.28        77.22        17.87                43.54                  4.250526                       0.000000                        7.501808                 2.333971                    14.086305                
2.64        78.08        20.56                46.69                  4.251318                       0.000000                        7.624534                 3.620530                    15.496382                
3.00        78.93        23.25                49.65                  4.251928                       0.000000                        7.634757                 5.176068                    17.062753                
3.37        79.79        25.94                52.45                  4.252361                       0.000000                        7.615180                 6.948625                    18.816166                
====================Subduction_Zone_33====================
30.52       3.01         79.50                91.82                  8.041397                       5.217015                        8.711981                 3.217884                    25.188278                
29.67       2.20         83.54                94.12                  9.803372                       5.386742                        8.500483                 3.428855                    27.119453                
28.82       1.40         83.51                94.10                  15.462414                      5.600772                        8.264527                 2.956286                    32.283999                
====================Subduction_Zone_34====================
29.68       14.44        117.46               111.61                 9.726394                       5.395479                        9.313007                 0.000000                    24.434880                
29.52       15.24        116.51               111.15                 9.428410                       5.349122                        9.216296                 0.000000                    23.993828                
29.37       15.90        112.78               109.36                 9.024756                       5.325994                        9.108992                 0.000000                    23.459742                
29.18       16.79        83.27                93.97                  8.521326                       5.280098                        8.221255                 1.724675                    23.747355                
29.12       17.44        65.80                83.53                  8.277283                       5.250602                        9.119439                 6.056109                    28.703433                
29.04       18.20        50.81                73.40                  8.148815                       5.250602                        8.441376                 7.502401                    29.343194                
28.98       18.81        42.34                67.01                  7.398412                       5.106549                        7.887441                 4.463481                    24.855883                
28.91       19.43        41.84                66.61                  7.298661                       5.103112                        7.813052                 4.263473                    24.478298                
29.01       20.18        40.73                65.72                  7.188338                       5.101855                        7.600783                 4.237148                    24.128123                
29.11       20.98        38.58                63.96                  6.420132                       4.899420                        7.314149                 4.584846                    23.218547                
29.17       21.50        39.16                64.44                  6.500265                       4.940257                        7.391249                 4.794812                    23.626584                
29.24       22.03        38.54                63.93                  6.113154                       4.394600                        7.191902                 4.848758                    22.548415                
29.36       22.94        37.19                62.80                  5.916436                       4.152973                        7.180031                 5.466351                    22.715791                
29.48       23.85        36.78                62.45                  5.860244                       4.075059                        7.147182                 6.876720                    23.959204                
29.57       24.56        35.42                61.29                  5.602627                       3.674457                        7.134424                 7.597662                    24.009169                
29.66       25.24        34.99                60.91                  5.597421                       3.670659                        7.144310                 8.202806                    24.615196                
29.72       25.79        34.39                60.39                  5.511121                       3.520495                        7.168370                 8.581133                    24.781119                
29.78       26.33        33.80                59.87                  5.431875                       3.363256                        7.202164                 8.583948                    24.581243                
29.88       27.28        32.75                58.93                  5.340259                       3.174448                        7.302454                 8.967106                    24.784266                
29.98       28.26        34.21                60.23                  5.124969                       2.653514                        7.178653                 8.870167                    23.827304                
30.02       28.78        33.00                59.16                  5.075517                       2.521755                        7.188949                 8.606599                    23.392819                
30.07       29.30        33.67                59.76                  5.125666                       2.656287                        7.213147                 8.381324                    23.376425                
30.12       29.87        34.47                60.46                  5.080220                       2.534010                        7.167170                 7.294603                    22.076003                
30.17       30.59        36.36                62.09                  4.935836                       2.100516                        7.144963                 6.218369                    20.399684                
30.21       31.13        39.06                64.36                  4.902686                       1.903413                        7.136266                 5.369285                    19.311650                
30.09       31.92        38.58                63.96                  4.731810                       0.000000                        7.322549                 4.444371                    16.498729                
29.96       32.72        39.43                64.66                  4.644565                       0.000000                        7.434913                 4.464438                    16.543916                
29.83       33.51        37.21                62.82                  4.500007                       0.000000                        7.218474                 4.543608                    16.262089                
29.70       34.31        35.57                61.42                  4.483812                       0.000000                        7.135243                 6.693193                    18.312248                
29.67       34.45        35.17                61.07                  4.479255                       0.000000                        7.140298                 7.201598                    18.821152                
====================Subduction_Zone_35====================
-54.74      173.57       3.49                 19.23                  6.045947                       4.471424                        5.684009                 1.695039                    17.896419                
-54.66      174.12       8.35                 29.76                  5.472425                       3.352310                        6.749377                 2.609134                    18.183246                
-54.63      174.97       13.62                38.00                  4.913366                       0.748787                        7.173244                 2.679325                    15.514722                
-54.56      175.74       16.47                41.79                  4.684262                       0.000000                        7.379974                 3.046664                    15.110900                
-54.60      176.52       14.90                39.75                  4.759806                       0.000000                        7.276794                 2.575979                    14.612579                
-54.63      177.29       14.01                38.54                  4.657143                       0.000000                        7.391217                 2.777819                    14.826178                
-54.70      178.23       14.91                39.77                  4.827869                       1.027337                        7.264949                 3.067942                    16.188098                
-54.82      179.05       11.16                34.40                  5.126930                       2.655688                        7.152666                 3.316834                    18.252117                
-54.97      179.83       11.48                34.89                  5.365415                       3.210875                        7.052288                 2.858298                    18.486876                
-55.27      -179.19      14.57                39.30                  4.402451                       0.000000                        7.229607                 3.201068                    14.833126                
-55.52      -178.55      16.64                42.01                  4.148800                       0.000000                        7.404984                 3.234004                    14.787788                
-55.77      -177.91      20.31                46.41                  4.034300                       0.000000                        7.610818                 5.503184                    17.148302                
-55.98      -177.36      24.08                50.53                  3.965603                       0.000000                        7.629074                 7.343561                    18.938238                
-56.20      -176.81      29.31                55.75                  3.891410                       0.000000                        7.527771                 9.461888                    20.881069                
-56.48      -175.84      41.67                66.48                  3.801277                       0.000000                        7.667222                 7.585971                    19.054470                
-56.73      -174.91      41.50                66.34                  3.794110                       0.000000                        7.761650                 7.957276                    19.513036                
-56.98      -174.07      41.56                66.39                  3.790800                       0.000000                        7.770549                 8.423986                    19.985335                
====================Subduction_Zone_36====================
-49.40      167.70       12.13                35.86                  4.838279                       1.045964                        7.085855                 3.791370                    16.761468                
-49.49      167.79       12.72                36.72                  4.787966                       0.079538                        7.181175                 3.856132                    15.904810                
-49.81      168.13       19.73                45.74                  4.553521                       0.000000                        7.631030                 3.328475                    15.513026                
-50.00      168.26       20.03                46.08                  4.653025                       0.000000                        7.601178                 3.889142                    16.143345                
-50.20      168.34       18.71                44.55                  4.598780                       0.000000                        7.624764                 4.614055                    16.837598                
-50.49      168.48       17.45                43.01                  4.668921                       0.000000                        7.578093                 2.839500                    15.086514                
-50.64      168.63       17.50                43.08                  4.678197                       0.000000                        7.596728                 3.005601                    15.280526                
-50.90      168.85       17.36                42.91                  4.803735                       0.746688                        7.445704                 2.891607                    15.887733                
-51.14      169.03       16.56                41.91                  4.852581                       1.190823                        7.393999                 2.891607                    16.329010                
-51.37      169.21       15.72                40.83                  4.892770                       1.703761                        7.323303                 2.585573                    16.505407                
-51.61      169.36       17.12                42.61                  4.722717                       0.021256                        7.536585                 2.649911                    14.930469                
-51.84      169.52       14.53                39.25                  4.797944                       0.171384                        7.374585                 1.913656                    14.257570                
-52.16      169.62       13.99                38.52                  4.971479                       2.175533                        7.193576                 1.967277                    16.307865                
-52.65      169.80       15.09                40.01                  4.930547                       2.076199                        7.272609                 1.869356                    16.148711                
-52.94      169.91       12.24                36.02                  5.033903                       2.385072                        7.165892                 1.637541                    16.222409                
-53.79      170.40       7.53                 28.27                  5.650186                       3.752357                        6.684446                 3.137079                    19.224069                
-53.91      170.54       6.46                 26.17                  5.798738                       3.965488                        6.458073                 3.188353                    19.410652                
-54.14      171.09       4.89                 22.77                  5.844934                       4.024080                        6.091419                 3.284910                    19.245343                
-54.34      171.79       4.39                 21.57                  6.001529                       4.251325                        5.942771                 2.518779                    18.714404                
-54.54      172.49       3.47                 19.19                  5.942332                       4.176482                        5.667893                 2.846088                    18.632796                
-54.64      173.03       3.46                 19.15                  5.967736                       4.214162                        5.614889                 2.566410                    18.363198                
-54.74      173.57       3.49                 19.23                  6.045947                       4.471424                        5.684009                 1.695039                    17.896419                
====================Subduction_Zone_37====================
-32.62      156.32       24.53                51.00                  4.896134                       1.330917                        7.626367                 6.246309                    20.099728                
-32.70      156.41       24.34                50.80                  4.983108                       2.245848                        7.627635                 5.926703                    20.783294                
-33.14      156.83       23.55                49.98                  4.987832                       2.267387                        7.632837                 5.996467                    20.884522                
-33.34      156.94       23.07                49.46                  4.998088                       2.299622                        7.635614                 5.208327                    20.141651                
-33.61      157.20       22.55                48.90                  5.011411                       2.334728                        7.637886                 4.853811                    19.837835                
-34.02      157.38       21.21                47.42                  5.030465                       2.385710                        7.634015                 4.327433                    19.377623                
-34.46      157.51       19.66                45.66                  4.985378                       2.255619                        7.598349                 3.347435                    18.186780                
-34.77      157.61       18.79                44.63                  4.939107                       2.110556                        7.558072                 2.679711                    17.287446                
-35.24      157.91       17.43                43.00                  4.915463                       2.031418                        7.465562                 3.019418                    17.431862                
-35.93      158.25       15.58                40.65                  4.858799                       0.867479                        7.313431                 2.201242                    15.240952                
-36.43      158.65       14.54                39.26                  4.871835                       1.523702                        7.230541                 2.118086                    15.744164                
-37.02      159.18       13.14                37.32                  4.883616                       1.919417                        7.139773                 2.046672                    15.989478                
-37.40      159.57       12.34                36.18                  4.888301                       1.943366                        7.097809                 1.973995                    15.903470                
-37.92      160.35       11.59                35.06                  4.848334                       0.760252                        7.059201                 1.877929                    14.545716                
-38.25      160.92       11.58                35.05                  4.772854                       0.000000                        7.058765                 1.829386                    13.661004                
-38.67      161.47       11.36                34.71                  4.760621                       0.000000                        7.047048                 1.852996                    13.660665                
-38.99      161.90       11.19                34.45                  4.754333                       0.000000                        7.038052                 1.767853                    13.560238                
-39.25      162.33       11.50                34.92                  4.734107                       0.000000                        7.053565                 1.760211                    13.547883                
-39.75      162.94       10.52                33.40                  4.688184                       0.000000                        6.997668                 2.046029                    13.731881                
-40.16      163.63       9.40                 31.58                  4.598661                       0.000000                        6.912224                 2.062790                    13.573675                
-40.58      164.22       8.23                 29.54                  4.537857                       0.000000                        6.785778                 2.677888                    14.001523                
-41.10      164.78       6.63                 26.52                  4.492260                       0.000000                        6.533080                 3.381992                    14.407332                
-41.78      165.54       5.87                 24.95                  4.801685                       0.000000                        6.390857                 3.208965                    14.401507                
-42.55      166.22       10.86                33.93                  4.782175                       0.000000                        7.016202                 1.983997                    13.782374                
-43.05      166.66       14.17                38.76                  4.727197                       0.000000                        7.206882                 1.752651                    13.686730                
-43.63      167.06       18.14                43.86                  4.613862                       0.000000                        7.517471                 2.472878                    14.604211                
-44.23      167.60       20.02                46.07                  4.586407                       0.000000                        7.610098                 3.242765                    15.439270                
-45.07      167.90       17.69                43.31                  4.566064                       0.000000                        7.581901                 3.159060                    15.307026                
-45.60      167.81       19.85                45.88                  4.590041                       0.000000                        7.605408                 4.160775                    16.356224                
-46.06      167.59       20.66                46.80                  4.599388                       0.000000                        7.622485                 3.696964                    15.918836                
-46.58      167.42       23.64                50.07                  4.545852                       0.000000                        7.630905                 5.582458                    17.759216                
-47.54      167.56       37.77                63.29                  4.255047                       0.000000                        7.226394                 5.667995                    17.149435                
-48.07      167.66       38.69                64.05                  4.242951                       0.000000                        7.327615                 4.795179                    16.365745                
-48.59      167.75       36.13                61.90                  4.293646                       0.000000                        7.239950                 5.333721                    16.867317                
-49.15      167.78       21.09                47.30                  4.568513                       0.000000                        7.589893                 7.182876                    19.341282                
-49.34      167.70       13.76                38.19                  4.789760                       0.744419                        7.195193                 4.638049                    17.367421                
-49.40      167.70       12.13                35.86                  4.838279                       1.045964                        7.085855                 3.791370                    16.761468                
====================Subduction_Zone_38====================
-31.22      153.76       25.23                51.73                  4.150818                       0.000000                        7.621184                 7.564230                    19.336232                
-31.29      154.06       25.25                51.74                  4.150726                       0.000000                        7.621031                 7.143325                    18.915083                
-31.42      154.33       25.25                51.74                  4.177955                       0.000000                        7.621069                 6.793199                    18.592223                
-31.60      154.70       25.31                51.81                  4.237025                       0.000000                        7.620532                 7.346619                    19.204177                
-31.72      155.03       25.51                52.01                  4.293152                       0.000000                        7.618722                 6.879923                    18.791797                
-31.95      155.39       25.33                51.83                  4.392258                       0.000000                        7.620257                 7.011772                    19.024288                
-32.29      155.78       24.77                51.25                  4.573353                       0.000000                        7.624577                 6.912297                    19.110226                
-32.62      156.32       24.53                51.00                  4.896134                       1.330917                        7.626367                 6.246309                    20.099728                
====================Subduction_Zone_39====================
31.82       -6.35        77.60                90.71                  16.554957                      5.609874                        8.977127                 2.104146                    33.246104                
31.69       -5.74        70.45                86.43                  19.306880                      5.641574                        8.767767                 3.877772                    37.593993                
31.55       -5.13        70.23                86.30                  21.064088                      5.672646                        8.962790                 5.217248                    40.916772                
31.51       -4.34        82.38                93.46                  20.514541                      5.663570                        8.463263                 4.273279                    38.914653                
31.47       -3.55        81.37                92.89                  19.038546                      5.658479                        8.855735                 1.870219                    35.422979                
31.44       -2.94        82.81                93.71                  19.957355                      5.663570                        8.464098                 2.039849                    36.124871                
31.42       -2.34        82.57                93.58                  20.151804                      5.662746                        8.328672                 2.112407                    36.255629                
31.46       -1.83        82.60                93.59                  16.829542                      5.624834                        8.359145                 2.349082                    33.162604                
31.51       -1.32        79.58                91.86                  13.773279                      5.547923                        8.773226                 2.349082                    30.443510                
31.64       -0.59        84.13                94.45                  10.462939                      5.443915                        8.285178                 2.676593                    26.868625                
31.77       0.14         80.50                92.39                  9.350039                       5.349927                        8.788408                 2.618711                    26.107086                
32.07       0.67         84.49                94.66                  8.698621                       5.283162                        8.882845                 2.758962                    25.623590                
32.37       1.20         75.04                89.21                  7.801369                       5.191582                        7.871901                 3.217884                    24.082737                
====================Subduction_Zone_40====================
31.52       3.97         85.15                95.02                  7.858590                       5.197624                        8.627459                 3.346660                    25.030334                
30.83       3.31         86.39                95.72                  7.983860                       5.216561                        8.679984                 3.346660                    25.227065                
30.16       2.67         80.14                92.19                  8.592272                       5.273577                        8.499115                 3.978193                    26.343157                
29.49       2.04         83.25                93.96                  10.279511                      5.424020                        8.324246                 3.748124                    27.775901                
28.82       1.40         83.51                94.10                  15.462414                      5.600772                        8.264527                 2.956286                    32.283999                
====================Subduction_Zone_41====================
23.64       -4.19        83.41                94.05                  10.135966                      5.398090                        8.183459                 2.498466                    26.215981                
24.32       -3.32        77.66                90.75                  10.947261                      5.457086                        8.866117                 3.541479                    28.811943                
25.00       -2.45        71.82                87.27                  10.914240                      5.457086                        9.219125                 4.717282                    30.307733                
25.67       -1.58        65.63                83.43                  11.410610                      5.478705                        9.082536                 6.115102                    32.086952                
26.35       -0.71        59.87                79.68                  12.150110                      5.519274                        8.840674                 8.380906                    34.890964                
27.09       0.16         51.71                74.05                  17.942476                      5.637200                        8.599582                 13.022503                   45.201761                
27.82       1.03         58.43                78.71                  16.276693                      5.607888                        8.765462                 4.577329                    35.227372                
28.56       1.90         56.13                77.15                  12.954968                      5.525287                        8.717526                 17.064618                   44.262399                
====================Subduction_Zone_42====================
-8.55       -74.97       48.34                71.60                  3.956770                       0.000000                        8.333431                 9.721219                    22.011420                
-8.53       -74.29       48.72                71.88                  3.965840                       0.000000                        8.346556                 10.080839                   22.393235                
-8.52       -73.62       49.12                72.17                  3.975348                       0.000000                        8.360404                 10.412267                   22.748019                
-8.50       -72.95       49.51                72.46                  3.985665                       0.000000                        8.373625                 10.670121                   23.029411                
-8.50       -71.95       49.95                72.78                  4.001863                       0.000000                        8.389211                 11.106366                   23.497440                
-8.51       -70.96       50.41                73.12                  4.035741                       0.000000                        8.405786                 11.574148                   24.015675                
-8.51       -69.97       51.06                73.58                  4.103957                       0.000000                        8.429768                 12.264654                   24.798380                
-8.52       -68.97       51.86                74.16                  4.126532                       0.000000                        8.460677                 12.726769                   25.313977                
-8.31       -68.21       52.78                74.81                  4.134018                       0.000000                        8.498445                 11.773647                   24.406110                
-8.09       -67.45       53.70                75.46                  4.141779                       0.000000                        8.538676                 10.888059                   23.568515                
-7.88       -66.69       54.62                76.11                  4.149825                       0.000000                        8.580009                 9.909540                    22.639375                
-7.67       -65.93       55.55                76.75                  4.154023                       0.000000                        8.613899                 8.188822                    20.956743                
-7.15       -65.23       56.38                77.32                  4.259853                       0.000000                        8.665151                 7.272297                    20.197301                
-6.63       -64.52       58.67                78.88                  4.275383                       0.000000                        8.755333                 6.907137                    19.937852                
-6.11       -63.82       61.94                81.05                  4.380974                       0.000000                        8.958885                 2.567699                    15.907558                
-5.82       -63.39       64.31                82.58                  4.412900                       0.000000                        9.040725                 2.567699                    16.021325                
====================Subduction_Zone_43====================
-4.74       -78.33       46.22                70.01                  3.978766                       0.000000                        8.223250                 7.242577                    19.444594                
-4.89       -77.97       46.11                69.93                  3.977753                       0.000000                        8.225566                 7.407833                    19.611151                
-5.20       -77.11       49.34                72.33                  3.760483                       0.000000                        8.318261                 10.796695                   22.875440                
-5.85       -76.38       50.31                73.05                  3.727156                       0.000000                        8.397810                 11.371457                   23.496422                
-6.63       -76.10       49.91                72.75                  3.727706                       0.000000                        8.387776                 11.093824                   23.209305                
-7.40       -75.81       49.51                72.46                  3.733390                       0.000000                        8.373610                 10.573425                   22.680425                
-7.97       -75.54       48.94                72.04                  3.946920                       0.000000                        8.354129                 10.126735                   22.427784                
-8.55       -74.97       48.34                71.60                  3.956770                       0.000000                        8.333431                 9.721219                    22.011420                
====================Subduction_Zone_44====================
2.74        -87.38       44.98                69.06                  4.093628                       0.000000                        8.173079                 6.582391                    18.849098                
2.08        -86.97       44.85                68.97                  4.084550                       0.000000                        8.163692                 6.347186                    18.595428                
1.34        -86.39       44.94                69.03                  4.109497                       0.000000                        8.171846                 6.461738                    18.743081                
0.59        -85.81       45.14                69.19                  4.125784                       0.000000                        8.184373                 6.270968                    18.581125                
-0.15       -85.23       45.24                69.27                  4.136055                       0.000000                        8.190402                 7.202501                    19.528958                
-1.04       -84.34       45.78                69.68                  4.201289                       0.000000                        8.224249                 7.207654                    19.633192                
-1.93       -83.46       46.36                70.12                  4.699597                       0.000000                        8.253412                 7.516669                    20.469679                
-2.82       -82.57       46.06                69.89                  3.992137                       0.000000                        8.240018                 7.272313                    19.504468                
-3.34       -81.89       45.75                69.65                  3.989303                       0.000000                        8.222503                 7.118809                    19.330615                
-3.86       -81.20       45.44                69.42                  3.986925                       0.000000                        8.203929                 6.857507                    19.048361                
-4.11       -80.52       45.56                69.51                  3.984653                       0.000000                        8.211266                 7.127177                    19.323095                
-4.37       -79.84       45.68                69.60                  3.982372                       0.000000                        8.218340                 6.950052                    19.150763                
-4.62       -79.16       45.79                69.68                  3.980463                       0.000000                        8.225035                 7.394152                    19.599651                
-4.74       -78.33       46.22                70.01                  3.978766                       0.000000                        8.223250                 7.242577                    19.444594                
====================Subduction_Zone_45====================
12.02       -69.50       49.52                72.47                  4.942092                       2.115479                        8.332375                 6.514501                    21.904446                
11.88       -68.91       49.76                72.65                  4.939848                       2.108779                        8.340689                 4.789142                    20.178458                
11.45       -67.99       49.05                72.12                  4.945522                       2.124666                        8.349250                 7.409847                    22.829285                
11.02       -67.06       49.30                72.31                  4.940175                       2.110285                        8.324924                 4.789142                    20.164525                
10.59       -66.14       3.13                 18.22                  5.219513                       2.900862                        5.503732                 3.276206                    16.900313                
10.16       -65.21       2.88                 17.46                  5.217369                       2.891381                        5.860040                 3.169393                    17.138182                
9.62        -64.37       3.94                 20.45                  5.220083                       2.903132                        5.821227                 2.753834                    16.698276                
9.09        -63.52       8.57                 30.14                  5.211984                       2.875467                        6.816140                 1.877934                    16.781525                
8.56        -62.68       17.97                43.65                  5.198733                       2.853915                        7.414694                 2.796811                    18.264152                
8.02        -61.83       24.78                51.26                  5.241698                       2.877921                        7.623289                 5.328618                    21.071527                
7.19        -60.96       32.23                58.46                  5.203180                       2.860333                        7.243263                 8.138639                    23.445415                
6.41        -60.63       37.77                63.29                  5.200922                       2.856247                        7.228202                 6.438858                    21.724230                
5.63        -60.29       46.36                70.12                  6.326744                       4.783740                        8.142503                 9.237761                    28.490747                
4.82        -60.17       52.80                74.83                  6.354989                       4.729306                        8.498680                 9.424836                    29.007812                
4.02        -60.05       58.10                78.50                  5.395875                       3.287673                        8.704838                 8.043037                    25.431423                
====================Subduction_Zone_46====================
53.67       -87.76       72.45                87.65                  3.984115                       0.000000                        9.242108                 1.675581                    14.901803                
54.15       -88.61       72.33                87.58                  3.984094                       0.000000                        9.242278                 1.675581                    14.901952                
54.63       -89.47       72.21                87.50                  3.984116                       0.000000                        9.242410                 1.675581                    14.902107                
55.11       -90.32       72.45                87.65                  3.984106                       0.000000                        9.242098                 1.675581                    14.901785                
55.59       -91.18       71.08                86.82                  3.984038                       0.000000                        9.237541                 1.746845                    14.968424                
56.07       -92.03       69.74                86.00                  3.984041                       0.000000                        9.223211                 1.746845                    14.954097                
56.57       -92.97       69.01                85.55                  3.934885                       0.000000                        9.207489                 1.710433                    14.852807                
57.07       -93.91       67.93                84.87                  3.932299                       0.000000                        9.188517                 1.667908                    14.788725                
57.70       -94.78       66.68                84.09                  3.931796                       0.000000                        9.163977                 1.819857                    14.915631                
58.32       -95.65       65.76                83.51                  3.930065                       0.000000                        9.130071                 2.217782                    15.277919                
59.11       -95.98       64.60                82.77                  4.048816                       0.000000                        9.085491                 2.839811                    15.974118                
59.99       -96.61       63.37                81.98                  4.060053                       0.000000                        9.030568                 4.016031                    17.106652                
60.67       -97.09       62.25                81.25                  4.069049                       0.000000                        8.974903                 4.171282                    17.215233                
61.35       -97.57       61.10                80.50                  4.078360                       0.000000                        8.914364                 4.332675                    17.325398                
62.30       -98.12       59.56                79.48                  4.092353                       0.000000                        8.831390                 5.342024                    18.265767                
62.84       -98.22       58.84                78.99                  4.101506                       0.000000                        8.792418                 6.105608                    18.999533                
63.38       -98.33       58.09                78.49                  4.110930                       0.000000                        8.752601                 6.576315                    19.439846                
64.24       -98.18       57.12                77.83                  4.127790                       0.000000                        8.702546                 6.838717                    19.669053                
64.74       -98.17       56.38                77.32                  4.609121                       0.000000                        8.663997                 7.796624                    21.069742                
65.25       -98.17       54.93                76.32                  4.742035                       0.000000                        8.594639                 8.571270                    21.907944                
65.63       -98.30       53.47                75.30                  4.770444                       0.000000                        8.528306                 10.985634                   24.284383                
66.08       -97.95       52.54                74.65                  4.838636                       0.000000                        8.488854                 12.015190                   25.342679                
66.47       -98.09       50.88                73.45                  4.868676                       1.322345                        8.422907                 11.708549                   26.322477                
66.82       -98.03       49.61                72.53                  4.695249                       1.541850                        8.378073                 10.598606                   25.213778                
67.30       -98.22       48.89                72.00                  3.932262                       0.000000                        8.352317                 10.182739                   22.467319                
67.76       -98.66       48.19                71.49                  3.931492                       0.000000                        8.328169                 8.976546                    21.236207                
67.97       -98.85       47.81                71.21                  3.918729                       0.000000                        8.312323                 8.910956                    21.142008                
68.35       -99.02       46.67                70.35                  3.828250                       0.000000                        8.268838                 8.244162                    20.341250                
68.70       -99.34       45.99                69.84                  3.797640                       0.000000                        8.240883                 7.726396                    19.764919                
69.08       -99.53       45.71                69.62                  3.783461                       0.000000                        8.220501                 7.285282                    19.289243                
69.54       -99.64       45.40                69.38                  3.782367                       0.000000                        8.201458                 6.879362                    18.863186                
70.05       -99.73       45.07                69.13                  3.781991                       0.000000                        8.184319                 6.616157                    18.582468                
70.57       -99.53       44.95                69.04                  3.781436                       0.000000                        8.166563                 6.344808                    18.292806                
70.97       -99.44       44.87                68.98                  3.781611                       0.000000                        8.164608                 5.614007                    17.560226                
71.44       -99.35       44.59                68.77                  3.781924                       0.000000                        8.154652                 5.244000                    17.180577                
====================Subduction_Zone_47====================
71.44       -99.35       44.59                68.77                  3.781924                       0.000000                        8.154652                 5.244000                    17.180577                
71.46       -100.23      43.55                67.95                  3.781929                       0.000000                        8.040186                 5.264290                    17.086406                
71.48       -101.10      43.57                67.97                  3.782529                       0.000000                        8.044110                 5.292130                    17.118770                
71.49       -101.97      43.27                67.74                  3.784537                       0.000000                        8.008717                 5.048609                    16.841863                
71.51       -102.84      42.94                67.48                  3.786585                       0.000000                        7.968859                 4.864597                    16.620041                
71.53       -103.72      42.60                67.21                  3.788596                       0.000000                        7.924970                 4.696421                    16.409988                
71.59       -104.67      42.20                66.90                  3.790783                       0.000000                        7.867625                 4.372573                    16.030981                
71.65       -105.63      41.77                66.56                  3.792997                       0.000000                        7.801314                 4.106650                    15.700961                
71.71       -106.58      41.34                66.21                  3.795252                       0.000000                        7.734952                 3.974097                    15.504300                
71.77       -107.54      40.90                65.86                  3.797517                       0.000000                        7.663587                 4.016942                    15.478047                
71.82       -108.49      40.48                65.52                  3.799749                       0.000000                        7.597071                 3.931470                    15.328290                
71.88       -109.44      40.05                65.17                  3.801974                       0.000000                        7.518219                 4.057147                    15.377340                
71.94       -110.40      39.57                64.78                  3.804342                       0.000000                        7.456653                 4.215046                    15.476041                
72.00       -111.35      39.10                64.39                  3.806581                       0.000000                        7.381778                 4.340088                    15.528447                
72.06       -112.31      38.67                64.04                  3.808869                       0.000000                        7.328122                 4.489001                    15.625992                
72.12       -113.26      38.23                63.68                  3.811188                       0.000000                        7.270194                 4.610146                    15.691528                
72.18       -114.22      37.79                63.31                  3.813467                       0.000000                        7.227856                 4.853057                    15.894379                
72.24       -115.17      37.34                62.92                  3.815854                       0.000000                        7.188172                 5.128867                    16.132892                
72.30       -116.13      36.87                62.53                  3.818207                       0.000000                        7.162771                 5.558698                    16.539676                
72.35       -117.08      36.45                62.17                  3.820610                       0.000000                        7.141783                 5.983272                    16.945664                
72.41       -118.04      36.02                61.80                  3.822959                       0.000000                        7.133102                 6.530718                    17.486779                
72.47       -118.99      35.56                61.41                  3.825444                       0.000000                        7.132058                 7.085916                    18.043418                
====================Subduction_Zone_48====================
-69.67      -101.25      14.23                38.84                  4.921897                       2.049140                        7.189061                 3.224470                    17.384568                
-69.63      -100.26      15.87                41.03                  4.764799                       0.000000                        7.352364                 3.091860                    15.209023                
-69.43      -99.54       17.05                42.52                  4.712994                       0.000000                        7.474516                 3.195338                    15.382848                
-69.24      -98.82       18.52                44.31                  4.666524                       0.000000                        7.570103                 4.217777                    16.454404                
-69.04      -98.13       20.44                46.56                  4.622290                       0.000000                        7.622209                 4.352913                    16.597413                
-68.84      -97.43       21.91                48.20                  4.582330                       0.000000                        7.638239                 5.646055                    17.866624                
-68.65      -96.74       23.38                49.80                  4.543383                       0.000000                        7.635592                 6.286682                    18.465657                
-68.37      -96.03       25.06                51.55                  4.494798                       0.000000                        7.622539                 8.125951                    20.243288                
-68.10      -95.32       26.73                53.24                  4.440684                       0.000000                        7.605897                 8.311541                    20.358122                
-67.83      -94.61       28.39                54.87                  4.389052                       0.000000                        7.567224                 9.831853                    21.788129                
-67.66      -93.76       29.72                56.14                  4.368053                       0.000000                        7.492497                 10.461271                   22.321821                
-67.48      -92.90       30.69                57.05                  4.374826                       0.000000                        7.423530                 11.497697                   23.296052                
-67.31      -92.05       31.35                57.66                  4.446424                       0.000000                        7.394446                 11.546091                   23.386961                
-67.06      -91.15       31.24                57.55                  4.811642                       0.354122                        7.403655                 11.798891                   24.368311                
-66.80      -90.25       31.48                57.77                  5.210595                       2.869432                        7.396402                 11.910866                   27.387295                
-66.44      -89.33       32.88                59.05                  4.389311                       0.000000                        7.282461                 12.078231                   23.750002                
-66.08      -88.41       34.01                60.05                  4.223786                       0.000000                        7.200754                 12.445278                   23.869818                
-65.75      -87.68       36.80                62.47                  4.008507                       0.000000                        7.149023                 12.621987                   23.779517                
-65.42      -86.94       36.70                62.38                  3.908002                       0.000000                        7.152033                 13.900120                   24.960155                
-65.09      -86.20       36.85                62.52                  3.908747                       0.000000                        7.159626                 14.168882                   25.237255                
-64.93      -85.36       36.76                62.44                  3.908307                       0.000000                        7.160970                 13.961403                   25.030680                
-64.77      -84.51       36.98                62.62                  3.908808                       0.000000                        7.166313                 14.693474                   25.768595                
-64.67      -83.52       37.04                62.68                  3.910801                       0.000000                        7.153664                 15.323710                   26.388175                
-64.57      -82.53       37.12                62.74                  3.912941                       0.000000                        7.174390                 15.555746                   26.643078                
-64.32      -81.67       36.98                62.62                  3.915093                       0.000000                        7.166536                 15.679525                   26.761154                
-64.08      -80.81       36.86                62.52                  3.917309                       0.000000                        7.159821                 14.740025                   25.817155                
-63.96      -80.02       36.83                62.49                  3.918773                       0.000000                        7.158074                 14.268277                   25.345123                
-63.83      -79.24       36.57                62.28                  3.921116                       0.000000                        7.147111                 14.360019                   25.428246                
-63.70      -78.46       36.61                62.30                  3.923104                       0.000000                        7.148545                 13.994874                   25.066523                
-63.57      -77.67       36.64                62.34                  3.927425                       0.000000                        7.148124                 12.981629                   24.057179                
-63.33      -76.88       36.54                62.25                  3.927521                       0.000000                        7.146136                 12.665243                   23.738900                
-63.09      -76.08       36.78                62.46                  3.929975                       0.000000                        7.142968                 12.707549                   23.780492                
====================Subduction_Zone_49====================
-63.09      -76.08       36.78                62.46                  3.929975                       0.000000                        7.142968                 12.707549                   23.780492                
-62.85      -75.41       36.67                62.36                  3.932124                       0.000000                        7.150912                 12.705992                   23.789028                
-62.69      -74.65       37.04                62.67                  3.934361                       0.000000                        7.152441                 10.234628                   21.321429                
-62.54      -73.89       37.02                62.65                  3.936055                       0.000000                        7.168460                 10.293881                   21.398397                
-62.39      -73.13       37.63                63.17                  3.939694                       0.000000                        7.212364                 10.384779                   21.536838                
-62.23      -72.37       37.55                63.10                  3.941071                       0.000000                        7.205784                 10.356349                   21.503204                
-62.06      -71.60       37.95                63.43                  3.943403                       0.000000                        7.242119                 10.216145                   21.401667                
-61.88      -70.83       38.01                63.49                  3.945984                       0.000000                        7.248421                 10.055774                   21.250178                
-61.71      -70.05       38.08                63.55                  3.948624                       0.000000                        7.255920                 7.268408                    18.472953                
-61.53      -69.28       38.16                63.62                  3.951324                       0.000000                        7.264748                 5.454173                    16.670245                
-61.52      -68.95       38.21                63.66                  3.951699                       0.000000                        7.270139                 5.470026                    16.691864                
====================Subduction_Zone_50====================
-61.52      -68.95       38.21                63.66                  3.951699                       0.000000                        7.270139                 5.470026                    16.691864                
-61.43      -69.08       38.11                63.58                  3.952243                       0.000000                        7.259429                 5.470026                    16.681697                
-60.99      -69.62       37.28                62.88                  3.952519                       0.000000                        7.185271                 5.806428                    16.944217                
-60.72      -69.92       36.79                62.46                  3.952696                       0.000000                        7.156481                 6.410880                    17.520057                
-60.33      -70.12       36.16                61.92                  3.953619                       0.000000                        7.135645                 7.021549                    18.110813                
-60.26      -70.13       36.06                61.84                  3.953836                       0.000000                        7.133962                 7.242323                    18.330120                
-59.88      -70.13       35.53                61.38                  3.955255                       0.000000                        7.132788                 7.437392                    18.525435                
-59.52      -70.07       35.04                60.96                  3.956808                       0.000000                        7.141785                 7.973171                    19.071765                
-59.14      -69.99       34.46                60.45                  3.957879                       0.000000                        7.164102                 8.425143                    19.547124                
-58.81      -69.93       34.01                60.06                  3.959311                       0.000000                        7.188178                 8.425143                    19.572633                
-58.65      -69.88       33.80                59.87                  3.960077                       0.000000                        7.201575                 8.693934                    19.855586                
-58.34      -69.87       33.44                59.55                  3.961974                       0.000000                        7.226876                 8.856501                    20.045351                
-57.93      -69.98       32.80                58.98                  3.963180                       0.000000                        7.275628                 9.001029                    20.239836                
-57.55      -70.05       32.21                58.45                  3.964377                       0.000000                        7.324092                 9.101900                    20.390369                
-57.21      -70.07       31.70                57.98                  3.965635                       0.000000                        7.366251                 9.136801                    20.468687                
-56.91      -70.10       31.24                57.56                  3.966692                       0.000000                        7.403345                 9.138503                    20.508540                
-56.65      -70.06       30.88                57.22                  3.967791                       0.000000                        7.431009                 9.076226                    20.475026                
-56.33      -70.04       30.40                56.78                  3.969127                       0.000000                        7.464929                 9.015831                    20.449887                
-55.97      -69.98       29.88                56.29                  3.970733                       0.000000                        7.498129                 8.947150                    20.416013                
-55.54      -69.77       27.66                54.16                  3.906058                       0.000000                        7.575733                 8.067104                    19.548895                
-55.20      -69.49       23.70                50.14                  3.779222                       0.000000                        7.632003                 5.542790                    16.954016                
-55.00      -69.29       23.59                50.02                  3.790419                       0.000000                        7.632750                 5.511965                    16.935134                
-54.75      -69.07       23.44                49.86                  3.805278                       0.000000                        7.633739                 5.446557                    16.885574                
-54.48      -68.80       23.24                49.65                  3.819266                       0.000000                        7.635144                 5.309529                    16.763939                
-54.04      -68.36       22.86                49.24                  3.864349                       0.000000                        7.636729                 5.078066                    16.579144                
-53.66      -67.96       22.43                48.77                  3.910325                       0.000000                        7.638282                 4.871861                    16.420468                
-53.34      -67.68       21.94                48.23                  3.958347                       0.000000                        7.638391                 4.630342                    16.227080                
-53.02      -67.45       21.29                47.51                  3.997074                       0.000000                        7.635324                 4.342471                    15.974869                
-52.59      -67.41       20.07                46.14                  4.088620                       0.000000                        7.613176                 3.595306                    15.297102                
-52.31      -67.35       18.82                44.67                  4.108574                       0.000000                        7.534147                 2.862634                    14.505356                
-52.08      -67.30       16.81                42.23                  4.061267                       0.000000                        7.430567                 2.097637                    13.589471                
-52.00      -67.28       16.68                42.06                  4.041480                       0.000000                        7.407707                 2.079390                    13.528576                
-51.75      -67.19       16.27                41.54                  4.030000                       0.000000                        7.372232                 1.995106                    13.397337                
-51.44      -67.07       15.78                40.90                  4.016901                       0.000000                        7.329884                 1.923063                    13.269849                
-51.09      -66.93       15.21                40.16                  4.002512                       0.000000                        7.282351                 1.739890                    13.024753                
-50.79      -66.79       14.75                39.55                  3.991317                       0.000000                        7.246401                 1.732844                    12.970563                
-50.47      -66.64       14.27                38.90                  3.980022                       0.000000                        7.211041                 1.578056                    12.769119                
-50.12      -66.47       13.74                38.18                  3.968277                       0.000000                        7.175970                 1.587423                    12.731669                
-49.87      -66.35       13.36                37.64                  3.960127                       0.000000                        7.152601                 1.591563                    12.704290                
-49.23      -66.05       12.41                36.27                  3.941251                       0.000000                        7.100861                 1.683763                    12.725875                
-48.82      -65.86       11.79                35.36                  3.929997                       0.000000                        7.069549                 1.688293                    12.687839                
-48.42      -65.67       11.22                34.49                  3.920015                       0.000000                        7.039783                 1.705553                    12.665351                
-48.06      -65.48       10.70                33.69                  3.911304                       0.000000                        7.009608                 1.792220                    12.713131                
-47.55      -65.22       9.99                 32.55                  3.899901                       0.000000                        6.961252                 2.119599                    12.980752                
-47.27      -65.08       9.60                 31.91                  3.893151                       0.000000                        6.911235                 2.268274                    13.072660                
-46.82      -64.88       8.72                 30.40                  3.883849                       0.000000                        6.843923                 2.352038                    13.079810                
-46.54      -64.77       8.29                 29.65                  3.874253                       0.000000                        6.742798                 2.884789                    13.501840                
-46.18      -64.62       7.76                 28.69                  3.871645                       0.000000                        6.722765                 3.436962                    14.031373                
-45.91      -64.37       7.13                 27.49                  3.866237                       0.000000                        6.650665                 3.444517                    13.961418                
-45.34      -64.03       6.28                 25.81                  3.849611                       0.000000                        6.463866                 3.577624                    13.891102                
-45.34      -64.03       6.28                 25.81                  3.849611                       0.000000                        6.463866                 3.577624                    13.891102                
-44.87      -63.91       5.76                 24.72                  3.840921                       0.000000                        6.261037                 3.632065                    13.734023                
-44.45      -63.70       5.20                 23.49                  3.835427                       0.000000                        6.108859                 3.535012                    13.479298                
-43.75      -63.29       4.26                 21.26                  3.829787                       0.000000                        5.940747                 3.385072                    13.155606                
-43.06      -62.88       3.92                 20.40                  3.823896                       0.000000                        5.813165                 3.281733                    12.918794                
-42.16      -62.60       3.33                 18.79                  3.816450                       0.000000                        5.606090                 3.106963                    12.529503                
-41.26      -62.31       2.43                 16.07                  3.808116                       0.000000                        5.192436                 2.797868                    11.798420                
-40.36      -62.03       1.78                 13.72                  3.801717                       0.000000                        4.805678                 2.448234                    11.055629                
-39.46      -61.74       1.46                 12.43                  3.797911                       0.000000                        4.569521                 2.169034                    10.536466                
-38.56      -61.46       1.15                 11.05                  3.794400                       0.000000                        4.299298                 1.888004                    9.981702                 
-38.01      -61.47       0.84                 10.00                  3.793055                       0.000000                        3.951252                 1.505703                    9.250011                 
====================Subduction_Zone_51====================
-69.67      -101.25      14.23                38.84                  4.921897                       2.049140                        7.189061                 3.224470                    17.384568                
-69.63      -100.26      15.87                41.03                  4.764799                       0.000000                        7.352364                 3.091860                    15.209023                
-69.43      -99.54       17.05                42.52                  4.712994                       0.000000                        7.474516                 3.195338                    15.382848                
-69.24      -98.82       18.52                44.31                  4.666524                       0.000000                        7.570103                 4.217777                    16.454404                
-69.04      -98.13       20.44                46.56                  4.622290                       0.000000                        7.622209                 4.352913                    16.597413                
-68.84      -97.43       21.91                48.20                  4.582330                       0.000000                        7.638239                 5.646055                    17.866624                
-68.65      -96.74       23.38                49.80                  4.543383                       0.000000                        7.635592                 6.286682                    18.465657                
-68.37      -96.03       25.06                51.55                  4.494798                       0.000000                        7.622539                 8.125951                    20.243288                
-68.10      -95.32       26.73                53.24                  4.440684                       0.000000                        7.605897                 8.311541                    20.358122                
-67.83      -94.61       28.39                54.87                  4.389052                       0.000000                        7.567224                 9.831853                    21.788129                
-67.66      -93.76       29.72                56.14                  4.368053                       0.000000                        7.492497                 10.461271                   22.321821                
-67.48      -92.90       30.69                57.05                  4.374826                       0.000000                        7.423530                 11.497697                   23.296052                
-67.31      -92.05       31.35                57.66                  4.446424                       0.000000                        7.394446                 11.546091                   23.386961                
-67.06      -91.15       31.24                57.55                  4.811642                       0.354122                        7.403655                 11.798891                   24.368311                
-66.80      -90.25       31.48                57.77                  5.210595                       2.869432                        7.396402                 11.910866                   27.387295                
-66.44      -89.33       32.88                59.05                  4.389311                       0.000000                        7.282461                 12.078231                   23.750002                
-66.08      -88.41       34.01                60.05                  4.223786                       0.000000                        7.200754                 12.445278                   23.869818                
-65.75      -87.68       36.80                62.47                  4.008507                       0.000000                        7.149023                 12.621987                   23.779517                
-65.42      -86.94       36.70                62.38                  3.908002                       0.000000                        7.152033                 13.900120                   24.960155                
-65.09      -86.20       36.85                62.52                  3.908747                       0.000000                        7.159626                 14.168882                   25.237255                
-64.93      -85.36       36.76                62.44                  3.908307                       0.000000                        7.160970                 13.961403                   25.030680                
-64.77      -84.51       36.98                62.62                  3.908808                       0.000000                        7.166313                 14.693474                   25.768595                
-64.67      -83.52       37.04                62.68                  3.910801                       0.000000                        7.153664                 15.323710                   26.388175                
-64.57      -82.53       37.12                62.74                  3.912941                       0.000000                        7.174390                 15.555746                   26.643078                
-64.32      -81.67       36.98                62.62                  3.915093                       0.000000                        7.166536                 15.679525                   26.761154                
-64.08      -80.81       36.86                62.52                  3.917309                       0.000000                        7.159821                 14.740025                   25.817155                
-63.96      -80.02       36.83                62.49                  3.918773                       0.000000                        7.158074                 14.268277                   25.345123                
-63.83      -79.24       36.57                62.28                  3.921116                       0.000000                        7.147111                 14.360019                   25.428246                
-63.70      -78.46       36.61                62.30                  3.923104                       0.000000                        7.148545                 13.994874                   25.066523                
-63.57      -77.67       36.64                62.34                  3.927425                       0.000000                        7.148124                 12.981629                   24.057179                
-63.33      -76.88       36.54                62.25                  3.927521                       0.000000                        7.146136                 12.665243                   23.738900                
-63.09      -76.08       36.78                62.46                  3.929975                       0.000000                        7.142968                 12.707549                   23.780492                
====================Subduction_Zone_52====================
-63.09      -76.08       36.78                62.46                  3.929975                       0.000000                        7.142968                 12.707549                   23.780492                
-62.85      -75.41       36.67                62.36                  3.932124                       0.000000                        7.150912                 12.705992                   23.789028                
-62.69      -74.65       37.04                62.67                  3.934361                       0.000000                        7.152441                 10.234628                   21.321429                
-62.54      -73.89       37.02                62.65                  3.936055                       0.000000                        7.168460                 10.293881                   21.398397                
-62.39      -73.13       37.63                63.17                  3.939694                       0.000000                        7.212364                 10.384779                   21.536838                
-62.23      -72.37       37.55                63.10                  3.941071                       0.000000                        7.205784                 10.356349                   21.503204                
-62.06      -71.60       37.95                63.43                  3.943403                       0.000000                        7.242119                 10.216145                   21.401667                
-61.88      -70.83       38.01                63.49                  3.945984                       0.000000                        7.248421                 10.055774                   21.250178                
-61.71      -70.05       38.08                63.55                  3.948624                       0.000000                        7.255920                 7.268408                    18.472953                
-61.53      -69.28       38.16                63.62                  3.951324                       0.000000                        7.264748                 5.454173                    16.670245                
-61.52      -68.95       38.21                63.66                  3.951699                       0.000000                        7.270139                 5.470026                    16.691864                
====================Subduction_Zone_53====================
-64.18      -63.60       48.40                71.64                  5.220172                       2.886955                        8.335384                 9.336167                    25.778677                
-64.17      -63.62       48.40                71.64                  5.215661                       2.871618                        8.335643                 9.336167                    25.759089                
-64.02      -64.06       48.95                72.05                  5.307286                       3.101761                        8.307840                 8.914129                    25.631016                
-63.87      -64.54       46.84                70.48                  5.341835                       3.178737                        8.274884                 9.336167                    26.131623                
-63.64      -65.19       46.56                70.27                  5.364535                       3.219595                        8.262600                 8.932267                    25.778997                
-63.47      -65.68       44.24                68.49                  5.919524                       3.878298                        8.088010                 8.914129                    26.799961                
-63.26      -66.12       43.59                67.99                  6.492492                       4.536774                        8.027556                 8.914129                    27.970952                
-63.14      -66.29       42.61                67.22                  6.746197                       4.765771                        7.907248                 8.914129                    28.333346                
-63.04      -66.47       43.18                67.67                  6.120629                       4.107644                        8.068182                 8.134710                    26.431165                
-62.89      -66.75       38.25                63.69                  3.951840                       0.000000                        7.264796                 5.487806                    16.704442                
-62.76      -66.98       38.06                63.53                  3.951478                       0.000000                        7.273748                 5.487806                    16.713032                
-62.57      -67.31       38.10                63.56                  3.951634                       0.000000                        7.278224                 5.487806                    16.717664                
-62.37      -67.64       38.32                63.75                  3.951804                       0.000000                        7.282817                 5.487806                    16.722427                
-62.20      -67.92       38.14                63.59                  3.951475                       0.000000                        7.282243                 5.487806                    16.721523                
-62.03      -68.23       38.22                63.66                  3.952405                       0.000000                        7.261128                 7.456660                    18.670194                
-61.85      -68.49       38.22                63.67                  3.952125                       0.000000                        7.261928                 7.456660                    18.670712                
-61.73      -68.65       38.26                63.70                  3.951932                       0.000000                        7.275676                 6.758703                    17.986311                
-61.52      -68.95       38.21                63.66                  3.951699                       0.000000                        7.270139                 5.470026                    16.691864                
====================Subduction_Zone_54====================
-25.63      141.53       55.46                76.69                  4.460210                       0.000000                        8.609891                 11.484604                   24.554706                
-26.19      142.18       42.07                66.80                  4.343860                       0.000000                        7.839368                 10.088867                   22.272095                
-26.74      142.82       27.83                54.33                  4.256825                       0.000000                        7.570735                 6.469469                    18.297029                
-27.30      143.21       19.91                45.94                  4.256640                       0.000000                        7.605179                 4.794397                    16.656216                
-27.85      143.59       17.72                43.35                  4.308836                       0.000000                        7.489410                 2.414829                    14.213075                
-28.77      144.36       14.56                39.30                  4.358522                       0.000000                        7.231742                 1.904000                    13.494265                
-29.02      144.94       15.46                40.49                  4.322907                       0.000000                        7.315789                 2.069435                    13.708132                
-29.28      145.52       16.49                41.82                  4.265886                       0.000000                        7.388254                 2.361235                    14.015375                
-29.41      146.35       18.39                44.16                  4.234443                       0.000000                        7.535485                 2.896477                    14.666405                
-29.54      147.19       20.28                46.37                  4.192641                       0.000000                        7.616127                 3.890441                    15.699209                
-29.95      147.94       20.02                46.07                  4.189073                       0.000000                        7.625814                 4.088998                    15.903885                
-30.37      148.70       19.35                45.30                  4.206940                       0.000000                        7.583216                 3.903730                    15.693886                
-30.57      149.34       19.55                45.53                  4.208580                       0.000000                        7.594924                 4.023185                    15.826689                
-30.77      149.99       19.80                45.82                  4.199326                       0.000000                        7.603525                 3.888258                    15.691109                
-31.24      150.52       18.27                44.01                  4.224484                       0.000000                        7.526534                 3.489613                    15.240631                
-31.39      151.13       18.30                44.06                  4.230259                       0.000000                        7.530625                 2.971629                    14.732513                
-31.54      151.75       19.01                44.90                  4.232466                       0.000000                        7.569216                 3.802001                    15.603683                
-31.87      152.45       19.61                45.60                  4.263153                       0.000000                        7.595553                 3.705447                    15.564153                
-32.39      152.90       18.31                44.07                  4.333185                       0.000000                        7.531267                 3.239751                    15.104203                
====================Subduction_Zone_55====================
-38.01      -61.47       0.84                 10.00                  3.793055                       0.000000                        3.951252                 1.505703                    9.250011                 
-37.14      -61.48       0.37                 10.00                  3.791021                       0.000000                        3.030110                 0.611000                    7.432131                 
-36.26      -61.49       0.45                 10.00                  4.855414                       1.588996                        2.969750                 0.810602                    10.224762                
-35.38      -61.50       5.03                 23.10                  7.114109                       4.159873                        5.567443                 1.611336                    18.452761                
-34.56      -61.57       15.56                40.62                  4.477124                       0.338327                        7.328211                 6.736196                    18.879858                
-33.74      -61.64       24.96                51.45                  4.095941                       0.000000                        7.595879                 8.126987                    19.818808                
-32.92      -61.70       33.42                59.53                  3.957130                       0.000000                        7.321334                 6.078664                    17.357129                
-32.10      -61.77       40.98                65.92                  3.890744                       0.000000                        7.567883                 5.890000                    17.348627                
-31.28      -61.84       47.78                71.18                  3.836148                       0.000000                        8.287098                 8.690721                    20.813967                
-30.39      -61.78       48.92                72.03                  3.900896                       0.000000                        8.343912                 10.136973                   22.381781                
-29.49      -61.72       47.68                71.11                  3.902801                       0.000000                        8.309894                 8.890770                    21.103465                
-28.77      -61.87       46.66                70.34                  3.902845                       0.000000                        8.268846                 8.301095                    20.472787                
-28.20      -62.04       45.85                69.73                  3.902186                       0.000000                        8.228748                 7.198861                    19.329795                
-27.66      -62.13       45.36                69.36                  3.900386                       0.000000                        8.178292                 7.070584                    19.149263                
-26.95      -62.42       38.22                63.67                  3.928815                       0.000000                        7.666761                 4.760553                    16.356128                
-26.44      -62.59       38.32                63.75                  3.943073                       0.000000                        7.555184                 3.776727                    15.274984                
-25.93      -62.77       40.08                65.19                  3.938252                       0.000000                        7.832657                 4.387170                    16.158078                
-25.25      -63.46       44.70                68.85                  3.926100                       0.000000                        8.151258                 6.407998                    18.485356                
-24.27      -63.90       44.70                68.85                  3.928295                       0.000000                        8.151258                 6.407998                    18.487551                
-23.29      -64.34       44.70                68.85                  3.929560                       0.000000                        8.151258                 6.407998                    18.488816                
-22.52      -64.69       44.70                68.85                  3.934707                       0.000000                        8.151258                 6.407998                    18.493963                
-21.74      -65.04       44.70                68.85                  3.937410                       0.000000                        8.151258                 6.407998                    18.496666                
-20.97      -65.38       44.70                68.85                  3.937417                       0.000000                        8.151258                 6.407998                    18.496673                
-20.14      -65.61       44.70                68.85                  3.947198                       0.000000                        8.151258                 6.407998                    18.506455                
-19.31      -65.84       44.70                68.85                  3.962342                       0.000000                        8.151258                 6.407998                    18.521598                
-18.47      -66.07       44.70                68.85                  3.986863                       0.000000                        8.151258                 6.407998                    18.546119                
-17.64      -66.30       44.70                68.85                  4.011918                       0.000000                        8.151258                 6.404779                    18.567955                
-16.80      -66.53       44.70                68.85                  4.086123                       0.000000                        8.133276                 6.353963                    18.573362                
-15.97      -66.77       43.34                67.79                  4.154792                       0.000000                        7.978176                 5.668441                    17.801409                
-15.12      -66.96       41.00                65.94                  4.137988                       0.000000                        7.681457                 3.830017                    15.649462                
-14.28      -67.16       40.97                65.91                  4.073140                       0.000000                        7.677139                 3.839110                    15.589389                
-13.43      -67.35       42.34                67.01                  4.066109                       0.000000                        7.935946                 4.515682                    16.517737                
-12.56      -67.14       43.26                67.73                  4.061991                       0.000000                        7.947066                 5.938251                    17.947309                
-11.69      -66.92       47.48                70.96                  4.114179                       0.000000                        8.297678                 8.806102                    21.217960                
-10.81      -66.70       49.70                72.60                  4.086327                       0.000000                        8.380404                 10.120830                   22.587561                
-9.94       -66.48       50.83                73.42                  4.088321                       0.000000                        8.421136                 12.257917                   24.767374                
====================Subduction_Zone_56====================
-8.55       -74.97       48.34                71.60                  3.956770                       0.000000                        8.333431                 9.721219                    22.011420                
-8.53       -74.29       48.72                71.88                  3.965840                       0.000000                        8.346556                 10.080839                   22.393235                
-8.52       -73.62       49.12                72.17                  3.975348                       0.000000                        8.360404                 10.412267                   22.748019                
-8.50       -72.95       49.51                72.46                  3.985665                       0.000000                        8.373625                 10.670121                   23.029411                
-8.50       -71.95       49.95                72.78                  4.001863                       0.000000                        8.389211                 11.106366                   23.497440                
-8.51       -70.96       50.41                73.12                  4.035741                       0.000000                        8.405786                 11.574148                   24.015675                
-8.51       -69.97       51.06                73.58                  4.103957                       0.000000                        8.429768                 12.264654                   24.798380                
-8.52       -68.97       51.86                74.16                  4.126532                       0.000000                        8.460677                 12.726769                   25.313977                
-8.31       -68.21       52.78                74.81                  4.134018                       0.000000                        8.498445                 11.773647                   24.406110                
-8.09       -67.45       53.70                75.46                  4.141779                       0.000000                        8.538676                 10.888059                   23.568515                
-7.88       -66.69       54.62                76.11                  4.149825                       0.000000                        8.580009                 9.909540                    22.639375                
-7.67       -65.93       55.55                76.75                  4.154023                       0.000000                        8.613899                 8.188822                    20.956743                
-7.15       -65.23       56.38                77.32                  4.259853                       0.000000                        8.665151                 7.272297                    20.197301                
-6.63       -64.52       58.67                78.88                  4.275383                       0.000000                        8.755333                 6.907137                    19.937852                
-6.11       -63.82       61.94                81.05                  4.380974                       0.000000                        8.958885                 2.567699                    15.907558                
-5.82       -63.39       64.31                82.58                  4.412900                       0.000000                        9.040725                 2.567699                    16.021325                
====================Subduction_Zone_57====================
-4.74       -78.33       46.22                70.01                  3.978766                       0.000000                        8.223250                 7.242577                    19.444594                
-4.89       -77.97       46.11                69.93                  3.977753                       0.000000                        8.225566                 7.407833                    19.611151                
-5.20       -77.11       49.34                72.33                  3.760483                       0.000000                        8.318261                 10.796695                   22.875440                
-5.85       -76.38       50.31                73.05                  3.727156                       0.000000                        8.397810                 11.371457                   23.496422                
-6.63       -76.10       49.91                72.75                  3.727706                       0.000000                        8.387776                 11.093824                   23.209305                
-7.40       -75.81       49.51                72.46                  3.733390                       0.000000                        8.373610                 10.573425                   22.680425                
-7.97       -75.54       48.94                72.04                  3.946920                       0.000000                        8.354129                 10.126735                   22.427784                
-8.55       -74.97       48.34                71.60                  3.956770                       0.000000                        8.333431                 9.721219                    22.011420                
====================Subduction_Zone_58====================
2.74        -87.38       44.98                69.06                  4.093628                       0.000000                        8.173079                 6.582391                    18.849098                
2.08        -86.97       44.85                68.97                  4.084550                       0.000000                        8.163692                 6.347186                    18.595428                
1.34        -86.39       44.94                69.03                  4.109497                       0.000000                        8.171846                 6.461738                    18.743081                
0.59        -85.81       45.14                69.19                  4.125784                       0.000000                        8.184373                 6.270968                    18.581125                
-0.15       -85.23       45.24                69.27                  4.136055                       0.000000                        8.190402                 7.202501                    19.528958                
-1.04       -84.34       45.78                69.68                  4.201289                       0.000000                        8.224249                 7.207654                    19.633192                
-1.93       -83.46       46.36                70.12                  4.699597                       0.000000                        8.253412                 7.516669                    20.469679                
-2.82       -82.57       46.06                69.89                  3.992137                       0.000000                        8.240018                 7.272313                    19.504468                
-3.34       -81.89       45.75                69.65                  3.989303                       0.000000                        8.222503                 7.118809                    19.330615                
-3.86       -81.20       45.44                69.42                  3.986925                       0.000000                        8.203929                 6.857507                    19.048361                
-4.11       -80.52       45.56                69.51                  3.984653                       0.000000                        8.211266                 7.127177                    19.323095                
-4.37       -79.84       45.68                69.60                  3.982372                       0.000000                        8.218340                 6.950052                    19.150763                
-4.62       -79.16       45.79                69.68                  3.980463                       0.000000                        8.225035                 7.394152                    19.599651                
-4.74       -78.33       46.22                70.01                  3.978766                       0.000000                        8.223250                 7.242577                    19.444594                
====================Subduction_Zone_59====================
22.00       -82.02       66.28                83.84                  3.933545                       0.000000                        9.147446                 1.980494                    15.061484                
21.29       -81.88       66.57                84.02                  3.928361                       0.000000                        9.153040                 1.852062                    14.933463                
20.58       -81.74       67.03                84.31                  3.923602                       0.000000                        9.161819                 1.749230                    14.834651                
19.76       -81.58       67.56                84.64                  3.915625                       0.000000                        9.176436                 1.650092                    14.742153                
18.93       -81.43       68.03                84.94                  3.861112                       0.000000                        9.194058                 1.668505                    14.723674                
18.11       -81.27       67.35                84.51                  3.857753                       0.000000                        9.178067                 1.649336                    14.685157                
17.24       -81.08       66.64                84.06                  3.859284                       0.000000                        9.158521                 1.825808                    14.843613                
16.37       -80.88       65.93                83.61                  3.860859                       0.000000                        9.135754                 2.028814                    15.025427                
15.50       -80.69       65.24                83.18                  3.834933                       0.000000                        9.111160                 2.554161                    15.500254                
14.64       -80.50       64.58                82.76                  3.838651                       0.000000                        9.084685                 3.037431                    15.960767                
13.83       -80.27       63.98                82.37                  3.842439                       0.000000                        9.058611                 3.399252                    16.300302                
13.02       -80.04       63.36                81.97                  3.846338                       0.000000                        9.029980                 4.101053                    16.977372                
12.21       -79.82       62.72                81.56                  3.850352                       0.000000                        8.998946                 4.236118                    17.085416                
11.29       -79.83       61.79                80.95                  3.853669                       0.000000                        8.951244                 4.364830                    17.169743                
10.36       -79.84       60.84                80.32                  3.857056                       0.000000                        8.900507                 4.848911                    17.606473                
9.57        -79.73       60.08                79.82                  3.860614                       0.000000                        8.859274                 5.613224                    18.333112                
8.78        -79.63       59.30                79.30                  3.864289                       0.000000                        8.817064                 6.015573                    18.696926                
7.99        -79.53       58.50                78.76                  3.866840                       0.000000                        8.767838                 6.789382                    19.424061                
7.08        -79.39       57.58                78.14                  3.872672                       0.000000                        8.725828                 7.357124                    19.955624                
6.18        -79.24       56.78                77.60                  3.792749                       0.000000                        8.680974                 7.493371                    19.967094                
====================Subduction_Zone_60====================
34.38       -89.08       67.63                84.69                  4.009132                       0.000000                        9.185019                 1.650229                    14.844380                
33.58       -88.76       67.39                84.53                  4.009410                       0.000000                        9.179050                 1.657463                    14.845922                
32.78       -88.44       64.66                82.80                  3.908804                       0.000000                        9.088298                 2.101384                    15.098486                
32.02       -87.97       64.25                82.54                  3.964014                       0.000000                        9.070677                 3.284398                    16.319089                
31.26       -87.50       62.26                81.26                  3.942791                       0.000000                        8.975530                 4.003772                    16.922093                
30.53       -87.31       62.04                81.11                  3.941614                       0.000000                        8.964046                 4.138698                    17.044357                
29.81       -87.12       62.24                81.24                  3.953373                       0.000000                        8.960216                 4.132838                    17.046427                
29.03       -86.64       61.85                80.99                  3.943521                       0.000000                        8.954078                 4.136189                    17.033788                
28.25       -86.17       61.95                81.05                  3.941331                       0.000000                        8.953829                 4.116301                    17.011461                
27.46       -85.72       62.18                81.20                  3.931276                       0.000000                        8.958328                 4.141995                    17.031598                
26.67       -85.26       61.97                81.06                  3.933199                       0.000000                        8.960296                 4.135544                    17.029038                
25.88       -84.82       62.02                81.10                  3.935487                       0.000000                        8.962866                 4.129004                    17.027357                
25.09       -84.37       62.08                81.14                  3.950888                       0.000000                        9.064546                 3.842461                    16.857896                
24.15       -83.67       67.59                84.66                  3.922466                       0.000000                        9.184132                 1.659868                    14.766466                
23.22       -82.96       67.82                84.80                  3.923527                       0.000000                        9.183314                 1.660692                    14.767533                
22.61       -82.49       67.64                84.70                  3.923650                       0.000000                        9.185385                 1.660692                    14.769727                
22.00       -82.02       66.28                83.84                  3.933545                       0.000000                        9.147446                 1.980494                    15.061484                
====================Subduction_Zone_61====================
34.38       -89.08       67.63                84.69                  4.009132                       0.000000                        9.185019                 1.650229                    14.844380                
34.57       -89.17       67.66                84.70                  4.010025                       0.000000                        9.185675                 1.650032                    14.845732                
35.32       -89.67       67.87                84.84                  4.012777                       0.000000                        9.190552                 1.670835                    14.874164                
36.22       -89.92       68.59                85.29                  4.016678                       0.000000                        9.205232                 1.684709                    14.906619                
36.76       -90.10       68.82                85.43                  4.014036                       0.000000                        9.209384                 1.743967                    14.967387                
37.31       -90.28       69.03                85.56                  4.014166                       0.000000                        9.212870                 1.744336                    14.971372                
38.05       -90.34       69.31                85.73                  4.011827                       0.000000                        9.217342                 1.759193                    14.988362                
38.56       -90.54       69.43                85.81                  4.014465                       0.000000                        9.219111                 1.769064                    15.002641                
39.08       -90.74       69.60                85.91                  4.011539                       0.000000                        9.219184                 1.766006                    14.996729                
39.65       -90.93       69.39                85.78                  4.014493                       0.000000                        9.215952                 1.770436                    15.000882                
40.59       -91.12       69.06                85.58                  4.025378                       0.000000                        9.213411                 1.766204                    15.004994                
41.36       -91.45       68.28                85.09                  4.026575                       0.000000                        9.199390                 1.725024                    14.950989                
42.10       -92.03       67.75                84.76                  4.033174                       0.000000                        9.187987                 1.687171                    14.908332                
42.66       -92.16       67.62                84.68                  4.041197                       0.000000                        9.178020                 1.687190                    14.906407                
43.35       -92.36       68.55                85.26                  4.155869                       0.000000                        9.191777                 1.735919                    15.083565                
44.35       -92.59       69.34                85.75                  4.021647                       0.000000                        9.214644                 1.768302                    15.004594                
45.35       -92.83       69.81                86.04                  4.025979                       0.000000                        9.224134                 1.776754                    15.026868                
46.16       -93.02       70.04                86.18                  4.036963                       0.000000                        9.226832                 1.829338                    15.093133                
46.64       -92.93       69.97                86.14                  4.036131                       0.000000                        9.223848                 1.825731                    15.085710                
47.04       -93.05       69.92                86.11                  3.946745                       0.000000                        9.225436                 1.825731                    14.997913                
====================Subduction_Zone_62====================
50.26       -84.08       72.35                87.59                  3.984113                       0.000000                        9.242337                 1.599788                    14.826238                
49.58       -84.57       72.34                87.59                  3.984097                       0.000000                        9.241813                 1.599788                    14.825699                
49.33       -85.50       72.45                87.65                  3.984102                       0.000000                        9.242118                 1.599788                    14.826008                
49.08       -86.43       72.38                87.61                  3.984107                       0.000000                        9.242402                 1.599788                    14.826297                
48.93       -87.26       72.49                87.67                  3.984100                       0.000000                        9.242217                 1.599788                    14.826106                
48.78       -88.09       72.58                87.73                  3.984181                       0.000000                        9.242465                 1.599788                    14.826435                
48.63       -88.92       39.50                64.72                  4.513795                       0.000000                        5.169147                 1.692559                    11.375502                
48.51       -89.80       0.59                 10.00                  4.582097                       0.000000                        3.881526                 1.399827                    9.863450                 
48.40       -90.68       71.31                86.96                  3.896131                       0.000000                        9.207134                 1.747455                    14.850720                
48.29       -91.55       71.61                87.14                  3.915905                       0.000000                        9.239551                 1.810037                    14.965493                
47.99       -92.25       71.15                86.86                  3.923471                       0.000000                        9.236826                 1.850876                    15.011173                
47.69       -92.95       70.76                86.62                  3.956891                       0.000000                        9.233849                 1.850607                    15.041347                
47.04       -93.05       69.92                86.11                  3.946745                       0.000000                        9.225436                 1.825731                    14.997913                
====================Subduction_Zone_63====================
50.26       -84.08       72.35                87.59                  3.984113                       0.000000                        9.242337                 1.599788                    14.826238                
50.67       -84.04       72.38                87.61                  3.984109                       0.000000                        9.242400                 1.599788                    14.826297                
51.22       -84.20       72.46                87.66                  3.984126                       0.000000                        9.242159                 1.599788                    14.826073                
51.54       -84.83       72.49                87.68                  3.984096                       0.000000                        9.242246                 1.599788                    14.826130                
51.87       -85.47       72.35                87.59                  3.984111                       0.000000                        9.242327                 1.599788                    14.826227                
52.68       -86.47       72.34                87.59                  3.984108                       0.000000                        9.242297                 1.605135                    14.831540                
53.50       -87.46       72.33                87.58                  3.984105                       0.000000                        9.242267                 1.675581                    14.901952                
53.67       -87.76       72.45                87.65                  3.984115                       0.000000                        9.242108                 1.675581                    14.901803                
====================Subduction_Zone_64====================
71.44       -99.35       44.59                68.77                  3.781924                       0.000000                        8.154652                 5.244000                    17.180577                
71.46       -100.23      43.55                67.95                  3.781929                       0.000000                        8.040186                 5.264290                    17.086406                
71.48       -101.10      43.57                67.97                  3.782529                       0.000000                        8.044110                 5.292130                    17.118770                
71.49       -101.97      43.27                67.74                  3.784537                       0.000000                        8.008717                 5.048609                    16.841863                
71.51       -102.84      42.94                67.48                  3.786585                       0.000000                        7.968859                 4.864597                    16.620041                
71.53       -103.72      42.60                67.21                  3.788596                       0.000000                        7.924970                 4.696421                    16.409988                
71.59       -104.67      42.20                66.90                  3.790787                       0.000000                        7.867696                 4.371494                    16.029976                
71.64       -105.63      41.77                66.56                  3.793002                       0.000000                        7.801423                 4.108095                    15.702519                
71.70       -106.58      41.34                66.21                  3.795259                       0.000000                        7.735051                 3.975672                    15.505981                
71.76       -107.54      40.90                65.86                  3.797537                       0.000000                        7.663821                 4.018064                    15.479422                
71.81       -108.50      40.48                65.52                  3.799772                       0.000000                        7.597521                 3.931470                    15.328762                
71.87       -109.45      40.04                65.16                  3.802002                       0.000000                        7.517923                 4.057147                    15.377073                
71.93       -110.41      39.55                64.77                  3.804360                       0.000000                        7.456257                 4.215077                    15.475695                
71.98       -111.36      39.10                64.40                  3.806612                       0.000000                        7.381987                 4.343900                    15.532500                
72.04       -112.32      38.67                64.04                  3.808883                       0.000000                        7.327450                 4.492180                    15.628513                
72.09       -113.28      38.24                63.68                  3.811217                       0.000000                        7.270167                 4.617402                    15.698786                
72.15       -114.23      37.78                63.30                  3.813513                       0.000000                        7.227740                 4.860319                    15.901572                
72.21       -115.19      37.32                62.91                  3.815893                       0.000000                        7.187759                 5.143407                    16.147059                
72.26       -116.14      36.88                62.54                  3.818247                       0.000000                        7.162404                 5.581659                    16.562309                
72.32       -117.10      36.46                62.18                  3.820633                       0.000000                        7.141402                 6.046794                    17.008829                
72.38       -118.06      36.00                61.79                  3.822998                       0.000000                        7.132859                 6.564765                    17.520622                
72.43       -119.01      35.54                61.39                  3.825496                       0.000000                        7.132245                 7.085916                    18.043657                
72.49       -119.97      35.11                61.02                  3.827935                       0.000000                        7.140903                 7.601327                    18.570164                
72.56       -120.97      34.65                60.62                  3.830539                       0.000000                        7.155355                 8.068522                    19.054416                
72.63       -121.96      34.19                60.21                  3.833230                       0.000000                        7.177842                 8.399601                    19.410673                
72.70       -122.96      33.76                59.83                  3.835892                       0.000000                        7.205622                 8.602380                    19.643894                
72.76       -123.96      33.31                59.43                  3.838663                       0.000000                        7.236309                 8.753243                    19.828216                
72.83       -124.96      32.90                59.07                  3.841461                       0.000000                        7.267568                 8.860924                    19.969953                
72.90       -125.95      32.49                58.70                  3.844301                       0.000000                        7.300751                 8.957284                    20.102336                
72.97       -126.95      32.68                58.87                  3.844394                       0.000000                        7.285235                 8.942035                    20.071664                
73.11       -127.90      32.96                59.12                  3.844367                       0.000000                        7.262471                 8.878312                    19.985150                
73.25       -128.85      33.25                59.38                  3.844299                       0.000000                        7.240452                 8.785098                    19.869848                
73.39       -129.80      33.54                59.64                  3.844198                       0.000000                        7.219091                 8.574498                    19.637787                
73.53       -130.75      33.83                59.90                  3.844077                       0.000000                        7.199315                 8.484360                    19.527753                
73.67       -131.70      34.13                60.16                  3.843936                       0.000000                        7.181607                 8.283097                    19.308640                
73.81       -132.65      34.42                60.42                  3.844469                       0.000000                        7.165090                 7.981483                    18.991042                
73.94       -133.60      35.13                61.04                  3.862712                       0.000000                        7.139111                 7.357687                    18.359509                
74.08       -134.55      35.99                61.78                  3.877939                       0.000000                        7.133371                 6.211396                    17.222706                
74.22       -135.50      36.95                62.59                  3.888426                       0.000000                        7.164690                 5.270308                    16.323424                
74.36       -136.45      38.10                63.56                  3.887126                       0.000000                        7.242536                 4.720612                    15.850274                
74.50       -137.39      38.99                64.30                  3.905379                       0.000000                        7.370686                 4.400255                    15.676320                
74.57       -137.83      39.47                64.70                  3.876403                       0.000000                        7.456089                 4.271234                    15.603725                
====================Subduction_Zone_65====================
50.26       -84.08       72.35                87.59                  3.984113                       0.000000                        9.242337                 1.599788                    14.826238                
50.67       -84.04       72.38                87.61                  3.984109                       0.000000                        9.242400                 1.599788                    14.826297                
51.22       -84.20       72.46                87.66                  3.984126                       0.000000                        9.242159                 1.599788                    14.826073                
51.54       -84.83       72.49                87.68                  3.984096                       0.000000                        9.242246                 1.599788                    14.826130                
51.87       -85.47       72.35                87.59                  3.984111                       0.000000                        9.242327                 1.599788                    14.826227                
52.68       -86.47       72.34                87.59                  3.984108                       0.000000                        9.242297                 1.605135                    14.831540                
53.50       -87.46       72.33                87.58                  3.984105                       0.000000                        9.242267                 1.675581                    14.901952                
53.88       -88.13       72.47                87.66                  3.984112                       0.000000                        9.242158                 1.675581                    14.901851                
54.25       -88.80       72.25                87.53                  3.984109                       0.000000                        9.242514                 1.675581                    14.902204                
54.63       -89.47       72.21                87.50                  3.984116                       0.000000                        9.242410                 1.675581                    14.902107                
55.11       -90.32       72.45                87.65                  3.984106                       0.000000                        9.242098                 1.675581                    14.901785                
55.59       -91.18       71.08                86.82                  3.984038                       0.000000                        9.237541                 1.746845                    14.968424                
56.07       -92.03       69.74                86.00                  3.984041                       0.000000                        9.223211                 1.746845                    14.954097                
56.57       -92.97       69.01                85.55                  3.934885                       0.000000                        9.207489                 1.710433                    14.852807                
57.07       -93.91       67.93                84.87                  3.932299                       0.000000                        9.188517                 1.667908                    14.788725                
57.70       -94.78       66.68                84.09                  3.931796                       0.000000                        9.163977                 1.819857                    14.915631                
58.32       -95.65       65.76                83.51                  3.930065                       0.000000                        9.130071                 2.217782                    15.277919                
59.11       -95.98       64.60                82.77                  4.048816                       0.000000                        9.085491                 2.839811                    15.974118                
59.99       -96.61       63.37                81.98                  4.060053                       0.000000                        9.030568                 4.016031                    17.106652                
60.67       -97.09       62.25                81.25                  4.069049                       0.000000                        8.974903                 4.171282                    17.215233                
61.35       -97.57       61.10                80.50                  4.078360                       0.000000                        8.914364                 4.332675                    17.325398                
62.30       -98.12       59.56                79.48                  4.092353                       0.000000                        8.831390                 5.342024                    18.265767                
62.84       -98.22       58.84                78.99                  4.101506                       0.000000                        8.792418                 6.105608                    18.999533                
63.38       -98.33       58.09                78.49                  4.110930                       0.000000                        8.752601                 6.576315                    19.439846                
64.24       -98.18       57.12                77.83                  4.127790                       0.000000                        8.702546                 6.838717                    19.669053                
64.74       -98.17       56.38                77.32                  4.609121                       0.000000                        8.663997                 7.796624                    21.069742                
65.25       -98.17       54.93                76.32                  4.742035                       0.000000                        8.594639                 8.571270                    21.907944                
65.63       -98.30       53.47                75.30                  4.770444                       0.000000                        8.528306                 10.985634                   24.284383                
66.08       -97.95       52.54                74.65                  4.838636                       0.000000                        8.488854                 12.015190                   25.342679                
66.47       -98.09       50.88                73.45                  4.868676                       1.322345                        8.422907                 11.708549                   26.322477                
66.82       -98.03       49.61                72.53                  4.695249                       1.541850                        8.378073                 10.598606                   25.213778                
67.30       -98.22       48.89                72.00                  3.932262                       0.000000                        8.352317                 10.182739                   22.467319                
67.76       -98.66       48.19                71.49                  3.931492                       0.000000                        8.328169                 8.976546                    21.236207                
67.97       -98.85       47.81                71.21                  3.918729                       0.000000                        8.312323                 8.910956                    21.142008                
68.35       -99.02       46.67                70.35                  3.828250                       0.000000                        8.268838                 8.244162                    20.341250                
68.70       -99.34       45.99                69.84                  3.797640                       0.000000                        8.240883                 7.726396                    19.764919                
69.08       -99.53       45.71                69.62                  3.783461                       0.000000                        8.220501                 7.285282                    19.289243                
69.54       -99.64       45.40                69.38                  3.782367                       0.000000                        8.201458                 6.879362                    18.863186                
70.05       -99.73       45.07                69.13                  3.781991                       0.000000                        8.184319                 6.616157                    18.582468                
70.57       -99.53       44.95                69.04                  3.781436                       0.000000                        8.166563                 6.344808                    18.292806                
70.97       -99.44       44.87                68.98                  3.781611                       0.000000                        8.164608                 5.614007                    17.560226                
71.44       -99.35       44.59                68.77                  3.781924                       0.000000                        8.154652                 5.244000                    17.180577                
====================Subduction_Zone_66====================
50.26       -84.08       72.35                87.59                  3.984113                       0.000000                        9.242337                 1.599788                    14.826238                
49.58       -84.57       72.34                87.59                  3.984097                       0.000000                        9.241813                 1.599788                    14.825699                
49.33       -85.50       72.45                87.65                  3.984102                       0.000000                        9.242118                 1.599788                    14.826008                
49.08       -86.43       72.38                87.61                  3.984107                       0.000000                        9.242402                 1.599788                    14.826297                
48.93       -87.26       72.49                87.67                  3.984100                       0.000000                        9.242217                 1.599788                    14.826106                
48.78       -88.09       72.58                87.73                  3.984181                       0.000000                        9.242465                 1.599788                    14.826435                
48.63       -88.92       39.50                64.72                  4.513795                       0.000000                        5.169147                 1.692559                    11.375502                
48.51       -89.80       0.59                 10.00                  4.582097                       0.000000                        3.881526                 1.399827                    9.863450                 
48.40       -90.68       71.31                86.96                  3.896131                       0.000000                        9.207134                 1.747455                    14.850720                
48.29       -91.55       71.61                87.14                  3.915905                       0.000000                        9.239551                 1.810037                    14.965493                
47.99       -92.25       71.15                86.86                  3.923471                       0.000000                        9.236826                 1.850876                    15.011173                
47.69       -92.95       70.76                86.62                  3.956891                       0.000000                        9.233849                 1.850607                    15.041347                
47.04       -93.05       69.92                86.11                  3.946745                       0.000000                        9.225436                 1.825731                    14.997913                
====================Subduction_Zone_67====================
34.38       -89.08       67.63                84.69                  4.009132                       0.000000                        9.185019                 1.650229                    14.844380                
34.57       -89.17       67.66                84.70                  4.010025                       0.000000                        9.185675                 1.650032                    14.845732                
35.32       -89.67       67.87                84.84                  4.012777                       0.000000                        9.190552                 1.670835                    14.874164                
36.22       -89.92       68.59                85.29                  4.016678                       0.000000                        9.205232                 1.684709                    14.906619                
36.76       -90.10       68.82                85.43                  4.014036                       0.000000                        9.209384                 1.743967                    14.967387                
37.31       -90.28       69.03                85.56                  4.014166                       0.000000                        9.212870                 1.744336                    14.971372                
38.05       -90.34       69.31                85.73                  4.011827                       0.000000                        9.217342                 1.759193                    14.988362                
38.56       -90.54       69.43                85.81                  4.014465                       0.000000                        9.219111                 1.769064                    15.002641                
39.08       -90.74       69.60                85.91                  4.011539                       0.000000                        9.219184                 1.766006                    14.996729                
39.65       -90.93       69.39                85.78                  4.014493                       0.000000                        9.215952                 1.770436                    15.000882                
40.59       -91.12       69.06                85.58                  4.025378                       0.000000                        9.213411                 1.766204                    15.004994                
41.36       -91.45       68.28                85.09                  4.026575                       0.000000                        9.199390                 1.725024                    14.950989                
42.10       -92.03       67.75                84.76                  4.033174                       0.000000                        9.187987                 1.687171                    14.908332                
42.66       -92.16       67.62                84.68                  4.041197                       0.000000                        9.178020                 1.687190                    14.906407                
43.35       -92.36       68.55                85.26                  4.155869                       0.000000                        9.191777                 1.735919                    15.083565                
44.35       -92.59       69.34                85.75                  4.021647                       0.000000                        9.214644                 1.768302                    15.004594                
45.35       -92.83       69.81                86.04                  4.025979                       0.000000                        9.224134                 1.776754                    15.026868                
46.16       -93.02       70.04                86.18                  4.036963                       0.000000                        9.226832                 1.829338                    15.093133                
46.64       -92.93       69.97                86.14                  4.036131                       0.000000                        9.223848                 1.825731                    15.085710                
47.04       -93.05       69.92                86.11                  3.946745                       0.000000                        9.225436                 1.825731                    14.997913                
====================Subduction_Zone_68====================
34.38       -89.08       67.63                84.69                  4.009132                       0.000000                        9.185019                 1.650229                    14.844380                
33.58       -88.76       67.39                84.53                  4.009410                       0.000000                        9.179050                 1.657463                    14.845922                
32.78       -88.44       64.66                82.80                  3.908804                       0.000000                        9.088298                 2.101384                    15.098486                
32.02       -87.97       64.25                82.54                  3.964014                       0.000000                        9.070677                 3.284398                    16.319089                
31.26       -87.50       62.26                81.26                  3.942791                       0.000000                        8.975530                 4.003772                    16.922093                
30.53       -87.31       62.04                81.11                  3.941614                       0.000000                        8.964046                 4.138698                    17.044357                
29.81       -87.12       62.24                81.24                  3.953373                       0.000000                        8.960216                 4.132838                    17.046427                
29.03       -86.64       61.85                80.99                  3.943521                       0.000000                        8.954078                 4.136189                    17.033788                
28.25       -86.17       61.95                81.05                  3.941331                       0.000000                        8.953829                 4.116301                    17.011461                
27.46       -85.72       62.18                81.20                  3.931276                       0.000000                        8.958328                 4.141995                    17.031598                
26.67       -85.26       61.97                81.06                  3.933199                       0.000000                        8.960296                 4.135544                    17.029038                
25.88       -84.82       62.02                81.10                  3.935487                       0.000000                        8.962866                 4.129004                    17.027357                
25.09       -84.37       62.08                81.14                  3.950888                       0.000000                        9.064546                 3.842461                    16.857896                
24.15       -83.67       67.59                84.66                  3.922466                       0.000000                        9.184132                 1.659868                    14.766466                
23.22       -82.96       67.82                84.80                  3.923527                       0.000000                        9.183314                 1.660692                    14.767533                
22.61       -82.49       67.64                84.70                  3.923650                       0.000000                        9.185385                 1.660692                    14.769727                
22.00       -82.02       66.28                83.84                  3.933545                       0.000000                        9.147446                 1.980494                    15.061484                
====================Subduction_Zone_69====================
22.00       -82.02       66.28                83.84                  3.933545                       0.000000                        9.147446                 1.980494                    15.061484                
21.29       -81.88       66.57                84.02                  3.928361                       0.000000                        9.153040                 1.852062                    14.933463                
20.58       -81.74       67.03                84.31                  3.923602                       0.000000                        9.161819                 1.749230                    14.834651                
19.76       -81.58       67.56                84.64                  3.915625                       0.000000                        9.176436                 1.650092                    14.742153                
18.93       -81.43       68.03                84.94                  3.861112                       0.000000                        9.194058                 1.668505                    14.723674                
18.11       -81.27       67.35                84.51                  3.857753                       0.000000                        9.178067                 1.649336                    14.685157                
17.24       -81.08       66.64                84.06                  3.859284                       0.000000                        9.158521                 1.825808                    14.843613                
16.37       -80.88       65.93                83.61                  3.860859                       0.000000                        9.135754                 2.028814                    15.025427                
15.50       -80.69       65.24                83.18                  3.834933                       0.000000                        9.111160                 2.554161                    15.500254                
14.64       -80.50       64.58                82.76                  3.838651                       0.000000                        9.084685                 3.037431                    15.960767                
13.83       -80.27       63.98                82.37                  3.842439                       0.000000                        9.058611                 3.399252                    16.300302                
13.02       -80.04       63.36                81.97                  3.846338                       0.000000                        9.029980                 4.101053                    16.977372                
12.21       -79.82       62.72                81.56                  3.850352                       0.000000                        8.998946                 4.236118                    17.085416                
11.29       -79.83       61.79                80.95                  3.853669                       0.000000                        8.951244                 4.364830                    17.169743                
10.36       -79.84       60.84                80.32                  3.857056                       0.000000                        8.900507                 4.848911                    17.606473                
9.57        -79.73       60.08                79.82                  3.860614                       0.000000                        8.859274                 5.613224                    18.333112                
8.78        -79.63       59.30                79.30                  3.864289                       0.000000                        8.817064                 6.015573                    18.696926                
7.99        -79.53       58.50                78.76                  3.866840                       0.000000                        8.767838                 6.789382                    19.424061                
7.08        -79.39       57.58                78.14                  3.872672                       0.000000                        8.725828                 7.357124                    19.955624                
6.18        -79.24       56.78                77.60                  3.792749                       0.000000                        8.680974                 7.493371                    19.967094                
====================Subduction_Zone_70====================
12.02       -69.50       49.52                72.47                  4.942092                       2.115479                        8.332375                 6.514501                    21.904446                
11.88       -68.91       49.76                72.65                  4.939848                       2.108779                        8.340689                 4.789142                    20.178458                
11.45       -67.99       49.05                72.12                  4.945522                       2.124666                        8.349250                 7.409847                    22.829285                
11.02       -67.06       49.30                72.31                  4.940175                       2.110285                        8.324924                 4.789142                    20.164525                
10.59       -66.14       3.13                 18.22                  5.219513                       2.900862                        5.503732                 3.276206                    16.900313                
10.16       -65.21       2.88                 17.46                  5.217369                       2.891381                        5.860040                 3.169393                    17.138182                
9.61        -64.34       4.16                 21.00                  5.219595                       2.901173                        5.894903                 2.728314                    16.743985                
====================Subduction_Zone_71====================
6.05        80.51        35.10                61.01                  4.091844                       0.000000                        7.160595                 7.141602                    18.394040                
5.82        81.20        33.67                59.75                  4.201958                       0.000000                        7.211775                 7.247989                    18.661722                
5.60        81.88        34.45                60.44                  4.284382                       0.000000                        7.165272                 7.384097                    18.833752                
5.38        82.56        35.98                61.77                  4.277206                       0.000000                        7.133763                 6.206291                    17.617260                
5.21        83.54        38.32                63.75                  4.269229                       0.000000                        7.283355                 4.562628                    16.115212                
5.04        84.51        40.48                65.52                  4.207471                       0.000000                        7.596792                 3.846472                    15.650735                
4.87        85.48        42.60                67.21                  4.209702                       0.000000                        7.924023                 4.715412                    16.849136                
4.70        86.45        44.74                68.88                  4.211989                       0.000000                        8.153633                 6.420218                    18.785841                
4.53        87.43        46.89                70.52                  4.214434                       0.000000                        8.278333                 8.247887                    20.740654                
4.37        88.40        47.83                71.22                  4.263667                       0.000000                        8.314393                 9.759469                    22.337530                
4.20        89.37        49.75                72.63                  4.390608                       0.000000                        8.382720                 10.667495                   23.440822                
4.03        90.35        52.33                74.49                  4.383688                       0.000000                        8.479932                 12.049237                   24.912857                
3.85        91.16        54.28                75.87                  4.106837                       0.000000                        8.563465                 10.419521                   23.089823                
3.67        91.97        55.65                76.82                  3.970941                       0.000000                        8.625402                 7.953571                    20.549915                
3.34        92.80        62.53                81.43                  4.338472                       0.000000                        8.989284                 3.980751                    17.308507                
3.01        93.63        65.28                83.20                  4.719826                       0.000000                        9.112546                 2.825342                    16.657714                
2.69        94.46        66.26                83.82                  4.732334                       0.000000                        9.149601                 2.009380                    15.891315                
2.36        95.29        67.98                84.91                  4.472956                       0.000000                        9.157459                 1.805094                    15.435509                
2.03        96.11        67.42                84.55                  4.557407                       0.000000                        9.143021                 1.762804                    15.463232                
1.78        97.07        69.63                85.93                  4.382461                       0.000000                        9.221636                 1.735683                    15.339780                
1.53        98.02        66.34                83.87                  4.340545                       0.000000                        9.148862                 2.067469                    15.556877                
1.29        98.98        64.26                82.55                  4.149501                       0.000000                        9.070339                 3.372759                    16.592599                
1.04        99.93        58.59                78.82                  4.940283                       1.674402                        8.779791                 6.125833                    21.520309                
0.80        100.89       59.22                79.25                  5.088958                       2.557609                        8.796770                 7.447265                    23.890602                
0.64        101.85       56.78                77.60                  4.946702                       2.132027                        8.667974                 7.841067                    23.587770                
0.47        102.81       57.18                77.87                  5.057502                       2.468180                        8.705835                 6.630491                    22.862008                
0.31        103.77       58.64                78.86                  4.715166                       0.000000                        8.782004                 6.084546                    19.581716                
0.15        104.74       58.10                78.49                  4.383588                       0.000000                        8.753005                 6.326828                    19.463421                
====================Subduction_Zone_72====================
0.15        104.74       58.10                78.49                  4.383588                       0.000000                        8.753005                 6.326828                    19.463421                
-0.41       105.20       57.61                78.16                  4.266782                       0.000000                        8.727451                 6.991171                    19.985404                
-0.97       105.66       56.42                77.35                  4.101116                       0.000000                        8.664334                 4.805011                    17.570461                
-1.86       106.51       56.04                77.09                  3.986671                       0.000000                        8.648175                 7.537490                    20.172336                
-2.76       107.36       55.29                76.57                  3.944184                       0.000000                        8.611841                 8.225777                    20.781802                
-3.65       108.21       54.42                75.97                  3.948933                       0.000000                        8.561237                 9.144686                    21.654856                
-4.09       108.93       47.55                71.01                  4.635662                       0.965912                        8.330210                 8.674509                    22.606293                
-4.53       109.65       45.17                69.21                  4.137129                       0.000000                        8.185561                 6.351607                    18.674297                
-4.97       110.37       43.86                68.20                  4.141776                       0.000000                        8.074415                 5.679858                    17.896049                
-5.13       111.28       43.30                67.77                  4.147875                       0.000000                        8.012744                 5.625998                    17.786617                
-5.29       112.18       42.73                67.31                  4.154228                       0.000000                        7.940317                 5.108955                    17.203499                
-5.46       113.08       42.13                66.84                  4.160848                       0.000000                        7.856684                 4.525256                    16.542788                
-5.62       113.98       41.51                66.35                  4.167742                       0.000000                        7.762403                 4.458967                    16.389112                
-5.78       114.89       40.86                65.83                  4.174925                       0.000000                        7.658490                 4.287556                    16.120971                
-5.94       115.79       40.19                65.28                  4.182408                       0.000000                        7.548884                 4.316793                    16.048084                
-6.10       116.69       39.49                64.71                  4.206685                       0.000000                        7.440008                 4.376403                    16.023096                
-6.36       117.35       38.37                63.79                  4.348910                       0.000000                        7.289390                 6.166528                    17.804828                
====================Subduction_Zone_73====================
1.05        70.67        5.66                 24.50                  4.463010                       0.000000                        6.413462                 3.069684                    13.946156                
1.16        71.51        7.33                 27.87                  4.580786                       0.000000                        6.558409                 2.244075                    13.383269                
1.27        72.35        3.88                 20.29                  5.393169                       3.273679                        5.795330                 3.288566                    17.750745                
1.38        73.20        2.27                 15.50                  5.363653                       3.223275                        5.094213                 2.195670                    15.876811                
1.49        74.04        8.45                 29.94                  4.661523                       0.983621                        6.800666                 2.847785                    15.293595                
1.60        74.88        11.03                34.20                  4.244437                       0.000000                        7.028807                 1.669752                    12.942996                
1.83        75.66        13.30                37.55                  4.246573                       0.000000                        7.148948                 1.544077                    12.939598                
2.06        76.44        15.58                40.64                  4.248604                       0.000000                        7.313070                 1.734025                    13.295699                
2.28        77.22        17.87                43.54                  4.250526                       0.000000                        7.501808                 2.333971                    14.086305                
2.64        78.08        20.56                46.69                  4.251318                       0.000000                        7.624534                 3.620530                    15.496382                
3.00        78.93        23.25                49.65                  4.251928                       0.000000                        7.634757                 5.176068                    17.062753                
3.37        79.79        25.94                52.45                  4.252361                       0.000000                        7.615180                 6.948625                    18.816166                
====================Subduction_Zone_74====================
17.55       83.58        21.14                47.35                  5.981966                       4.232273                        7.634022                 4.146501                    21.994762                
17.30       84.13        21.14                47.35                  5.541029                       3.562085                        7.633968                 4.173321                    20.910404                
17.06       84.68        21.43                47.68                  5.301101                       3.083913                        7.635403                 4.193440                    20.213856                
16.23       85.36        21.35                47.58                  4.930713                       2.076952                        7.635903                 4.226265                    18.869833                
15.40       86.03        22.98                49.36                  4.732773                       0.000000                        7.636199                 5.660042                    18.029015                
14.57       86.70        26.62                53.13                  4.586494                       0.000000                        7.606651                 7.390332                    19.583477                
13.74       87.37        30.24                56.63                  4.473452                       0.000000                        7.473259                 8.295940                    20.242650                
12.91       88.12        28.89                55.35                  4.485081                       0.000000                        7.546725                 8.132646                    20.164453                
12.08       88.86        27.52                54.02                  4.529900                       0.000000                        7.562114                 8.003063                    20.095077                
11.25       89.61        30.19                56.58                  4.675341                       0.000000                        7.477821                 8.546815                    20.699977                
10.42       90.35        29.32                55.76                  4.679860                       0.000000                        7.473402                 8.546815                    20.700076                
9.71        90.87        31.53                57.83                  4.696396                       0.000000                        7.379398                 8.433099                    20.508893                
9.37        91.39        33.03                59.18                  4.920635                       0.714498                        7.258295                 7.581371                    20.474801                
9.02        91.91        36.70                62.38                  6.465549                       4.385504                        7.206764                 4.984972                    23.042790                
====================Subduction_Zone_75====================
9.02        91.91        36.70                62.38                  6.465549                       4.385504                        7.206764                 4.984972                    23.042790                
8.68        92.80        37.20                62.80                  4.485472                       0.013755                        7.235260                 4.528185                    16.262673                
8.35        93.70        36.79                62.46                  5.151653                       2.708936                        7.148483                 4.764507                    19.773580                
7.92        94.70        35.94                61.74                  4.793215                       0.675242                        7.153969                 5.116868                    17.739295                
7.48        95.70        35.49                61.35                  4.705769                       0.000000                        7.146727                 6.279778                    18.132275                
7.05        96.69        34.41                60.41                  4.863357                       0.872560                        7.173888                 6.935178                    19.844983                
6.53        97.56        36.17                61.93                  4.751725                       0.000000                        7.162314                 4.843064                    16.757103                
6.01        98.42        38.61                63.99                  5.135797                       2.681672                        7.320007                 4.472222                    19.609698                
5.61        99.20        42.22                66.91                  4.955305                       2.158377                        7.929155                 5.032750                    20.075587                
5.20        99.98        38.10                63.57                  5.243986                       2.948836                        7.259721                 4.237102                    19.689645                
4.80        100.77       42.87                67.43                  4.933753                       2.091350                        7.959270                 5.121160                    20.105532                
4.39        101.55       47.40                70.89                  4.990685                       2.266120                        8.302500                 9.070344                    24.629650                
3.47        102.33       57.06                77.79                  5.107626                       2.116261                        8.734556                 9.628274                    25.586717                
2.54        103.11       63.97                82.37                  5.213164                       2.878391                        9.058159                 4.203351                    21.353065                
1.90        103.47       63.83                82.27                  5.207498                       2.863009                        9.050047                 5.715421                    22.835974                
1.25        103.83       59.04                79.13                  4.770947                       0.419506                        8.803253                 5.715421                    19.709127                
0.70        104.29       59.48                79.42                  4.716151                       0.000000                        8.826902                 5.723181                    19.266234                
0.15        104.74       58.10                78.49                  4.383588                       0.000000                        8.753005                 6.326828                    19.463421                
====================Subduction_Zone_76====================
6.05        80.51        35.10                61.01                  4.091844                       0.000000                        7.160595                 7.141602                    18.394040                
5.82        81.20        33.67                59.75                  4.201958                       0.000000                        7.211775                 7.247989                    18.661722                
5.60        81.88        34.45                60.44                  4.284382                       0.000000                        7.165272                 7.384097                    18.833752                
5.38        82.56        35.98                61.77                  4.277206                       0.000000                        7.133763                 6.206291                    17.617260                
5.21        83.54        38.32                63.75                  4.269229                       0.000000                        7.283355                 4.562628                    16.115212                
5.04        84.51        40.48                65.52                  4.207471                       0.000000                        7.596792                 3.846472                    15.650735                
4.87        85.48        42.60                67.21                  4.209702                       0.000000                        7.924023                 4.715412                    16.849136                
4.70        86.45        44.74                68.88                  4.211989                       0.000000                        8.153633                 6.420218                    18.785841                
4.53        87.43        46.89                70.52                  4.214434                       0.000000                        8.278333                 8.247887                    20.740654                
4.37        88.40        47.83                71.22                  4.263667                       0.000000                        8.314393                 9.759469                    22.337530                
4.20        89.37        49.75                72.63                  4.390608                       0.000000                        8.382720                 10.667495                   23.440822                
4.03        90.35        52.33                74.49                  4.383688                       0.000000                        8.479932                 12.049237                   24.912857                
3.85        91.16        54.28                75.87                  4.106837                       0.000000                        8.563465                 10.419521                   23.089823                
3.67        91.97        55.65                76.82                  3.970941                       0.000000                        8.625402                 7.953571                    20.549915                
3.34        92.80        62.53                81.43                  4.338472                       0.000000                        8.989284                 3.980751                    17.308507                
3.01        93.63        65.28                83.20                  4.719826                       0.000000                        9.112546                 2.825342                    16.657714                
2.69        94.46        66.26                83.82                  4.732334                       0.000000                        9.149601                 2.009380                    15.891315                
2.36        95.29        67.98                84.91                  4.472956                       0.000000                        9.157459                 1.805094                    15.435509                
2.03        96.11        67.42                84.55                  4.557407                       0.000000                        9.143021                 1.762804                    15.463232                
1.78        97.07        69.63                85.93                  4.382461                       0.000000                        9.221636                 1.735683                    15.339780                
1.53        98.02        66.34                83.87                  4.340545                       0.000000                        9.148862                 2.067469                    15.556877                
1.29        98.98        64.26                82.55                  4.149501                       0.000000                        9.070339                 3.372759                    16.592599                
1.04        99.93        58.59                78.82                  4.940283                       1.674402                        8.779791                 6.125833                    21.520309                
0.80        100.89       59.22                79.25                  5.088958                       2.557609                        8.796770                 7.447265                    23.890602                
0.64        101.85       56.78                77.60                  4.946702                       2.132027                        8.667974                 7.841067                    23.587770                
0.47        102.81       57.18                77.87                  5.057502                       2.468180                        8.705835                 6.630491                    22.862008                
0.31        103.77       58.64                78.86                  4.715166                       0.000000                        8.782004                 6.084546                    19.581716                
0.15        104.74       58.10                78.49                  4.383588                       0.000000                        8.753005                 6.326828                    19.463421                
====================Subduction_Zone_77====================
-12.65      144.61       43.86                68.20                  3.809394                       0.000000                        8.078865                 7.036968                    18.925227                
-11.73      144.74       44.18                68.45                  3.815595                       0.000000                        8.116489                 7.124296                    19.056380                
-10.81      144.86       44.65                68.81                  3.821553                       0.000000                        8.144544                 6.934259                    18.900356                
-9.88       144.98       45.73                69.64                  3.824796                       0.000000                        8.218277                 6.926450                    18.969523                
-8.95       145.11       46.60                70.30                  3.832477                       0.000000                        8.262646                 7.035115                    19.130239                
-8.02       145.23       47.81                71.21                  3.849902                       0.000000                        8.314224                 8.237279                    20.401405                
-7.08       145.19       49.64                72.56                  3.830636                       0.000000                        8.378652                 9.796132                    22.005419                
-6.14       145.14       49.79                72.66                  3.858416                       0.000000                        8.383937                 10.139089                   22.381442                
-5.20       145.10       50.06                72.86                  3.968420                       0.000000                        8.386918                 10.288189                   22.643527                
-4.26       145.05       48.94                72.04                  3.931675                       0.000000                        8.353206                 9.742309                    22.027190                
-4.24       145.05       48.91                72.02                  3.929942                       0.000000                        8.352366                 9.694039                    21.976347                
====================Subduction_Zone_78====================
-4.24       145.05       48.91                72.02                  3.929942                       0.000000                        8.352366                 9.694039                    21.976347                
-4.11       144.28       38.73                64.09                  4.135507                       0.000000                        7.270694                 5.026991                    16.433192                
-3.97       143.50       40.94                65.89                  4.363127                       0.000000                        7.673631                 4.162246                    16.199004                
-3.36       142.64       41.67                66.47                  4.380607                       0.000000                        7.804386                 4.478219                    16.663212                
-2.75       141.78       42.97                67.51                  4.746024                       0.000000                        7.970914                 4.699819                    17.416757                
-2.34       141.07       44.46                68.66                  4.738167                       0.000000                        7.627112                 4.479056                    16.844334                
-1.93       140.37       41.48                66.33                  4.731527                       0.000000                        7.757053                 4.001210                    16.489790                
-1.52       139.66       41.94                66.69                  4.721668                       0.000000                        7.826691                 4.162773                    16.711133                
-1.07       138.80       41.50                66.34                  4.706603                       0.000000                        7.616759                 4.034225                    16.357586                
-0.61       137.95       42.56                67.18                  4.753991                       0.502556                        7.844948                 4.873942                    17.975437                
-0.16       137.09       40.52                65.55                  4.689400                       0.000000                        7.601756                 4.047347                    16.338503                
0.29        136.24       41.96                66.70                  4.679220                       0.000000                        7.838971                 4.494058                    17.012250                
0.55        135.42       42.35                67.02                  4.671198                       0.000000                        7.888084                 4.523437                    17.082719                
0.82        134.60       42.09                66.81                  4.663136                       0.000000                        7.850727                 4.813734                    17.327597                
1.08        133.79       41.83                66.60                  4.655432                       0.000000                        7.810592                 4.258794                    16.724817                
1.34        132.97       42.12                66.83                  4.647596                       0.000000                        7.857719                 4.871510                    17.376824                
1.45        132.26       43.31                67.77                  4.642258                       0.000000                        8.012854                 5.238189                    17.893302                
1.56        131.56       42.78                67.36                  4.636408                       0.000000                        7.965679                 5.551120                    18.153208                
1.66        130.85       48.30                71.57                  4.630956                       0.000000                        8.333065                 9.398062                    22.362083                
1.57        129.87       47.35                70.86                  4.624665                       0.000000                        8.297093                 8.434529                    21.356288                
1.48        128.90       45.64                69.57                  4.618373                       0.000000                        8.214945                 7.299532                    20.132850                
1.38        127.92       43.96                68.27                  4.612411                       0.000000                        8.083643                 6.131942                    18.827997                
1.43        127.00       42.98                67.51                  4.606916                       0.000000                        7.972429                 4.991474                    17.570819                
1.48        126.09       35.40                61.27                  4.601728                       0.000000                        7.137633                 6.597591                    18.336951                
1.53        125.17       34.50                60.48                  4.596836                       0.000000                        7.164491                 7.559434                    19.320761                
1.56        124.25       33.52                59.62                  4.592241                       0.000000                        7.221265                 8.128327                    19.941833                
1.59        123.34       32.56                58.76                  4.587115                       0.000000                        7.295282                 8.417684                    20.300082                
1.49        122.71       31.38                57.69                  4.581314                       0.000000                        7.391330                 8.520533                    20.493176                
1.39        122.08       30.22                56.61                  4.575661                       0.000000                        7.476766                 8.492108                    20.544534                
1.19        121.54       28.76                55.23                  4.581184                       0.000000                        7.553609                 7.835451                    19.970244                
0.98        121.00       27.27                53.78                  4.597739                       0.000000                        7.596731                 7.487911                    19.682380                
1.02        120.27       26.59                53.10                  4.601106                       0.000000                        7.607650                 7.480442                    19.689198                
1.07        119.54       32.29                58.51                  4.566359                       0.000000                        7.324018                 8.080586                    19.970963                
0.95        118.75       37.96                63.44                  4.523097                       0.000000                        7.268445                 5.271711                    17.063252                
0.83        117.96       42.41                67.06                  4.507943                       0.000000                        7.890032                 5.084043                    17.482018                
====================Subduction_Zone_79====================
33.89       8.82         82.96                93.80                  7.865265                       5.199137                        8.285894                 1.503357                    22.853653                
33.83       8.06         73.12                88.06                  7.989284                       5.199000                        9.233929                 2.803874                    25.226088                
33.76       7.29         56.19                77.19                  9.483553                       5.368592                        8.661605                 9.220249                    32.733999                
33.45       6.62         58.68                78.88                  8.916655                       5.312165                        9.035729                 4.473677                    27.738227                
33.14       5.94         73.83                88.48                  8.552650                       5.279705                        9.007676                 2.336743                    25.176774                
32.83       5.27         78.56                91.27                  7.841641                       5.191606                        8.973982                 1.781034                    23.788263                
32.16       4.62         83.72                94.22                  7.755555                       5.186327                        7.820651                 1.859662                    22.622195                
31.50       3.96         86.03                95.51                  7.898952                       5.204703                        8.666560                 3.346660                    25.116875                
30.83       3.31         86.39                95.72                  7.983860                       5.216561                        8.679984                 3.346660                    25.227065                
30.52       3.01         79.50                91.82                  8.041397                       5.217015                        8.711981                 3.217884                    25.188278                
====================Subduction_Zone_80====================
-4.24       145.05       48.91                72.02                  3.929942                       0.000000                        8.352366                 9.694039                    21.976347                
-4.11       144.28       38.73                64.09                  4.135507                       0.000000                        7.270694                 5.026991                    16.433192                
-3.97       143.50       40.94                65.89                  4.363127                       0.000000                        7.673631                 4.162246                    16.199004                
-3.36       142.64       41.67                66.47                  4.380607                       0.000000                        7.804386                 4.478219                    16.663212                
-2.75       141.78       42.97                67.51                  4.746024                       0.000000                        7.970914                 4.699819                    17.416757                
-2.34       141.07       44.46                68.66                  4.738167                       0.000000                        7.627112                 4.479056                    16.844334                
-1.93       140.37       41.48                66.33                  4.731527                       0.000000                        7.757053                 4.001210                    16.489790                
-1.52       139.66       41.94                66.69                  4.721668                       0.000000                        7.826691                 4.162773                    16.711133                
-1.07       138.80       41.50                66.34                  4.706603                       0.000000                        7.616759                 4.034225                    16.357586                
-0.61       137.95       42.56                67.18                  4.753991                       0.502556                        7.844948                 4.873942                    17.975437                
-0.16       137.09       40.52                65.55                  4.689400                       0.000000                        7.601756                 4.047347                    16.338503                
0.29        136.24       41.96                66.70                  4.679220                       0.000000                        7.838971                 4.494058                    17.012250                
0.55        135.42       42.35                67.02                  4.671198                       0.000000                        7.888084                 4.523437                    17.082719                
0.82        134.60       42.09                66.81                  4.663136                       0.000000                        7.850727                 4.813734                    17.327597                
1.08        133.79       41.83                66.60                  4.655432                       0.000000                        7.810592                 4.258794                    16.724817                
1.34        132.97       42.12                66.83                  4.647596                       0.000000                        7.857719                 4.871510                    17.376824                
1.45        132.26       43.31                67.77                  4.642258                       0.000000                        8.012854                 5.238189                    17.893302                
1.56        131.56       42.78                67.36                  4.636408                       0.000000                        7.965679                 5.551120                    18.153208                
1.66        130.85       48.30                71.57                  4.630956                       0.000000                        8.333065                 9.398062                    22.362083                
1.57        129.87       47.35                70.86                  4.624665                       0.000000                        8.297093                 8.434529                    21.356288                
1.48        128.90       45.64                69.57                  4.618373                       0.000000                        8.214945                 7.299532                    20.132850                
1.38        127.92       43.96                68.27                  4.612411                       0.000000                        8.083643                 6.131942                    18.827997                
1.43        127.00       42.98                67.51                  4.606916                       0.000000                        7.972429                 4.991474                    17.570819                
1.48        126.09       35.40                61.27                  4.601728                       0.000000                        7.137633                 6.597591                    18.336951                
1.53        125.17       34.50                60.48                  4.596836                       0.000000                        7.164491                 7.559434                    19.320761                
1.56        124.25       33.52                59.62                  4.592241                       0.000000                        7.221265                 8.128327                    19.941833                
1.59        123.34       32.56                58.76                  4.587115                       0.000000                        7.295282                 8.417684                    20.300082                
1.49        122.71       31.38                57.69                  4.581314                       0.000000                        7.391330                 8.520533                    20.493176                
1.39        122.08       30.22                56.61                  4.575661                       0.000000                        7.476766                 8.492108                    20.544534                
1.19        121.54       28.76                55.23                  4.581184                       0.000000                        7.553609                 7.835451                    19.970244                
0.98        121.00       27.27                53.78                  4.597739                       0.000000                        7.596731                 7.487911                    19.682380                
1.02        120.27       26.59                53.10                  4.601106                       0.000000                        7.607650                 7.480442                    19.689198                
1.07        119.54       32.29                58.51                  4.566359                       0.000000                        7.324018                 8.080586                    19.970963                
0.95        118.75       37.96                63.44                  4.523097                       0.000000                        7.268445                 5.271711                    17.063252                
0.83        117.96       42.41                67.06                  4.507943                       0.000000                        7.890032                 5.084043                    17.482018                
====================Subduction_Zone_81====================
2.53        117.80       42.22                66.91                  4.682653                       0.000000                        7.870510                 4.191576                    16.744738                
2.63        116.90       44.64                68.80                  4.758861                       0.000000                        8.142521                 6.307749                    19.209130                
2.73        115.99       46.98                70.58                  4.839289                       0.000000                        8.278251                 8.299774                    21.417313                
2.72        115.74       47.72                71.14                  4.859502                       0.330046                        8.306749                 8.689521                    22.185818                
====================Subduction_Zone_82====================
-4.24       145.05       48.91                72.02                  3.929942                       0.000000                        8.352366                 9.694039                    21.976347                
-3.35       145.02       47.71                71.13                  3.896354                       0.000000                        8.310797                 8.630440                    20.837591                
-2.45       144.99       46.47                70.20                  3.896421                       0.000000                        8.260192                 7.807992                    19.964604                
-1.55       144.96       45.23                69.26                  3.896794                       0.000000                        8.192428                 6.730807                    18.820029                
-0.65       144.93       43.73                68.10                  5.046232                       1.904247                        7.606138                 5.610846                    20.167464                
0.33        144.81       41.71                66.51                  4.037536                       0.000000                        7.793604                 4.752929                    16.584069                
====================Subduction_Zone_83====================
0.33        144.81       41.71                66.51                  4.037536                       0.000000                        7.793604                 4.752929                    16.584069                
0.56        144.78       41.22                66.11                  4.036962                       0.622393                        7.711946                 5.004314                    17.375614                
1.48        144.62       25.39                51.89                  13.044101                      4.941519                        7.610279                 3.658628                    29.254528                
2.40        144.47       21.55                47.81                  4.393018                       0.000000                        7.350265                 6.364349                    18.107633                
3.31        144.31       17.07                42.55                  4.527335                       0.000000                        7.539165                 7.418756                    19.485255                
====================Subduction_Zone_84====================
56.86       132.93       67.37                84.52                  3.861526                       0.000000                        9.178685                 1.596695                    14.636906                
56.59       132.78       67.30                84.48                  3.861443                       0.000000                        9.178267                 1.599431                    14.639142                
55.76       132.33       67.45                84.57                  3.862666                       0.000000                        9.180651                 1.624198                    14.667516                
54.93       131.89       67.43                84.56                  3.862976                       0.000000                        9.180155                 1.607405                    14.650536                
54.21       131.49       61.48                80.74                  3.822123                       0.000000                        8.932632                 2.879663                    15.634418                
53.49       131.10       61.42                80.70                  3.821719                       0.000000                        8.933469                 4.142178                    16.897366                
52.70       130.66       60.90                80.37                  3.850950                       0.000000                        8.903789                 4.210247                    16.964986                
51.90       130.22       60.70                80.23                  3.874365                       0.000000                        8.893053                 4.542642                    17.310060                
51.21       129.76       60.69                80.23                  3.905040                       0.000000                        8.879479                 4.595082                    17.379601                
50.51       129.29       60.88                80.35                  3.915381                       0.000000                        8.902247                 4.330325                    17.147953                
49.67       128.80       61.66                80.86                  3.932116                       0.000000                        8.944160                 4.145385                    17.021661                
48.83       128.31       62.63                81.50                  3.949828                       0.000000                        8.979548                 4.175437                    17.104813                
48.14       127.92       62.85                81.64                  3.962231                       0.000000                        9.005174                 4.318211                    17.285615                
47.45       127.52       63.02                81.75                  4.003366                       0.000000                        9.009501                 4.258020                    17.270887                
46.88       127.20       63.19                81.86                  4.034494                       0.000000                        9.017972                 4.114933                    17.167398                
46.31       126.87       63.40                81.99                  4.057234                       0.000000                        9.031659                 3.884159                    16.973052                
45.68       126.52       63.66                82.16                  4.100901                       0.000000                        9.044099                 3.652813                    16.797814                
45.06       126.18       63.99                82.38                  4.171570                       0.000000                        9.055818                 3.419852                    16.647239                
44.29       125.75       64.53                82.72                  4.256044                       0.000000                        9.079729                 3.081963                    16.417736                
43.53       125.32       65.27                83.19                  4.267108                       0.000000                        9.111859                 2.385780                    15.764747                
42.64       124.81       66.02                83.67                  3.985026                       0.000000                        9.138895                 1.972770                    15.096692                
41.76       124.31       66.64                84.06                  3.985835                       0.000000                        9.158443                 1.770188                    14.914466                
40.95       123.77       67.33                84.50                  3.986693                       0.000000                        9.177622                 1.612452                    14.776766                
40.15       123.23       68.04                84.94                  3.987662                       0.000000                        9.194400                 1.694893                    14.876955                
39.20       122.68       68.79                85.41                  3.988937                       0.000000                        9.208877                 1.725947                    14.923761                
38.26       122.14       69.56                85.89                  3.990702                       0.000000                        9.220835                 1.816880                    15.028417                
37.48       121.61       70.32                86.36                  3.991662                       0.000000                        9.229865                 1.839623                    15.061149                
36.70       121.08       71.69                87.19                  3.993394                       0.000000                        9.239940                 1.797065                    15.030400                
====================Subduction_Zone_85====================
69.74       148.56       61.52                80.77                  3.995208                       0.000000                        8.936942                 4.669680                    17.601831                
70.15       149.39       59.48                79.42                  3.800627                       0.000000                        8.819950                 5.312019                    17.932596                
70.56       150.23       57.06                77.79                  3.804147                       0.000000                        8.718103                 6.734403                    19.256653                
70.97       151.06       55.61                76.79                  3.824657                       0.000000                        8.631899                 10.593281                   23.049837                
71.38       151.89       53.37                75.23                  3.889978                       0.000000                        8.523935                 11.271606                   23.685518                
71.78       152.73       53.55                75.36                  3.890046                       0.000000                        8.532060                 10.743382                   23.165488                
72.13       153.64       54.01                75.68                  3.916105                       0.000000                        8.552367                 10.661728                   23.130200                
72.48       154.55       54.29                75.87                  3.914188                       0.000000                        8.557551                 10.216017                   22.687757                
72.83       155.47       54.25                75.85                  3.913880                       0.000000                        8.562910                 9.970748                    22.447537                
73.17       156.38       48.02                71.36                  3.750877                       0.000000                        8.331769                 9.730916                    21.813561                
73.52       157.29       48.01                71.35                  3.811323                       0.000000                        8.321718                 9.348141                    21.481182                
73.87       158.21       48.30                71.57                  3.812164                       0.000000                        8.327207                 9.668513                    21.807884                
====================Subduction_Zone_86====================
33.23       -88.57       67.35                84.51                  3.976554                       0.000000                        9.169888                 1.928976                    15.075418                
33.64       -88.73       67.48                84.59                  4.009473                       0.000000                        9.177034                 1.650810                    14.837317                
34.57       -89.17       67.66                84.70                  4.010025                       0.000000                        9.185675                 1.650032                    14.845732                
35.32       -89.67       67.87                84.84                  4.012777                       0.000000                        9.190552                 1.670835                    14.874164                
36.22       -89.92       68.59                85.29                  4.016678                       0.000000                        9.205232                 1.684709                    14.906619                
36.76       -90.10       68.82                85.43                  4.014036                       0.000000                        9.209384                 1.743967                    14.967387                
37.31       -90.28       69.03                85.56                  4.014166                       0.000000                        9.212870                 1.744336                    14.971372                
38.05       -90.34       69.31                85.73                  4.011827                       0.000000                        9.217342                 1.759193                    14.988362                
38.56       -90.54       69.43                85.81                  4.014465                       0.000000                        9.219111                 1.769064                    15.002641                
39.08       -90.74       69.60                85.91                  4.011539                       0.000000                        9.219184                 1.766006                    14.996729                
39.65       -90.93       69.39                85.78                  4.014493                       0.000000                        9.215952                 1.770436                    15.000882                
40.59       -91.12       69.06                85.58                  4.025378                       0.000000                        9.213411                 1.766204                    15.004994                
41.36       -91.45       68.28                85.09                  4.026575                       0.000000                        9.199390                 1.725024                    14.950989                
42.10       -92.03       67.75                84.76                  4.033174                       0.000000                        9.187987                 1.687171                    14.908332                
42.66       -92.16       67.62                84.68                  4.041197                       0.000000                        9.178020                 1.687190                    14.906407                
43.35       -92.36       68.55                85.26                  4.155869                       0.000000                        9.191777                 1.735919                    15.083565                
44.35       -92.59       69.34                85.75                  4.021647                       0.000000                        9.214644                 1.768302                    15.004594                
45.35       -92.83       69.81                86.04                  4.025979                       0.000000                        9.224134                 1.776754                    15.026868                
46.16       -93.02       70.04                86.18                  4.036963                       0.000000                        9.226832                 1.829338                    15.093133                
46.64       -92.93       69.97                86.14                  4.036131                       0.000000                        9.223848                 1.825731                    15.085710                
46.80       -92.98       70.13                86.24                  4.038232                       0.000000                        9.224795                 1.825731                    15.088758                
====================Subduction_Zone_87====================
-55.94      172.95       2.67                 16.84                  5.393551                       3.283284                        4.966800                 0.915896                    14.559532                
-55.97      173.06       2.31                 15.66                  5.428414                       3.352758                        4.631021                 0.915896                    14.328089                
-55.93      173.70       1.36                 12.02                  5.430664                       3.358310                        4.274185                 0.565223                    13.628382                
-55.89      174.34       1.41                 12.23                  5.912552                       4.141104                        4.213270                 0.770490                    15.037416                
-55.91      175.21       1.57                 12.91                  6.449039                       4.927153                        4.549771                 1.082035                    17.007997                
-55.94      176.08       1.24                 11.49                  6.912047                       5.031516                        4.489913                 1.572290                    18.005766                
-55.98      176.71       1.25                 11.50                  7.156585                       5.079974                        4.399115                 4.708886                    21.344560                
-56.02      177.35       0.99                 10.27                  7.411088                       5.125079                        3.933288                 4.721057                    21.190513                
-56.09      177.94       1.15                 11.04                  7.259304                       5.087802                        4.546807                 4.276791                    21.170703                
-56.15      178.54       1.43                 12.33                  7.001187                       5.046352                        4.616018                 3.489191                    20.152748                
-56.33      179.09       2.01                 14.58                  6.886163                       5.036080                        4.804488                 1.388799                    18.115531                
-56.50      179.63       1.99                 14.53                  6.796679                       5.009311                        4.807551                 1.154435                    17.767976                
-56.87      -179.73      2.61                 16.64                  6.855364                       5.020857                        3.785850                 1.453219                    17.115290                
-57.19      -178.97      2.05                 14.74                  6.784384                       5.010163                        4.950445                 1.878430                    18.623422                
-57.51      -178.21      0.77                 10.00                  6.941796                       5.050173                        4.114430                 3.849177                    19.955576                
-57.67      -177.44      1.75                 13.64                  6.875374                       5.014619                        4.508530                 4.190447                    20.588970                
-57.83      -176.67      1.63                 13.14                  7.210680                       5.099480                        4.073633                 4.119924                    20.503717                
-57.94      -175.68      30.19                56.58                  4.105186                       0.000000                        7.377154                 9.591030                    21.073370                
-58.04      -174.68      31.76                58.03                  3.851410                       0.000000                        7.652610                 11.056469                   22.560489                
-58.23      -173.91      33.08                59.23                  3.886066                       0.189954                        7.832226                 10.119795                   22.028041                
-58.42      -173.14      36.33                62.07                  3.800332                       0.000000                        7.847936                 10.042147                   21.690415                
