Latitude    Longitude    Seafloor_Age(Myr)    Plate_Thickness(km)    lithosphere_carbon(Mt/km^2)    Serpentinite_carbon(Mt/km^2)    Crust_carbon(Mt/km^2)    Sediment_carbon(Mt/km^2)    Total_carbon(Mt/km^2)    
====================Subduction_Zone_0====================
-65.30      -146.96      3.92                 20.39                  4.088808                       0.000000                        5.770859                 4.510667                    14.370334                
-65.46      -146.04      3.01                 17.86                  4.097807                       0.000000                        5.512714                 3.953416                    13.563937                
-65.62      -145.12      2.07                 14.81                  4.106597                       0.000000                        5.125413                 3.229819                    12.461830                
-65.78      -144.20      1.11                 10.83                  4.114589                       0.000000                        4.449539                 1.857888                    10.422016                
====================Subduction_Zone_1====================
-65.78      -144.20      1.11                 10.83                  4.114589                       0.000000                        4.449539                 1.857888                    10.422016                
-66.01      -143.26      1.15                 11.03                  3.953139                       0.000000                        4.488917                 1.954603                    10.396658                
-66.25      -142.32      1.90                 14.21                  3.951520                       0.000000                        5.037245                 2.761567                    11.750332                
-66.49      -141.38      2.65                 16.76                  3.950116                       0.000000                        5.383717                 3.556101                    12.889933                
-66.72      -140.44      3.38                 18.94                  3.948922                       0.000000                        5.629247                 4.109667                    13.687836                
-66.96      -139.51      4.10                 20.86                  3.947929                       0.000000                        5.814182                 4.439974                    14.202085                
-67.20      -138.57      4.82                 22.60                  3.947131                       0.000000                        5.959365                 4.800771                    14.707267                
-67.43      -137.63      5.52                 24.19                  3.946533                       0.000000                        6.077175                 5.284364                    15.308072                
-67.63      -136.78      6.13                 25.50                  3.945881                       0.000000                        6.164150                 5.513929                    15.623960                
-67.82      -135.94      6.74                 26.73                  3.945373                       0.000000                        6.239493                 6.014766                    16.199632                
-68.01      -135.09      7.33                 27.89                  3.945007                       0.000000                        6.305328                 6.323174                    16.573508                
-68.21      -134.25      7.93                 29.00                  3.944779                       0.000000                        6.363121                 6.595771                    16.903671                
-68.40      -133.40      8.52                 30.06                  3.944689                       0.000000                        6.413385                 7.072399                    17.430472                
-68.56      -132.46      9.13                 31.11                  3.944101                       0.000000                        6.457721                 7.353912                    17.755734                
-68.73      -131.53      9.73                 32.13                  3.943660                       0.000000                        6.494198                 7.857420                    18.295277                
-68.90      -130.59      10.33                33.10                  3.943362                       0.000000                        6.522289                 8.182754                    18.648405                
-69.06      -129.66      11.41                34.78                  4.585004                       0.783850                        6.549297                 8.398758                    20.316909                
-69.23      -128.72      14.69                39.47                  4.981916                       1.986995                        6.499516                 8.607921                    22.076347                
-69.39      -127.79      16.88                42.31                  4.783807                       0.065309                        6.453077                 7.822174                    19.124366                
-69.56      -126.85      18.49                44.28                  4.629613                       0.000000                        6.499056                 6.088790                    17.217459                
-69.73      -125.92      19.72                45.73                  4.505922                       0.000000                        6.602206                 4.790518                    15.898645                
-69.85      -125.06      21.13                47.33                  4.437482                       0.000000                        6.794257                 4.233728                    15.465467                
-69.98      -124.21      24.63                51.10                  3.917772                       0.000000                        7.361682                 5.010199                    16.289652                
-70.10      -123.35      28.34                54.82                  3.781872                       0.000000                        7.726284                 6.817555                    18.325711                
-70.23      -122.49      28.74                55.21                  3.777445                       0.000000                        7.756588                 8.234225                    19.768258                
-70.35      -121.64      28.98                55.44                  3.779108                       0.000000                        7.769839                 8.540363                    20.089310                
-70.48      -120.78      29.22                55.67                  3.780467                       0.000000                        7.782686                 8.696107                    20.259260                
====================Subduction_Zone_2====================
-70.48      -120.78      29.22                55.67                  3.780467                       0.000000                        7.782686                 8.696107                    20.259260                
-70.49      -120.49      29.29                55.73                  3.780887                       0.000000                        7.785998                 8.727558                    20.294443                
-70.50      -119.69      29.43                55.86                  3.782010                       0.000000                        7.793330                 8.837403                    20.412744                
-70.51      -118.89      29.57                56.00                  3.783036                       0.000000                        7.800636                 8.941301                    20.524973                
-70.51      -118.08      29.72                56.14                  3.783975                       0.000000                        7.807954                 9.089753                    20.681682                
-70.52      -117.28      29.87                56.28                  3.784833                       0.000000                        7.815331                 9.213158                    20.813321                
-70.53      -116.48      30.03                56.43                  3.785624                       0.000000                        7.822795                 9.322782                    20.931200                
-70.49      -115.57      30.17                56.56                  3.786230                       0.000000                        7.829622                 9.388385                    21.004237                
-70.44      -114.67      28.46                54.94                  3.758697                       0.000000                        7.741133                 9.136123                    20.635953                
-70.40      -113.76      28.29                54.77                  3.735342                       0.000000                        7.729569                 8.689827                    20.154738                
-70.32      -112.86      28.51                54.99                  3.735358                       0.000000                        7.743172                 8.220457                    19.698988                
-70.24      -111.96      28.61                55.08                  3.735383                       0.000000                        7.748627                 8.114936                    19.598945                
-70.15      -111.06      28.70                55.17                  3.735412                       0.000000                        7.754182                 8.233224                    19.722817                
-70.14      -110.37      28.81                55.27                  3.735433                       0.000000                        7.760009                 8.305756                    19.801198                
-70.13      -109.68      28.91                55.37                  3.735455                       0.000000                        7.765855                 8.395558                    19.896869                
-70.11      -108.98      29.02                55.47                  3.735473                       0.000000                        7.769927                 8.505092                    20.010491                
-70.09      -108.04      29.26                55.71                  3.750197                       0.000000                        7.783781                 8.774110                    20.308088                
-70.07      -107.10      29.67                56.10                  3.770056                       0.000000                        7.799735                 8.971377                    20.541168                
-70.05      -106.15      29.70                56.12                  3.770218                       0.000000                        7.801215                 9.074325                    20.645758                
-69.87      -105.39      29.76                56.18                  3.770376                       0.000000                        7.804242                 9.125389                    20.700007                
-69.69      -104.63      29.83                56.24                  3.770541                       0.000000                        7.807490                 9.193807                    20.771839                
-69.50      -103.90      30.07                56.47                  3.796331                       0.000000                        7.827770                 9.244804                    20.868906                
-69.31      -103.17      30.81                57.16                  3.831713                       0.000000                        7.856730                 9.838084                    21.526528                
-69.13      -102.45      30.90                57.24                  3.831749                       0.000000                        7.863501                 9.967635                    21.662886                
-68.86      -101.69      30.95                57.29                  3.831792                       0.000000                        7.862871                 10.396496                   22.091158                
-68.60      -100.94      31.00                57.34                  3.831878                       0.000000                        7.858977                 10.445532                   22.136387                
-68.34      -100.18      31.07                57.40                  3.831933                       0.000000                        7.871457                 10.527237                   22.230627                
-68.18      -99.29       31.19                57.51                  3.831998                       0.000000                        7.876979                 10.566473                   22.275450                
-68.02      -98.40       31.25                57.56                  3.832111                       0.000000                        7.876565                 10.998943                   22.707619                
-67.86      -97.51       32.05                58.30                  3.798318                       0.000000                        8.016749                 11.941015                   23.756082                
-67.62      -96.56       34.83                60.77                  3.783599                       0.000000                        8.047952                 12.328807                   24.160358                
-67.38      -95.62       35.03                60.95                  3.784308                       0.000000                        8.064191                 12.638710                   24.487209                
-67.03      -94.65       35.09                61.00                  3.786116                       0.000000                        8.062158                 12.615067                   24.463340                
-66.68      -93.68       35.30                61.18                  3.787428                       0.000000                        8.077981                 12.419526                   24.284935                
-66.36      -92.90       35.56                61.41                  3.788428                       0.000000                        8.091114                 12.269420                   24.148961                
-66.04      -92.12       33.33                59.45                  3.793047                       0.000000                        7.977990                 11.506333                   23.277370                
-65.72      -91.34       31.58                57.87                  3.796358                       0.000000                        7.895602                 10.099902                   21.791862                
-65.57      -90.46       30.20                56.59                  3.795604                       0.000000                        7.832909                 9.753817                    21.382330                
-65.42      -89.58       33.62                59.71                  3.794047                       0.000000                        7.712100                 8.533379                    20.039526                
-65.36      -88.90       33.12                59.26                  3.790459                       0.000000                        7.705757                 8.144240                    19.640457                
-65.30      -88.22       28.13                54.61                  3.863495                       0.000000                        7.716094                 8.144240                    19.723829                
-65.24      -87.54       28.26                54.74                  3.926380                       0.000000                        7.636661                 7.854727                    19.417769                
-65.01      -86.64       27.60                54.10                  3.941004                       0.000000                        7.583212                 7.487062                    19.011279                
-64.78      -85.74       26.99                53.50                  3.933417                       0.000000                        7.634880                 7.666813                    19.235110                
-64.66      -84.93       34.55                60.53                  4.143357                       0.000000                        8.041123                 11.718519                   23.902999                
-64.54      -84.12       39.21                64.48                  4.329234                       0.000000                        8.297064                 10.395393                   23.021690                
-64.42      -83.31       40.29                65.37                  4.293727                       0.000000                        8.175390                 8.710477                    21.179594                
-64.30      -82.50       41.45                66.30                  4.312795                       0.000000                        8.241608                 9.637863                    22.192266                
-64.06      -81.66       41.28                66.16                  4.366345                       0.000000                        8.419426                 9.760192                    22.545962                
-63.82      -80.82       39.96                65.10                  4.346257                       0.000000                        8.300854                 12.711893                   25.359003                
-63.58      -79.98       31.60                57.89                  4.327834                       0.000000                        7.896109                 6.420118                    18.644061                
-63.76      -79.25       27.69                54.19                  4.319368                       0.000000                        7.678908                 6.420118                    18.418393                
-63.94      -78.52       23.79                50.23                  4.313710                       0.000000                        7.256235                 5.167066                    16.737012                
-64.13      -77.63       24.83                51.32                  4.388430                       0.000000                        7.391415                 5.519006                    17.298851                
-64.31      -76.75       23.85                50.29                  4.384067                       0.000000                        7.250547                 5.459226                    17.093839                
-64.26      -76.05       25.19                51.69                  4.370404                       0.000000                        7.171259                 5.519006                    17.060670                
-64.21      -75.35       24.32                50.78                  4.367736                       0.000000                        7.269549                 7.488848                    19.126133                
-64.15      -74.65       26.66                53.17                  4.394156                       0.000000                        7.604142                 7.529024                    19.527321                
-64.03      -73.71       29.92                56.33                  4.341975                       0.000000                        7.804518                 9.332985                    21.479478                
-63.90      -72.77       30.10                56.50                  4.347143                       0.000000                        7.826166                 9.585896                    21.759206                
-63.78      -71.83       28.51                54.99                  4.317020                       0.000000                        7.742520                 8.778775                    20.838315                
-63.65      -70.88       27.81                54.31                  4.325895                       0.000000                        7.692507                 8.122731                    20.141132                
====================Subduction_Zone_3====================
-65.22      -68.64       42.28                66.96                  5.354101                       3.187089                        8.479869                 15.797315                   32.818374                
-65.18      -68.70       41.17                66.07                  5.359373                       3.196282                        8.412478                 15.797315                   32.765448                
-65.07      -68.86       41.94                66.69                  5.355470                       3.188727                        8.459122                 14.801061                   31.804380                
-64.90      -69.13       41.28                66.16                  5.353300                       3.184990                        8.440041                 14.801061                   31.779392                
-64.76      -69.34       40.85                65.82                  5.355808                       3.190939                        8.414385                 14.801061                   31.762193                
-64.55      -69.65       40.72                65.71                  5.265784                       2.621204                        8.330044                 15.034629                   31.251661                
-64.35      -69.95       40.94                65.89                  5.071166                       1.464717                        8.326288                 15.536146                   30.398317                
-64.16      -70.21       40.75                65.74                  4.922255                       0.659883                        8.318024                 15.797315                   29.697477                
-63.97      -70.49       28.34                54.82                  4.334259                       0.000000                        7.732368                 15.797315                   27.863943                
-63.79      -70.74       28.41                54.89                  4.335218                       0.000000                        7.736766                 7.394318                    19.466302                
-63.66      -70.88       27.84                54.34                  4.326875                       0.000000                        7.694496                 8.122731                    20.144102                
-63.65      -70.88       27.81                54.31                  4.325895                       0.000000                        7.692507                 8.122731                    20.141132                
====================Subduction_Zone_4====================
-64.60      -150.41      7.22                 27.66                  4.058189                       0.000000                        6.293011                 6.344836                    16.696036                
-64.77      -149.55      6.45                 26.15                  4.066065                       0.000000                        6.204952                 5.660559                    15.931576                
-64.93      -148.69      5.66                 24.49                  4.073860                       0.000000                        6.097264                 5.322866                    15.493990                
-65.09      -147.83      4.84                 22.65                  4.081899                       0.000000                        5.962590                 5.052990                    15.097479                
-65.25      -146.98      3.99                 20.57                  4.090029                       0.000000                        5.787982                 4.598716                    14.476727                
-65.42      -146.12      3.12                 18.20                  4.097965                       0.000000                        5.550516                 3.953416                    13.601896                
-65.58      -145.26      2.23                 15.39                  4.105688                       0.000000                        5.205804                 3.401632                    12.713124                
-65.74      -144.40      1.32                 11.84                  4.113170                       0.000000                        4.641644                 2.342674                    11.097489                
====================Subduction_Zone_5====================
-63.11      -170.52      20.25                46.34                  4.762699                       0.000000                        6.670530                 6.703087                    18.136316                
-63.16      -169.91      21.31                47.54                  4.628339                       0.000000                        6.845105                 6.814785                    18.288229                
-63.21      -169.30      26.88                53.39                  3.882007                       0.000000                        7.616723                 7.750343                    19.249073                
-63.34      -168.33      23.24                49.64                  4.194077                       0.000000                        7.126677                 5.589605                    16.910358                
-63.46      -167.36      20.79                46.96                  4.757893                       0.000000                        6.742924                 4.560525                    16.061341                
-63.58      -166.39      19.47                45.44                  4.809006                       0.000000                        6.578039                 4.566069                    15.953114                
-63.70      -165.42      18.07                43.78                  4.817130                       0.000000                        6.485971                 5.979677                    17.282778                
-63.82      -164.45      16.60                41.96                  4.824789                       0.000000                        6.455925                 7.577656                    18.858370                
-63.95      -163.48      15.05                39.95                  4.831973                       0.000000                        6.489049                 7.928817                    19.249839                
-63.98      -162.62      14.09                38.65                  4.840692                       0.000000                        6.518841                 8.131511                    19.491044                
-64.02      -161.75      13.06                37.22                  4.849152                       0.000000                        6.544569                 8.233098                    19.626818                
-64.06      -160.89      11.98                35.64                  4.817593                       0.000000                        6.552436                 8.316401                    19.686430                
-64.09      -160.02      10.99                34.15                  4.408069                       0.000000                        6.546197                 8.300311                    19.254577                
-64.13      -159.16      10.71                33.70                  3.960660                       0.000000                        6.535662                 8.187856                    18.684178                
-64.19      -158.19      10.37                33.16                  3.939738                       0.000000                        6.523805                 8.074094                    18.537637                
-64.26      -157.23      10.01                32.57                  3.948043                       0.000000                        6.507892                 7.862012                    18.317948                
-64.32      -156.27      9.61                 31.93                  3.956539                       0.000000                        6.487548                 7.641386                    18.085472                
-64.39      -155.31      9.74                 32.14                  3.992712                       0.000000                        6.492878                 7.442117                    17.927707                
-64.43      -154.33      9.44                 31.65                  4.010572                       0.000000                        6.477679                 7.458107                    17.946358                
-64.47      -153.35      8.94                 30.80                  4.021980                       0.000000                        6.444878                 7.209354                    17.676212                
-64.52      -152.37      8.41                 29.86                  4.033718                       0.000000                        6.404004                 6.984700                    17.422422                
-64.56      -151.39      7.83                 28.82                  4.045787                       0.000000                        6.353990                 6.678608                    17.078384                
-64.60      -150.41      7.22                 27.66                  4.058189                       0.000000                        6.293011                 6.344836                    16.696036                
====================Subduction_Zone_6====================
-41.70      155.19       30.10                56.49                  3.874857                       0.000000                        7.799121                 9.119345                    20.793324                
-41.81      155.43       30.17                56.56                  3.872293                       0.000000                        7.821694                 9.283192                    20.977179                
-42.29      156.25       30.02                56.42                  3.870413                       0.000000                        7.806915                 9.176170                    20.853498                
-42.78      157.08       29.70                56.12                  3.868197                       0.000000                        7.807024                 8.904445                    20.579667                
-43.26      157.90       29.41                55.85                  3.864925                       0.000000                        7.776656                 8.603210                    20.244791                
-44.02      158.48       29.36                55.80                  3.861205                       0.000000                        7.789863                 8.759396                    20.410464                
-44.58      158.65       29.63                56.05                  3.859358                       0.000000                        7.803246                 8.827651                    20.490255                
-45.13      158.82       29.89                56.30                  3.857556                       0.000000                        7.816269                 9.008128                    20.681952                
-46.02      159.56       30.00                56.40                  3.854755                       0.000000                        7.814607                 9.103988                    20.773351                
-46.72      160.10       30.11                56.51                  3.851747                       0.000000                        7.826857                 9.423666                    21.102271                
-47.35      160.85       30.06                56.46                  3.849314                       0.000000                        7.824568                 9.080338                    20.754220                
-48.02      161.63       30.03                56.43                  3.847330                       0.000000                        7.816018                 9.108993                    20.772342                
-48.45      162.34       30.00                56.41                  3.845564                       0.000000                        7.809661                 9.142468                    20.797693                
-48.93      162.73       30.00                56.40                  3.843623                       0.000000                        7.821298                 9.271782                    20.936704                
-49.22      162.68       30.23                56.62                  3.843025                       0.000000                        7.832621                 9.341630                    21.017276                
-49.44      162.70       30.49                56.86                  3.842533                       0.000000                        7.839273                 9.709595                    21.391401                
-49.73      162.60       30.64                57.00                  3.841580                       0.000000                        7.857857                 10.015834                   21.715272                
-50.38      162.47       31.16                57.48                  3.840749                       0.000000                        7.875771                 10.677260                   22.393781                
-51.26      162.03       32.95                59.11                  3.769107                       0.000000                        7.959621                 12.145393                   23.874122                
-51.99      161.85       33.38                59.49                  3.769334                       0.000000                        7.980494                 12.550660                   24.300489                
-52.83      161.76       33.82                59.89                  3.769643                       0.000000                        8.002319                 12.539806                   24.311769                
-53.27      161.72       34.05                60.09                  3.769821                       0.000000                        8.013900                 12.425610                   24.209331                
-53.66      161.10       34.75                60.70                  3.769981                       0.000000                        8.041178                 11.891218                   23.702377                
-54.06      160.49       34.93                60.86                  3.769966                       0.000000                        8.058842                 11.578520                   23.407328                
-54.32      160.65       34.99                60.91                  3.770117                       0.000000                        8.061870                 11.578520                   23.410507                
-55.01      161.02       35.06                60.97                  3.770189                       0.000000                        8.060479                 11.699835                   23.530503                
-55.54      161.94       35.06                60.97                  3.770275                       0.000000                        8.061383                 11.456807                   23.288465                
-55.94      162.14       34.98                60.90                  3.770275                       0.000000                        8.061399                 11.235996                   23.067670                
-56.72      162.25       35.40                61.27                  3.772481                       0.000000                        8.083237                 11.235996                   23.091713                
-57.31      162.47       35.39                61.26                  3.772479                       0.000000                        8.082634                 11.059272                   22.914386                
-57.69      162.82       35.49                61.35                  3.772451                       0.000000                        8.082966                 10.920905                   22.776321                
-58.51      162.74       35.56                61.41                  3.772978                       0.000000                        8.093608                 10.681264                   22.547850                
-58.73      163.56       35.63                61.47                  3.773237                       0.000000                        8.091807                 10.605296                   22.470340                
-58.96      164.38       35.63                61.47                  3.773642                       0.000000                        8.095723                 10.512921                   22.382286                
-59.17      165.30       35.74                61.56                  3.774029                       0.000000                        8.101289                 10.609844                   22.485163                
-59.23      165.81       35.59                61.44                  3.774213                       0.000000                        8.093688                 10.925946                   22.793848                
-59.29      166.31       35.45                61.32                  3.774402                       0.000000                        8.086199                 11.089035                   22.949636                
-59.40      166.98       35.29                61.17                  3.774683                       0.000000                        8.077396                 11.411204                   23.263282                
-59.51      167.65       35.12                61.03                  3.774972                       0.000000                        8.068804                 11.606238                   23.450014                
-59.60      167.85       35.10                61.01                  3.775108                       0.000000                        8.067938                 11.737890                   23.580935                
-59.22      168.16       34.90                60.84                  3.775064                       0.000000                        8.057490                 11.655570                   23.488124                
-59.21      168.86       34.55                60.53                  3.775118                       0.000000                        8.039072                 12.045809                   23.859999                
-59.19      169.56       34.30                60.31                  3.775336                       0.000000                        8.026625                 12.247535                   24.049496                
-59.25      170.51       34.02                60.06                  3.775227                       0.000000                        8.012370                 12.565815                   24.353413                
-59.31      171.46       33.74                59.82                  3.774911                       0.000000                        8.001684                 12.661844                   24.438439                
-59.37      172.15       32.87                59.04                  3.774692                       0.000000                        7.956047                 12.406262                   24.137001                
-59.44      172.85       32.69                58.88                  3.774496                       0.000000                        7.938394                 12.094591                   23.807480                
-59.52      173.49       32.53                58.74                  3.774146                       0.000000                        7.939859                 11.947178                   23.661183                
-59.61      174.14       32.32                58.54                  3.773963                       0.000000                        7.923968                 11.782626                   23.480557                
-59.80      174.72       32.13                58.38                  3.773733                       0.000000                        7.912233                 11.586443                   23.272409                
-59.99      175.30       31.89                58.15                  3.773437                       0.000000                        7.909417                 11.380364                   23.063218                
-60.38      175.96       31.74                58.02                  3.773076                       0.000000                        7.902686                 10.985032                   22.660794                
-60.72      176.76       31.85                58.12                  3.772529                       0.000000                        7.907869                 10.785215                   22.465613                
-61.07      177.56       31.54                57.83                  3.784637                       0.000000                        7.891518                 10.724390                   22.400545                
-61.25      178.40       31.48                57.78                  3.786050                       0.000000                        7.890364                 10.697792                   22.374206                
-61.43      179.23       31.59                57.88                  3.785616                       0.000000                        7.890044                 10.668718                   22.344379                
-61.70      -178.57      31.15                57.47                  3.784840                       0.000000                        7.875196                 10.502713                   22.162749                
-61.88      -177.80      31.41                57.71                  3.784634                       0.000000                        7.862849                 10.403817                   22.051300                
-62.07      -177.03      30.82                57.17                  3.784956                       0.000000                        7.879614                 10.306978                   21.971547                
-62.25      -176.26      30.76                57.11                  3.784190                       0.000000                        7.855012                 10.179629                   21.818831                
-62.43      -175.49      30.71                57.07                  3.784004                       0.000000                        7.852674                 10.071871                   21.708549                
-62.63      -174.59      30.65                57.01                  3.783838                       0.000000                        7.852024                 9.872404                    21.508266                
-62.83      -173.69      30.59                56.96                  3.783622                       0.000000                        7.847402                 9.970237                    21.601261                
-63.03      -172.79      30.50                56.87                  3.783492                       0.000000                        7.838108                 9.810096                    21.431697                
-63.17      -172.55      30.40                56.78                  3.783432                       0.000000                        7.840376                 9.810096                    21.433904                
-63.18      -171.75      30.23                56.62                  3.783324                       0.000000                        7.832666                 9.877296                    21.493285                
-63.19      -170.95      18.60                44.41                  4.752101                       0.000000                        6.507150                 6.703087                    17.962338                
-63.11      -170.52      20.25                46.34                  4.762699                       0.000000                        6.670530                 6.703087                    18.136316                
====================Subduction_Zone_7====================
17.50       -2.59        67.78                84.78                  10.117044                      5.387967                        7.872546                 1.963077                    25.340634                
17.96       -1.74        66.16                83.76                  10.808838                      5.443275                        7.964024                 2.789964                    27.006101                
18.42       -0.88        64.76                82.87                  10.887979                      5.446851                        8.036013                 3.350160                    27.721003                
18.88       -0.02        62.85                81.64                  10.686423                      5.446851                        8.215227                 3.249537                    27.598038                
19.34       0.84         60.53                80.12                  10.500920                      5.423031                        8.520603                 2.939023                    27.383577                
19.80       1.70         41.53                66.36                  12.043133                      5.506534                        8.654526                 11.666632                   37.870824                
19.81       1.72         34.34                60.34                  12.200574                      5.508945                        8.051245                 11.775551                   37.536314                
====================Subduction_Zone_8====================
-25.47      148.90       26.54                53.05                  3.800531                       0.000000                        7.592878                 6.737445                    18.130854                
-25.72      149.14       26.88                53.39                  3.792177                       0.000000                        7.626215                 6.632434                    18.050825                
-26.40      149.59       27.32                53.82                  3.777886                       0.000000                        7.661883                 6.910568                    18.350337                
-27.08      150.05       27.37                53.87                  3.781319                       0.000000                        7.677827                 7.069956                    18.529102                
-28.04      150.64       27.86                54.36                  3.997324                       0.000000                        7.701725                 7.447832                    19.146881                
-29.01      151.24       26.75                53.26                  3.989641                       0.000000                        7.613777                 6.656521                    18.259940                
-29.76      151.60       26.97                53.48                  3.976536                       0.000000                        7.633475                 6.773285                    18.383297                
-30.51      151.96       27.05                53.56                  3.963753                       0.000000                        7.641400                 6.791518                    18.396671                
-31.26      152.32       27.09                53.60                  3.951617                       0.000000                        7.646851                 6.838929                    18.437397                
-32.26      152.71       27.23                53.73                  3.936094                       0.000000                        7.654698                 6.889340                    18.480132                
-33.25      153.10       27.35                53.86                  3.921701                       0.000000                        7.664858                 6.990766                    18.577325                
-34.17      153.11       27.41                53.91                  3.910824                       0.000000                        7.668086                 7.076614                    18.655524                
-35.10      153.12       27.03                53.54                  3.904608                       0.000000                        7.638113                 7.345657                    18.888378                
====================Subduction_Zone_9====================
-25.47      148.90       26.54                53.05                  3.800531                       0.000000                        7.592878                 6.737445                    18.130854                
-24.59      148.99       26.26                52.77                  4.009556                       0.015183                        7.569141                 6.361272                    17.955153                
-23.70      149.08       26.26                52.77                  4.953212                       1.520577                        7.613510                 7.262576                    21.349874                
-22.82      149.17       28.05                54.54                  5.126766                       2.718130                        7.699607                 8.153666                    23.698169                
-21.93      149.25       27.53                54.03                  3.979138                       0.000000                        7.746119                 7.619596                    19.344853                
-21.00      149.32       27.69                54.18                  3.784307                       0.000000                        7.772149                 7.720223                    19.276680                
-20.06      149.39       26.43                52.94                  3.802144                       0.000000                        7.518899                 8.288026                    19.609070                
-19.13      149.45       29.04                55.49                  3.779288                       0.000000                        7.701055                 8.467777                    19.948119                
-18.20      149.16       28.99                55.45                  3.859139                       0.000000                        7.768885                 6.729243                    18.357267                
-17.27      148.87       25.21                51.71                  3.847157                       0.000000                        7.440201                 5.776917                    17.064276                
-16.34      148.59       20.84                47.01                  3.905635                       0.000000                        6.753127                 5.216702                    15.875465                
-15.34      148.31       16.47                41.79                  4.075595                       0.000000                        6.456714                 7.412481                    17.944791                
-14.35      148.03       7.99                 29.10                  4.027357                       0.000000                        6.317450                 7.000768                    17.345575                
-13.36      147.75       10.30                33.05                  4.210805                       0.000000                        6.497983                 7.885245                    18.594033                
-12.36      147.47       11.21                34.49                  6.429714                       4.389958                        6.547374                 8.543019                    25.910064                
====================Subduction_Zone_10====================
-65.22      -68.64       42.28                66.96                  5.354101                       3.187089                        8.479869                 15.797315                   32.818374                
-65.18      -68.70       41.17                66.07                  5.359373                       3.196282                        8.412478                 15.797315                   32.765448                
-65.07      -68.86       41.94                66.69                  5.355470                       3.188727                        8.459122                 14.801061                   31.804380                
-64.90      -69.13       41.28                66.16                  5.353300                       3.184990                        8.440041                 14.801061                   31.779392                
-64.76      -69.34       40.85                65.82                  5.355808                       3.190939                        8.414385                 14.801061                   31.762193                
-64.55      -69.65       40.72                65.71                  5.265784                       2.621204                        8.330044                 15.034629                   31.251661                
-64.35      -69.95       40.94                65.89                  5.071166                       1.464717                        8.326288                 15.536146                   30.398317                
-64.16      -70.21       40.75                65.74                  4.922255                       0.659883                        8.318024                 15.797315                   29.697477                
-63.97      -70.49       28.34                54.82                  4.334259                       0.000000                        7.732368                 15.797315                   27.863943                
-63.79      -70.74       28.41                54.89                  4.335218                       0.000000                        7.736766                 7.394318                    19.466302                
-63.66      -70.88       27.84                54.34                  4.326875                       0.000000                        7.694496                 8.122731                    20.144102                
-63.34      -71.26       28.21                54.70                  4.337325                       0.000000                        7.719289                 8.122731                    20.179346                
-62.87      -71.73       27.91                54.41                  4.327712                       0.000000                        7.699146                 8.122731                    20.149589                
-62.59      -71.99       28.44                54.92                  4.335077                       0.000000                        7.739022                 7.486345                    19.560444                
-62.19      -72.12       28.40                54.88                  4.339232                       0.000000                        7.736283                 7.164267                    19.239782                
-62.12      -72.12       28.09                54.58                  4.330865                       0.000000                        7.715831                 7.164267                    19.210963                
-61.75      -72.04       26.39                52.90                  4.287901                       0.000000                        7.577131                 6.766245                    18.631277                
-61.39      -71.90       24.75                51.23                  4.252053                       0.000000                        7.380281                 5.598329                    17.230662                
-61.02      -71.74       23.07                49.47                  4.216396                       0.000000                        7.112939                 4.751864                    16.081200                
-60.69      -71.61       21.58                47.84                  4.189908                       0.000000                        6.861137                 4.915840                    15.966885                
-60.54      -71.53       20.85                47.03                  4.188377                       0.000000                        6.759408                 5.101403                    16.049188                
-60.22      -71.46       20.09                46.16                  4.228951                       0.000000                        6.643729                 5.376765                    16.249444                
-59.81      -71.50       19.23                45.16                  4.406636                       0.000000                        6.548387                 5.409849                    16.364872                
-59.43      -71.51       17.52                43.10                  4.345393                       0.000000                        6.481075                 6.426511                    17.252980                
-59.09      -71.46       16.84                42.25                  4.381711                       0.000000                        6.453426                 7.722398                    18.557535                
-58.79      -71.44       16.10                41.32                  4.412659                       0.000000                        6.459792                 7.777447                    18.649898                
-58.54      -71.36       15.75                40.87                  4.324430                       0.000000                        6.470562                 8.485925                    19.280917                
-58.21      -71.28       14.80                39.62                  4.394927                       0.000000                        6.495572                 8.602269                    19.492769                
-57.86      -71.16       13.91                38.40                  4.431429                       0.000000                        6.527955                 8.524592                    19.483976                
-57.44      -70.87       13.33                37.59                  4.453026                       0.000000                        6.538923                 8.788250                    19.780199                
-57.12      -70.52       13.02                37.15                  4.431062                       0.000000                        6.546971                 8.816258                    19.794291                
-56.92      -70.28       12.87                36.95                  4.425041                       0.000000                        6.551102                 8.818002                    19.794145                
-56.69      -70.01       12.47                36.36                  4.459751                       0.000000                        6.552766                 8.764635                    19.777152                
-56.43      -69.68       12.24                36.03                  4.308152                       0.000000                        6.555193                 8.726358                    19.589703                
-56.01      -69.17       11.93                35.56                  4.332956                       0.000000                        6.554483                 8.658568                    19.546007                
-55.66      -68.69       11.64                35.14                  4.410540                       0.000000                        6.553777                 8.300601                    19.264917                
-55.35      -68.35       11.40                34.77                  4.450850                       0.000000                        6.550789                 8.118078                    19.119717                
-55.04      -68.07       11.04                34.22                  4.100516                       0.000000                        6.524016                 8.348203                    18.972735                
-54.61      -67.96       10.33                33.11                  4.097642                       0.000000                        6.491773                 7.072448                    17.661863                
-54.33      -67.87       5.40                 23.93                  4.167291                       0.000000                        6.370596                 7.103303                    17.641190                
-54.11      -67.79       9.41                 31.59                  4.213209                       0.000000                        6.469738                 7.309306                    17.992253                
-54.03      -67.75       9.26                 31.34                  4.230311                       0.000000                        6.461480                 7.343413                    18.035204                
-53.78      -67.62       8.73                 30.42                  4.293939                       0.000000                        6.429400                 7.397100                    18.120440                
-53.49      -67.47       7.96                 29.05                  4.386863                       0.000000                        6.363754                 6.664794                    17.415412                
-53.14      -67.27       6.77                 26.80                  4.529882                       0.000000                        6.239864                 5.547777                    16.317524                
-52.85      -67.09       5.49                 24.13                  4.693914                       0.000000                        6.068694                 5.600904                    16.363513                
-52.54      -66.89       3.60                 19.54                  4.936942                       1.488402                        5.642485                 4.170500                    16.238329                
-52.20      -66.67       1.30                 11.73                  3.936990                       0.000000                        4.620206                 3.379242                    11.936438                
-51.95      -66.52       1.90                 14.21                  3.911107                       0.000000                        5.113933                 3.327314                    12.352354                
-51.33      -66.14       7.32                 27.87                  4.281920                       0.000000                        6.300554                 6.524145                    17.106618                
-50.92      -65.89       9.44                 31.63                  4.211892                       0.000000                        6.473876                 7.407878                    18.093646                
-50.54      -65.65       11.27                34.56                  4.437878                       0.000000                        6.545541                 8.591939                    19.575358                
-50.18      -65.41       13.55                37.90                  4.845623                       0.000000                        6.534054                 8.206380                    19.586056                
-49.69      -65.09       16.83                42.25                  4.835005                       0.000000                        6.460116                 6.780271                    18.075392                
-49.42      -64.91       18.65                44.48                  4.830823                       0.000000                        6.521123                 6.053976                    17.405922                
-48.97      -64.66       26.99                53.50                  4.294893                       0.000000                        7.502474                 5.201197                    16.998564                
-48.70      -64.52       45.59                69.53                  4.054670                       0.000000                        8.573789                 3.361800                    15.990259                
-48.35      -64.33       54.69                76.16                  3.988569                       0.000000                        8.921916                 1.819252                    14.729736                
-48.09      -64.04       54.53                76.04                  3.992128                       0.000000                        8.920670                 1.772219                    14.685017                
-47.54      -63.63       53.75                75.50                  3.996735                       0.000000                        8.916085                 1.859286                    14.772106                
-47.54      -63.63       53.75                75.50                  3.996735                       0.000000                        8.916085                 1.859286                    14.772106                
-47.07      -63.46       53.48                75.31                  3.999996                       0.000000                        8.909823                 1.959243                    14.869061                
-46.66      -63.21       53.06                75.01                  4.003381                       0.000000                        8.904253                 1.957364                    14.864999                
-45.98      -62.73       52.14                74.36                  4.007356                       0.000000                        8.897024                 1.925160                    14.829541                
-45.31      -62.24       51.50                73.90                  4.015742                       0.000000                        8.883118                 1.858721                    14.757582                
-44.42      -61.88       50.74                73.35                  4.021735                       0.000000                        8.866761                 1.791095                    14.679592                
-43.54      -61.51       49.65                72.56                  4.029204                       0.000000                        8.837849                 1.708742                    14.575796                
-42.65      -61.15       48.53                71.74                  4.036975                       0.000000                        8.801151                 1.927802                    14.765928                
-41.77      -60.78       47.43                70.92                  4.024303                       0.000000                        8.757920                 2.250069                    15.032292                
-40.88      -60.42       46.35                70.11                  4.020947                       0.000000                        8.708328                 3.016671                    15.745945                
-40.09      -60.38       45.14                69.18                  4.022319                       0.000000                        8.645778                 4.145044                    16.813142                
-39.29      -60.33       43.92                68.25                  4.023760                       0.000000                        8.577210                 4.220967                    16.821936                
-38.50      -60.29       40.69                65.69                  4.053340                       0.000000                        8.326233                 6.692318                    19.071891                
-37.70      -60.25       35.70                61.53                  3.813840                       0.000000                        8.099524                 10.562427                   22.475790                
-36.88      -60.26       35.00                60.92                  3.818473                       0.000000                        8.062403                 11.461235                   23.342111                
-36.06      -60.28       34.27                60.28                  3.823193                       0.000000                        8.024969                 12.407023                   24.255184                
-35.24      -60.30       33.52                59.62                  3.827994                       0.000000                        7.987310                 12.410922                   24.226226                
-34.42      -60.32       32.74                58.92                  3.832872                       0.000000                        7.949480                 11.922694                   23.705046                
-33.60      -60.34       31.93                58.19                  3.837820                       0.000000                        7.911424                 10.923375                   22.672618                
-32.70      -60.22       31.50                57.80                  3.850155                       0.000000                        7.891429                 10.644111                   22.385695                
-31.80      -60.11       31.51                57.80                  3.871728                       0.000000                        7.891743                 10.653728                   22.417199                
-31.08      -60.22       31.51                57.81                  3.891936                       0.000000                        7.891915                 10.658011                   22.441863                
-30.51      -60.37       31.51                57.81                  3.909396                       0.000000                        7.892071                 10.659583                   22.461051                
-29.96      -60.43       31.51                57.81                  3.928580                       0.000000                        7.892202                 10.661846                   22.482628                
-29.24      -60.68       31.52                57.81                  3.949351                       0.000000                        7.892298                 10.666435                   22.508085                
-28.72      -60.83       31.52                57.82                  3.971927                       0.000000                        7.892451                 10.667710                   22.532087                
-28.21      -60.98       31.52                57.82                  4.007136                       0.000000                        7.892639                 10.669127                   22.568902                
-27.50      -61.66       31.53                57.82                  4.046309                       0.000000                        7.892829                 10.669568                   22.608706                
-26.50      -62.05       31.53                57.83                  4.101193                       0.000000                        7.892743                 10.665230                   22.659166                
-25.50      -62.45       31.53                57.83                  4.191892                       0.000000                        7.892454                 10.642216                   22.726562                
-24.72      -62.76       32.01                58.26                  4.274554                       0.000000                        7.915015                 11.202255                   23.391825                
-23.93      -63.07       31.89                58.15                  8.932097                       3.539603                        7.989870                 11.812832                   32.274402                
-23.14      -63.38       36.14                61.90                  4.266545                       0.000000                        8.152772                 8.954144                    21.373461                
-22.30      -63.57       38.75                64.10                  4.196076                       0.000000                        8.306762                 6.302489                    18.805328                
-21.46      -63.77       41.59                66.41                  4.189384                       0.000000                        8.437856                 5.345332                    17.972571                
-20.61      -63.96       43.26                67.73                  4.182349                       0.000000                        8.563041                 4.141011                    16.886401                
-19.77      -64.15       45.32                69.32                  4.175022                       0.000000                        8.676281                 4.013382                    16.864685                
-18.93      -64.34       47.32                70.84                  4.359462                       0.345110                        8.747659                 3.301268                    16.753499                
-18.09      -64.53       46.47                70.20                  5.260207                       2.398284                        8.650644                 3.934770                    20.243905                
-17.23      -64.69       41.74                66.53                  4.100651                       0.000000                        8.459283                 4.473145                    17.033079                
-16.37      -64.85       44.65                68.81                  4.332697                       0.000000                        8.627306                 3.776146                    16.736150                
-15.52      -65.00       46.12                69.93                  4.234221                       0.000000                        8.708957                 2.552815                    15.495993                
-14.71      -64.76       49.33                72.33                  4.112653                       0.000000                        8.845870                 1.641612                    14.600134                
-13.90      -64.51       54.60                76.09                  4.031679                       0.000000                        8.921166                 1.365785                    14.318630                
-13.08      -64.26       56.86                77.65                  4.568890                       0.000000                        8.920806                 1.178818                    14.668515                
====================Subduction_Zone_11====================
3.61        -64.45       11.94                35.59                  5.481720                       3.445851                        6.542603                 7.931948                    23.402122                
2.97        -63.63       4.58                 22.03                  5.477130                       3.425381                        6.108897                 3.607646                    18.619053                
2.33        -62.81       1.34                 11.91                  5.482185                       3.447674                        4.955183                 4.860945                    18.745986                
1.69        -61.99       9.24                 31.31                  5.118618                       2.626292                        6.462530                 7.645218                    21.852658                
0.88        -61.39       15.91                41.08                  5.118645                       2.626394                        6.466558                 5.770231                    19.981828                
0.08        -60.78       23.54                49.97                  5.116698                       2.612899                        7.190933                 5.055131                    19.975660                
-0.72       -60.18       31.98                58.23                  5.358287                       3.194882                        7.913918                 9.510600                    25.977686                
-1.52       -59.57       37.49                63.06                  5.434983                       3.357080                        8.197838                 9.945423                    26.935324                
-2.08       -59.31       38.64                64.01                  5.434270                       3.357080                        8.205491                 9.945423                    26.942264                
-2.63       -59.05       38.77                64.12                  5.433559                       3.357080                        8.212909                 9.945423                    26.948971                
-3.63       -58.50       39.75                64.93                  5.432464                       3.350337                        8.268882                 6.613754                    23.665436                
-3.72       -58.46       39.18                64.46                  5.432891                       3.352979                        8.308425                 6.613754                    23.708049                
====================Subduction_Zone_12====================
-25.47      148.90       26.54                53.05                  3.800531                       0.000000                        7.592878                 6.737445                    18.130854                
-24.59      148.99       26.26                52.77                  4.009556                       0.015183                        7.569141                 6.361272                    17.955153                
-23.70      149.08       26.26                52.77                  4.953212                       1.520577                        7.613510                 7.262576                    21.349874                
-22.82      149.17       28.05                54.54                  5.126766                       2.718130                        7.699607                 8.153666                    23.698169                
-21.93      149.25       27.53                54.03                  3.979138                       0.000000                        7.746119                 7.619596                    19.344853                
-21.00      149.32       27.69                54.18                  3.784307                       0.000000                        7.772149                 7.720223                    19.276680                
-20.06      149.39       26.43                52.94                  3.802144                       0.000000                        7.518899                 8.288026                    19.609070                
-19.13      149.45       29.04                55.49                  3.779288                       0.000000                        7.701055                 8.467777                    19.948119                
-18.55      149.27       29.99                56.39                  3.830138                       0.000000                        7.797671                 7.880448                    19.508257                
====================Subduction_Zone_13====================
-25.47      148.90       26.54                53.05                  3.800531                       0.000000                        7.592878                 6.737445                    18.130854                
-25.72      149.14       26.88                53.39                  3.792177                       0.000000                        7.626215                 6.632434                    18.050825                
-26.40      149.59       27.32                53.82                  3.777886                       0.000000                        7.661883                 6.910568                    18.350337                
-27.08      150.05       27.37                53.87                  3.781319                       0.000000                        7.677827                 7.069956                    18.529102                
-28.04      150.64       27.86                54.36                  3.997324                       0.000000                        7.701725                 7.447832                    19.146881                
-29.01      151.24       26.75                53.26                  3.989641                       0.000000                        7.613777                 6.656521                    18.259940                
-29.76      151.60       26.97                53.48                  3.976536                       0.000000                        7.633475                 6.773285                    18.383297                
-30.51      151.96       27.05                53.56                  3.963753                       0.000000                        7.641400                 6.791518                    18.396671                
-31.26      152.32       27.09                53.60                  3.951617                       0.000000                        7.646851                 6.838929                    18.437397                
-32.26      152.71       27.23                53.73                  3.936094                       0.000000                        7.654698                 6.889340                    18.480132                
-33.25      153.10       27.35                53.86                  3.921701                       0.000000                        7.664858                 6.990766                    18.577325                
-34.17      153.11       27.41                53.91                  3.910824                       0.000000                        7.668086                 7.076614                    18.655524                
-35.10      153.12       27.03                53.54                  3.904608                       0.000000                        7.638113                 7.345657                    18.888378                
====================Subduction_Zone_14====================
-0.62       52.52        89.62                97.49                  4.045648                       0.000000                        8.668160                 0.018264                    12.732072                
-0.89       53.08        68.83                85.44                  4.061755                       0.000000                        7.736911                 1.142761                    12.941426                
-1.16       53.64        48.52                71.73                  4.078374                       0.000000                        8.780218                 2.430627                    15.289219                
-1.50       54.44        21.69                47.95                  4.102048                       0.000000                        6.945857                 6.611120                    17.659025                
-1.85       55.24        3.80                 20.07                  4.119882                       0.000000                        5.740206                 5.235488                    15.095576                
-2.20       56.04        2.82                 17.28                  4.123657                       0.000000                        5.445498                 3.753896                    13.323051                
-2.45       56.83        1.71                 13.45                  4.127145                       0.000000                        4.913965                 2.709994                    11.751104                
-2.71       57.62        1.00                 10.30                  4.087429                       0.000000                        4.341385                 2.056921                    10.485735                
-2.97       58.41        1.00                 10.30                  4.000138                       0.000000                        4.342465                 2.020580                    10.363183                
====================Subduction_Zone_15====================
-62.67      -174.47      30.65                57.01                  3.783811                       0.000000                        7.851995                 9.872404                    21.508210                
-62.85      -173.63      30.59                56.96                  3.783610                       0.000000                        7.847412                 9.970237                    21.601258                
-63.03      -172.79      30.50                56.87                  3.783492                       0.000000                        7.838108                 9.810096                    21.431697                
-63.17      -172.55      30.40                56.78                  3.783432                       0.000000                        7.840376                 9.810096                    21.433904                
-63.18      -171.75      30.23                56.62                  3.783324                       0.000000                        7.832666                 9.877296                    21.493285                
-63.19      -170.95      18.60                44.41                  4.752101                       0.000000                        6.507150                 6.703087                    17.962338                
-63.11      -170.52      20.25                46.34                  4.762699                       0.000000                        6.670530                 6.703087                    18.136316                
====================Subduction_Zone_16====================
-63.11      -170.52      20.25                46.34                  4.762699                       0.000000                        6.670530                 6.703087                    18.136316                
-63.16      -169.91      21.31                47.54                  4.628339                       0.000000                        6.845105                 6.814785                    18.288229                
-63.21      -169.30      26.88                53.39                  3.882007                       0.000000                        7.616723                 7.750343                    19.249073                
-63.34      -168.33      23.24                49.64                  4.194077                       0.000000                        7.126677                 5.589605                    16.910358                
-63.46      -167.36      20.79                46.96                  4.757893                       0.000000                        6.742924                 4.560525                    16.061341                
-63.58      -166.39      19.47                45.44                  4.809006                       0.000000                        6.578039                 4.566069                    15.953114                
-63.70      -165.42      18.07                43.78                  4.817130                       0.000000                        6.485971                 5.979677                    17.282778                
-63.82      -164.45      16.60                41.96                  4.824789                       0.000000                        6.455925                 7.577656                    18.858370                
-63.95      -163.48      15.05                39.95                  4.831973                       0.000000                        6.489049                 7.928817                    19.249839                
-63.98      -162.62      14.09                38.65                  4.840692                       0.000000                        6.518841                 8.131511                    19.491044                
-64.02      -161.75      13.06                37.22                  4.849152                       0.000000                        6.544569                 8.233098                    19.626818                
-64.06      -160.89      11.98                35.64                  4.817593                       0.000000                        6.552436                 8.316401                    19.686430                
-64.09      -160.02      10.99                34.15                  4.408069                       0.000000                        6.546197                 8.300311                    19.254577                
-64.13      -159.16      10.71                33.70                  3.960660                       0.000000                        6.535662                 8.187856                    18.684178                
-64.19      -158.19      10.37                33.16                  3.939738                       0.000000                        6.523805                 8.074094                    18.537637                
-64.26      -157.23      10.01                32.57                  3.948043                       0.000000                        6.507892                 7.862012                    18.317948                
-64.32      -156.27      9.61                 31.93                  3.956539                       0.000000                        6.487548                 7.641386                    18.085472                
-64.39      -155.31      9.74                 32.14                  3.992712                       0.000000                        6.492878                 7.442117                    17.927707                
-64.43      -154.33      9.44                 31.65                  4.010572                       0.000000                        6.477679                 7.458107                    17.946358                
-64.47      -153.35      8.94                 30.80                  4.021980                       0.000000                        6.444878                 7.209354                    17.676212                
-64.52      -152.37      8.41                 29.86                  4.033718                       0.000000                        6.404004                 6.984700                    17.422422                
-64.56      -151.39      7.83                 28.82                  4.045787                       0.000000                        6.353990                 6.678608                    17.078384                
-64.60      -150.41      7.22                 27.66                  4.058189                       0.000000                        6.293011                 6.344836                    16.696036                
====================Subduction_Zone_17====================
-64.60      -150.41      7.22                 27.66                  4.058189                       0.000000                        6.293011                 6.344836                    16.696036                
-64.78      -149.55      6.43                 26.11                  4.065827                       0.000000                        6.202623                 5.635724                    15.904174                
-64.95      -148.69      5.62                 24.41                  4.073347                       0.000000                        6.091766                 5.316642                    15.481755                
-65.12      -147.82      4.78                 22.52                  4.081030                       0.000000                        5.952544                 5.052990                    15.086563                
-65.30      -146.96      3.92                 20.39                  4.088808                       0.000000                        5.770859                 4.510667                    14.370334                
====================Subduction_Zone_18====================
75.77       -108.12      21.61                47.87                  4.046290                       0.000000                        6.859987                 3.811116                    14.717393                
76.04       -109.10      22.17                48.49                  3.953608                       0.000000                        6.957924                 3.721082                    14.632614                
76.31       -110.09      22.70                49.07                  3.954255                       0.000000                        7.049598                 3.727341                    14.731195                
76.58       -111.07      23.24                49.64                  3.954873                       0.000000                        7.140948                 3.762549                    14.858369                
76.85       -112.05      23.77                50.21                  3.955459                       0.000000                        7.230838                 4.178543                    15.364840                
77.12       -113.03      24.32                50.78                  3.956013                       0.000000                        7.315856                 4.297914                    15.569783                
77.39       -114.01      24.86                51.34                  3.956532                       0.000000                        7.395745                 4.859180                    16.211457                
77.65       -114.99      25.40                51.90                  3.957015                       0.000000                        7.467677                 5.174674                    16.599366                
77.92       -115.97      25.95                52.45                  3.957460                       0.000000                        7.532355                 5.843349                    17.333164                
78.19       -116.95      26.49                53.00                  3.957866                       0.000000                        7.589324                 6.006799                    17.553989                
78.54       -117.92      27.43                53.94                  4.157491                       0.000000                        7.670465                 6.835496                    18.663452                
78.89       -118.89      28.47                54.95                  4.147281                       0.000000                        7.740541                 8.139437                    20.027259                
79.24       -119.86      29.47                55.90                  4.138028                       0.000000                        7.795446                 8.537304                    20.470779                
79.59       -120.83      30.44                56.81                  4.129664                       0.000000                        7.842266                 9.579671                    21.551601                
79.94       -121.80      31.38                57.69                  4.239175                       0.000000                        7.886204                 10.788436                   22.913815                
80.29       -122.77      32.69                58.88                  4.390503                       0.000000                        7.947258                 11.604365                   23.942127                
80.64       -123.73      34.05                60.09                  4.388185                       0.000000                        8.014202                 12.143028                   24.545414                
80.85       -124.71      34.92                60.85                  4.385426                       0.000000                        8.058395                 10.813758                   23.257580                
81.05       -125.69      35.78                61.60                  4.382816                       0.000000                        8.103751                 10.570345                   23.056913                
81.25       -126.66      36.64                62.33                  4.380350                       0.000000                        8.150172                 9.706542                    22.237064                
81.45       -127.64      37.49                63.06                  4.378024                       0.000000                        8.197556                 7.650000                    20.225580                
81.65       -128.61      38.34                63.77                  4.337495                       0.000000                        8.245779                 7.290424                    19.873698                
81.86       -129.59      39.12                64.41                  4.141220                       0.000000                        8.290378                 6.636013                    19.067611                
82.06       -130.56      39.75                64.92                  4.139582                       0.000000                        8.327590                 6.544556                    19.011727                
82.26       -131.54      40.37                65.43                  4.137776                       0.000000                        8.364684                 6.249411                    18.751871                
82.46       -132.52      40.99                65.93                  4.135808                       0.000000                        8.401640                 5.608837                    18.146285                
82.67       -133.49      41.60                66.42                  4.133690                       0.000000                        8.438273                 5.160651                    17.732614                
82.87       -134.47      42.19                66.89                  4.131422                       0.000000                        8.474367                 4.496329                    17.102117                
83.07       -135.44      42.78                67.35                  4.129019                       0.000000                        8.509726                 4.453875                    17.092619                
83.10       -136.42      43.00                67.53                  4.130981                       0.000000                        8.523060                 4.331716                    16.985758                
83.13       -137.40      43.23                67.71                  4.132896                       0.000000                        8.536594                 4.188083                    16.857573                
83.15       -138.38      43.46                67.89                  4.134764                       0.000000                        8.550318                 4.116457                    16.801538                
83.18       -139.36      43.70                68.07                  4.136580                       0.000000                        8.564202                 4.075557                    16.776339                
83.21       -140.34      43.93                68.26                  4.138352                       0.000000                        8.578155                 4.056388                    16.772894                
83.24       -141.32      44.18                68.45                  4.140090                       0.000000                        8.592086                 4.106607                    16.838783                
83.26       -142.30      44.42                68.64                  4.141772                       0.000000                        8.606104                 4.137868                    16.885744                
83.29       -143.28      44.67                68.83                  4.143399                       0.000000                        8.620146                 4.111805                    16.875351                
83.32       -144.26      44.92                69.02                  4.144968                       0.000000                        8.634144                 4.017900                    16.797012                
83.35       -145.23      45.18                69.22                  4.146476                       0.000000                        8.648077                 3.909511                    16.704064                
83.37       -146.21      45.44                69.41                  4.147924                       0.000000                        8.661935                 3.712551                    16.522410                
83.40       -147.19      45.70                69.61                  4.149307                       0.000000                        8.675675                 3.501679                    16.326661                
83.43       -148.17      45.96                69.81                  4.150660                       0.000000                        8.689100                 3.333200                    16.172959                
83.46       -149.15      46.23                70.01                  4.151944                       0.000000                        8.702305                 3.144598                    15.998847                
83.48       -150.13      46.49                70.22                  4.153165                       0.000000                        8.715296                 2.885592                    15.754053                
83.51       -151.11      46.76                70.42                  4.154317                       0.000000                        8.728023                 2.707233                    15.589574                
83.54       -152.09      47.03                70.62                  4.155402                       0.000000                        8.740424                 2.531829                    15.427655                
83.57       -153.07      47.31                70.83                  4.156415                       0.000000                        8.752489                 2.351622                    15.260526                
83.59       -154.05      47.58                71.03                  4.138200                       0.000000                        8.764196                 2.189158                    15.091554                
83.62       -155.03      47.84                71.23                  4.133103                       0.000000                        8.774913                 1.991530                    14.899546                
83.65       -156.01      48.10                71.42                  4.132757                       0.000000                        8.785149                 1.875172                    14.793078                
83.68       -156.99      48.36                71.61                  4.132431                       0.000000                        8.794981                 1.787174                    14.714586                
83.70       -157.97      48.62                71.80                  4.132124                       0.000000                        8.804415                 1.698920                    14.635459                
83.73       -158.94      48.88                71.99                  4.131837                       0.000000                        8.813447                 1.636142                    14.581425                
83.76       -159.92      49.14                72.18                  4.131570                       0.000000                        8.822070                 1.622270                    14.575910                
83.79       -160.90      49.39                72.37                  4.131322                       0.000000                        8.830281                 1.638938                    14.600540                
83.81       -161.88      49.65                72.56                  4.131094                       0.000000                        8.838076                 1.656719                    14.625889                
83.84       -162.86      49.91                72.75                  4.130887                       0.000000                        8.845473                 1.661611                    14.637971                
83.87       -163.84      50.17                72.94                  4.130699                       0.000000                        8.852487                 1.671145                    14.654330                
83.90       -164.82      50.42                73.12                  4.130529                       0.000000                        8.859103                 1.691774                    14.681406                
83.92       -165.80      50.68                73.31                  4.130378                       0.000000                        8.865347                 1.725318                    14.721043                
83.95       -166.78      50.93                73.49                  4.130246                       0.000000                        8.871239                 1.736570                    14.738055                
83.98       -167.76      51.19                73.67                  4.130132                       0.000000                        8.876785                 1.744083                    14.751000                
84.01       -168.74      51.44                73.86                  4.130037                       0.000000                        8.881968                 1.752244                    14.764249                
83.84       176.41       55.02                76.38                  3.928798                       0.000000                        8.926020                 1.537583                    14.392402                
====================Subduction_Zone_19====================
76.99       149.70       58.91                79.04                  4.275212                       0.000000                        8.880287                 1.090393                    14.245892                
77.32       150.56       58.05                78.46                  4.271953                       0.000000                        8.908175                 1.102074                    14.282203                
77.64       151.42       57.23                77.90                  4.268654                       0.000000                        8.922340                 1.171163                    14.362157                
77.96       152.28       56.43                77.36                  4.265325                       0.000000                        8.927992                 1.250154                    14.443471                
78.28       153.14       55.67                76.84                  4.261974                       0.000000                        8.928436                 1.356580                    14.546990                
78.53       154.08       54.86                76.27                  4.123302                       0.000000                        8.925151                 1.470508                    14.518961                
78.77       155.01       54.32                75.89                  4.060491                       0.000000                        8.921330                 1.599305                    14.581126                
79.02       155.94       53.84                75.56                  4.063319                       0.000000                        8.917052                 1.660838                    14.641210                
79.26       156.87       53.37                75.23                  4.066236                       0.000000                        8.912063                 1.772148                    14.750447                
79.51       157.80       52.92                74.91                  4.069237                       0.000000                        8.906354                 1.840352                    14.815942                
79.76       158.73       52.47                74.59                  4.072323                       0.000000                        8.899997                 1.817182                    14.789501                
80.00       159.66       52.03                74.28                  4.072681                       0.000000                        8.895440                 1.806444                    14.774565                
80.25       160.59       51.61                73.98                  4.075897                       0.000000                        8.887899                 1.769155                    14.732951                
80.50       161.53       51.19                73.68                  4.079199                       0.000000                        8.879720                 1.743871                    14.702790                
80.85       162.42       50.90                73.47                  4.081217                       0.000000                        8.873458                 1.692250                    14.646925                
81.20       163.31       50.35                73.07                  4.089261                       0.000000                        8.860566                 1.677297                    14.627124                
81.51       164.28       50.06                72.86                  4.093947                       0.000000                        8.849648                 1.661333                    14.604928                
81.83       165.25       49.65                72.56                  4.098755                       0.000000                        8.838157                 1.601296                    14.538208                
82.14       166.22       49.26                72.28                  4.103695                       0.000000                        8.826206                 1.584969                    14.514870                
82.46       167.19       53.18                75.10                  4.096335                       0.000000                        8.817435                 1.708575                    14.622345                
82.60       168.11       54.19                75.81                  3.998241                       0.000000                        8.924305                 1.747526                    14.670071                
82.74       169.03       52.84                74.85                  4.018030                       0.000000                        8.851679                 1.498204                    14.367913                
82.87       169.96       55.95                77.03                  4.007341                       0.000000                        8.858692                 1.396630                    14.262663                
83.01       170.88       55.62                76.80                  3.930312                       0.000000                        8.928262                 1.369643                    14.228217                
83.15       171.80       55.77                76.91                  3.927681                       0.000000                        8.928624                 1.458158                    14.314463                
83.29       172.72       55.61                76.79                  3.927981                       0.000000                        8.928389                 1.442173                    14.298543                
83.42       173.65       55.47                76.70                  3.927863                       0.000000                        8.927941                 1.409026                    14.264830                
83.56       174.57       55.29                76.57                  3.927758                       0.000000                        8.927372                 1.418567                    14.273697                
83.70       175.49       55.15                76.47                  3.927653                       0.000000                        8.926721                 1.481922                    14.336295                
83.84       176.41       55.02                76.38                  3.928798                       0.000000                        8.926020                 1.537583                    14.392402                
====================Subduction_Zone_20====================
15.48       84.32        35.83                61.64                  4.453618                       0.000000                        8.106742                 9.723840                    22.284199                
15.82       83.47        40.67                65.67                  4.440573                       0.000000                        8.381993                 5.341287                    18.163853                
16.15       82.62        44.31                68.55                  4.357116                       0.000000                        8.599730                 4.162219                    17.119066                
16.50       82.01        45.19                69.22                  4.319646                       0.000000                        8.648385                 4.128859                    17.096889                
16.61       81.27        45.09                69.15                  4.316374                       0.000000                        8.643264                 4.058414                    17.018052                
16.42       80.41        45.25                69.27                  4.192129                       0.000000                        8.650589                 4.013407                    16.856125                
16.24       79.56        46.36                70.12                  8.260148                       5.101456                        8.708932                 3.581235                    25.651771                
16.06       78.71        45.23                69.25                  4.318235                       0.000000                        8.650624                 3.922669                    16.891528                
15.96       77.80        44.45                68.66                  4.302096                       0.000000                        8.607677                 3.962220                    16.871993                
15.86       76.89        43.69                68.07                  4.298485                       0.000000                        8.563925                 4.016647                    16.879057                
15.76       75.98        42.95                67.49                  4.295035                       0.000000                        8.520158                 4.264180                    17.079373                
15.89       75.17        43.01                67.53                  4.291877                       0.000000                        8.529332                 4.042849                    16.864058                
16.02       74.37        46.30                70.07                  4.288875                       0.000000                        8.706095                 3.264523                    16.259493                
16.15       73.57        46.43                70.17                  4.286023                       0.000000                        8.712090                 3.390803                    16.388916                
16.28       72.76        46.56                70.27                  4.283327                       0.000000                        8.718406                 3.098216                    16.099949                
16.42       71.96        46.70                70.38                  4.280779                       0.000000                        8.725287                 2.741677                    15.747743                
16.79       71.09        47.58                71.04                  4.277993                       0.000000                        8.764318                 2.001551                    15.043863                
17.17       70.22        48.47                71.69                  4.275408                       0.000000                        8.798887                 2.048851                    15.123147                
17.55       69.35        49.36                72.35                  4.273025                       0.000000                        8.820708                 1.988933                    15.082666                
17.93       68.48        48.11                71.43                  4.270523                       0.000000                        8.761068                 2.189955                    15.221546                
18.30       67.61        49.01                72.09                  4.268839                       0.000000                        8.817673                 2.000730                    15.087243                
19.07       66.81        48.56                71.76                  4.267006                       0.000000                        8.802035                 1.887362                    14.956404                
19.84       66.02        50.48                73.17                  4.265339                       0.000000                        8.860504                 1.769048                    14.894891                
20.26       65.11        48.02                71.36                  4.263809                       0.000000                        8.781828                 2.268037                    15.313674                
20.69       64.20        48.23                71.51                  4.262790                       0.000000                        8.795892                 2.039874                    15.098555                
====================Subduction_Zone_21====================
3.68        81.43        37.17                62.78                  4.402292                       0.000000                        8.179406                 8.750817                    21.332515                
3.46        82.11        38.50                63.90                  4.437751                       0.000000                        8.255026                 7.382037                    20.074815                
3.30        83.08        39.61                64.81                  4.502181                       0.000000                        8.319298                 6.373467                    19.194946                
3.14        84.05        40.70                65.70                  4.577032                       0.000000                        8.384529                 5.379752                    18.341313                
2.98        85.02        41.79                66.57                  4.675883                       0.000000                        8.447547                 5.275686                    18.399116                
2.81        85.99        40.85                65.82                  4.879434                       1.851543                        8.393389                 6.126340                    21.250707                
2.65        86.97        40.66                65.67                  4.941203                       2.103547                        8.382022                 5.760179                    21.186952                
2.49        87.94        40.57                65.59                  4.949419                       2.131489                        8.379743                 5.840745                    21.301395                
2.33        88.91        43.44                67.87                  4.945569                       2.118801                        8.548661                 4.379968                    19.992999                
2.17        89.88        44.32                68.55                  4.900851                       1.050244                        8.600911                 4.086196                    18.638202                
1.99        90.69        43.89                68.22                  4.859748                       1.015924                        8.575445                 4.118277                    18.569394                
1.82        91.50        44.08                68.37                  5.285665                       3.032248                        8.586522                 4.105914                    21.010350                
1.50        92.34        44.59                68.76                  5.222691                       2.886796                        8.615460                 4.053921                    20.778869                
1.18        93.17        45.01                69.09                  5.163832                       2.743176                        8.638346                 3.678253                    20.223606                
0.86        94.00        44.99                69.07                  5.026708                       2.366628                        8.637870                 4.065850                    20.097056                
0.54        94.83        44.25                68.50                  4.928172                       2.063347                        8.667110                 3.843830                    19.502458                
0.22        95.66        46.67                70.35                  4.778012                       0.000000                        8.743247                 2.691660                    16.212919                
-0.01       96.62        46.83                70.47                  4.392785                       0.000000                        8.731260                 2.531278                    15.655323                
-0.25       97.58        45.67                69.59                  4.566650                       0.000000                        8.673991                 2.901774                    16.142416                
-0.48       98.54        47.11                70.68                  4.581075                       0.000000                        8.743405                 2.317630                    15.642111                
-0.71       99.49        48.53                71.74                  4.581492                       0.000000                        8.798618                 1.751486                    15.131596                
-0.95       100.45       50.57                73.23                  4.526077                       0.000000                        8.863850                 1.732520                    15.122447                
-1.08       101.34       50.79                73.39                  5.322844                       3.113650                        8.867852                 1.706156                    19.010502                
-1.22       102.24       51.05                73.58                  4.841012                       0.000000                        8.873771                 1.693228                    15.408010                
-1.35       103.13       51.31                73.77                  4.831667                       0.000000                        8.879286                 1.735696                    15.446648                
-1.48       104.02       51.52                73.91                  4.821253                       0.000000                        8.883420                 1.751867                    15.456540                
-1.62       104.91       51.85                74.15                  4.808725                       0.000000                        8.889721                 1.718118                    15.416564                
-1.75       105.80       50.70                73.32                  5.113765                       2.621540                        8.865709                 1.653987                    18.255001                
-1.89       106.70       51.28                73.74                  5.082189                       2.523368                        8.868746                 1.739920                    18.214223                
-2.04       107.58       51.20                73.68                  5.013900                       2.330906                        8.876992                 1.739920                    17.961718                
-2.19       108.46       51.58                73.95                  4.932634                       2.081042                        8.884576                 1.740059                    17.638311                
-2.34       109.34       51.83                74.14                  5.627279                       3.702180                        8.888895                 1.740322                    19.958676                
-2.49       110.23       52.83                74.85                  5.701811                       3.818024                        8.898944                 1.810448                    20.229227                
-2.64       111.11       53.28                75.17                  5.859170                       4.053557                        8.927585                 1.809661                    20.649973                
-2.58       111.96       53.62                75.41                  5.839977                       4.025012                        8.914802                 1.822402                    20.602194                
-2.52       112.81       53.84                75.56                  5.942815                       4.173219                        8.917026                 1.751250                    20.784310                
-2.45       113.66       53.69                75.46                  6.016146                       4.261099                        8.914484                 1.758473                    20.950202                
-2.39       114.51       54.23                75.84                  6.100336                       4.365829                        8.918295                 1.770118                    21.154577                
-2.33       115.36       49.12                72.18                  5.594848                       3.644669                        8.820990                 1.876266                    19.936773                
-2.27       116.21       44.02                68.32                  5.110628                       2.604960                        8.582713                 3.853371                    20.151672                
====================Subduction_Zone_22====================
-2.27       116.21       44.02                68.32                  5.110628                       2.604960                        8.582713                 3.853371                    20.151672                
-1.31       116.88       38.47                63.87                  4.845723                       0.610141                        8.253209                 7.326418                    21.035492                
-0.52       117.29       39.42                64.66                  4.812212                       0.000000                        8.310351                 6.618969                    19.741532                
0.26        117.71       41.97                66.71                  4.797291                       0.000000                        8.468743                 5.003371                    18.269405                
1.05        118.12       49.85                72.70                  4.709402                       0.000000                        8.840812                 2.361223                    15.911437                
1.83        118.53       59.48                79.42                  4.612585                       0.000000                        8.837940                 1.160192                    14.610717                
2.50        119.01       62.77                81.59                  4.491442                       0.000000                        8.474203                 1.221967                    14.187612                
3.17        119.50       66.61                84.05                  4.417922                       0.000000                        7.764279                 1.363859                    13.546060                
3.83        119.98       67.43                84.56                  4.367962                       0.000000                        7.635665                 1.345402                    13.349029                
4.38        120.38       66.61                84.04                  4.359631                       0.000000                        7.728160                 1.379410                    13.467202                
4.94        120.77       65.81                83.54                  4.343897                       0.000000                        7.850111                 1.361550                    13.555559                
====================Subduction_Zone_23====================
11.36       95.50        16.71                42.09                  4.678837                       1.241316                        6.463659                 6.839020                    19.222832                
11.12       96.43        20.49                46.61                  4.774050                       1.014108                        6.682418                 4.427983                    16.898560                
10.88       97.37        17.87                43.53                  4.948480                       2.130069                        6.459089                 5.561942                    19.099580                
10.64       98.15        21.69                47.96                  5.244641                       2.931927                        6.883846                 7.327620                    22.388034                
10.39       98.94        16.00                41.19                  5.017098                       2.345329                        6.462103                 7.577372                    21.401902                
10.15       99.72        16.17                41.41                  5.358004                       3.196241                        6.459040                 5.955680                    20.968965                
9.91        100.51       19.78                45.80                  5.109809                       2.597915                        6.617180                 4.915131                    19.240035                
9.48        101.43       18.60                44.42                  5.363765                       3.116636                        6.461669                 5.113372                    20.055443                
9.05        102.35       18.77                44.62                  5.924362                       4.177426                        6.536300                 4.425558                    21.063647                
8.73        103.17       20.00                46.05                  6.695436                       4.958476                        6.642854                 4.398944                    22.695710                
8.40        104.00       21.00                47.19                  7.047988                       5.035816                        6.768118                 4.009062                    22.860984                
8.08        104.82       21.60                47.86                  5.139020                       2.667279                        6.862593                 3.890068                    18.558960                
7.75        105.65       21.60                47.86                  5.088559                       2.548638                        6.862593                 3.890101                    18.389892                
6.91        106.52       21.60                47.86                  5.041628                       2.418431                        6.862593                 3.890101                    18.212753                
6.07        107.39       21.70                47.97                  4.982496                       2.233513                        6.879443                 3.827211                    17.922663                
5.46        107.82       21.78                48.06                  4.939989                       2.106010                        6.892965                 3.799286                    17.738250                
4.86        108.24       21.79                48.07                  4.892230                       1.945151                        6.893983                 3.789692                    17.521055                
3.96        109.13       24.31                50.78                  4.851705                       0.000000                        7.314593                 4.480967                    16.647265                
3.07        110.02       32.27                58.50                  5.091412                       2.549987                        7.927614                 11.006344                   26.575357                
====================Subduction_Zone_24====================
19.05       85.72        44.77                68.90                  4.365305                       0.000000                        8.617062                 4.051165                    17.033531                
18.80       86.52        41.64                66.45                  4.475099                       0.000000                        8.441217                 6.648602                    19.564918                
18.55       87.32        35.74                61.57                  4.687063                       0.000000                        8.100767                 10.019833                   22.807663                
17.80       88.10        32.97                59.13                  4.691902                       0.000000                        7.891589                 8.805107                    21.388599                
17.05       88.87        25.42                51.92                  4.555226                       0.000000                        7.379152                 5.416945                    17.351323                
16.30       89.64        19.42                45.38                  4.635485                       0.000000                        6.646262                 4.974208                    16.255955                
15.55       90.41        18.77                44.62                  4.610116                       0.000000                        6.518347                 5.108072                    16.236535                
14.81       91.26        16.47                41.79                  4.557164                       0.000000                        6.457336                 7.405074                    18.419574                
14.07       92.10        13.81                38.27                  4.698982                       0.000000                        6.547607                 8.141443                    19.388032                
13.33       92.94        17.07                42.55                  4.396309                       0.000000                        6.457091                 7.998227                    18.851627                
12.58       93.79        16.66                42.04                  4.393682                       0.000000                        6.454616                 7.998227                    18.846525                
11.94       94.38        17.82                43.47                  4.938806                       1.996081                        6.483800                 6.037673                    19.456360                
11.65       94.94        16.68                42.06                  4.731940                       0.000000                        6.457116                 6.457290                    17.646345                
11.36       95.50        16.71                42.09                  4.678837                       1.241316                        6.463659                 6.839020                    19.222832                
====================Subduction_Zone_25====================
-0.62       52.52        89.62                97.49                  4.045648                       0.000000                        8.668160                 0.018264                    12.732072                
-0.89       53.08        68.83                85.44                  4.061755                       0.000000                        7.736911                 1.142761                    12.941426                
-1.16       53.64        48.52                71.73                  4.078374                       0.000000                        8.780218                 2.430627                    15.289219                
-1.50       54.44        21.69                47.95                  4.102048                       0.000000                        6.945857                 6.611120                    17.659025                
-1.85       55.24        3.80                 20.07                  4.119882                       0.000000                        5.740206                 5.235488                    15.095576                
-2.20       56.04        2.82                 17.28                  4.123657                       0.000000                        5.445498                 3.753896                    13.323051                
-2.47       56.88        1.63                 13.15                  4.127379                       0.000000                        4.861458                 2.709994                    11.698832                
-2.74       57.72        1.00                 10.30                  4.074009                       0.000000                        4.341385                 1.888259                    10.303653                
-3.02       58.57        1.00                 10.30                  3.986619                       0.000000                        4.341385                 2.020580                    10.348584                
-3.24       59.51        2.00                 14.57                  3.977486                       0.000000                        5.086811                 3.056518                    12.120815                
-3.46       60.46        3.17                 18.33                  3.981347                       0.000000                        5.563328                 4.079983                    13.624658                
-3.68       61.41        4.33                 21.43                  3.985602                       0.000000                        5.863861                 4.461881                    14.311343                
-3.90       62.36        4.87                 22.72                  4.060640                       0.000000                        5.903671                 4.491991                    14.456301                
-4.06       63.34        6.14                 25.51                  4.088532                       0.000000                        6.112992                 5.665127                    15.866650                
-4.22       64.33        6.99                 27.23                  4.158234                       0.000000                        6.268452                 6.504833                    16.931519                
-4.38       65.32        8.83                 30.59                  4.166522                       0.000000                        6.436232                 7.132289                    17.735043                
-4.54       66.31        10.72                33.71                  4.113656                       0.000000                        6.535202                 8.229780                    18.878638                
-4.49       67.25        12.34                36.17                  4.009337                       0.000000                        6.555243                 8.684329                    19.248908                
-4.45       68.20        13.88                38.37                  4.010099                       0.000000                        6.525184                 8.703925                    19.239208                
-4.40       69.15        15.42                40.44                  4.010950                       0.000000                        6.476551                 8.424263                    18.911764                
-4.36       70.09        16.96                42.41                  4.011950                       0.000000                        6.453692                 7.373889                    17.839531                
-4.31       71.04        16.84                42.26                  4.230021                       0.000000                        6.461094                 6.573739                    17.264855                
-4.27       71.99        19.38                45.33                  4.287493                       0.000000                        6.567145                 4.833416                    15.688053                
-4.12       72.88        21.74                48.01                  4.187844                       0.000000                        6.885838                 3.833394                    14.907076                
-3.97       73.77        23.87                50.31                  4.188690                       0.000000                        7.245476                 4.291527                    15.725693                
-3.82       74.66        26.03                52.54                  4.189554                       0.000000                        7.540259                 5.355328                    17.085141                
-3.67       75.55        28.17                54.66                  4.190434                       0.000000                        7.721748                 7.392566                    19.304748                
-3.52       76.44        30.21                56.60                  4.421436                       0.000000                        7.831645                 9.575454                    21.828535                
-3.26       77.21        32.92                59.08                  4.397989                       0.000000                        7.957864                 11.519626                   23.875479                
-3.00       77.98        34.02                60.06                  4.162873                       0.000000                        8.018609                 11.965805                   24.147287                
-2.74       78.75        34.39                60.39                  4.038715                       0.000000                        8.033735                 11.817471                   23.889921                
-2.39       79.48        36.03                61.81                  4.179651                       0.000000                        8.116968                 10.353131                   22.649750                
====================Subduction_Zone_26====================
17.50       -2.59        67.78                84.78                  10.117044                      5.387967                        7.872546                 1.963077                    25.340634                
17.96       -1.74        66.16                83.76                  10.808838                      5.443275                        7.964024                 2.789964                    27.006101                
18.42       -0.88        64.76                82.87                  10.887979                      5.446851                        8.036013                 3.350160                    27.721003                
18.88       -0.02        62.85                81.64                  10.686423                      5.446851                        8.215227                 3.249537                    27.598038                
19.34       0.84         60.53                80.12                  10.500920                      5.423031                        8.520603                 2.939023                    27.383577                
19.80       1.70         41.53                66.36                  12.043133                      5.506534                        8.654526                 11.666632                   37.870824                
20.37       2.66         37.58                63.13                  15.592832                      5.594063                        8.220020                 13.862702                   43.269617                
20.94       3.62         35.09                61.00                  14.714150                      5.564621                        8.281725                 16.792559                   45.353055                
21.51       4.58         45.57                69.52                  13.733440                      5.551942                        8.697389                 10.172525                   38.155297                
====================Subduction_Zone_27====================
2.63        54.79        62.68                81.53                  4.214862                       0.000000                        8.326570                 1.816443                    14.357875                
2.77        54.27        60.93                80.38                  4.218502                       0.000000                        8.652438                 2.677921                    15.548860                
2.91        53.75        59.18                79.22                  4.222408                       0.000000                        8.653733                 2.735720                    15.611861                
3.35        52.78        48.82                71.95                  4.257437                       0.000000                        8.778780                 4.071519                    17.107735                
3.50        52.25        46.33                70.10                  4.264743                       0.000000                        8.670907                 3.044437                    15.980087                
3.66        51.72        43.83                68.18                  4.272116                       0.000000                        8.563664                 4.591620                    17.427400                
3.96        50.97        36.84                62.50                  4.285554                       0.000000                        8.207368                 8.766775                    21.259698                
4.26        50.23        44.61                68.78                  4.224738                       0.000000                        8.589422                 3.001657                    15.815817                
4.65        49.48        50.81                73.40                  4.214129                       0.000000                        8.774779                 2.860874                    15.849782                
5.04        48.74        58.44                78.72                  4.202489                       0.000000                        8.548461                 2.064164                    14.815114                
5.37        48.18        60.71                80.24                  4.203714                       0.000000                        8.635896                 1.201986                    14.041596                
5.70        47.63        58.13                78.51                  4.221509                       0.000000                        8.480253                 3.774209                    16.475970                
6.35        46.93        37.95                63.44                  4.334868                       0.000000                        8.231585                 5.893340                    18.459793                
7.00        46.23        36.76                62.43                  4.390470                       0.000000                        8.162809                 4.051421                    16.604700                
7.66        45.78        26.16                52.67                  4.229370                       0.000000                        7.430343                 5.654360                    17.314073                
8.32        45.33        21.01                47.20                  4.338381                       0.000000                        6.935811                 6.444175                    17.718367                
9.19        44.75        20.86                47.04                  4.652006                       0.000000                        6.802190                 8.517394                    19.971590                
10.05       44.18        16.22                41.48                  4.789085                       0.000000                        6.534848                 5.906429                    17.230362                
10.38       43.90        13.26                37.50                  4.846856                       0.000000                        6.521191                 7.122847                    18.490894                
10.67       43.37        15.01                39.90                  4.937061                       2.091305                        6.503044                 7.353597                    20.885008                
10.96       42.84        16.74                42.13                  5.024299                       2.348687                        6.551825                 7.600084                    21.524895                
11.30       42.21        17.71                43.33                  5.093068                       2.548447                        6.630442                 8.385056                    22.657014                
11.63       41.59        16.54                41.89                  5.082379                       2.528922                        6.486022                 6.012861                    20.110184                
12.07       40.65        17.15                42.64                  5.009222                       2.304181                        6.631206                 6.388996                    20.333605                
12.52       39.72        16.51                41.84                  4.977536                       1.908145                        6.647566                 7.164016                    20.697263                
12.79       38.98        16.09                41.31                  4.865456                       1.613591                        6.504874                 7.889579                    20.873499                
13.07       38.24        15.71                40.81                  4.766692                       0.000000                        6.525090                 6.017808                    17.309590                
13.31       37.53        16.04                41.24                  4.664916                       0.000000                        6.657625                 8.320553                    19.643093                
13.56       36.82        19.09                45.00                  4.612716                       0.000000                        6.691014                 7.318913                    18.622642                
13.94       36.17        18.72                44.55                  4.501516                       0.000000                        6.805185                 5.733173                    17.039873                
14.33       35.51        19.13                45.04                  4.342848                       0.000000                        6.847936                 8.355542                    19.546326                
14.79       34.75        18.32                44.07                  4.326753                       0.000000                        6.612029                 7.905486                    18.844268                
15.24       33.98        16.93                42.37                  4.323749                       0.000000                        6.546226                 6.502831                    17.372806                
15.92       33.16        17.73                43.36                  4.421462                       0.000000                        6.702262                 6.828853                    17.952577                
16.53       32.45        17.97                43.66                  4.624111                       0.000000                        6.698146                 8.737748                    20.060006                
16.55       32.43        17.91                43.58                  4.640571                       0.000000                        6.655189                 8.737748                    20.033508                
====================Subduction_Zone_28====================
24.17       17.18        91.32                98.41                  5.421675                       3.325348                        8.822311                 0.000000                    17.569334                
24.16       17.22        91.96                98.75                  5.392763                       3.270155                        8.864998                 0.000000                    17.527917                
24.03       18.09        94.63                100.17                 5.172770                       2.756316                        9.016848                 0.000000                    16.945934                
23.93       18.73        96.59                101.21                 5.213891                       2.859427                        8.993389                 0.000000                    17.066708                
23.79       19.59        99.19                102.56                 5.128099                       2.649265                        9.061961                 0.000000                    16.839325                
23.77       20.22        99.09                102.51                 5.068678                       2.477221                        9.058551                 0.000000                    16.604451                
23.75       20.95        100.43               103.20                 5.026831                       2.363897                        9.134221                 0.000000                    16.524948                
23.72       21.54        103.11               104.57                 4.946484                       2.123743                        9.379571                 0.000000                    16.449798                
23.70       22.13        103.59               104.81                 4.933797                       2.083835                        9.430751                 0.000000                    16.448384                
23.85       22.83        104.17               105.10                 4.855723                       0.000000                        9.280011                 0.000000                    14.135734                
24.01       23.59        99.00                102.46                 4.821070                       0.000000                        9.054947                 0.000000                    13.876017                
24.21       24.58        87.06                96.09                  4.802688                       0.000000                        8.647054                 0.000000                    13.449742                
24.41       25.44        78.63                91.32                  4.798100                       0.000000                        8.613442                 0.000000                    13.411541                
24.59       26.29        68.51                85.24                  4.812950                       0.000000                        7.581822                 0.332720                    12.727492                
24.74       26.97        68.49                85.22                  4.807118                       0.000000                        7.592095                 1.151451                    13.550663                
24.87       27.61        52.95                74.93                  4.803428                       0.000000                        8.703792                 1.279549                    14.786770                
24.97       28.12        54.91                76.31                  4.800422                       0.000000                        8.921570                 1.695775                    15.417767                
25.08       28.63        48.89                72.00                  4.781537                       0.000000                        8.419351                 2.204835                    15.405724                
25.25       29.53        30.74                57.09                  4.781754                       0.000000                        8.493084                 5.333082                    18.607920                
25.43       30.45        31.67                57.95                  4.678341                       0.000000                        7.587339                 9.655559                    21.921239                
25.61       31.43        23.49                49.91                  4.635713                       0.000000                        7.183814                 6.466992                    18.286519                
25.70       31.97        22.60                48.95                  4.612760                       0.000000                        7.031447                 4.456794                    16.101001                
25.82       32.65        21.47                47.72                  4.585232                       0.000000                        6.841929                 4.252920                    15.680081                
25.90       33.17        21.33                47.56                  4.581761                       0.000000                        6.819025                 4.060297                    15.461082                
25.85       33.94        21.33                47.56                  4.581923                       0.000000                        6.819672                 4.243498                    15.645092                
25.79       34.72        19.92                45.96                  4.549840                       0.000000                        6.623969                 4.924665                    16.098473                
25.73       35.49        17.68                43.30                  4.496728                       0.000000                        6.467652                 6.223201                    17.187580                
25.67       36.27        18.21                43.94                  4.480201                       0.000000                        6.486752                 6.295137                    17.262090                
25.64       36.53        18.21                43.94                  4.475779                       0.000000                        6.486872                 6.232190                    17.194841                
====================Subduction_Zone_29====================
21.51       4.58         45.57                69.52                  13.733440                      5.551942                        8.697389                 10.172525                   38.155297                
21.68       4.87         46.00                69.85                  13.328181                      5.533017                        8.594113                 10.330906                   37.786217                
22.35       5.79         48.68                71.85                  8.344904                       5.222193                        8.794737                 9.003544                    31.365378                
23.02       6.71         42.65                67.25                  9.022775                       5.303514                        8.713720                 6.849325                    29.889334                
====================Subduction_Zone_30====================
-65.74      -144.40      1.32                 11.84                  4.113170                       0.000000                        4.641644                 2.342674                    11.097489                
-65.78      -144.20      1.11                 10.83                  4.114589                       0.000000                        4.449539                 1.857888                    10.422016                
-66.01      -143.26      1.15                 11.03                  3.953139                       0.000000                        4.488917                 1.954603                    10.396658                
-66.25      -142.32      1.90                 14.21                  3.951520                       0.000000                        5.037245                 2.761567                    11.750332                
-66.49      -141.38      2.65                 16.76                  3.950116                       0.000000                        5.383717                 3.556101                    12.889933                
-66.72      -140.44      3.38                 18.94                  3.948922                       0.000000                        5.629247                 4.109667                    13.687836                
-66.96      -139.51      4.10                 20.86                  3.947929                       0.000000                        5.814182                 4.439974                    14.202085                
-67.20      -138.57      4.82                 22.60                  3.947131                       0.000000                        5.959365                 4.800771                    14.707267                
-67.43      -137.63      5.52                 24.19                  3.946533                       0.000000                        6.077175                 5.284364                    15.308072                
-67.63      -136.78      6.13                 25.50                  3.945881                       0.000000                        6.164150                 5.513929                    15.623960                
-67.82      -135.94      6.74                 26.73                  3.945373                       0.000000                        6.239493                 6.014766                    16.199632                
-68.01      -135.09      7.33                 27.89                  3.945007                       0.000000                        6.305328                 6.323174                    16.573508                
-68.21      -134.25      7.93                 29.00                  3.944779                       0.000000                        6.363121                 6.595771                    16.903671                
-68.40      -133.40      8.52                 30.06                  3.944689                       0.000000                        6.413385                 7.072399                    17.430472                
-68.56      -132.46      9.13                 31.11                  3.944101                       0.000000                        6.457721                 7.353912                    17.755734                
-68.73      -131.53      9.73                 32.13                  3.943660                       0.000000                        6.494198                 7.857420                    18.295277                
-68.90      -130.59      10.33                33.10                  3.943362                       0.000000                        6.522289                 8.182754                    18.648405                
-69.06      -129.66      11.41                34.78                  4.585004                       0.783850                        6.549297                 8.398758                    20.316909                
-69.23      -128.72      14.69                39.47                  4.981916                       1.986995                        6.499516                 8.607921                    22.076347                
-69.39      -127.79      16.88                42.31                  4.783807                       0.065309                        6.453077                 7.822174                    19.124366                
-69.56      -126.85      18.49                44.28                  4.629613                       0.000000                        6.499056                 6.088790                    17.217459                
-69.73      -125.92      19.72                45.73                  4.505922                       0.000000                        6.602206                 4.790518                    15.898645                
-69.85      -125.06      21.13                47.33                  4.437482                       0.000000                        6.794257                 4.233728                    15.465467                
-69.98      -124.21      24.63                51.10                  3.917772                       0.000000                        7.361682                 5.010199                    16.289652                
-70.10      -123.35      28.34                54.82                  3.781872                       0.000000                        7.726284                 6.817555                    18.325711                
-70.23      -122.49      28.74                55.21                  3.777445                       0.000000                        7.756588                 8.234225                    19.768258                
-70.35      -121.64      28.98                55.44                  3.779108                       0.000000                        7.769839                 8.540363                    20.089310                
-70.48      -120.78      29.22                55.67                  3.780467                       0.000000                        7.782686                 8.696107                    20.259260                
====================Subduction_Zone_31====================
-70.48      -120.78      29.22                55.67                  3.780467                       0.000000                        7.782686                 8.696107                    20.259260                
-70.49      -120.49      29.29                55.73                  3.780887                       0.000000                        7.785998                 8.727558                    20.294443                
-70.50      -119.69      29.43                55.86                  3.782010                       0.000000                        7.793330                 8.837403                    20.412744                
-70.51      -118.89      29.57                56.00                  3.783036                       0.000000                        7.800636                 8.941301                    20.524973                
-70.51      -118.08      29.72                56.14                  3.783975                       0.000000                        7.807954                 9.089753                    20.681682                
-70.52      -117.28      29.87                56.28                  3.784833                       0.000000                        7.815331                 9.213158                    20.813321                
-70.53      -116.48      30.03                56.43                  3.785624                       0.000000                        7.822795                 9.322782                    20.931200                
-70.49      -115.57      30.17                56.56                  3.786230                       0.000000                        7.829622                 9.388385                    21.004237                
-70.44      -114.67      28.46                54.94                  3.758697                       0.000000                        7.741133                 9.136123                    20.635953                
-70.40      -113.76      28.29                54.77                  3.735342                       0.000000                        7.729569                 8.689827                    20.154738                
-70.32      -112.86      28.51                54.99                  3.735358                       0.000000                        7.743172                 8.220457                    19.698988                
-70.24      -111.96      28.61                55.08                  3.735383                       0.000000                        7.748627                 8.114936                    19.598945                
-70.15      -111.06      28.70                55.17                  3.735412                       0.000000                        7.754182                 8.233224                    19.722817                
-70.14      -110.37      28.81                55.27                  3.735433                       0.000000                        7.760009                 8.305756                    19.801198                
-70.13      -109.68      28.91                55.37                  3.735455                       0.000000                        7.765855                 8.395558                    19.896869                
-70.11      -108.98      29.02                55.47                  3.735473                       0.000000                        7.769927                 8.505092                    20.010491                
-70.09      -108.04      29.26                55.71                  3.750197                       0.000000                        7.783781                 8.774110                    20.308088                
-70.07      -107.10      29.67                56.10                  3.770056                       0.000000                        7.799735                 8.971377                    20.541168                
-70.05      -106.15      29.70                56.12                  3.770218                       0.000000                        7.801215                 9.074325                    20.645758                
-69.87      -105.39      29.76                56.18                  3.770376                       0.000000                        7.804242                 9.125389                    20.700007                
-69.69      -104.63      29.83                56.24                  3.770541                       0.000000                        7.807490                 9.193807                    20.771839                
-69.50      -103.90      30.07                56.47                  3.796331                       0.000000                        7.827770                 9.244804                    20.868906                
-69.31      -103.17      30.81                57.16                  3.831713                       0.000000                        7.856730                 9.838084                    21.526528                
-69.13      -102.45      30.90                57.24                  3.831749                       0.000000                        7.863501                 9.967635                    21.662886                
-68.86      -101.69      30.95                57.29                  3.831792                       0.000000                        7.862871                 10.396496                   22.091158                
-68.60      -100.94      31.00                57.34                  3.831878                       0.000000                        7.858977                 10.445532                   22.136387                
-68.34      -100.18      31.07                57.40                  3.831933                       0.000000                        7.871457                 10.527237                   22.230627                
-68.18      -99.29       31.19                57.51                  3.831998                       0.000000                        7.876979                 10.566473                   22.275450                
-68.02      -98.40       31.25                57.56                  3.832111                       0.000000                        7.876565                 10.998943                   22.707619                
-67.86      -97.51       32.05                58.30                  3.798318                       0.000000                        8.016749                 11.941015                   23.756082                
-67.62      -96.56       34.83                60.77                  3.783599                       0.000000                        8.047952                 12.328807                   24.160358                
-67.38      -95.62       35.03                60.95                  3.784308                       0.000000                        8.064191                 12.638710                   24.487209                
-67.03      -94.65       35.09                61.00                  3.786116                       0.000000                        8.062158                 12.615067                   24.463340                
-66.68      -93.68       35.30                61.18                  3.787428                       0.000000                        8.077981                 12.419526                   24.284935                
-66.36      -92.90       35.56                61.41                  3.788428                       0.000000                        8.091114                 12.269420                   24.148961                
-66.04      -92.12       33.33                59.45                  3.793047                       0.000000                        7.977990                 11.506333                   23.277370                
-65.72      -91.34       31.58                57.87                  3.796358                       0.000000                        7.895602                 10.099902                   21.791862                
-65.57      -90.46       30.20                56.59                  3.795604                       0.000000                        7.832909                 9.753817                    21.382330                
-65.42      -89.58       33.62                59.71                  3.794047                       0.000000                        7.712100                 8.533379                    20.039526                
-65.36      -88.90       33.12                59.26                  3.790459                       0.000000                        7.705757                 8.144240                    19.640457                
-65.30      -88.22       28.13                54.61                  3.863495                       0.000000                        7.716094                 8.144240                    19.723829                
-65.24      -87.54       28.26                54.74                  3.926380                       0.000000                        7.636661                 7.854727                    19.417769                
-65.01      -86.64       27.60                54.10                  3.941004                       0.000000                        7.583212                 7.487062                    19.011279                
-64.78      -85.74       26.99                53.50                  3.933417                       0.000000                        7.634880                 7.666813                    19.235110                
-64.66      -84.93       34.55                60.53                  4.143357                       0.000000                        8.041123                 11.718519                   23.902999                
-64.54      -84.12       39.21                64.48                  4.329234                       0.000000                        8.297064                 10.395393                   23.021690                
-64.42      -83.31       40.29                65.37                  4.293727                       0.000000                        8.175390                 8.710477                    21.179594                
-64.30      -82.50       41.45                66.30                  4.312795                       0.000000                        8.241608                 9.637863                    22.192266                
-64.06      -81.66       41.28                66.16                  4.366345                       0.000000                        8.419426                 9.760192                    22.545962                
-63.82      -80.82       39.96                65.10                  4.346257                       0.000000                        8.300854                 12.711893                   25.359003                
-63.58      -79.98       31.60                57.89                  4.327834                       0.000000                        7.896109                 6.420118                    18.644061                
-63.76      -79.25       27.69                54.19                  4.319368                       0.000000                        7.678908                 6.420118                    18.418393                
-63.94      -78.52       23.79                50.23                  4.313710                       0.000000                        7.256235                 5.167066                    16.737012                
-64.13      -77.63       24.83                51.32                  4.388430                       0.000000                        7.391415                 5.519006                    17.298851                
-64.31      -76.75       23.85                50.29                  4.384067                       0.000000                        7.250547                 5.459226                    17.093839                
-64.26      -76.05       25.19                51.69                  4.370404                       0.000000                        7.171259                 5.519006                    17.060670                
-64.21      -75.35       24.32                50.78                  4.367736                       0.000000                        7.269549                 7.488848                    19.126133                
-64.15      -74.65       26.66                53.17                  4.394156                       0.000000                        7.604142                 7.529024                    19.527321                
-64.03      -73.71       29.92                56.33                  4.341975                       0.000000                        7.804518                 9.332985                    21.479478                
-63.90      -72.77       30.10                56.50                  4.347143                       0.000000                        7.826166                 9.585896                    21.759206                
-63.78      -71.83       28.51                54.99                  4.317020                       0.000000                        7.742520                 8.778775                    20.838315                
-63.65      -70.88       27.81                54.31                  4.325895                       0.000000                        7.692507                 8.122731                    20.141132                
====================Subduction_Zone_32====================
-63.65      -70.88       27.81                54.31                  4.325895                       0.000000                        7.692507                 8.122731                    20.141132                
-63.34      -71.26       28.21                54.70                  4.337325                       0.000000                        7.719289                 8.122731                    20.179346                
-62.87      -71.73       27.91                54.41                  4.327712                       0.000000                        7.699146                 8.122731                    20.149589                
-62.59      -71.99       28.44                54.92                  4.335077                       0.000000                        7.739022                 7.486345                    19.560444                
-62.19      -72.12       28.40                54.88                  4.339232                       0.000000                        7.736283                 7.164267                    19.239782                
-62.12      -72.12       28.09                54.58                  4.330865                       0.000000                        7.715831                 7.164267                    19.210963                
-61.75      -72.04       26.39                52.90                  4.287901                       0.000000                        7.577131                 6.766245                    18.631277                
-61.39      -71.90       24.75                51.23                  4.252053                       0.000000                        7.380281                 5.598329                    17.230662                
-61.02      -71.74       23.07                49.47                  4.216396                       0.000000                        7.112939                 4.751864                    16.081200                
-60.69      -71.61       21.58                47.84                  4.189908                       0.000000                        6.861137                 4.915840                    15.966885                
-60.54      -71.53       20.85                47.03                  4.188377                       0.000000                        6.759408                 5.101403                    16.049188                
-60.22      -71.46       20.09                46.16                  4.228951                       0.000000                        6.643729                 5.376765                    16.249444                
-59.81      -71.50       19.23                45.16                  4.406636                       0.000000                        6.548387                 5.409849                    16.364872                
-59.43      -71.51       17.52                43.10                  4.345393                       0.000000                        6.481075                 6.426511                    17.252980                
-59.09      -71.46       16.84                42.25                  4.381711                       0.000000                        6.453426                 7.722398                    18.557535                
-58.79      -71.44       16.10                41.32                  4.412659                       0.000000                        6.459792                 7.777447                    18.649898                
-58.54      -71.36       15.75                40.87                  4.324430                       0.000000                        6.470562                 8.485925                    19.280917                
-58.21      -71.28       14.80                39.62                  4.394927                       0.000000                        6.495572                 8.602269                    19.492769                
-57.86      -71.16       13.91                38.40                  4.431429                       0.000000                        6.527955                 8.524592                    19.483976                
-57.44      -70.87       13.33                37.59                  4.453026                       0.000000                        6.538923                 8.788250                    19.780199                
-57.12      -70.52       13.02                37.15                  4.431062                       0.000000                        6.546971                 8.816258                    19.794291                
-56.92      -70.28       12.87                36.95                  4.425041                       0.000000                        6.551102                 8.818002                    19.794145                
-56.69      -70.01       12.47                36.36                  4.459751                       0.000000                        6.552766                 8.764635                    19.777152                
-56.43      -69.68       12.24                36.03                  4.308152                       0.000000                        6.555193                 8.726358                    19.589703                
-56.01      -69.17       11.93                35.56                  4.332956                       0.000000                        6.554483                 8.658568                    19.546007                
-55.66      -68.69       11.64                35.14                  4.410540                       0.000000                        6.553777                 8.300601                    19.264917                
-55.35      -68.35       11.40                34.77                  4.450850                       0.000000                        6.550789                 8.118078                    19.119717                
-55.04      -68.07       11.04                34.22                  4.100516                       0.000000                        6.524016                 8.348203                    18.972735                
-54.61      -67.96       10.33                33.11                  4.097642                       0.000000                        6.491773                 7.072448                    17.661863                
-54.33      -67.87       5.40                 23.93                  4.167291                       0.000000                        6.370596                 7.103303                    17.641190                
-54.11      -67.79       9.41                 31.59                  4.213209                       0.000000                        6.469738                 7.309306                    17.992253                
-54.03      -67.75       9.26                 31.34                  4.230311                       0.000000                        6.461480                 7.343413                    18.035204                
-53.78      -67.62       8.73                 30.42                  4.293939                       0.000000                        6.429400                 7.397100                    18.120440                
-53.49      -67.47       7.96                 29.05                  4.386863                       0.000000                        6.363754                 6.664794                    17.415412                
-53.14      -67.27       6.77                 26.80                  4.529882                       0.000000                        6.239864                 5.547777                    16.317524                
-52.85      -67.09       5.49                 24.13                  4.693914                       0.000000                        6.068694                 5.600904                    16.363513                
-52.54      -66.89       3.60                 19.54                  4.936942                       1.488402                        5.642485                 4.170500                    16.238329                
-52.28      -66.73       1.47                 12.46                  4.429960                       1.086095                        4.916171                 3.676537                    14.108765                
====================Subduction_Zone_33====================
-52.28      -66.73       1.47                 12.46                  4.429960                       1.086095                        4.916171                 3.676537                    14.108765                
-52.20      -66.67       1.30                 11.73                  3.936990                       0.000000                        4.620206                 3.379242                    11.936438                
-51.95      -66.52       1.90                 14.21                  3.911107                       0.000000                        5.113933                 3.327314                    12.352354                
-51.33      -66.14       7.32                 27.87                  4.281920                       0.000000                        6.300554                 6.524145                    17.106618                
-50.92      -65.89       9.44                 31.63                  4.211892                       0.000000                        6.473876                 7.407878                    18.093646                
-50.54      -65.65       11.27                34.56                  4.437878                       0.000000                        6.545541                 8.591939                    19.575358                
-50.18      -65.41       13.55                37.90                  4.845623                       0.000000                        6.534054                 8.206380                    19.586056                
-49.69      -65.09       16.83                42.25                  4.835005                       0.000000                        6.460116                 6.780271                    18.075392                
-49.42      -64.91       18.65                44.48                  4.830823                       0.000000                        6.521123                 6.053976                    17.405922                
-48.97      -64.66       26.99                53.50                  4.294893                       0.000000                        7.502474                 5.201197                    16.998564                
-48.70      -64.52       45.59                69.53                  4.054670                       0.000000                        8.573789                 3.361800                    15.990259                
-48.35      -64.33       54.69                76.16                  3.988569                       0.000000                        8.921916                 1.819252                    14.729736                
-48.09      -64.04       54.53                76.04                  3.992128                       0.000000                        8.920670                 1.772219                    14.685017                
-47.54      -63.63       53.75                75.50                  3.996735                       0.000000                        8.916085                 1.859286                    14.772106                
-47.54      -63.63       53.75                75.50                  3.996735                       0.000000                        8.916085                 1.859286                    14.772106                
-47.07      -63.46       53.48                75.31                  3.999996                       0.000000                        8.909823                 1.959243                    14.869061                
-46.66      -63.21       53.06                75.01                  4.003381                       0.000000                        8.904253                 1.957364                    14.864999                
-45.98      -62.73       52.14                74.36                  4.007356                       0.000000                        8.897024                 1.925160                    14.829541                
-45.31      -62.24       51.50                73.90                  4.015742                       0.000000                        8.883118                 1.858721                    14.757582                
-44.42      -61.88       50.74                73.35                  4.021735                       0.000000                        8.866761                 1.791095                    14.679592                
-43.54      -61.51       49.65                72.56                  4.029204                       0.000000                        8.837849                 1.708742                    14.575796                
-42.65      -61.15       48.53                71.74                  4.036975                       0.000000                        8.801151                 1.927802                    14.765928                
-41.77      -60.78       47.43                70.92                  4.024303                       0.000000                        8.757920                 2.250069                    15.032292                
-40.88      -60.42       46.35                70.11                  4.020947                       0.000000                        8.708328                 3.016671                    15.745945                
-40.09      -60.38       45.14                69.18                  4.022319                       0.000000                        8.645778                 4.145044                    16.813142                
-39.29      -60.33       43.92                68.25                  4.023760                       0.000000                        8.577210                 4.220967                    16.821936                
-38.50      -60.29       40.69                65.69                  4.053340                       0.000000                        8.326233                 6.692318                    19.071891                
-37.70      -60.25       35.70                61.53                  3.813840                       0.000000                        8.099524                 10.562427                   22.475790                
-36.88      -60.26       35.00                60.92                  3.818473                       0.000000                        8.062403                 11.461235                   23.342111                
-36.06      -60.28       34.27                60.28                  3.823193                       0.000000                        8.024969                 12.407023                   24.255184                
-35.24      -60.30       33.52                59.62                  3.827994                       0.000000                        7.987310                 12.410922                   24.226226                
-34.42      -60.32       32.74                58.92                  3.832872                       0.000000                        7.949480                 11.922694                   23.705046                
-33.60      -60.34       31.93                58.19                  3.837820                       0.000000                        7.911424                 10.923375                   22.672618                
-32.70      -60.22       31.50                57.80                  3.850155                       0.000000                        7.891429                 10.644111                   22.385695                
-31.80      -60.11       31.51                57.80                  3.871728                       0.000000                        7.891743                 10.653728                   22.417199                
-31.08      -60.22       31.51                57.81                  3.891936                       0.000000                        7.891915                 10.658011                   22.441863                
-30.51      -60.37       31.51                57.81                  3.909396                       0.000000                        7.892071                 10.659583                   22.461051                
-29.96      -60.43       31.51                57.81                  3.928580                       0.000000                        7.892202                 10.661846                   22.482628                
-29.24      -60.68       31.52                57.81                  3.949351                       0.000000                        7.892298                 10.666435                   22.508085                
-28.72      -60.83       31.52                57.82                  3.971927                       0.000000                        7.892451                 10.667710                   22.532087                
-28.21      -60.98       31.52                57.82                  4.007136                       0.000000                        7.892639                 10.669127                   22.568902                
-27.63      -61.53       31.53                57.82                  4.038974                       0.000000                        7.892791                 10.673306                   22.605070                
====================Subduction_Zone_34====================
73.69       -101.56      11.86                35.47                  4.442542                       0.000000                        6.554850                 8.302730                    19.300121                
73.97       -102.45      13.48                37.81                  4.441685                       0.000000                        6.536087                 8.328805                    19.306577                
74.25       -103.34      14.94                39.81                  4.477247                       0.000000                        6.491203                 8.085783                    19.054233                
74.53       -104.24      16.31                41.59                  4.457054                       0.000000                        6.457952                 7.326863                    18.241869                
74.81       -105.13      17.62                43.23                  4.438420                       0.000000                        6.463133                 5.410710                    16.312263                
75.10       -106.02      18.88                44.75                  4.421187                       0.000000                        6.526761                 5.160593                    16.108542                
75.38       -106.92      20.09                46.15                  4.405271                       0.000000                        6.644018                 4.267680                    15.316969                
75.66       -107.81      21.13                47.33                  4.439963                       0.000000                        6.783195                 4.009376                    15.232534                
75.91       -108.73      21.93                48.23                  3.953387                       0.000000                        6.917684                 3.728172                    14.599243                
76.17       -109.64      22.43                48.77                  3.953998                       0.000000                        7.002437                 3.697637                    14.654072                
76.42       -110.55      22.93                49.31                  3.954585                       0.000000                        7.088882                 3.754657                    14.798124                
76.67       -111.47      23.43                49.85                  3.955145                       0.000000                        7.174208                 3.904652                    15.034005                
76.93       -112.38      23.94                50.39                  3.955676                       0.000000                        7.257349                 4.231861                    15.444886                
77.18       -113.30      24.45                50.92                  3.956177                       0.000000                        7.336130                 4.328152                    15.620459                
77.43       -114.21      24.96                51.45                  3.956649                       0.000000                        7.409487                 4.896302                    16.262438                
77.69       -115.12      25.47                51.97                  3.957089                       0.000000                        7.475987                 5.288268                    16.721344                
77.94       -116.04      25.98                52.49                  3.957495                       0.000000                        7.536103                 5.843349                    17.336947                
78.19       -116.95      26.49                53.00                  3.957866                       0.000000                        7.589324                 6.006799                    17.553989                
78.54       -117.92      27.43                53.94                  4.157491                       0.000000                        7.670465                 6.835496                    18.663452                
78.89       -118.89      28.47                54.95                  4.147281                       0.000000                        7.740541                 8.139437                    20.027259                
79.24       -119.86      29.47                55.90                  4.138028                       0.000000                        7.795446                 8.537304                    20.470779                
79.59       -120.83      30.44                56.81                  4.129664                       0.000000                        7.842266                 9.579671                    21.551601                
79.94       -121.80      31.38                57.69                  4.239175                       0.000000                        7.886204                 10.788436                   22.913815                
80.29       -122.77      32.69                58.88                  4.390503                       0.000000                        7.947258                 11.604365                   23.942127                
80.64       -123.73      34.05                60.09                  4.388185                       0.000000                        8.014202                 12.143028                   24.545414                
80.85       -124.71      34.92                60.85                  4.385426                       0.000000                        8.058395                 10.813758                   23.257580                
81.05       -125.69      35.78                61.60                  4.382816                       0.000000                        8.103751                 10.570345                   23.056913                
81.25       -126.66      36.64                62.33                  4.380350                       0.000000                        8.150172                 9.706542                    22.237064                
81.45       -127.64      37.49                63.06                  4.378024                       0.000000                        8.197556                 7.650000                    20.225580                
81.65       -128.61      38.34                63.77                  4.337495                       0.000000                        8.245779                 7.290424                    19.873698                
81.86       -129.59      39.12                64.41                  4.141220                       0.000000                        8.290378                 6.636013                    19.067611                
82.06       -130.56      39.75                64.92                  4.139582                       0.000000                        8.327590                 6.544556                    19.011727                
82.26       -131.54      40.37                65.43                  4.137776                       0.000000                        8.364684                 6.249411                    18.751871                
82.46       -132.52      40.99                65.93                  4.135808                       0.000000                        8.401640                 5.608837                    18.146285                
82.67       -133.49      41.60                66.42                  4.133690                       0.000000                        8.438273                 5.160651                    17.732614                
82.87       -134.47      42.19                66.89                  4.131422                       0.000000                        8.474367                 4.496329                    17.102117                
83.07       -135.44      42.78                67.35                  4.129019                       0.000000                        8.509726                 4.453875                    17.092619                
83.10       -136.42      43.00                67.53                  4.130981                       0.000000                        8.523060                 4.331716                    16.985758                
83.13       -137.40      43.23                67.71                  4.132896                       0.000000                        8.536594                 4.188083                    16.857573                
83.15       -138.38      43.46                67.89                  4.134764                       0.000000                        8.550318                 4.116457                    16.801538                
83.18       -139.36      43.70                68.07                  4.136580                       0.000000                        8.564202                 4.075557                    16.776339                
83.21       -140.34      43.93                68.26                  4.138352                       0.000000                        8.578155                 4.056388                    16.772894                
83.24       -141.32      44.18                68.45                  4.140090                       0.000000                        8.592086                 4.106607                    16.838783                
83.26       -142.30      44.42                68.64                  4.141772                       0.000000                        8.606104                 4.137868                    16.885744                
83.29       -143.28      44.67                68.83                  4.143399                       0.000000                        8.620146                 4.111805                    16.875351                
83.32       -144.26      44.92                69.02                  4.144968                       0.000000                        8.634144                 4.017900                    16.797012                
83.35       -145.23      45.18                69.22                  4.146476                       0.000000                        8.648077                 3.909511                    16.704064                
83.37       -146.21      45.44                69.41                  4.147924                       0.000000                        8.661935                 3.712551                    16.522410                
83.40       -147.19      45.70                69.61                  4.149307                       0.000000                        8.675675                 3.501679                    16.326661                
83.43       -148.17      45.96                69.81                  4.150660                       0.000000                        8.689100                 3.333200                    16.172959                
83.46       -149.15      46.23                70.01                  4.151944                       0.000000                        8.702305                 3.144598                    15.998847                
83.48       -150.13      46.49                70.22                  4.153165                       0.000000                        8.715296                 2.885592                    15.754053                
83.51       -151.11      46.76                70.42                  4.154317                       0.000000                        8.728023                 2.707233                    15.589574                
83.54       -152.09      47.03                70.62                  4.155402                       0.000000                        8.740424                 2.531829                    15.427655                
83.57       -153.07      47.31                70.83                  4.156415                       0.000000                        8.752489                 2.351622                    15.260526                
83.59       -154.05      47.58                71.03                  4.138200                       0.000000                        8.764196                 2.189158                    15.091554                
83.62       -155.03      47.84                71.23                  4.133103                       0.000000                        8.774913                 1.991530                    14.899546                
83.65       -156.01      48.10                71.42                  4.132757                       0.000000                        8.785149                 1.875172                    14.793078                
83.68       -156.99      48.36                71.61                  4.132431                       0.000000                        8.794981                 1.787174                    14.714586                
83.70       -157.97      48.62                71.80                  4.132124                       0.000000                        8.804415                 1.698920                    14.635459                
83.73       -158.94      48.88                71.99                  4.131837                       0.000000                        8.813447                 1.636142                    14.581425                
83.76       -159.92      49.14                72.18                  4.131570                       0.000000                        8.822070                 1.622270                    14.575910                
83.79       -160.90      49.39                72.37                  4.131322                       0.000000                        8.830281                 1.638938                    14.600540                
83.81       -161.88      49.65                72.56                  4.131094                       0.000000                        8.838076                 1.656719                    14.625889                
83.84       -162.86      49.91                72.75                  4.130887                       0.000000                        8.845473                 1.661611                    14.637971                
83.87       -163.84      50.17                72.94                  4.130699                       0.000000                        8.852487                 1.671145                    14.654330                
83.90       -164.82      50.42                73.12                  4.130529                       0.000000                        8.859103                 1.691774                    14.681406                
83.92       -165.80      50.68                73.31                  4.130378                       0.000000                        8.865347                 1.725318                    14.721043                
83.95       -166.78      50.93                73.49                  4.130246                       0.000000                        8.871239                 1.736570                    14.738055                
83.98       -167.76      51.19                73.67                  4.130132                       0.000000                        8.876785                 1.744083                    14.751000                
84.01       -168.74      51.44                73.86                  4.130037                       0.000000                        8.881968                 1.752244                    14.764249                
83.84       176.41       55.02                76.38                  3.928798                       0.000000                        8.926020                 1.537583                    14.392402                
====================Subduction_Zone_35====================
70.86       135.06       75.64                89.56                  4.073379                       0.000000                        7.897411                 0.050534                    12.021323                
71.21       136.01       74.67                88.99                  4.074066                       0.000000                        7.748384                 0.105129                    11.927580                
71.56       136.96       73.71                88.41                  4.074811                       0.000000                        7.648743                 0.258809                    11.982363                
71.90       137.91       72.77                87.85                  4.075613                       0.000000                        7.588157                 0.465169                    12.128939                
72.25       138.86       71.84                87.28                  4.076471                       0.000000                        7.553739                 0.593394                    12.223604                
72.63       139.81       70.87                86.69                  4.077578                       0.000000                        7.535614                 0.807627                    12.420819                
73.02       140.77       69.91                86.10                  4.078749                       0.000000                        7.532249                 0.983924                    12.594922                
73.40       141.72       68.97                85.52                  4.079985                       0.000000                        7.546889                 1.155689                    12.782563                
73.79       142.68       68.04                84.94                  4.091105                       0.000000                        7.588243                 1.316748                    12.996096                
74.17       143.63       66.73                84.12                  4.305462                       0.000000                        7.711116                 1.394802                    13.411381                
74.56       144.59       65.45                83.31                  4.301777                       0.000000                        7.914921                 1.369575                    13.586274                
74.94       145.54       64.20                82.51                  4.298002                       0.000000                        8.164795                 1.307337                    13.770135                
75.36       146.49       62.96                81.71                  4.293631                       0.000000                        8.416060                 1.253856                    13.963547                
75.77       147.44       61.77                80.93                  4.289204                       0.000000                        8.619412                 1.190340                    14.098955                
76.19       148.39       60.63                80.18                  4.284729                       0.000000                        8.761229                 1.150859                    14.196818                
76.61       149.34       59.54                79.46                  4.280217                       0.000000                        8.848194                 1.093137                    14.221548                
77.03       150.29       58.50                78.76                  4.275678                       0.000000                        8.895814                 1.094937                    14.266430                
77.44       151.24       57.51                78.09                  4.271120                       0.000000                        8.918783                 1.139476                    14.329379                
77.86       152.19       56.56                77.45                  4.266549                       0.000000                        8.927537                 1.230741                    14.424828                
78.28       153.14       55.67                76.84                  4.261974                       0.000000                        8.928436                 1.356580                    14.546990                
78.53       154.08       54.86                76.27                  4.123302                       0.000000                        8.925151                 1.470508                    14.518961                
78.77       155.01       54.32                75.89                  4.060491                       0.000000                        8.921330                 1.599305                    14.581126                
79.02       155.94       53.84                75.56                  4.063319                       0.000000                        8.917052                 1.660838                    14.641210                
79.26       156.87       53.37                75.23                  4.066236                       0.000000                        8.912063                 1.772148                    14.750447                
79.51       157.80       52.92                74.91                  4.069237                       0.000000                        8.906354                 1.840352                    14.815942                
79.76       158.73       52.47                74.59                  4.072323                       0.000000                        8.899997                 1.817182                    14.789501                
80.00       159.66       52.03                74.28                  4.072681                       0.000000                        8.895440                 1.806444                    14.774565                
80.25       160.59       51.61                73.98                  4.075897                       0.000000                        8.887899                 1.769155                    14.732951                
80.50       161.53       51.19                73.68                  4.079199                       0.000000                        8.879720                 1.743871                    14.702790                
80.85       162.42       50.90                73.47                  4.081217                       0.000000                        8.873458                 1.692250                    14.646925                
81.20       163.31       50.35                73.07                  4.089261                       0.000000                        8.860566                 1.677297                    14.627124                
81.51       164.28       50.06                72.86                  4.093947                       0.000000                        8.849648                 1.661333                    14.604928                
81.83       165.25       49.65                72.56                  4.098755                       0.000000                        8.838157                 1.601296                    14.538208                
82.14       166.22       49.26                72.28                  4.103695                       0.000000                        8.826206                 1.584969                    14.514870                
82.46       167.19       53.18                75.10                  4.096335                       0.000000                        8.817435                 1.708575                    14.622345                
82.60       168.11       54.19                75.81                  3.998241                       0.000000                        8.924305                 1.747526                    14.670071                
82.74       169.03       52.84                74.85                  4.018030                       0.000000                        8.851679                 1.498204                    14.367913                
82.87       169.96       55.95                77.03                  4.007341                       0.000000                        8.858692                 1.396630                    14.262663                
83.01       170.88       55.62                76.80                  3.930312                       0.000000                        8.928262                 1.369643                    14.228217                
83.15       171.80       55.77                76.91                  3.927681                       0.000000                        8.928624                 1.458158                    14.314463                
83.29       172.72       55.61                76.79                  3.927981                       0.000000                        8.928389                 1.442173                    14.298543                
83.42       173.65       55.47                76.70                  3.927863                       0.000000                        8.927941                 1.409026                    14.264830                
83.56       174.57       55.29                76.57                  3.927758                       0.000000                        8.927372                 1.418567                    14.273697                
83.70       175.49       55.15                76.47                  3.927653                       0.000000                        8.926721                 1.481922                    14.336295                
83.84       176.41       55.02                76.38                  3.928798                       0.000000                        8.926020                 1.537583                    14.392402                
====================Subduction_Zone_36====================
70.86       135.06       75.64                89.56                  4.073379                       0.000000                        7.897411                 0.050534                    12.021323                
70.09       134.95       76.65                90.16                  4.069854                       0.000000                        8.099583                 0.002058                    12.171495                
69.31       134.84       77.65                90.74                  4.066479                       0.000000                        8.325009                 0.000000                    12.391488                
68.54       134.72       78.64                91.32                  4.063201                       0.000000                        8.539481                 0.000000                    12.602681                
67.72       134.60       79.68                91.92                  4.059861                       0.000000                        8.717578                 0.000000                    12.777439                
66.91       134.48       80.70                92.51                  4.056864                       0.000000                        8.819625                 0.000000                    12.876489                
66.09       134.36       81.71                93.09                  4.061676                       0.000000                        8.836780                 0.000000                    12.898455                
65.34       134.10       82.74                93.67                  4.068984                       0.000000                        8.776262                 0.000000                    12.845246                
64.59       133.85       83.78                94.26                  4.077198                       0.000000                        8.662176                 0.000000                    12.739374                
63.84       133.59       84.83                94.85                  4.087251                       0.000000                        8.538080                 0.000000                    12.625332                
63.13       133.20       85.94                95.47                  4.097421                       0.000000                        8.451785                 0.000000                    12.549207                
62.42       132.81       86.91                96.00                  4.112364                       0.000000                        8.439171                 0.000000                    12.551535                
61.70       132.43       86.62                95.84                  4.128173                       0.000000                        8.439650                 0.000000                    12.567824                
60.86       132.00       86.75                95.92                  4.124480                       0.000000                        8.440291                 0.000000                    12.564772                
60.02       131.58       86.43                95.74                  4.114211                       0.000000                        8.439396                 0.000000                    12.553607                
59.29       131.20       86.45                95.75                  4.120063                       0.000000                        8.439546                 0.000000                    12.559609                
58.56       130.83       86.33                95.68                  4.123748                       0.000000                        8.440564                 0.000000                    12.564312                
57.75       130.42       86.29                95.66                  4.124025                       0.000000                        8.440320                 0.000000                    12.564345                
56.94       130.01       85.97                95.48                  4.036300                       0.000000                        8.450423                 0.000000                    12.486723                
56.23       129.55       86.22                95.62                  3.982248                       0.000000                        8.445256                 0.000000                    12.427504                
55.53       129.09       86.51                95.78                  3.984922                       0.000000                        8.439233                 0.000000                    12.424155                
54.66       128.63       87.46                96.30                  3.987035                       0.000000                        8.466598                 0.000000                    12.453634                
53.80       128.17       88.22                96.72                  3.989171                       0.000000                        8.515718                 0.000000                    12.504889                
53.10       127.79       88.29                96.76                  3.992083                       0.000000                        8.521511                 0.000000                    12.513594                
52.40       127.42       88.34                96.79                  3.995569                       0.000000                        8.535810                 0.000000                    12.531379                
51.82       127.11       88.40                96.82                  4.000850                       0.000000                        8.532208                 0.000000                    12.533057                
51.24       126.81       88.46                96.86                  4.003670                       0.000000                        8.547599                 0.000000                    12.551269                
50.60       126.48       88.54                96.90                  4.008316                       0.000000                        8.555056                 0.000000                    12.563372                
49.96       126.15       88.62                96.94                  4.013114                       0.000000                        8.563691                 0.000000                    12.576805                
49.18       125.75       88.75                97.01                  4.019209                       0.000000                        8.576423                 0.000000                    12.595632                
48.40       125.34       88.89                97.09                  4.025543                       0.000000                        8.591225                 0.000000                    12.616767                
47.49       124.87       89.09                97.20                  4.033168                       0.000000                        8.611982                 0.000000                    12.645150                
46.59       124.40       89.32                97.33                  4.042812                       0.000000                        8.626935                 0.000000                    12.669747                
45.76       123.88       89.68                97.52                  4.048904                       0.000000                        8.673810                 0.000000                    12.722713                
44.93       123.37       90.06                97.73                  4.058552                       0.000000                        8.705083                 0.000000                    12.763635                
43.97       122.85       85.71                95.34                  4.074821                       0.000000                        8.464249                 0.000000                    12.539070                
43.00       122.34       86.15                95.58                  4.082477                       0.000000                        8.447025                 0.000000                    12.529502                
42.07       121.76       86.75                95.91                  4.088736                       0.000000                        8.440000                 0.000000                    12.528736                
41.14       121.18       86.99                96.05                  4.093580                       0.000000                        8.440276                 0.000000                    12.533856                
40.42       120.78       87.08                96.10                  4.102872                       0.000000                        8.444529                 0.000000                    12.547401                
39.69       120.38       87.47                96.31                  4.106759                       0.000000                        8.449886                 0.000000                    12.556645                
38.96       119.98       87.95                96.57                  4.114074                       0.000000                        8.496538                 0.000000                    12.610612                
38.17       119.59       89.21                97.27                  4.117831                       0.000000                        8.624399                 0.000000                    12.742230                
37.37       119.19       90.15                97.78                  4.122989                       0.000000                        8.722101                 0.000000                    12.845090                
36.57       118.80       90.71                98.08                  4.129404                       0.000000                        8.773753                 0.000000                    12.903157                
35.75       118.39       91.29                98.39                  4.116886                       0.000000                        8.820975                 0.000000                    12.937861                
34.92       117.99       87.49                96.32                  3.923421                       0.000000                        8.452850                 0.000000                    12.376271                
34.10       117.58       86.11                95.56                  4.075037                       0.000000                        8.459914                 0.000000                    12.534951                
33.15       117.17       86.76                95.92                  4.087124                       0.000000                        8.440568                 0.000000                    12.527692                
32.20       116.76       87.44                96.29                  4.097489                       0.000000                        8.464578                 0.000000                    12.562067                
31.26       116.35       88.14                96.68                  4.105869                       0.000000                        8.487266                 0.000000                    12.593134                
30.50       116.00       88.40                96.82                  4.114649                       0.000000                        8.506450                 0.000000                    12.621099                
29.74       115.64       88.69                96.98                  4.129032                       0.000000                        8.570903                 0.000000                    12.699935                
28.98       115.28       89.39                97.36                  4.136137                       0.000000                        8.643262                 0.000000                    12.779399                
28.22       114.92       90.15                97.78                  4.151511                       0.000000                        8.677738                 0.000000                    12.829249                
27.42       114.59       90.92                98.19                  4.157882                       0.000000                        8.751637                 0.000000                    12.909519                
26.62       114.25       91.82                98.67                  4.258781                       0.000000                        8.857173                 0.000000                    13.115954                
25.82       113.91       92.41                99.00                  4.264686                       0.000000                        8.879811                 0.000000                    13.144496                
25.02       113.57       88.25                96.74                  4.087135                       0.000000                        8.493998                 0.000000                    12.581133                
24.22       113.23       88.98                97.14                  4.101431                       0.000000                        8.602278                 0.000000                    12.703709                
23.38       112.77       89.59                97.47                  4.112520                       0.000000                        8.666540                 0.000000                    12.779061                
22.55       112.31       90.71                98.08                  4.177552                       0.000000                        8.774045                 0.000000                    12.951597                
21.72       111.86       92.56                99.07                  4.276552                       0.000000                        8.896744                 0.000000                    13.173296                
20.89       111.40       95.15                100.45                 4.283160                       0.000000                        8.970539                 0.000000                    13.253699                
20.05       110.94       97.22                101.54                 4.289907                       0.000000                        9.004601                 0.000000                    13.294508                
19.23       110.46       98.90                102.41                 4.299104                       0.000000                        9.050571                 0.000000                    13.349675                
18.40       109.98       100.04               103.00                 4.308939                       0.000000                        9.109973                 0.000000                    13.418912                
17.58       109.50       100.24               103.10                 4.316784                       0.000000                        9.134504                 0.000000                    13.451288                
16.76       109.02       100.68               103.33                 4.317217                       0.000000                        9.147573                 0.000000                    13.464790                
====================Subduction_Zone_37====================
7.36        121.76       64.89                82.96                  4.287844                       0.000000                        8.022227                 1.324720                    13.634791                
7.38        121.02       67.09                84.35                  4.292540                       0.000000                        7.668627                 1.376846                    13.338013                
7.41        120.28       68.94                85.50                  4.103719                       0.000000                        7.548258                 1.086839                    12.738817                
7.31        119.52       70.51                86.47                  4.105866                       0.000000                        7.532734                 0.855794                    12.494394                
7.22        118.75       72.08                87.43                  4.107347                       0.000000                        7.561358                 0.617302                    12.286007                
7.12        117.99       73.67                88.39                  4.107834                       0.000000                        7.644595                 0.292651                    12.045080                
7.03        117.22       68.56                85.27                  4.144667                       0.000000                        7.620891                 1.131236                    12.896793                
7.36        116.46       63.97                82.36                  4.181399                       0.000000                        8.252026                 1.220687                    13.654112                
7.69        115.69       61.31                80.63                  4.198501                       0.000000                        8.623383                 1.192492                    14.014377                
8.02        114.93       60.28                79.96                  4.208264                       0.000000                        8.789469                 1.156878                    14.154611                
8.65        114.52       64.57                82.75                  4.765819                       0.000000                        8.107076                 1.264076                    14.136971                
9.28        114.12       67.18                84.41                  4.779410                       0.000000                        7.686412                 1.257113                    13.722935                
9.92        113.90       70.70                86.59                  4.781065                       0.000000                        7.541600                 0.618273                    12.940938                
10.55       113.67       73.12                88.06                  4.765164                       0.000000                        7.621280                 0.185037                    12.571482                
11.26       113.59       77.17                90.46                  4.738662                       0.000000                        8.217147                 0.076576                    13.032384                
12.02       112.99       80.56                92.43                  4.652296                       0.000000                        8.792325                 0.000000                    13.444621                
12.77       112.39       87.14                96.13                  4.482231                       0.000000                        8.649278                 0.000000                    13.131508                
13.48       111.81       93.33                99.49                  4.403491                       0.000000                        8.918258                 0.000000                    13.321749                
14.20       111.23       96.86                101.35                 4.366069                       0.000000                        8.988074                 0.000000                    13.354144                
15.00       110.59       97.94                101.91                 4.347291                       0.000000                        9.005952                 0.000000                    13.353243                
15.80       109.95       99.11                102.52                 4.335491                       0.000000                        9.055908                 0.000000                    13.391399                
16.76       109.02       100.68               103.33                 4.317217                       0.000000                        9.147573                 0.000000                    13.464790                
====================Subduction_Zone_38====================
0.78        117.98       46.54                70.25                  4.746518                       0.000000                        8.716398                 2.549986                    16.012902                
1.30        118.25       53.01                74.98                  4.675543                       0.000000                        8.905348                 1.896632                    15.477524                
1.83        118.53       59.48                79.42                  4.612585                       0.000000                        8.837940                 1.160192                    14.610717                
2.50        119.01       62.77                81.59                  4.491442                       0.000000                        8.474203                 1.221967                    14.187612                
3.17        119.50       66.61                84.05                  4.417922                       0.000000                        7.764279                 1.363859                    13.546060                
3.83        119.98       67.43                84.56                  4.367962                       0.000000                        7.635665                 1.345402                    13.349029                
4.66        120.57       66.21                83.79                  4.351786                       0.000000                        7.785117                 1.390905                    13.527808                
5.48        121.16       65.07                83.07                  4.329079                       0.000000                        7.987562                 1.368255                    13.684896                
6.42        121.46       64.98                83.01                  4.307755                       0.000000                        8.005951                 1.348318                    13.662025                
7.36        121.76       64.89                82.96                  4.287844                       0.000000                        8.022227                 1.324720                    13.634791                
====================Subduction_Zone_39====================
0.78        117.98       46.54                70.25                  4.746518                       0.000000                        8.716398                 2.549986                    16.012902                
0.21        118.57       46.12                69.93                  4.578626                       0.000000                        8.696179                 4.141859                    17.416664                
0.02        119.39       47.51                70.98                  4.517173                       0.000000                        8.760400                 2.490125                    15.767698                
-0.18       120.21       47.49                70.97                  4.517771                       0.000000                        8.759468                 2.087160                    15.364399                
-0.37       121.03       47.34                70.85                  4.516824                       0.000000                        8.752927                 3.221154                    16.490905                
-0.45       121.78       47.82                71.21                  4.507271                       0.000000                        8.773161                 2.361908                    15.642340                
-0.53       122.53       48.27                71.55                  4.268004                       0.000000                        8.789931                 2.128400                    15.186335                
-0.62       123.28       49.94                72.77                  4.204203                       0.000000                        8.845493                 1.974575                    15.024271                
-0.70       124.12       50.36                73.08                  4.150847                       0.000000                        8.855268                 2.039607                    15.045722                
-0.77       124.97       48.55                71.75                  4.125995                       0.000000                        8.801893                 2.002871                    14.930759                
-0.85       125.81       46.67                70.35                  4.135891                       0.000000                        8.723758                 3.116095                    15.975744                
-0.93       126.66       44.78                68.91                  4.131376                       0.000000                        8.625990                 4.074239                    16.831604                
-1.01       127.51       42.93                67.47                  4.131313                       0.000000                        8.518806                 4.153808                    16.803927                
-1.09       128.35       41.76                66.55                  4.124589                       0.000000                        8.449855                 5.139230                    17.713674                
-1.23       129.29       40.25                65.33                  4.147983                       0.000000                        8.285597                 6.482398                    18.915978                
-1.37       130.23       39.13                64.41                  4.165950                       0.000000                        8.291001                 6.752505                    19.209456                
-1.51       131.17       39.03                64.34                  4.053507                       0.000000                        8.285705                 6.714009                    19.053220                
-1.64       132.11       38.43                63.84                  3.980080                       0.000000                        8.250881                 6.873981                    19.104941                
-1.78       133.05       38.02                63.50                  3.972424                       0.000000                        8.227249                 7.200927                    19.400600                
-1.92       133.99       37.54                63.09                  3.953686                       0.000000                        8.183931                 8.083806                    20.221423                
-2.06       134.93       37.39                62.97                  3.941016                       0.000000                        8.156900                 8.476777                    20.574693                
-2.35       135.84       36.31                62.05                  3.944348                       0.000000                        8.131257                 10.175781                   22.251385                
-2.64       136.76       35.23                61.12                  3.917628                       0.000000                        8.074866                 11.850039                   23.842534                
-2.93       137.68       33.75                59.82                  3.921737                       0.000000                        7.997864                 12.308668                   24.228269                
-3.22       138.60       32.85                59.02                  3.858616                       0.000000                        7.954922                 11.665515                   23.479054                
-3.51       139.51       34.53                60.51                  3.904108                       0.000000                        8.038450                 12.081781                   24.024339                
-3.80       140.43       35.34                61.22                  3.918858                       0.000000                        8.080449                 10.844909                   22.844216                
-4.09       141.35       34.97                60.90                  4.079781                       0.000000                        8.060861                 11.659976                   23.800618                
-4.38       142.26       34.96                60.89                  4.823553                       0.000000                        8.060492                 11.323527                   24.207572                
-4.67       143.18       34.33                60.34                  4.779146                       0.000000                        8.027526                 11.918210                   24.724882                
-4.96       144.10       31.15                57.47                  4.535857                       0.000000                        7.875102                 9.421444                    21.832402                
-5.25       145.02       25.85                52.36                  4.271488                       0.000000                        7.521068                 5.796295                    17.588851                
-5.54       145.93       21.60                47.86                  4.149742                       0.000000                        6.863384                 3.992130                    15.005256                
====================Subduction_Zone_40====================
-12.36      147.47       11.21                34.49                  6.429714                       4.389958                        6.547374                 8.543019                    25.910064                
-11.62      147.26       12.29                36.10                  4.338953                       0.000000                        6.555172                 8.724249                    19.618374                
-10.69      147.13       13.97                38.50                  4.274831                       0.000000                        6.521842                 8.531342                    19.328015                
-9.76       146.99       16.10                41.32                  4.238894                       0.000000                        6.462978                 7.721024                    18.422896                
-8.84       146.86       22.39                48.73                  4.034450                       0.000000                        6.997755                 4.472631                    15.504835                
-7.91       146.73       28.68                55.15                  3.928007                       0.000000                        7.745587                 7.328172                    19.001766                
-6.98       146.60       18.02                43.72                  4.038046                       0.000000                        6.476124                 5.754775                    16.268945                
-6.26       146.27       19.57                45.55                  4.086440                       0.000000                        6.588324                 4.450508                    15.125271                
-5.54       145.93       21.60                47.86                  4.149742                       0.000000                        6.863384                 3.992130                    15.005256                
====================Subduction_Zone_41====================
-27.63      -61.53       31.53                57.82                  4.038974                       0.000000                        7.892791                 10.673306                   22.605070                
-27.50      -61.66       31.53                57.82                  4.046309                       0.000000                        7.892829                 10.669568                   22.608706                
-26.50      -62.05       31.53                57.83                  4.101193                       0.000000                        7.892743                 10.665230                   22.659166                
-25.50      -62.45       31.53                57.83                  4.191892                       0.000000                        7.892454                 10.642216                   22.726562                
-24.72      -62.76       32.01                58.26                  4.274554                       0.000000                        7.915015                 11.202255                   23.391825                
-23.93      -63.07       31.89                58.15                  8.932097                       3.539603                        7.989870                 11.812832                   32.274402                
-23.14      -63.38       36.14                61.90                  4.266545                       0.000000                        8.152772                 8.954144                    21.373461                
-22.30      -63.57       38.75                64.10                  4.196076                       0.000000                        8.306762                 6.302489                    18.805328                
-21.46      -63.77       41.59                66.41                  4.189384                       0.000000                        8.437856                 5.345332                    17.972571                
-20.61      -63.96       43.26                67.73                  4.182349                       0.000000                        8.563041                 4.141011                    16.886401                
-19.77      -64.15       45.32                69.32                  4.175022                       0.000000                        8.676281                 4.013382                    16.864685                
-18.93      -64.34       47.32                70.84                  4.359462                       0.345110                        8.747659                 3.301268                    16.753499                
-18.09      -64.53       46.47                70.20                  5.260207                       2.398284                        8.650644                 3.934770                    20.243905                
-17.23      -64.69       41.74                66.53                  4.100651                       0.000000                        8.459283                 4.473145                    17.033079                
-16.37      -64.85       44.65                68.81                  4.332697                       0.000000                        8.627306                 3.776146                    16.736150                
-15.52      -65.00       46.12                69.93                  4.234221                       0.000000                        8.708957                 2.552815                    15.495993                
-14.71      -64.76       49.33                72.33                  4.112653                       0.000000                        8.845870                 1.641612                    14.600134                
-13.90      -64.51       54.60                76.09                  4.031679                       0.000000                        8.921166                 1.365785                    14.318630                
-13.08      -64.26       56.86                77.65                  4.568890                       0.000000                        8.920806                 1.178818                    14.668515                
====================Subduction_Zone_42====================
7.74        -72.91       75.27                89.34                  3.909882                       0.000000                        7.835721                 0.082528                    11.828131                
7.55        -72.20       69.12                85.61                  3.950052                       0.000000                        7.557403                 0.045845                    11.553300                
7.35        -71.49       72.50                87.69                  3.931101                       0.000000                        7.695652                 0.045374                    11.672127                
6.95        -70.54       73.76                88.44                  3.921637                       0.000000                        7.768845                 0.045374                    11.735857                
6.55        -69.59       40.70                65.70                  4.306359                       0.000000                        8.384573                 5.433802                    18.124735                
6.15        -68.64       39.05                64.35                  4.185388                       0.000000                        8.287027                 6.376883                    18.849297                
5.68        -67.81       38.42                63.83                  4.143100                       0.000000                        8.250785                 6.581362                    18.975247                
5.22        -66.98       38.52                63.91                  4.108673                       0.000000                        8.372673                 5.699291                    18.180637                
4.76        -66.15       19.21                45.13                  5.478085                       3.439721                        6.684568                 5.699291                    21.301665                
4.29        -65.32       19.80                45.82                  5.478897                       3.435096                        6.622344                 5.699291                    21.235629                
3.64        -64.49       12.33                36.16                  5.482384                       3.443866                        6.532875                 7.931948                    23.391074                
2.99        -63.65       4.83                 22.64                  5.477579                       3.426654                        6.145590                 3.607646                    18.657469                
2.34        -62.82       1.23                 11.44                  5.482415                       3.447939                        5.026038                 4.860945                    18.817336                
1.69        -61.99       9.24                 31.31                  5.118618                       2.626292                        6.462530                 7.645218                    21.852658                
0.88        -61.39       15.91                41.08                  5.118645                       2.626394                        6.466558                 5.770231                    19.981828                
0.08        -60.78       23.54                49.97                  5.116698                       2.612899                        7.190933                 5.055131                    19.975660                
-0.72       -60.18       31.98                58.23                  5.358287                       3.194882                        7.913918                 9.510600                    25.977686                
-1.52       -59.57       37.49                63.06                  5.434983                       3.357080                        8.197838                 9.945423                    26.935324                
-2.08       -59.31       38.64                64.01                  5.434270                       3.357080                        8.205491                 9.945423                    26.942264                
-2.63       -59.05       38.77                64.12                  5.433559                       3.357080                        8.212909                 9.945423                    26.948971                
-3.63       -58.50       39.75                64.93                  5.432464                       3.350337                        8.268882                 6.613754                    23.665436                
-3.72       -58.46       39.18                64.46                  5.432891                       3.352979                        8.308425                 6.613754                    23.708049                
====================Subduction_Zone_43====================
18.27       -74.03       81.67                93.07                  3.826901                       0.000000                        8.840026                 0.000000                    12.666927                
17.64       -73.97       81.55                92.99                  3.827666                       0.000000                        8.840721                 0.000000                    12.668388                
17.00       -73.92       81.58                93.01                  3.828210                       0.000000                        8.840695                 0.000000                    12.668904                
16.17       -73.84       81.62                93.04                  3.829456                       0.000000                        8.838834                 0.000000                    12.668290                
15.33       -73.77       81.51                92.97                  3.830322                       0.000000                        8.840171                 0.000000                    12.670493                
14.49       -73.70       81.10                92.74                  3.870542                       0.000000                        8.836835                 0.000000                    12.707377                
13.61       -73.60       80.30                92.28                  3.972772                       0.000000                        8.765508                 0.000000                    12.738280                
12.73       -73.49       79.40                91.76                  3.978148                       0.000000                        8.675436                 0.000000                    12.653584                
11.85       -73.39       78.48                91.22                  3.981971                       0.000000                        8.452790                 0.000000                    12.434761                
10.97       -73.28       77.53                90.67                  3.987738                       0.000000                        8.298240                 0.000000                    12.285978                
10.15       -73.13       76.66                90.16                  3.991997                       0.000000                        8.052441                 0.007432                    12.051869                
9.32        -72.98       76.21                89.90                  3.993666                       0.000000                        7.875909                 0.041227                    11.910803                
8.50        -72.83       76.15                89.86                  3.907416                       0.000000                        7.995382                 0.042325                    11.945123                
7.74        -72.91       75.27                89.34                  3.909882                       0.000000                        7.835721                 0.082528                    11.828131                
====================Subduction_Zone_44====================
18.27       -74.03       81.67                93.07                  3.826901                       0.000000                        8.840026                 0.000000                    12.666927                
18.63       -74.28       83.64                94.18                  3.824143                       0.000000                        8.679562                 0.000000                    12.503705                
19.37       -74.70       83.73                94.23                  3.824306                       0.000000                        8.668253                 0.000000                    12.492558                
20.11       -75.12       83.97                94.36                  3.824503                       0.000000                        8.621911                 0.000000                    12.446414                
20.85       -75.53       84.36                94.58                  3.825075                       0.000000                        8.610468                 0.000000                    12.435543                
21.63       -75.92       82.54                93.56                  3.902988                       0.000000                        8.809577                 0.000000                    12.712565                
22.40       -76.31       83.01                93.82                  3.901754                       0.000000                        8.751523                 0.000000                    12.653276                
23.18       -76.69       83.65                94.19                  3.900786                       0.000000                        8.678044                 0.000000                    12.578830                
23.99       -77.08       84.17                94.48                  3.899458                       0.000000                        8.615139                 0.000000                    12.514597                
24.81       -77.46       84.70                94.77                  3.898212                       0.000000                        8.552640                 0.000000                    12.450852                
25.53       -77.62       85.31                95.11                  3.897314                       0.000000                        8.493024                 0.000000                    12.390338                
26.26       -77.79       85.76                95.36                  3.896149                       0.000000                        8.471619                 0.000000                    12.367768                
26.98       -77.95       86.16                95.59                  3.895360                       0.000000                        8.442968                 0.000000                    12.338328                
27.52       -78.13       86.78                95.93                  3.894768                       0.000000                        8.439523                 0.000000                    12.334290                
28.06       -78.30       87.20                96.16                  3.894335                       0.000000                        8.453241                 0.000000                    12.347576                
28.80       -78.56       87.74                96.46                  3.893577                       0.000000                        8.485429                 0.000000                    12.379006                
29.54       -78.83       88.28                96.76                  3.892872                       0.000000                        8.530097                 0.000000                    12.422969                
30.41       -79.13       88.94                97.12                  3.892243                       0.000000                        8.575198                 0.000000                    12.467441                
====================Subduction_Zone_45====================
30.41       -79.13       88.94                97.12                  3.892243                       0.000000                        8.575198                 0.000000                    12.467441                
30.63       -79.18       89.13                97.22                  3.891841                       0.000000                        8.599392                 0.000000                    12.491233                
31.60       -79.48       89.88                97.63                  3.891212                       0.000000                        8.695451                 0.000000                    12.586662                
32.39       -79.86       90.56                98.00                  3.892619                       0.000000                        8.760729                 0.000000                    12.653349                
33.31       -79.97       90.89                98.17                  3.899869                       0.000000                        8.789565                 0.000000                    12.689434                
33.86       -80.06       90.88                98.17                  3.906201                       0.000000                        8.789125                 0.000000                    12.695326                
34.42       -80.16       90.88                98.17                  3.912795                       0.000000                        8.788683                 0.000000                    12.701478                
35.17       -80.11       90.87                98.16                  3.926065                       0.000000                        8.787839                 0.000000                    12.713904                
35.70       -80.22       90.86                98.16                  3.949605                       0.000000                        8.786885                 0.000000                    12.736490                
36.23       -80.33       90.85                98.15                  3.968400                       0.000000                        8.786250                 0.000000                    12.754650                
36.81       -80.42       90.83                98.15                  4.012463                       0.000000                        8.785027                 0.000000                    12.797490                
37.76       -80.46       90.82                98.14                  4.072711                       0.000000                        8.783499                 0.000000                    12.856210                
38.56       -80.64       89.83                97.60                  4.094999                       0.000000                        8.689773                 0.000000                    12.784772                
39.35       -81.07       88.46                96.85                  4.102792                       0.000000                        8.547533                 0.000000                    12.650325                
39.92       -81.10       87.75                96.46                  4.118556                       0.000000                        8.455331                 0.000000                    12.573887                
40.62       -81.17       84.62                94.73                  4.089437                       0.000000                        8.451266                 0.000000                    12.540703                
41.13       -81.19       84.67                94.76                  3.983633                       0.000000                        8.624113                 0.000000                    12.607747                
41.63       -81.21       83.82                94.28                  3.985668                       0.000000                        8.637377                 0.000000                    12.623045                
42.14       -81.23       82.72                93.66                  4.008236                       0.000000                        8.778311                 0.000000                    12.786546                
42.65       -81.25       82.78                93.69                  4.006053                       0.000000                        8.772601                 0.000000                    12.778653                
43.47       -81.28       82.08                93.30                  4.014606                       0.000000                        8.823726                 0.000000                    12.838331                
43.94       -81.10       78.08                90.99                  3.912139                       0.000000                        8.382964                 0.000000                    12.295102                
44.20       -81.12       78.01                90.95                  3.912385                       0.000000                        8.338419                 0.000000                    12.250804                
====================Subduction_Zone_46====================
44.20       -81.12       78.01                90.95                  3.912385                       0.000000                        8.338419                 0.000000                    12.250804                
45.11       -80.65       78.47                91.22                  3.889265                       0.000000                        8.292133                 0.000000                    12.181398                
45.19       -79.94       77.08                90.41                  3.861166                       0.000000                        8.163759                 0.000096                    12.025021                
45.28       -79.22       74.76                89.04                  4.027711                       0.000000                        7.783212                 0.000125                    11.811048                
45.36       -78.50       74.92                89.14                  4.046673                       0.000000                        7.751867                 0.064791                    11.863331                
45.39       -77.61       75.00                89.18                  4.047508                       0.000000                        7.762329                 0.120988                    11.930825                
45.42       -76.72       75.07                89.23                  4.048394                       0.000000                        7.772463                 0.125097                    11.945954                
45.51       -75.84       74.84                89.08                  4.049411                       0.000000                        7.770730                 0.118928                    11.939069                
45.61       -74.96       74.58                88.93                  4.050344                       0.000000                        7.738547                 0.163480                    11.952371                
45.75       -74.25       74.30                88.76                  4.051917                       0.000000                        7.704788                 0.167177                    11.923882                
45.90       -73.53       74.25                88.74                  4.052248                       0.000000                        7.700143                 0.167177                    11.919568                
46.04       -72.82       74.44                88.85                  4.052243                       0.000000                        7.720672                 0.167177                    11.940092                
46.59       -72.34       74.36                88.80                  4.052404                       0.000000                        7.687029                 0.167177                    11.906610                
47.14       -71.87       74.27                88.74                  4.052381                       0.000000                        7.701516                 0.167177                    11.921073                
47.77       -72.41       74.30                88.77                  4.052467                       0.000000                        7.705021                 0.167177                    11.924665                
48.39       -72.95       74.35                88.80                  4.052397                       0.000000                        7.686118                 0.167177                    11.905692                
49.18       -73.73       74.39                88.82                  4.052382                       0.000000                        7.690176                 0.167177                    11.909735                
49.96       -74.51       74.43                88.84                  4.052367                       0.000000                        7.694267                 0.167177                    11.913810                
50.74       -75.30       74.24                88.73                  4.052351                       0.000000                        7.698391                 0.195546                    11.946288                
51.34       -75.99       73.91                88.53                  4.052271                       0.000000                        7.688691                 0.195546                    11.936509                
51.93       -76.68       74.27                88.75                  4.052346                       0.000000                        7.701877                 0.195546                    11.949770                
52.52       -77.37       73.95                88.55                  4.052794                       0.000000                        7.632472                 0.706467                    12.391733                
53.13       -78.08       71.06                86.81                  4.056406                       0.000000                        7.538149                 0.833374                    12.427930                
53.73       -78.78       70.24                86.31                  4.057520                       0.000000                        7.531539                 0.933158                    12.522217                
54.33       -79.49       69.23                85.68                  4.058492                       0.000000                        7.540652                 1.092878                    12.692022                
55.03       -80.09       67.79                84.79                  4.068797                       0.000000                        7.588130                 1.327076                    12.984002                
55.72       -80.69       66.44                83.94                  4.116847                       0.000000                        7.750629                 1.382702                    13.250178                
56.54       -80.73       65.30                83.21                  4.127907                       0.000000                        7.984383                 1.338503                    13.450793                
57.46       -80.99       63.69                82.18                  4.141989                       0.000000                        8.269826                 1.275976                    13.687791                
57.96       -81.16       62.78                81.59                  4.149197                       0.000000                        8.449858                 1.241035                    13.840090                
58.46       -81.32       61.85                80.99                  4.156569                       0.000000                        8.607367                 1.190146                    13.954081                
58.89       -81.36       61.14                80.52                  4.163512                       0.000000                        8.703610                 1.144764                    14.011886                
59.86       -81.47       59.44                79.40                  4.179886                       0.000000                        8.853300                 1.092215                    14.125401                
60.40       -81.33       58.67                78.88                  4.190406                       0.000000                        8.889925                 1.101819                    14.182150                
60.94       -81.20       57.86                78.33                  4.201217                       0.000000                        8.912419                 1.130100                    14.243736                
61.77       -80.66       60.01                79.77                  4.040385                       0.000000                        8.815248                 1.126173                    13.981807                
62.75       -80.17       60.08                79.82                  3.998174                       0.000000                        8.810083                 1.101176                    13.909434                
63.13       -80.09       59.65                79.53                  4.002902                       0.000000                        8.840870                 1.092626                    13.936399                
63.54       -79.54       59.48                79.42                  4.009698                       0.000000                        8.851212                 1.086483                    13.947392                
63.93       -79.46       59.04                79.12                  4.014589                       0.000000                        8.874648                 1.092322                    13.981559                
64.26       -79.21       58.74                78.93                  4.019660                       0.000000                        8.887069                 1.091504                    13.998233                
64.75       -79.10       58.16                78.53                  4.026021                       0.000000                        8.905446                 1.121422                    14.052890                
65.23       -79.22       57.41                78.03                  4.031722                       0.000000                        8.920028                 1.145097                    14.096846                
65.45       -79.27       57.09                77.81                  4.034312                       0.000000                        8.923776                 1.201912                    14.160000                
65.83       -79.18       56.59                77.47                  4.039635                       0.000000                        8.927396                 1.285845                    14.252876                
66.21       -79.23       56.02                77.07                  4.044297                       0.000000                        8.928681                 1.296161                    14.269139                
66.59       -79.14       55.50                76.72                  4.049811                       0.000000                        8.927998                 1.391646                    14.369454                
67.05       -78.92       54.91                76.31                  4.073947                       0.000000                        8.925408                 1.520260                    14.519616                
67.54       -78.64       54.25                75.85                  4.098256                       0.000000                        8.920769                 1.616597                    14.635622                
68.02       -78.08       54.09                75.74                  4.097785                       0.000000                        8.922177                 1.772420                    14.792382                
68.40       -77.70       51.51                73.91                  4.104002                       0.000000                        8.881235                 1.791906                    14.777143                
68.84       -77.21       51.00                73.54                  4.106807                       0.000000                        8.872627                 1.762358                    14.741792                
====================Subduction_Zone_47====================
68.84       -77.21       51.00                73.54                  4.106807                       0.000000                        8.872627                 1.762358                    14.741792                
68.96       -78.13       51.55                73.94                  4.104904                       0.000000                        8.877103                 1.767875                    14.749882                
69.09       -79.04       51.40                73.83                  4.103045                       0.000000                        8.881109                 1.745221                    14.729375                
69.22       -79.96       50.69                73.32                  4.102022                       0.000000                        8.865646                 1.723013                    14.690682                
69.34       -80.87       49.98                72.80                  4.101041                       0.000000                        8.847419                 1.643827                    14.592287                
69.52       -81.83       49.16                72.20                  4.100246                       0.000000                        8.822700                 1.639358                    14.562305                
69.71       -82.78       48.34                71.59                  4.099489                       0.000000                        8.794052                 1.987527                    14.881068                
69.89       -83.73       47.39                70.89                  4.402439                       0.000000                        8.754054                 2.888293                    16.044786                
70.07       -84.68       45.41                69.39                  4.822491                       0.000000                        8.660282                 3.713584                    17.196356                
70.26       -85.63       43.33                67.79                  4.849241                       0.215992                        8.542659                 4.184035                    17.791927                
70.44       -86.58       41.17                66.07                  4.877029                       1.548904                        8.412540                 5.842183                    20.680655                
70.62       -87.54       36.68                62.37                  4.809921                       1.333583                        8.180439                 9.348200                    23.672143                
70.81       -88.49       30.62                56.99                  3.820154                       0.000000                        7.850872                 9.685184                    21.356210                
70.99       -89.44       30.25                56.64                  3.828640                       0.000000                        7.833423                 9.463283                    21.125347                
71.17       -90.39       29.87                56.28                  3.828860                       0.000000                        7.815066                 9.228985                    20.872911                
71.36       -91.34       29.49                55.92                  3.829096                       0.000000                        7.796187                 8.660706                    20.285990                
71.54       -92.29       29.10                55.55                  3.829348                       0.000000                        7.776215                 8.409531                    20.015093                
71.72       -93.24       28.71                55.18                  3.829612                       0.000000                        7.754770                 8.025690                    19.610073                
71.91       -94.20       28.32                54.81                  3.829889                       0.000000                        7.731882                 7.723320                    19.285091                
72.10       -95.17       27.74                54.24                  3.830471                       0.000000                        7.682168                 6.810402                    18.323042                
72.30       -96.15       26.05                52.56                  3.896361                       0.000000                        7.539456                 6.250285                    17.686102                
72.50       -97.12       26.21                52.72                  3.910198                       0.000000                        7.555869                 5.999893                    17.465959                
72.70       -98.10       26.16                52.67                  3.872212                       0.000000                        7.469569                 5.307376                    16.649156                
72.90       -99.07       19.16                45.08                  3.883857                       0.000000                        6.594646                 6.638527                    17.117031                
73.10       -100.05      12.03                35.72                  3.958554                       0.000000                        6.534355                 7.949670                    18.442579                
73.40       -100.80      10.67                33.65                  3.974691                       0.000000                        6.534680                 8.223715                    18.733086                
73.69       -101.56      11.86                35.47                  4.442542                       0.000000                        6.554850                 8.302730                    19.300121                
====================Subduction_Zone_48====================
70.86       135.06       75.64                89.56                  4.073379                       0.000000                        7.897411                 0.050534                    12.021323                
71.21       136.01       74.67                88.99                  4.074066                       0.000000                        7.748384                 0.105129                    11.927580                
71.56       136.96       73.71                88.41                  4.074811                       0.000000                        7.648743                 0.258809                    11.982363                
71.90       137.91       72.77                87.85                  4.075613                       0.000000                        7.588157                 0.465169                    12.128939                
72.25       138.86       71.84                87.28                  4.076471                       0.000000                        7.553739                 0.593394                    12.223604                
72.63       139.81       70.87                86.69                  4.077578                       0.000000                        7.535614                 0.807627                    12.420819                
73.02       140.77       69.91                86.10                  4.078749                       0.000000                        7.532249                 0.983924                    12.594922                
73.40       141.72       68.97                85.52                  4.079985                       0.000000                        7.546889                 1.155689                    12.782563                
73.79       142.68       68.04                84.94                  4.091105                       0.000000                        7.588243                 1.316748                    12.996096                
74.17       143.63       66.73                84.12                  4.305462                       0.000000                        7.711116                 1.394802                    13.411381                
74.56       144.59       65.45                83.31                  4.301777                       0.000000                        7.914921                 1.369575                    13.586274                
74.94       145.54       64.20                82.51                  4.298002                       0.000000                        8.164795                 1.307337                    13.770135                
75.35       146.37       63.05                81.77                  4.293480                       0.000000                        8.398192                 1.257410                    13.949082                
75.76       147.20       61.95                81.05                  4.288933                       0.000000                        8.591859                 1.209370                    14.090162                
76.17       148.04       60.89                80.36                  4.284368                       0.000000                        8.733016                 1.168397                    14.185781                
76.58       148.87       59.88                79.69                  4.279792                       0.000000                        8.825425                 1.104431                    14.209647                
76.99       149.70       58.91                79.04                  4.275212                       0.000000                        8.880287                 1.090393                    14.245892                
====================Subduction_Zone_49====================
28.15       7.90         67.52                84.62                  7.247818                       5.093542                        7.667790                 1.547344                    21.556495                
27.87       8.66         68.24                85.07                  9.037069                       5.320885                        7.570158                 1.573909                    23.502021                
27.73       9.34         43.34                67.79                  9.874844                       5.381806                        8.536293                 5.072925                    28.865868                
27.59       10.01        38.91                64.23                  9.342586                       5.333841                        8.278692                 7.679178                    30.634297                
27.51       10.60        47.11                70.68                  12.209891                      5.494528                        8.473339                 3.994595                    30.172354                
27.42       11.20        69.33                85.75                  9.956419                       5.359579                        7.661055                 1.479988                    24.457040                
27.36       12.09        69.44                85.81                  8.282569                       5.236865                        7.537891                 1.078333                    22.135658                
====================Subduction_Zone_50====================
24.17       17.18        91.32                98.41                  5.421675                       3.325348                        8.822311                 0.000000                    17.569334                
24.16       17.22        91.96                98.75                  5.392763                       3.270155                        8.864998                 0.000000                    17.527917                
24.03       18.09        94.63                100.17                 5.172770                       2.756316                        9.016848                 0.000000                    16.945934                
23.93       18.73        96.59                101.21                 5.213891                       2.859427                        8.993389                 0.000000                    17.066708                
23.79       19.59        99.19                102.56                 5.128099                       2.649265                        9.061961                 0.000000                    16.839325                
23.77       20.22        99.09                102.51                 5.068678                       2.477221                        9.058551                 0.000000                    16.604451                
23.75       20.95        100.43               103.20                 5.026831                       2.363897                        9.134221                 0.000000                    16.524948                
23.72       21.54        103.11               104.57                 4.946484                       2.123743                        9.379571                 0.000000                    16.449798                
23.70       22.13        103.59               104.81                 4.933797                       2.083835                        9.430751                 0.000000                    16.448384                
23.85       22.83        104.17               105.10                 4.855723                       0.000000                        9.280011                 0.000000                    14.135734                
24.01       23.59        99.00                102.46                 4.821070                       0.000000                        9.054947                 0.000000                    13.876017                
24.21       24.58        87.06                96.09                  4.802688                       0.000000                        8.647054                 0.000000                    13.449742                
24.41       25.44        78.63                91.32                  4.798100                       0.000000                        8.613442                 0.000000                    13.411541                
24.59       26.29        68.51                85.24                  4.812950                       0.000000                        7.581822                 0.332720                    12.727492                
24.74       26.97        68.49                85.22                  4.807118                       0.000000                        7.592095                 1.151451                    13.550663                
24.87       27.61        52.95                74.93                  4.803428                       0.000000                        8.703792                 1.279549                    14.786770                
24.97       28.12        54.91                76.31                  4.800422                       0.000000                        8.921570                 1.695775                    15.417767                
25.08       28.63        48.89                72.00                  4.781537                       0.000000                        8.419351                 2.204835                    15.405724                
25.25       29.53        30.74                57.09                  4.781754                       0.000000                        8.493084                 5.333082                    18.607920                
25.43       30.45        31.67                57.95                  4.678341                       0.000000                        7.587339                 9.655559                    21.921239                
25.61       31.43        23.49                49.91                  4.635713                       0.000000                        7.183814                 6.466992                    18.286519                
25.70       31.97        22.60                48.95                  4.612760                       0.000000                        7.031447                 4.456794                    16.101001                
25.82       32.65        21.47                47.72                  4.585232                       0.000000                        6.841929                 4.252920                    15.680081                
25.90       33.17        21.33                47.56                  4.581761                       0.000000                        6.819025                 4.060297                    15.461082                
25.85       33.94        21.33                47.56                  4.581923                       0.000000                        6.819672                 4.243498                    15.645092                
25.79       34.72        19.92                45.96                  4.549840                       0.000000                        6.623969                 4.924665                    16.098473                
25.73       35.49        17.68                43.30                  4.496728                       0.000000                        6.467652                 6.223201                    17.187580                
25.67       36.27        18.21                43.94                  4.480201                       0.000000                        6.486752                 6.295137                    17.262090                
25.64       36.53        18.21                43.94                  4.475779                       0.000000                        6.486872                 6.232190                    17.194841                
====================Subduction_Zone_51====================
12.92       60.60        10.92                34.03                  5.716694                       3.836855                        6.530938                 8.058527                    24.143014                
12.93       60.58        10.93                34.04                  5.712463                       3.829409                        6.531247                 8.058527                    24.131645                
13.10       59.79        11.74                35.29                  5.607907                       3.667147                        6.546669                 7.950255                    23.771978                
13.28       59.00        12.54                36.47                  5.580148                       3.628047                        6.547382                 7.803099                    23.558676                
13.45       58.21        13.35                37.63                  5.568946                       3.597947                        6.536577                 8.157219                    23.860689                
13.72       57.51        14.67                39.45                  5.286311                       3.023914                        6.499719                 7.485123                    22.295067                
14.00       56.82        15.02                39.91                  4.725380                       0.000000                        6.488634                 7.844073                    19.058088                
14.27       56.12        16.00                41.20                  4.495439                       0.000000                        6.461285                 7.794207                    18.750931                
14.59       55.42        16.00                41.19                  4.492144                       0.000000                        6.462103                 7.811875                    18.766121                
14.92       54.73        16.00                41.19                  4.489457                       0.000000                        6.462103                 7.695163                    18.646724                
15.32       54.00        16.00                41.19                  4.486726                       0.000000                        6.462103                 7.822047                    18.770875                
15.71       53.27        16.00                41.19                  4.484192                       0.000000                        6.462103                 7.735270                    18.681566                
16.11       52.55        16.00                41.19                  4.481852                       0.000000                        6.462103                 7.920073                    18.864028                
16.81       51.58        16.15                41.39                  4.478802                       0.000000                        6.459547                 7.573790                    18.512139                
17.51       50.62        16.83                42.25                  4.476147                       0.000000                        6.454886                 7.385524                    18.316557                
18.00       50.11        16.65                42.02                  4.474766                       0.000000                        6.457742                 7.839851                    18.772359                
18.49       49.60        16.00                41.19                  4.473532                       0.000000                        6.462103                 7.904197                    18.839831                
19.33       48.96        17.12                42.60                  4.471957                       0.000000                        6.455958                 6.940151                    17.868066                
20.18       48.33        16.31                41.58                  4.470659                       0.000000                        6.456361                 7.404802                    18.331822                
20.49       48.02        16.87                42.30                  4.470180                       0.000000                        6.454934                 7.267927                    18.193040                
20.76       47.45        16.85                42.27                  4.469571                       0.000000                        6.454359                 6.781180                    17.705110                
21.03       46.88        16.84                42.25                  4.469059                       0.000000                        6.454202                 7.224207                    18.147467                
21.33       46.20        16.80                42.21                  4.468583                       0.000000                        6.454560                 7.422725                    18.345869                
21.64       45.53        16.77                42.18                  4.468241                       0.000000                        6.454527                 7.449408                    18.372176                
21.90       44.85        16.62                41.98                  4.468034                       0.000000                        6.455607                 7.088357                    18.011998                
22.17       44.18        16.47                41.79                  4.467949                       0.000000                        6.455420                 7.916969                    18.840338                
22.43       43.51        16.34                41.63                  4.467986                       0.000000                        6.457494                 7.519669                    18.445150                
22.66       42.71        16.04                41.24                  4.468174                       0.000000                        6.460226                 7.648232                    18.576631                
22.89       41.91        16.00                41.19                  4.468515                       0.000000                        6.461912                 7.836664                    18.767090                
23.10       41.15        16.00                41.19                  4.468979                       0.000000                        6.462103                 8.029187                    18.960269                
23.30       40.38        16.00                41.19                  4.474345                       0.000000                        6.462103                 7.992697                    18.929145                
23.64       39.66        16.16                41.40                  4.503981                       0.000000                        6.460608                 7.633444                    18.598034                
23.98       38.94        16.96                42.41                  4.471279                       0.000000                        6.454229                 7.139397                    18.064905                
24.38       38.10        16.77                42.17                  4.472566                       0.000000                        6.454010                 7.302741                    18.229317                
24.78       37.25        16.60                41.95                  4.474061                       0.000000                        6.454434                 7.195980                    18.124475                
25.32       36.43        16.96                42.40                  4.475854                       0.000000                        6.455028                 7.000360                    17.931243                
====================Subduction_Zone_52====================
15.48       84.32        35.83                61.64                  4.453618                       0.000000                        8.106742                 9.723840                    22.284199                
15.82       83.47        40.67                65.67                  4.440573                       0.000000                        8.381993                 5.341287                    18.163853                
16.15       82.62        44.31                68.55                  4.357116                       0.000000                        8.599730                 4.162219                    17.119066                
16.50       82.01        45.19                69.22                  4.319646                       0.000000                        8.648385                 4.128859                    17.096889                
16.61       81.27        45.09                69.15                  4.316374                       0.000000                        8.643264                 4.058414                    17.018052                
16.42       80.41        45.25                69.27                  4.192129                       0.000000                        8.650589                 4.013407                    16.856125                
16.24       79.56        46.36                70.12                  8.260148                       5.101456                        8.708932                 3.581235                    25.651771                
16.06       78.71        45.23                69.25                  4.318235                       0.000000                        8.650624                 3.922669                    16.891528                
15.96       77.80        44.45                68.66                  4.302096                       0.000000                        8.607677                 3.962220                    16.871993                
15.86       76.89        43.69                68.07                  4.298485                       0.000000                        8.563925                 4.016647                    16.879057                
15.76       75.98        42.95                67.49                  4.295035                       0.000000                        8.520158                 4.264180                    17.079373                
15.89       75.17        43.01                67.53                  4.291877                       0.000000                        8.529332                 4.042849                    16.864058                
16.02       74.37        46.30                70.07                  4.288875                       0.000000                        8.706095                 3.264523                    16.259493                
16.15       73.57        46.43                70.17                  4.286023                       0.000000                        8.712090                 3.390803                    16.388916                
16.28       72.76        46.56                70.27                  4.283327                       0.000000                        8.718406                 3.098216                    16.099949                
16.42       71.96        46.70                70.38                  4.280779                       0.000000                        8.725287                 2.741677                    15.747743                
16.79       71.09        47.58                71.04                  4.277993                       0.000000                        8.764318                 2.001551                    15.043863                
17.17       70.22        48.47                71.69                  4.275408                       0.000000                        8.798887                 2.048851                    15.123147                
17.55       69.35        49.36                72.35                  4.273025                       0.000000                        8.820708                 1.988933                    15.082666                
17.93       68.48        48.11                71.43                  4.270523                       0.000000                        8.761068                 2.189955                    15.221546                
18.30       67.61        49.01                72.09                  4.268839                       0.000000                        8.817673                 2.000730                    15.087243                
19.07       66.81        48.56                71.76                  4.267006                       0.000000                        8.802035                 1.887362                    14.956404                
19.84       66.02        50.48                73.17                  4.265339                       0.000000                        8.860504                 1.769048                    14.894891                
20.26       65.11        48.02                71.36                  4.263809                       0.000000                        8.781828                 2.268037                    15.313674                
20.69       64.20        48.23                71.51                  4.262790                       0.000000                        8.795892                 2.039874                    15.098555                
====================Subduction_Zone_53====================
19.05       85.72        44.77                68.90                  4.365305                       0.000000                        8.617062                 4.051165                    17.033531                
18.80       86.52        41.64                66.45                  4.475099                       0.000000                        8.441217                 6.648602                    19.564918                
18.55       87.32        35.74                61.57                  4.687063                       0.000000                        8.100767                 10.019833                   22.807663                
17.80       88.10        32.97                59.13                  4.691902                       0.000000                        7.891589                 8.805107                    21.388599                
17.05       88.87        25.42                51.92                  4.555226                       0.000000                        7.379152                 5.416945                    17.351323                
16.30       89.64        19.42                45.38                  4.635485                       0.000000                        6.646262                 4.974208                    16.255955                
15.55       90.41        18.77                44.62                  4.610116                       0.000000                        6.518347                 5.108072                    16.236535                
14.81       91.26        16.47                41.79                  4.557164                       0.000000                        6.457336                 7.405074                    18.419574                
14.07       92.10        13.81                38.27                  4.698982                       0.000000                        6.547607                 8.141443                    19.388032                
13.33       92.94        17.07                42.55                  4.396309                       0.000000                        6.457091                 7.998227                    18.851627                
12.58       93.79        16.66                42.04                  4.393682                       0.000000                        6.454616                 7.998227                    18.846525                
11.94       94.38        17.82                43.47                  4.938806                       1.996081                        6.483800                 6.037673                    19.456360                
11.65       94.94        16.68                42.06                  4.731940                       0.000000                        6.457116                 6.457290                    17.646345                
11.36       95.50        16.71                42.09                  4.678837                       1.241316                        6.463659                 6.839020                    19.222832                
====================Subduction_Zone_54====================
11.36       95.50        16.71                42.09                  4.678837                       1.241316                        6.463659                 6.839020                    19.222832                
11.12       96.43        20.49                46.61                  4.774050                       1.014108                        6.682418                 4.427983                    16.898560                
10.88       97.37        17.87                43.53                  4.948480                       2.130069                        6.459089                 5.561942                    19.099580                
10.64       98.15        21.69                47.96                  5.244641                       2.931927                        6.883846                 7.327620                    22.388034                
10.39       98.94        16.00                41.19                  5.017098                       2.345329                        6.462103                 7.577372                    21.401902                
10.15       99.72        16.17                41.41                  5.358004                       3.196241                        6.459040                 5.955680                    20.968965                
9.91        100.51       19.78                45.80                  5.109809                       2.597915                        6.617180                 4.915131                    19.240035                
9.48        101.43       18.60                44.42                  5.363765                       3.116636                        6.461669                 5.113372                    20.055443                
9.05        102.35       18.77                44.62                  5.924362                       4.177426                        6.536300                 4.425558                    21.063647                
8.73        103.17       20.00                46.05                  6.695436                       4.958476                        6.642854                 4.398944                    22.695710                
8.40        104.00       21.00                47.19                  7.047988                       5.035816                        6.768118                 4.009062                    22.860984                
8.08        104.82       21.60                47.86                  5.139020                       2.667279                        6.862593                 3.890068                    18.558960                
7.75        105.65       21.60                47.86                  5.088559                       2.548638                        6.862593                 3.890101                    18.389892                
6.91        106.52       21.60                47.86                  5.041628                       2.418431                        6.862593                 3.890101                    18.212753                
6.07        107.39       21.70                47.97                  4.982496                       2.233513                        6.879443                 3.827211                    17.922663                
5.46        107.82       21.78                48.06                  4.939989                       2.106010                        6.892965                 3.799286                    17.738250                
4.86        108.24       21.79                48.07                  4.892230                       1.945151                        6.893983                 3.789692                    17.521055                
3.96        109.13       24.31                50.78                  4.851705                       0.000000                        7.314593                 4.480967                    16.647265                
3.07        110.02       32.27                58.50                  5.091412                       2.549987                        7.927614                 11.006344                   26.575357                
====================Subduction_Zone_55====================
4.94        120.77       65.81                83.54                  4.343897                       0.000000                        7.850111                 1.361550                    13.555559                
5.48        121.16       65.07                83.07                  4.329079                       0.000000                        7.987562                 1.368255                    13.684896                
6.42        121.46       64.98                83.01                  4.307755                       0.000000                        8.005951                 1.348318                    13.662025                
7.36        121.76       64.89                82.96                  4.287844                       0.000000                        8.022227                 1.324720                    13.634791                
====================Subduction_Zone_56====================
7.36        121.76       64.89                82.96                  4.287844                       0.000000                        8.022227                 1.324720                    13.634791                
7.38        121.02       67.09                84.35                  4.292540                       0.000000                        7.668627                 1.376846                    13.338013                
7.41        120.28       68.94                85.50                  4.103719                       0.000000                        7.548258                 1.086839                    12.738817                
7.31        119.52       70.51                86.47                  4.105866                       0.000000                        7.532734                 0.855794                    12.494394                
7.22        118.75       72.08                87.43                  4.107347                       0.000000                        7.561358                 0.617302                    12.286007                
7.12        117.99       73.67                88.39                  4.107834                       0.000000                        7.644595                 0.292651                    12.045080                
7.03        117.22       68.56                85.27                  4.144667                       0.000000                        7.620891                 1.131236                    12.896793                
7.36        116.46       63.97                82.36                  4.181399                       0.000000                        8.252026                 1.220687                    13.654112                
7.69        115.69       61.31                80.63                  4.198501                       0.000000                        8.623383                 1.192492                    14.014377                
8.02        114.93       60.28                79.96                  4.208264                       0.000000                        8.789469                 1.156878                    14.154611                
8.65        114.52       64.57                82.75                  4.765819                       0.000000                        8.107076                 1.264076                    14.136971                
9.28        114.12       67.18                84.41                  4.779410                       0.000000                        7.686412                 1.257113                    13.722935                
9.92        113.90       70.70                86.59                  4.781065                       0.000000                        7.541600                 0.618273                    12.940938                
10.55       113.67       73.12                88.06                  4.765164                       0.000000                        7.621280                 0.185037                    12.571482                
11.26       113.59       77.17                90.46                  4.738662                       0.000000                        8.217147                 0.076576                    13.032384                
12.02       112.99       80.56                92.43                  4.652296                       0.000000                        8.792325                 0.000000                    13.444621                
12.77       112.39       87.14                96.13                  4.482231                       0.000000                        8.649278                 0.000000                    13.131508                
13.48       111.81       93.33                99.49                  4.403491                       0.000000                        8.918258                 0.000000                    13.321749                
14.20       111.23       96.86                101.35                 4.366069                       0.000000                        8.988074                 0.000000                    13.354144                
15.00       110.59       97.94                101.91                 4.347291                       0.000000                        9.005952                 0.000000                    13.353243                
15.80       109.95       99.11                102.52                 4.335491                       0.000000                        9.055908                 0.000000                    13.391399                
16.76       109.02       100.68               103.33                 4.317217                       0.000000                        9.147573                 0.000000                    13.464790                
====================Subduction_Zone_57====================
41.84       121.60       86.92                96.01                  4.089095                       0.000000                        8.443401                 0.000000                    12.532496                
41.14       121.18       86.99                96.05                  4.093580                       0.000000                        8.440276                 0.000000                    12.533856                
40.42       120.78       87.08                96.10                  4.102872                       0.000000                        8.444529                 0.000000                    12.547401                
39.69       120.38       87.47                96.31                  4.106759                       0.000000                        8.449886                 0.000000                    12.556645                
38.96       119.98       87.95                96.57                  4.114074                       0.000000                        8.496538                 0.000000                    12.610612                
38.17       119.59       89.21                97.27                  4.117831                       0.000000                        8.624399                 0.000000                    12.742230                
37.37       119.19       90.15                97.78                  4.122989                       0.000000                        8.722101                 0.000000                    12.845090                
36.57       118.80       90.71                98.08                  4.129404                       0.000000                        8.773753                 0.000000                    12.903157                
35.75       118.39       91.29                98.39                  4.116886                       0.000000                        8.820975                 0.000000                    12.937861                
34.92       117.99       87.49                96.32                  3.923421                       0.000000                        8.452850                 0.000000                    12.376271                
34.10       117.58       86.11                95.56                  4.075037                       0.000000                        8.459914                 0.000000                    12.534951                
33.15       117.17       86.76                95.92                  4.087124                       0.000000                        8.440568                 0.000000                    12.527692                
32.20       116.76       87.44                96.29                  4.097489                       0.000000                        8.464578                 0.000000                    12.562067                
31.26       116.35       88.14                96.68                  4.105869                       0.000000                        8.487266                 0.000000                    12.593134                
30.50       116.00       88.40                96.82                  4.114649                       0.000000                        8.506450                 0.000000                    12.621099                
29.74       115.64       88.69                96.98                  4.129032                       0.000000                        8.570903                 0.000000                    12.699935                
28.98       115.28       89.39                97.36                  4.136137                       0.000000                        8.643262                 0.000000                    12.779399                
28.22       114.92       90.15                97.78                  4.151511                       0.000000                        8.677738                 0.000000                    12.829249                
27.42       114.59       90.92                98.19                  4.157882                       0.000000                        8.751637                 0.000000                    12.909519                
26.62       114.25       91.82                98.67                  4.258781                       0.000000                        8.857173                 0.000000                    13.115954                
25.82       113.91       92.41                99.00                  4.264686                       0.000000                        8.879811                 0.000000                    13.144496                
25.02       113.57       88.25                96.74                  4.087135                       0.000000                        8.493998                 0.000000                    12.581133                
24.22       113.23       88.98                97.14                  4.101431                       0.000000                        8.602278                 0.000000                    12.703709                
23.38       112.77       89.59                97.47                  4.112520                       0.000000                        8.666540                 0.000000                    12.779061                
22.55       112.31       90.71                98.08                  4.177552                       0.000000                        8.774045                 0.000000                    12.951597                
21.72       111.86       92.56                99.07                  4.276552                       0.000000                        8.896744                 0.000000                    13.173296                
20.89       111.40       95.15                100.45                 4.283160                       0.000000                        8.970539                 0.000000                    13.253699                
20.05       110.94       97.22                101.54                 4.289907                       0.000000                        9.004601                 0.000000                    13.294508                
19.23       110.46       98.90                102.41                 4.299104                       0.000000                        9.050571                 0.000000                    13.349675                
18.40       109.98       100.04               103.00                 4.308939                       0.000000                        9.109973                 0.000000                    13.418912                
17.58       109.50       100.24               103.10                 4.316784                       0.000000                        9.134504                 0.000000                    13.451288                
16.76       109.02       100.68               103.33                 4.317217                       0.000000                        9.147573                 0.000000                    13.464790                
====================Subduction_Zone_58====================
70.86       135.06       75.64                89.56                  4.073379                       0.000000                        7.897411                 0.050534                    12.021323                
70.09       134.95       76.65                90.16                  4.069854                       0.000000                        8.099583                 0.002058                    12.171495                
69.31       134.84       77.65                90.74                  4.066479                       0.000000                        8.325009                 0.000000                    12.391488                
68.54       134.72       78.64                91.32                  4.063201                       0.000000                        8.539481                 0.000000                    12.602681                
67.72       134.60       79.68                91.92                  4.059861                       0.000000                        8.717578                 0.000000                    12.777439                
66.91       134.48       80.70                92.51                  4.056864                       0.000000                        8.819625                 0.000000                    12.876489                
66.09       134.36       81.71                93.09                  4.061676                       0.000000                        8.836780                 0.000000                    12.898455                
65.34       134.10       82.74                93.67                  4.068984                       0.000000                        8.776262                 0.000000                    12.845246                
64.59       133.85       83.78                94.26                  4.077198                       0.000000                        8.662176                 0.000000                    12.739374                
63.84       133.59       84.83                94.85                  4.087251                       0.000000                        8.538080                 0.000000                    12.625332                
63.18       133.22       85.88                95.43                  4.096669                       0.000000                        8.454599                 0.000000                    12.551268                
62.51       132.85       86.86                95.97                  4.109566                       0.000000                        8.439339                 0.000000                    12.548904                
====================Subduction_Zone_59====================
2.63        54.79        62.68                81.53                  4.214862                       0.000000                        8.326570                 1.816443                    14.357875                
2.77        54.27        60.93                80.38                  4.218502                       0.000000                        8.652438                 2.677921                    15.548860                
2.91        53.75        59.18                79.22                  4.222408                       0.000000                        8.653733                 2.735720                    15.611861                
3.35        52.78        48.82                71.95                  4.257437                       0.000000                        8.778780                 4.071519                    17.107735                
3.50        52.25        46.33                70.10                  4.264743                       0.000000                        8.670907                 3.044437                    15.980087                
3.66        51.72        43.83                68.18                  4.272116                       0.000000                        8.563664                 4.591620                    17.427400                
3.96        50.97        36.84                62.50                  4.285554                       0.000000                        8.207368                 8.766775                    21.259698                
4.26        50.23        44.61                68.78                  4.224738                       0.000000                        8.589422                 3.001657                    15.815817                
4.65        49.48        50.81                73.40                  4.214129                       0.000000                        8.774779                 2.860874                    15.849782                
5.04        48.74        58.44                78.72                  4.202489                       0.000000                        8.548461                 2.064164                    14.815114                
5.37        48.18        60.71                80.24                  4.203714                       0.000000                        8.635896                 1.201986                    14.041596                
5.70        47.63        58.13                78.51                  4.221509                       0.000000                        8.480253                 3.774209                    16.475970                
6.35        46.93        37.95                63.44                  4.334868                       0.000000                        8.231585                 5.893340                    18.459793                
7.00        46.23        36.76                62.43                  4.390470                       0.000000                        8.162809                 4.051421                    16.604700                
7.66        45.78        26.16                52.67                  4.229370                       0.000000                        7.430343                 5.654360                    17.314073                
8.32        45.33        21.01                47.20                  4.338381                       0.000000                        6.935811                 6.444175                    17.718367                
9.19        44.75        20.86                47.04                  4.652006                       0.000000                        6.802190                 8.517394                    19.971590                
10.05       44.18        16.22                41.48                  4.789085                       0.000000                        6.534848                 5.906429                    17.230362                
10.38       43.90        13.26                37.50                  4.846856                       0.000000                        6.521191                 7.122847                    18.490894                
10.67       43.37        15.01                39.90                  4.937061                       2.091305                        6.503044                 7.353597                    20.885008                
10.96       42.84        16.74                42.13                  5.024299                       2.348687                        6.551825                 7.600084                    21.524895                
11.30       42.21        17.71                43.33                  5.093068                       2.548447                        6.630442                 8.385056                    22.657014                
11.63       41.59        16.54                41.89                  5.082379                       2.528922                        6.486022                 6.012861                    20.110184                
12.07       40.65        17.15                42.64                  5.009222                       2.304181                        6.631206                 6.388996                    20.333605                
12.52       39.72        16.51                41.84                  4.977536                       1.908145                        6.647566                 7.164016                    20.697263                
12.79       38.98        16.09                41.31                  4.865456                       1.613591                        6.504874                 7.889579                    20.873499                
13.07       38.24        15.71                40.81                  4.766692                       0.000000                        6.525090                 6.017808                    17.309590                
13.31       37.53        16.04                41.24                  4.664916                       0.000000                        6.657625                 8.320553                    19.643093                
13.56       36.82        19.09                45.00                  4.612716                       0.000000                        6.691014                 7.318913                    18.622642                
13.94       36.17        18.72                44.55                  4.501516                       0.000000                        6.805185                 5.733173                    17.039873                
14.33       35.51        19.13                45.04                  4.342848                       0.000000                        6.847936                 8.355542                    19.546326                
14.79       34.75        18.32                44.07                  4.326753                       0.000000                        6.612029                 7.905486                    18.844268                
15.24       33.98        16.93                42.37                  4.323749                       0.000000                        6.546226                 6.502831                    17.372806                
15.92       33.16        17.73                43.36                  4.421462                       0.000000                        6.702262                 6.828853                    17.952577                
16.53       32.45        17.97                43.66                  4.624111                       0.000000                        6.698146                 8.737748                    20.060006                
16.55       32.43        17.91                43.58                  4.640571                       0.000000                        6.655189                 8.737748                    20.033508                
====================Subduction_Zone_60====================
12.92       60.60        10.92                34.03                  5.716694                       3.836855                        6.530938                 8.058527                    24.143014                
12.93       60.58        10.93                34.04                  5.712463                       3.829409                        6.531247                 8.058527                    24.131645                
13.10       59.79        11.74                35.29                  5.607907                       3.667147                        6.546669                 7.950255                    23.771978                
13.28       59.00        12.54                36.47                  5.580148                       3.628047                        6.547382                 7.803099                    23.558676                
13.45       58.21        13.35                37.63                  5.568946                       3.597947                        6.536577                 8.157219                    23.860689                
13.72       57.51        14.67                39.45                  5.286311                       3.023914                        6.499719                 7.485123                    22.295067                
14.00       56.82        15.02                39.91                  4.725380                       0.000000                        6.488634                 7.844073                    19.058088                
14.27       56.12        16.00                41.20                  4.495439                       0.000000                        6.461285                 7.794207                    18.750931                
14.59       55.42        16.00                41.19                  4.492144                       0.000000                        6.462103                 7.811875                    18.766121                
14.92       54.73        16.00                41.19                  4.489457                       0.000000                        6.462103                 7.695163                    18.646724                
15.32       54.00        16.00                41.19                  4.486726                       0.000000                        6.462103                 7.822047                    18.770875                
15.71       53.27        16.00                41.19                  4.484192                       0.000000                        6.462103                 7.735270                    18.681566                
16.11       52.55        16.00                41.19                  4.481852                       0.000000                        6.462103                 7.920073                    18.864028                
16.81       51.58        16.15                41.39                  4.478802                       0.000000                        6.459547                 7.573790                    18.512139                
17.51       50.62        16.83                42.25                  4.476147                       0.000000                        6.454886                 7.385524                    18.316557                
18.00       50.11        16.65                42.02                  4.474766                       0.000000                        6.457742                 7.839851                    18.772359                
18.49       49.60        16.00                41.19                  4.473532                       0.000000                        6.462103                 7.904197                    18.839831                
19.33       48.96        17.12                42.60                  4.471957                       0.000000                        6.455958                 6.940151                    17.868066                
20.18       48.33        16.31                41.58                  4.470659                       0.000000                        6.456361                 7.404802                    18.331822                
20.49       48.02        16.87                42.30                  4.470180                       0.000000                        6.454934                 7.267927                    18.193040                
20.76       47.45        16.85                42.27                  4.469571                       0.000000                        6.454359                 6.781180                    17.705110                
21.03       46.88        16.84                42.25                  4.469059                       0.000000                        6.454202                 7.224207                    18.147467                
21.33       46.20        16.80                42.21                  4.468583                       0.000000                        6.454560                 7.422725                    18.345869                
21.64       45.53        16.77                42.18                  4.468241                       0.000000                        6.454527                 7.449408                    18.372176                
21.90       44.85        16.62                41.98                  4.468034                       0.000000                        6.455607                 7.088357                    18.011998                
22.17       44.18        16.47                41.79                  4.467949                       0.000000                        6.455420                 7.916969                    18.840338                
22.43       43.51        16.34                41.63                  4.467986                       0.000000                        6.457494                 7.519669                    18.445150                
22.66       42.71        16.04                41.24                  4.468174                       0.000000                        6.460226                 7.648232                    18.576631                
22.89       41.91        16.00                41.19                  4.468515                       0.000000                        6.461912                 7.836664                    18.767090                
23.10       41.15        16.00                41.19                  4.468979                       0.000000                        6.462103                 8.029187                    18.960269                
23.30       40.38        16.00                41.19                  4.474345                       0.000000                        6.462103                 7.992697                    18.929145                
23.64       39.66        16.16                41.40                  4.503981                       0.000000                        6.460608                 7.633444                    18.598034                
23.98       38.94        16.96                42.41                  4.471279                       0.000000                        6.454229                 7.139397                    18.064905                
24.38       38.10        16.77                42.17                  4.472566                       0.000000                        6.454010                 7.302741                    18.229317                
24.78       37.25        16.60                41.95                  4.474061                       0.000000                        6.454434                 7.195980                    18.124475                
25.32       36.43        16.96                42.40                  4.475854                       0.000000                        6.455028                 7.000360                    17.931243                
====================Subduction_Zone_61====================
0.13        118.91       47.55                71.01                  4.521255                       0.000000                        8.756924                 3.248540                    16.526719                
-0.04       119.62       47.52                70.99                  4.517512                       0.000000                        8.760341                 2.430901                    15.708754                
-0.20       120.32       47.47                70.95                  4.517578                       0.000000                        8.759345                 2.041339                    15.318262                
-0.37       121.03       47.34                70.85                  4.516824                       0.000000                        8.752927                 3.221154                    16.490905                
-0.45       121.78       47.82                71.21                  4.507271                       0.000000                        8.773161                 2.361908                    15.642340                
-0.53       122.53       48.27                71.55                  4.268004                       0.000000                        8.789931                 2.128400                    15.186335                
-0.62       123.28       49.94                72.77                  4.204203                       0.000000                        8.845493                 1.974575                    15.024271                
-0.70       124.12       50.36                73.08                  4.150847                       0.000000                        8.855268                 2.039607                    15.045722                
-0.77       124.97       48.55                71.75                  4.125995                       0.000000                        8.801893                 2.002871                    14.930759                
-0.85       125.81       46.67                70.35                  4.135891                       0.000000                        8.723758                 3.116095                    15.975744                
-0.93       126.66       44.78                68.91                  4.131376                       0.000000                        8.625990                 4.074239                    16.831604                
-1.01       127.51       42.93                67.47                  4.131313                       0.000000                        8.518806                 4.153808                    16.803927                
-1.09       128.35       41.76                66.55                  4.124589                       0.000000                        8.449855                 5.139230                    17.713674                
-1.23       129.29       40.25                65.33                  4.147983                       0.000000                        8.285597                 6.482398                    18.915978                
-1.37       130.23       39.13                64.41                  4.165950                       0.000000                        8.291001                 6.752505                    19.209456                
-1.51       131.17       39.03                64.34                  4.053507                       0.000000                        8.285705                 6.714009                    19.053220                
-1.64       132.11       38.43                63.84                  3.980080                       0.000000                        8.250881                 6.873981                    19.104941                
-1.78       133.05       38.02                63.50                  3.972424                       0.000000                        8.227249                 7.200927                    19.400600                
-1.92       133.99       37.54                63.09                  3.953686                       0.000000                        8.183931                 8.083806                    20.221423                
-2.06       134.93       37.39                62.97                  3.941016                       0.000000                        8.156900                 8.476777                    20.574693                
-2.35       135.84       36.31                62.05                  3.944348                       0.000000                        8.131257                 10.175781                   22.251385                
-2.64       136.76       35.23                61.12                  3.917628                       0.000000                        8.074866                 11.850039                   23.842534                
-2.93       137.68       33.75                59.82                  3.921737                       0.000000                        7.997864                 12.308668                   24.228269                
-3.22       138.60       32.85                59.02                  3.858616                       0.000000                        7.954922                 11.665515                   23.479054                
-3.51       139.51       34.53                60.51                  3.904108                       0.000000                        8.038450                 12.081781                   24.024339                
-3.80       140.43       35.34                61.22                  3.918858                       0.000000                        8.080449                 10.844909                   22.844216                
-4.09       141.35       34.97                60.90                  4.079781                       0.000000                        8.060861                 11.659976                   23.800618                
-4.38       142.26       34.96                60.89                  4.823553                       0.000000                        8.060492                 11.323527                   24.207572                
-4.67       143.18       34.33                60.34                  4.779146                       0.000000                        8.027526                 11.918210                   24.724882                
-4.96       144.10       31.15                57.47                  4.535857                       0.000000                        7.875102                 9.421444                    21.832402                
-5.25       145.02       25.85                52.36                  4.271488                       0.000000                        7.521068                 5.796295                    17.588851                
-5.54       145.93       21.60                47.86                  4.149742                       0.000000                        6.863384                 3.992130                    15.005256                
====================Subduction_Zone_62====================
-18.55      149.27       29.99                56.39                  3.830138                       0.000000                        7.797671                 7.880448                    19.508257                
-17.81      149.04       27.56                54.06                  3.856525                       0.000000                        7.677211                 6.729243                    18.262979                
-17.07      148.81       24.56                51.03                  3.853012                       0.000000                        7.330114                 5.544232                    16.727358                
-16.34      148.59       20.84                47.01                  3.905635                       0.000000                        6.753127                 5.216702                    15.875465                
-15.39      148.32       16.54                41.89                  4.059989                       0.000000                        6.455937                 7.394989                    17.910915                
-14.45      148.06       7.58                 28.35                  4.103466                       0.000000                        6.361006                 7.004698                    17.469170                
-13.50      147.79       9.17                 31.19                  4.173314                       0.000000                        6.502463                 7.473037                    18.148814                
-12.56      147.53       10.98                34.12                  5.579639                       2.413246                        6.541843                 8.531328                    23.066056                
-11.62      147.26       12.29                36.10                  4.338953                       0.000000                        6.555172                 8.724249                    19.618374                
-10.69      147.13       13.97                38.50                  4.274831                       0.000000                        6.521842                 8.531342                    19.328015                
-9.76       146.99       16.10                41.32                  4.238894                       0.000000                        6.462978                 7.721024                    18.422896                
-8.84       146.86       22.39                48.73                  4.034450                       0.000000                        6.997755                 4.472631                    15.504835                
-7.91       146.73       28.68                55.15                  3.928007                       0.000000                        7.745587                 7.328172                    19.001766                
-6.98       146.60       18.02                43.72                  4.038046                       0.000000                        6.476124                 5.754775                    16.268945                
-6.26       146.27       19.57                45.55                  4.086440                       0.000000                        6.588324                 4.450508                    15.125271                
-5.54       145.93       21.60                47.86                  4.149742                       0.000000                        6.863384                 3.992130                    15.005256                
====================Subduction_Zone_63====================
3.68        81.43        37.17                62.78                  4.402292                       0.000000                        8.179406                 8.750817                    21.332515                
3.46        82.11        38.50                63.90                  4.437751                       0.000000                        8.255026                 7.382037                    20.074815                
3.30        83.08        39.61                64.81                  4.502181                       0.000000                        8.319298                 6.373467                    19.194946                
3.14        84.05        40.70                65.70                  4.577032                       0.000000                        8.384529                 5.379752                    18.341313                
2.98        85.02        41.79                66.57                  4.675883                       0.000000                        8.447547                 5.275686                    18.399116                
2.81        85.99        40.85                65.82                  4.879434                       1.851543                        8.393389                 6.126340                    21.250707                
2.65        86.97        40.66                65.67                  4.941203                       2.103547                        8.382022                 5.760179                    21.186952                
2.49        87.94        40.57                65.59                  4.949419                       2.131489                        8.379743                 5.840745                    21.301395                
2.33        88.91        43.44                67.87                  4.945569                       2.118801                        8.548661                 4.379968                    19.992999                
2.17        89.88        44.32                68.55                  4.900851                       1.050244                        8.600911                 4.086196                    18.638202                
1.99        90.69        43.89                68.22                  4.859748                       1.015924                        8.575445                 4.118277                    18.569394                
1.82        91.50        44.08                68.37                  5.285665                       3.032248                        8.586522                 4.105914                    21.010350                
1.50        92.34        44.59                68.76                  5.222691                       2.886796                        8.615460                 4.053921                    20.778869                
1.18        93.17        45.01                69.09                  5.163832                       2.743176                        8.638346                 3.678253                    20.223606                
0.86        94.00        44.99                69.07                  5.026708                       2.366628                        8.637870                 4.065850                    20.097056                
0.54        94.83        44.25                68.50                  4.928172                       2.063347                        8.667110                 3.843830                    19.502458                
0.22        95.66        46.67                70.35                  4.778012                       0.000000                        8.743247                 2.691660                    16.212919                
-0.01       96.62        46.83                70.47                  4.392785                       0.000000                        8.731260                 2.531278                    15.655323                
-0.25       97.58        45.67                69.59                  4.566650                       0.000000                        8.673991                 2.901774                    16.142416                
-0.48       98.54        47.11                70.68                  4.581075                       0.000000                        8.743405                 2.317630                    15.642111                
-0.71       99.49        48.53                71.74                  4.581492                       0.000000                        8.798618                 1.751486                    15.131596                
-0.95       100.45       50.57                73.23                  4.526077                       0.000000                        8.863850                 1.732520                    15.122447                
-1.08       101.34       50.79                73.39                  5.322844                       3.113650                        8.867852                 1.706156                    19.010502                
-1.22       102.24       51.05                73.58                  4.841012                       0.000000                        8.873771                 1.693228                    15.408010                
-1.35       103.13       51.31                73.77                  4.831667                       0.000000                        8.879286                 1.735696                    15.446648                
-1.48       104.02       51.52                73.91                  4.821253                       0.000000                        8.883420                 1.751867                    15.456540                
-1.62       104.91       51.85                74.15                  4.808725                       0.000000                        8.889721                 1.718118                    15.416564                
-1.75       105.80       50.70                73.32                  5.113765                       2.621540                        8.865709                 1.653987                    18.255001                
-1.89       106.70       51.28                73.74                  5.082189                       2.523368                        8.868746                 1.739920                    18.214223                
-2.04       107.58       51.20                73.68                  5.013900                       2.330906                        8.876992                 1.739920                    17.961718                
-2.19       108.46       51.58                73.95                  4.932634                       2.081042                        8.884576                 1.740059                    17.638311                
-2.34       109.34       51.83                74.14                  5.627279                       3.702180                        8.888895                 1.740322                    19.958676                
-2.49       110.23       52.83                74.85                  5.701811                       3.818024                        8.898944                 1.810448                    20.229227                
-2.64       111.11       53.28                75.17                  5.859170                       4.053557                        8.927585                 1.809661                    20.649973                
-2.58       111.96       53.62                75.41                  5.839977                       4.025012                        8.914802                 1.822402                    20.602194                
-2.52       112.81       53.84                75.56                  5.942815                       4.173219                        8.917026                 1.751250                    20.784310                
-2.45       113.66       53.69                75.46                  6.016146                       4.261099                        8.914484                 1.758473                    20.950202                
-2.39       114.51       54.23                75.84                  6.100336                       4.365829                        8.918295                 1.770118                    21.154577                
-2.33       115.36       49.12                72.18                  5.594848                       3.644669                        8.820990                 1.876266                    19.936773                
-2.27       116.21       44.02                68.32                  5.110628                       2.604960                        8.582713                 3.853371                    20.151672                
====================Subduction_Zone_64====================
-2.27       116.21       44.02                68.32                  5.110628                       2.604960                        8.582713                 3.853371                    20.151672                
-1.31       116.88       38.47                63.87                  4.845723                       0.610141                        8.253209                 7.326418                    21.035492                
-0.61       117.25       39.08                64.37                  4.799069                       0.000000                        8.289306                 6.711346                    19.799720                
0.08        117.61       42.14                66.85                  4.781266                       0.000000                        8.469911                 5.342250                    18.593426                
0.78        117.98       46.54                70.25                  4.746518                       0.000000                        8.716398                 2.549986                    16.012902                
====================Subduction_Zone_65====================
0.78        117.98       46.54                70.25                  4.746518                       0.000000                        8.716398                 2.549986                    16.012902                
0.21        118.57       46.12                69.93                  4.578626                       0.000000                        8.696179                 4.141859                    17.416664                
0.13        118.91       47.55                71.01                  4.521255                       0.000000                        8.756924                 3.248540                    16.526719                
====================Subduction_Zone_66====================
-2.97       58.41        1.00                 10.30                  4.000138                       0.000000                        4.342465                 2.020580                    10.363183                
-3.02       58.57        1.00                 10.30                  3.986619                       0.000000                        4.341385                 2.020580                    10.348584                
-3.24       59.51        2.00                 14.57                  3.977486                       0.000000                        5.086811                 3.056518                    12.120815                
-3.46       60.46        3.17                 18.33                  3.981347                       0.000000                        5.563328                 4.079983                    13.624658                
-3.68       61.41        4.33                 21.43                  3.985602                       0.000000                        5.863861                 4.461881                    14.311343                
-3.90       62.36        4.87                 22.72                  4.060640                       0.000000                        5.903671                 4.491991                    14.456301                
-4.06       63.34        6.14                 25.51                  4.088532                       0.000000                        6.112992                 5.665127                    15.866650                
-4.22       64.33        6.99                 27.23                  4.158234                       0.000000                        6.268452                 6.504833                    16.931519                
-4.38       65.32        8.83                 30.59                  4.166522                       0.000000                        6.436232                 7.132289                    17.735043                
-4.54       66.31        10.72                33.71                  4.113656                       0.000000                        6.535202                 8.229780                    18.878638                
-4.49       67.25        12.34                36.17                  4.009337                       0.000000                        6.555243                 8.684329                    19.248908                
-4.45       68.20        13.88                38.37                  4.010099                       0.000000                        6.525184                 8.703925                    19.239208                
-4.40       69.15        15.42                40.44                  4.010950                       0.000000                        6.476551                 8.424263                    18.911764                
-4.36       70.09        16.96                42.41                  4.011950                       0.000000                        6.453692                 7.373889                    17.839531                
-4.31       71.04        16.84                42.26                  4.230021                       0.000000                        6.461094                 6.573739                    17.264855                
-4.27       71.99        19.38                45.33                  4.287493                       0.000000                        6.567145                 4.833416                    15.688053                
-4.12       72.88        21.74                48.01                  4.187844                       0.000000                        6.885838                 3.833394                    14.907076                
-3.97       73.77        23.87                50.31                  4.188690                       0.000000                        7.245476                 4.291527                    15.725693                
-3.82       74.66        26.03                52.54                  4.189554                       0.000000                        7.540259                 5.355328                    17.085141                
-3.67       75.55        28.17                54.66                  4.190434                       0.000000                        7.721748                 7.392566                    19.304748                
-3.52       76.44        30.21                56.60                  4.421436                       0.000000                        7.831645                 9.575454                    21.828535                
-3.26       77.21        32.92                59.08                  4.397989                       0.000000                        7.957864                 11.519626                   23.875479                
-3.00       77.98        34.02                60.06                  4.162873                       0.000000                        8.018609                 11.965805                   24.147287                
-2.74       78.75        34.39                60.39                  4.038715                       0.000000                        8.033735                 11.817471                   23.889921                
-2.39       79.48        36.03                61.81                  4.179651                       0.000000                        8.116968                 10.353131                   22.649750                
====================Subduction_Zone_67====================
19.81       1.72         34.34                60.34                  12.200574                      5.508945                        8.051245                 11.775551                   37.536314                
20.28       2.51         36.19                61.95                  15.739528                      5.594063                        8.217073                 12.989185                   42.539849                
20.74       3.29         35.71                61.54                  14.997986                      5.572834                        8.275573                 13.927511                   42.773905                
21.21       4.08         38.28                63.71                  14.571311                      5.564621                        8.029947                 14.509145                   42.675024                
21.68       4.87         46.00                69.85                  13.328181                      5.533017                        8.594113                 10.330906                   37.786217                
22.33       5.77         48.72                71.88                  8.419986                       5.220169                        8.789099                 9.224040                    31.653295                
22.98       6.67         46.59                70.29                  9.391947                       5.331493                        8.505558                 7.239347                    30.468345                
23.62       7.57         48.47                71.69                  7.153499                       5.083312                        8.788923                 7.102770                    28.128505                
23.97       8.21         39.01                64.32                  10.252299                      5.387967                        8.635483                 10.539262                   34.815011                
24.32       8.85         34.85                60.80                  9.863860                       5.387967                        8.284376                 12.761686                   36.297889                
24.58       9.57         35.66                61.49                  9.666768                       5.364669                        8.347732                 15.152448                   38.531618                
24.85       10.30        34.49                60.48                  9.417687                       5.339792                        8.078314                 11.276650                   34.112443                
24.87       10.72        32.75                58.93                  9.411901                       5.340690                        8.048101                 10.870450                   33.671142                
====================Subduction_Zone_68====================
28.15       7.90         67.52                84.62                  7.247818                       5.093542                        7.667790                 1.547344                    21.556495                
27.87       8.66         68.24                85.07                  9.037069                       5.320885                        7.570158                 1.573909                    23.502021                
27.73       9.34         43.34                67.79                  9.874844                       5.381806                        8.536293                 5.072925                    28.865868                
27.59       10.01        38.91                64.23                  9.342586                       5.333841                        8.278692                 7.679178                    30.634297                
27.51       10.60        47.11                70.68                  12.209891                      5.494528                        8.473339                 3.994595                    30.172354                
27.42       11.20        69.33                85.75                  9.956419                       5.359579                        7.661055                 1.479988                    24.457040                
27.36       12.09        69.44                85.81                  8.282569                       5.236865                        7.537891                 1.078333                    22.135658                
====================Subduction_Zone_69====================
24.87       10.72        32.75                58.93                  9.411901                       5.340690                        8.048101                 10.870450                   33.671142                
24.91       11.64        38.08                63.55                  9.404516                       5.329082                        8.090247                 9.855458                    32.679303                
24.94       12.55        91.69                98.61                  5.882101                       4.087789                        8.846948                 0.000000                    18.816837                
24.78       13.42        91.23                98.36                  5.661548                       3.757569                        8.815644                 0.000000                    18.234761                
24.62       14.28        90.76                98.10                  5.439022                       3.356776                        8.802480                 0.000000                    17.598278                
====================Subduction_Zone_70====================
23.02       6.71         42.65                67.25                  9.022775                       5.303514                        8.713720                 6.849325                    29.889334                
23.62       7.57         48.47                71.69                  7.153499                       5.083312                        8.788923                 7.102770                    28.128505                
23.97       8.21         39.01                64.32                  10.252299                      5.387967                        8.635483                 10.539262                   34.815011                
24.32       8.85         34.85                60.80                  9.863860                       5.387967                        8.284376                 12.761686                   36.297889                
24.58       9.57         35.66                61.49                  9.666768                       5.364669                        8.347732                 15.152448                   38.531618                
24.85       10.30        34.49                60.48                  9.417687                       5.339792                        8.078314                 11.276650                   34.112443                
24.88       11.05        33.48                59.59                  9.412406                       5.333346                        8.024685                 10.870450                   33.640887                
24.91       11.80        37.09                62.72                  9.361240                       5.329082                        8.043808                 9.855458                    32.589589                
24.94       12.55        91.69                98.61                  5.882101                       4.087789                        8.846948                 0.000000                    18.816837                
24.78       13.42        91.23                98.36                  5.661548                       3.757569                        8.815644                 0.000000                    18.234761                
24.62       14.28        90.76                98.10                  5.439022                       3.356776                        8.802480                 0.000000                    17.598278                
====================Subduction_Zone_71====================
68.84       -77.21       51.00                73.54                  4.106807                       0.000000                        8.872627                 1.762358                    14.741792                
68.96       -78.13       51.55                73.94                  4.104904                       0.000000                        8.877103                 1.767875                    14.749882                
69.09       -79.04       51.40                73.83                  4.103045                       0.000000                        8.881109                 1.745221                    14.729375                
69.22       -79.96       50.69                73.32                  4.102022                       0.000000                        8.865646                 1.723013                    14.690682                
69.34       -80.87       49.98                72.80                  4.101041                       0.000000                        8.847419                 1.643827                    14.592287                
69.52       -81.83       49.16                72.20                  4.100246                       0.000000                        8.822700                 1.639358                    14.562305                
69.71       -82.78       48.34                71.59                  4.099489                       0.000000                        8.794052                 1.987527                    14.881068                
69.89       -83.73       47.39                70.89                  4.402439                       0.000000                        8.754054                 2.888293                    16.044786                
70.07       -84.68       45.41                69.39                  4.822491                       0.000000                        8.660282                 3.713584                    17.196356                
70.26       -85.63       43.33                67.79                  4.849241                       0.215992                        8.542659                 4.184035                    17.791927                
70.44       -86.58       41.17                66.07                  4.877029                       1.548904                        8.412540                 5.842183                    20.680655                
70.62       -87.54       36.68                62.37                  4.809921                       1.333583                        8.180439                 9.348200                    23.672143                
70.81       -88.49       30.62                56.99                  3.820154                       0.000000                        7.850872                 9.685184                    21.356210                
70.99       -89.44       30.25                56.64                  3.828640                       0.000000                        7.833423                 9.463283                    21.125347                
71.17       -90.39       29.87                56.28                  3.828860                       0.000000                        7.815066                 9.228985                    20.872911                
71.36       -91.34       29.49                55.92                  3.829096                       0.000000                        7.796187                 8.660706                    20.285990                
71.54       -92.29       29.10                55.55                  3.829348                       0.000000                        7.776215                 8.409531                    20.015093                
71.72       -93.24       28.71                55.18                  3.829612                       0.000000                        7.754770                 8.025690                    19.610073                
71.91       -94.20       28.32                54.81                  3.829889                       0.000000                        7.731882                 7.723320                    19.285091                
72.10       -95.17       27.74                54.24                  3.830471                       0.000000                        7.682168                 6.810402                    18.323042                
72.30       -96.15       26.05                52.56                  3.896361                       0.000000                        7.539456                 6.250285                    17.686102                
72.50       -97.12       26.21                52.72                  3.910198                       0.000000                        7.555869                 5.999893                    17.465959                
72.70       -98.10       26.16                52.67                  3.872212                       0.000000                        7.469569                 5.307376                    16.649156                
72.90       -99.07       19.16                45.08                  3.883857                       0.000000                        6.594646                 6.638527                    17.117031                
73.10       -100.05      12.03                35.72                  3.958554                       0.000000                        6.534355                 7.949670                    18.442579                
73.42       -101.02      10.77                33.79                  4.038257                       0.000000                        6.537298                 8.230282                    18.805837                
73.74       -101.99      12.37                36.22                  4.370863                       0.000000                        6.553975                 8.319680                    19.244518                
74.06       -102.96      14.08                38.64                  4.484664                       0.000000                        6.518790                 8.306895                    19.310350                
74.38       -103.93      15.65                40.74                  4.462353                       0.000000                        6.470328                 7.435719                    18.368400                
74.70       -104.90      17.14                42.64                  4.441986                       0.000000                        6.456293                 6.243153                    17.141432                
75.02       -105.87      18.57                44.38                  4.423330                       0.000000                        6.504141                 5.160593                    16.088065                
75.34       -106.84      19.94                45.98                  4.406223                       0.000000                        6.627204                 4.417885                    15.451312                
75.66       -107.81      21.13                47.33                  4.439963                       0.000000                        6.783195                 4.009376                    15.232534                
75.77       -108.12      21.61                47.87                  4.046290                       0.000000                        6.859987                 3.811116                    14.717393                
====================Subduction_Zone_72====================
44.20       -81.12       78.01                90.95                  3.912385                       0.000000                        8.338419                 0.000000                    12.250804                
45.11       -80.65       78.47                91.22                  3.889265                       0.000000                        8.292133                 0.000000                    12.181398                
45.19       -79.94       77.08                90.41                  3.861166                       0.000000                        8.163759                 0.000096                    12.025021                
45.28       -79.22       74.76                89.04                  4.027711                       0.000000                        7.783212                 0.000125                    11.811048                
45.36       -78.50       74.92                89.14                  4.046673                       0.000000                        7.751867                 0.064791                    11.863331                
45.39       -77.61       75.00                89.18                  4.047508                       0.000000                        7.762329                 0.120988                    11.930825                
45.42       -76.72       75.07                89.23                  4.048394                       0.000000                        7.772463                 0.125097                    11.945954                
45.51       -75.84       74.84                89.08                  4.049411                       0.000000                        7.770730                 0.118928                    11.939069                
45.61       -74.96       74.58                88.93                  4.050344                       0.000000                        7.738547                 0.163480                    11.952371                
45.75       -74.25       74.30                88.76                  4.051917                       0.000000                        7.704788                 0.167177                    11.923882                
45.90       -73.53       74.25                88.74                  4.052248                       0.000000                        7.700143                 0.167177                    11.919568                
46.04       -72.82       74.44                88.85                  4.052243                       0.000000                        7.720672                 0.167177                    11.940092                
46.59       -72.34       74.36                88.80                  4.052404                       0.000000                        7.687029                 0.167177                    11.906610                
47.14       -71.87       74.27                88.74                  4.052381                       0.000000                        7.701516                 0.167177                    11.921073                
47.77       -72.41       74.30                88.77                  4.052467                       0.000000                        7.705021                 0.167177                    11.924665                
48.39       -72.95       74.35                88.80                  4.052397                       0.000000                        7.686118                 0.167177                    11.905692                
49.18       -73.73       74.39                88.82                  4.052382                       0.000000                        7.690176                 0.167177                    11.909735                
49.96       -74.51       74.43                88.84                  4.052367                       0.000000                        7.694267                 0.167177                    11.913810                
50.74       -75.30       74.24                88.73                  4.052351                       0.000000                        7.698391                 0.195546                    11.946288                
51.34       -75.99       73.91                88.53                  4.052271                       0.000000                        7.688691                 0.195546                    11.936509                
51.93       -76.68       74.27                88.75                  4.052346                       0.000000                        7.701877                 0.195546                    11.949770                
52.52       -77.37       73.95                88.55                  4.052794                       0.000000                        7.632472                 0.706467                    12.391733                
53.13       -78.08       71.06                86.81                  4.056406                       0.000000                        7.538149                 0.833374                    12.427930                
53.73       -78.78       70.24                86.31                  4.057520                       0.000000                        7.531539                 0.933158                    12.522217                
54.33       -79.49       69.23                85.68                  4.058492                       0.000000                        7.540652                 1.092878                    12.692022                
55.03       -80.09       67.79                84.79                  4.068797                       0.000000                        7.588130                 1.327076                    12.984002                
55.72       -80.69       66.44                83.94                  4.116847                       0.000000                        7.750629                 1.382702                    13.250178                
56.54       -80.73       65.30                83.21                  4.127907                       0.000000                        7.984383                 1.338503                    13.450793                
57.46       -80.99       63.69                82.18                  4.141989                       0.000000                        8.269826                 1.275976                    13.687791                
57.96       -81.16       62.78                81.59                  4.149197                       0.000000                        8.449858                 1.241035                    13.840090                
58.46       -81.32       61.85                80.99                  4.156569                       0.000000                        8.607367                 1.190146                    13.954081                
58.89       -81.36       61.14                80.52                  4.163512                       0.000000                        8.703610                 1.144764                    14.011886                
59.86       -81.47       59.44                79.40                  4.179886                       0.000000                        8.853300                 1.092215                    14.125401                
60.40       -81.33       58.67                78.88                  4.190406                       0.000000                        8.889925                 1.101819                    14.182150                
60.94       -81.20       57.86                78.33                  4.201217                       0.000000                        8.912419                 1.130100                    14.243736                
61.77       -80.66       60.01                79.77                  4.040385                       0.000000                        8.815248                 1.126173                    13.981807                
62.75       -80.17       60.08                79.82                  3.998174                       0.000000                        8.810083                 1.101176                    13.909434                
63.13       -80.09       59.65                79.53                  4.002902                       0.000000                        8.840870                 1.092626                    13.936399                
63.54       -79.54       59.48                79.42                  4.009698                       0.000000                        8.851212                 1.086483                    13.947392                
63.93       -79.46       59.04                79.12                  4.014589                       0.000000                        8.874648                 1.092322                    13.981559                
64.26       -79.21       58.74                78.93                  4.019660                       0.000000                        8.887069                 1.091504                    13.998233                
64.75       -79.10       58.16                78.53                  4.026021                       0.000000                        8.905446                 1.121422                    14.052890                
65.23       -79.22       57.41                78.03                  4.031722                       0.000000                        8.920028                 1.145097                    14.096846                
65.45       -79.27       57.09                77.81                  4.034312                       0.000000                        8.923776                 1.201912                    14.160000                
65.83       -79.18       56.59                77.47                  4.039635                       0.000000                        8.927396                 1.285845                    14.252876                
66.21       -79.23       56.02                77.07                  4.044297                       0.000000                        8.928681                 1.296161                    14.269139                
66.59       -79.14       55.50                76.72                  4.049811                       0.000000                        8.927998                 1.391646                    14.369454                
67.05       -78.92       54.91                76.31                  4.073947                       0.000000                        8.925408                 1.520260                    14.519616                
67.54       -78.64       54.25                75.85                  4.098256                       0.000000                        8.920769                 1.616597                    14.635622                
68.02       -78.08       54.09                75.74                  4.097785                       0.000000                        8.922177                 1.772420                    14.792382                
68.40       -77.70       51.51                73.91                  4.104002                       0.000000                        8.881235                 1.791906                    14.777143                
68.84       -77.21       51.00                73.54                  4.106807                       0.000000                        8.872627                 1.762358                    14.741792                
====================Subduction_Zone_73====================
30.41       -79.13       88.94                97.12                  3.892243                       0.000000                        8.575198                 0.000000                    12.467441                
30.63       -79.18       89.13                97.22                  3.891841                       0.000000                        8.599392                 0.000000                    12.491233                
31.60       -79.48       89.88                97.63                  3.891212                       0.000000                        8.695451                 0.000000                    12.586662                
32.39       -79.86       90.56                98.00                  3.892619                       0.000000                        8.760729                 0.000000                    12.653349                
33.31       -79.97       90.89                98.17                  3.899869                       0.000000                        8.789565                 0.000000                    12.689434                
33.86       -80.06       90.88                98.17                  3.906201                       0.000000                        8.789125                 0.000000                    12.695326                
34.42       -80.16       90.88                98.17                  3.912795                       0.000000                        8.788683                 0.000000                    12.701478                
35.17       -80.11       90.87                98.16                  3.926065                       0.000000                        8.787839                 0.000000                    12.713904                
35.70       -80.22       90.86                98.16                  3.949605                       0.000000                        8.786885                 0.000000                    12.736490                
36.23       -80.33       90.85                98.15                  3.968400                       0.000000                        8.786250                 0.000000                    12.754650                
36.81       -80.42       90.83                98.15                  4.012463                       0.000000                        8.785027                 0.000000                    12.797490                
37.76       -80.46       90.82                98.14                  4.072711                       0.000000                        8.783499                 0.000000                    12.856210                
38.56       -80.64       89.83                97.60                  4.094999                       0.000000                        8.689773                 0.000000                    12.784772                
39.35       -81.07       88.46                96.85                  4.102792                       0.000000                        8.547533                 0.000000                    12.650325                
39.92       -81.10       87.75                96.46                  4.118556                       0.000000                        8.455331                 0.000000                    12.573887                
40.62       -81.17       84.62                94.73                  4.089437                       0.000000                        8.451266                 0.000000                    12.540703                
41.13       -81.19       84.67                94.76                  3.983633                       0.000000                        8.624113                 0.000000                    12.607747                
41.63       -81.21       83.82                94.28                  3.985668                       0.000000                        8.637377                 0.000000                    12.623045                
42.14       -81.23       82.72                93.66                  4.008236                       0.000000                        8.778311                 0.000000                    12.786546                
42.65       -81.25       82.78                93.69                  4.006053                       0.000000                        8.772601                 0.000000                    12.778653                
43.47       -81.28       82.08                93.30                  4.014606                       0.000000                        8.823726                 0.000000                    12.838331                
43.94       -81.10       78.08                90.99                  3.912139                       0.000000                        8.382964                 0.000000                    12.295102                
44.20       -81.12       78.01                90.95                  3.912385                       0.000000                        8.338419                 0.000000                    12.250804                
====================Subduction_Zone_74====================
18.27       -74.03       81.67                93.07                  3.826901                       0.000000                        8.840026                 0.000000                    12.666927                
18.63       -74.28       83.64                94.18                  3.824143                       0.000000                        8.679562                 0.000000                    12.503705                
19.37       -74.70       83.73                94.23                  3.824306                       0.000000                        8.668253                 0.000000                    12.492558                
20.11       -75.12       83.97                94.36                  3.824503                       0.000000                        8.621911                 0.000000                    12.446414                
20.85       -75.53       84.36                94.58                  3.825075                       0.000000                        8.610468                 0.000000                    12.435543                
21.63       -75.92       82.54                93.56                  3.902988                       0.000000                        8.809577                 0.000000                    12.712565                
22.40       -76.31       83.01                93.82                  3.901754                       0.000000                        8.751523                 0.000000                    12.653276                
23.18       -76.69       83.65                94.19                  3.900786                       0.000000                        8.678044                 0.000000                    12.578830                
23.99       -77.08       84.17                94.48                  3.899458                       0.000000                        8.615139                 0.000000                    12.514597                
24.81       -77.46       84.70                94.77                  3.898212                       0.000000                        8.552640                 0.000000                    12.450852                
25.53       -77.62       85.31                95.11                  3.897314                       0.000000                        8.493024                 0.000000                    12.390338                
26.26       -77.79       85.76                95.36                  3.896149                       0.000000                        8.471619                 0.000000                    12.367768                
26.98       -77.95       86.16                95.59                  3.895360                       0.000000                        8.442968                 0.000000                    12.338328                
27.52       -78.13       86.78                95.93                  3.894768                       0.000000                        8.439523                 0.000000                    12.334290                
28.06       -78.30       87.20                96.16                  3.894335                       0.000000                        8.453241                 0.000000                    12.347576                
28.80       -78.56       87.74                96.46                  3.893577                       0.000000                        8.485429                 0.000000                    12.379006                
29.54       -78.83       88.28                96.76                  3.892872                       0.000000                        8.530097                 0.000000                    12.422969                
30.41       -79.13       88.94                97.12                  3.892243                       0.000000                        8.575198                 0.000000                    12.467441                
====================Subduction_Zone_75====================
18.27       -74.03       81.67                93.07                  3.826901                       0.000000                        8.840026                 0.000000                    12.666927                
17.64       -73.97       81.55                92.99                  3.827666                       0.000000                        8.840721                 0.000000                    12.668388                
17.00       -73.92       81.58                93.01                  3.828210                       0.000000                        8.840695                 0.000000                    12.668904                
16.17       -73.84       81.62                93.04                  3.829456                       0.000000                        8.838834                 0.000000                    12.668290                
15.33       -73.77       81.51                92.97                  3.830322                       0.000000                        8.840171                 0.000000                    12.670493                
14.49       -73.70       81.10                92.74                  3.870542                       0.000000                        8.836835                 0.000000                    12.707377                
13.61       -73.60       80.30                92.28                  3.972772                       0.000000                        8.765508                 0.000000                    12.738280                
12.73       -73.49       79.40                91.76                  3.978148                       0.000000                        8.675436                 0.000000                    12.653584                
11.85       -73.39       78.48                91.22                  3.981971                       0.000000                        8.452790                 0.000000                    12.434761                
10.97       -73.28       77.53                90.67                  3.987738                       0.000000                        8.298240                 0.000000                    12.285978                
10.15       -73.13       76.66                90.16                  3.991997                       0.000000                        8.052441                 0.007432                    12.051869                
9.32        -72.98       76.21                89.90                  3.993666                       0.000000                        7.875909                 0.041227                    11.910803                
8.50        -72.83       76.15                89.86                  3.907416                       0.000000                        7.995382                 0.042325                    11.945123                
7.74        -72.91       75.27                89.34                  3.909882                       0.000000                        7.835721                 0.082528                    11.828131                
====================Subduction_Zone_76====================
7.74        -72.91       75.27                89.34                  3.909882                       0.000000                        7.835721                 0.082528                    11.828131                
7.55        -72.20       69.12                85.61                  3.950052                       0.000000                        7.557403                 0.045845                    11.553300                
7.35        -71.49       72.50                87.69                  3.931101                       0.000000                        7.695652                 0.045374                    11.672127                
6.95        -70.54       73.76                88.44                  3.921637                       0.000000                        7.768845                 0.045374                    11.735857                
6.55        -69.59       40.70                65.70                  4.306359                       0.000000                        8.384573                 5.433802                    18.124735                
6.15        -68.64       39.05                64.35                  4.185388                       0.000000                        8.287027                 6.376883                    18.849297                
5.68        -67.81       38.42                63.83                  4.143100                       0.000000                        8.250785                 6.581362                    18.975247                
5.22        -66.98       38.52                63.91                  4.108673                       0.000000                        8.372673                 5.699291                    18.180637                
4.76        -66.15       19.21                45.13                  5.478085                       3.439721                        6.684568                 5.699291                    21.301665                
4.29        -65.32       19.80                45.82                  5.478897                       3.435096                        6.622344                 5.699291                    21.235629                
3.61        -64.45       11.94                35.59                  5.481720                       3.445851                        6.542603                 7.931948                    23.402122                
====================Subduction_Zone_77====================
62.51       132.85       86.86                95.97                  4.109566                       0.000000                        8.439339                 0.000000                    12.548904                
61.70       132.43       86.62                95.84                  4.128173                       0.000000                        8.439650                 0.000000                    12.567824                
60.86       132.00       86.75                95.92                  4.124480                       0.000000                        8.440291                 0.000000                    12.564772                
60.02       131.58       86.43                95.74                  4.114211                       0.000000                        8.439396                 0.000000                    12.553607                
59.29       131.20       86.45                95.75                  4.120063                       0.000000                        8.439546                 0.000000                    12.559609                
58.56       130.83       86.33                95.68                  4.123748                       0.000000                        8.440564                 0.000000                    12.564312                
57.75       130.42       86.29                95.66                  4.124025                       0.000000                        8.440320                 0.000000                    12.564345                
56.94       130.01       85.97                95.48                  4.036300                       0.000000                        8.450423                 0.000000                    12.486723                
56.23       129.55       86.22                95.62                  3.982248                       0.000000                        8.445256                 0.000000                    12.427504                
55.53       129.09       86.51                95.78                  3.984922                       0.000000                        8.439233                 0.000000                    12.424155                
54.66       128.63       87.46                96.30                  3.987035                       0.000000                        8.466598                 0.000000                    12.453634                
53.80       128.17       88.22                96.72                  3.989171                       0.000000                        8.515718                 0.000000                    12.504889                
53.10       127.79       88.29                96.76                  3.992083                       0.000000                        8.521511                 0.000000                    12.513594                
52.40       127.42       88.34                96.79                  3.995569                       0.000000                        8.535810                 0.000000                    12.531379                
51.82       127.11       88.40                96.82                  4.000850                       0.000000                        8.532208                 0.000000                    12.533057                
51.24       126.81       88.46                96.86                  4.003670                       0.000000                        8.547599                 0.000000                    12.551269                
50.60       126.48       88.54                96.90                  4.008316                       0.000000                        8.555056                 0.000000                    12.563372                
49.96       126.15       88.62                96.94                  4.013114                       0.000000                        8.563691                 0.000000                    12.576805                
49.18       125.75       88.75                97.01                  4.019209                       0.000000                        8.576423                 0.000000                    12.595632                
48.40       125.34       88.89                97.09                  4.025543                       0.000000                        8.591225                 0.000000                    12.616767                
47.49       124.87       89.09                97.20                  4.033168                       0.000000                        8.611982                 0.000000                    12.645150                
46.59       124.40       89.32                97.33                  4.042812                       0.000000                        8.626935                 0.000000                    12.669747                
45.76       123.88       89.68                97.52                  4.048904                       0.000000                        8.673810                 0.000000                    12.722713                
44.93       123.37       90.06                97.73                  4.058552                       0.000000                        8.705083                 0.000000                    12.763635                
43.97       122.85       85.71                95.34                  4.074821                       0.000000                        8.464249                 0.000000                    12.539070                
43.00       122.34       86.15                95.58                  4.082477                       0.000000                        8.447025                 0.000000                    12.529502                
42.42       121.97       86.53                95.79                  4.086369                       0.000000                        8.439499                 0.000000                    12.525868                
41.84       121.60       86.92                96.01                  4.089095                       0.000000                        8.443401                 0.000000                    12.532496                
====================Subduction_Zone_78====================
30.21       -79.08       88.78                97.03                  3.892264                       0.000000                        8.579551                 0.000000                    12.471815                
30.63       -79.18       89.13                97.22                  3.891841                       0.000000                        8.599392                 0.000000                    12.491233                
31.60       -79.48       89.88                97.63                  3.891212                       0.000000                        8.695451                 0.000000                    12.586662                
32.39       -79.86       90.56                98.00                  3.892619                       0.000000                        8.760729                 0.000000                    12.653349                
33.31       -79.97       90.89                98.17                  3.899869                       0.000000                        8.789565                 0.000000                    12.689434                
33.86       -80.06       90.88                98.17                  3.906201                       0.000000                        8.789125                 0.000000                    12.695326                
34.42       -80.16       90.88                98.17                  3.912795                       0.000000                        8.788683                 0.000000                    12.701478                
35.17       -80.11       90.87                98.16                  3.926065                       0.000000                        8.787839                 0.000000                    12.713904                
35.70       -80.22       90.86                98.16                  3.949605                       0.000000                        8.786885                 0.000000                    12.736490                
36.23       -80.33       90.85                98.15                  3.968400                       0.000000                        8.786250                 0.000000                    12.754650                
36.81       -80.42       90.83                98.15                  4.012463                       0.000000                        8.785027                 0.000000                    12.797490                
37.76       -80.46       90.82                98.14                  4.072711                       0.000000                        8.783499                 0.000000                    12.856210                
38.56       -80.64       89.83                97.60                  4.094999                       0.000000                        8.689773                 0.000000                    12.784772                
39.35       -81.07       88.46                96.85                  4.102792                       0.000000                        8.547533                 0.000000                    12.650325                
39.92       -81.10       87.75                96.46                  4.118556                       0.000000                        8.455331                 0.000000                    12.573887                
40.62       -81.17       84.62                94.73                  4.089437                       0.000000                        8.451266                 0.000000                    12.540703                
41.13       -81.19       84.67                94.76                  3.983633                       0.000000                        8.624113                 0.000000                    12.607747                
41.63       -81.21       83.82                94.28                  3.985668                       0.000000                        8.637377                 0.000000                    12.623045                
42.14       -81.23       82.72                93.66                  4.008236                       0.000000                        8.778311                 0.000000                    12.786546                
42.65       -81.25       82.78                93.69                  4.006053                       0.000000                        8.772601                 0.000000                    12.778653                
43.47       -81.28       82.08                93.30                  4.014606                       0.000000                        8.823726                 0.000000                    12.838331                
43.94       -81.10       78.08                90.99                  3.912139                       0.000000                        8.382964                 0.000000                    12.295102                
44.10       -81.11       77.94                90.91                  3.912339                       0.000000                        8.357484                 0.000000                    12.269823                
====================Subduction_Zone_79====================
-59.41      168.00       35.06                60.98                  3.775006                       0.000000                        8.059793                 11.737890                   23.572689                
-59.22      168.16       34.90                60.84                  3.775064                       0.000000                        8.057490                 11.655570                   23.488124                
-59.21      168.86       34.55                60.53                  3.775118                       0.000000                        8.039072                 12.045809                   23.859999                
-59.19      169.56       34.30                60.31                  3.775336                       0.000000                        8.026625                 12.247535                   24.049496                
-59.25      170.51       34.02                60.06                  3.775227                       0.000000                        8.012370                 12.565815                   24.353413                
-59.31      171.46       33.74                59.82                  3.774911                       0.000000                        8.001684                 12.661844                   24.438439                
-59.37      172.15       32.87                59.04                  3.774692                       0.000000                        7.956047                 12.406262                   24.137001                
-59.44      172.85       32.69                58.88                  3.774496                       0.000000                        7.938394                 12.094591                   23.807480                
-59.52      173.49       32.53                58.74                  3.774146                       0.000000                        7.939859                 11.947178                   23.661183                
-59.61      174.14       32.32                58.54                  3.773963                       0.000000                        7.923968                 11.782626                   23.480557                
-59.80      174.72       32.13                58.38                  3.773733                       0.000000                        7.912233                 11.586443                   23.272409                
-59.99      175.30       31.89                58.15                  3.773437                       0.000000                        7.909417                 11.380364                   23.063218                
-60.38      175.96       31.74                58.02                  3.773076                       0.000000                        7.902686                 10.985032                   22.660794                
-60.72      176.76       31.85                58.12                  3.772529                       0.000000                        7.907869                 10.785215                   22.465613                
-61.07      177.56       31.54                57.83                  3.784637                       0.000000                        7.891518                 10.724390                   22.400545                
-61.25      178.40       31.48                57.78                  3.786050                       0.000000                        7.890364                 10.697792                   22.374206                
-61.43      179.23       31.59                57.88                  3.785616                       0.000000                        7.890044                 10.668718                   22.344379                
-61.70      -178.57      31.15                57.47                  3.784840                       0.000000                        7.875196                 10.502713                   22.162749                
-61.91      -177.73      30.88                57.23                  3.784612                       0.000000                        7.862786                 10.402293                   22.049690                
-62.11      -176.89      30.82                57.17                  3.784383                       0.000000                        7.859860                 10.289739                   21.933981                
