Latitude    Longitude    Seafloor_Age(Myr)    Plate_Thickness(km)    lithosphere_carbon(Mt/km^2)    Serpentinite_carbon(Mt/km^2)    Crust_carbon(Mt/km^2)    Sediment_carbon(Mt/km^2)    Total_carbon(Mt/km^2)    
====================Subduction_Zone_0====================
34.55       35.86        52.00                74.26                  4.619068                       0.000000                        8.832507                 5.182961                    18.634536                
34.12       36.38        52.00                74.26                  4.613578                       0.000000                        8.832546                 5.810571                    19.256695                
33.70       36.91        52.00                74.26                  4.602852                       0.000000                        8.832038                 5.751236                    19.186126                
33.16       37.73        52.00                74.26                  4.588664                       0.000000                        8.832535                 5.474249                    18.895448                
32.61       38.55        52.00                74.26                  4.573425                       0.000000                        8.832546                 4.748227                    18.154198                
32.07       39.37        52.00                74.26                  4.559358                       0.000000                        8.832546                 4.444750                    17.836653                
31.51       40.29        52.00                74.26                  4.544169                       0.000000                        8.832546                 4.498041                    17.874756                
30.95       41.21        52.00                74.26                  4.529615                       0.000000                        8.832546                 4.167828                    17.529989                
30.58       41.93        52.00                74.26                  4.519681                       0.000000                        8.832546                 4.089932                    17.442159                
30.21       42.65        52.00                74.26                  4.508458                       0.000000                        8.832546                 3.870492                    17.211496                
29.84       43.37        52.00                74.26                  4.498346                       0.000000                        8.832546                 3.716722                    17.047614                
29.19       44.16        52.00                74.26                  4.487449                       0.000000                        8.832546                 3.700363                    17.020358                
28.53       44.95        52.00                74.26                  4.476113                       0.000000                        8.832546                 3.648531                    16.957190                
27.88       45.74        52.00                74.26                  4.464360                       0.000000                        8.832546                 3.642158                    16.939064                
27.44       46.54        52.03                74.28                  4.454429                       0.000000                        8.832360                 3.633318                    16.920107                
27.00       47.35        52.00                74.26                  4.444767                       0.000000                        8.832546                 3.592617                    16.869930                
26.56       48.16        52.00                74.26                  4.436288                       0.000000                        8.832546                 3.597741                    16.866575                
26.24       49.00        52.00                74.26                  4.426731                       0.000000                        8.832546                 3.450335                    16.709612                
25.92       49.83        52.00                74.26                  4.418727                       0.000000                        8.832546                 3.432210                    16.683484                
25.60       50.67        52.00                74.26                  4.418021                       0.000000                        8.832546                 3.445263                    16.695830                
25.39       51.45        52.00                74.26                  4.417296                       0.000000                        8.832546                 3.447001                    16.696843                
25.17       52.23        52.00                74.26                  4.404917                       0.000000                        8.832546                 3.767942                    17.005404                
24.86       53.15        52.00                74.26                  4.397355                       0.000000                        8.832546                 3.902012                    17.131913                
24.55       54.07        52.00                74.26                  4.389321                       0.000000                        8.832546                 4.292164                    17.514031                
24.43       54.70        52.00                74.26                  4.368131                       0.000000                        8.832546                 4.738725                    17.939402                
24.32       55.33        52.00                74.26                  4.378829                       0.000000                        8.832546                 5.235439                    18.446814                
24.21       55.88        52.00                74.26                  4.374712                       0.000000                        8.832546                 5.617967                    18.825225                
24.10       56.43        52.00                74.26                  4.370044                       0.000000                        8.832546                 6.852641                    20.055231                
24.17       56.94        52.12                74.34                  4.367028                       0.000000                        8.830885                 6.852641                    20.050554                
24.24       57.45        52.50                74.62                  4.367223                       0.000000                        8.832408                 6.852641                    20.052272                
24.33       58.09        52.29                74.46                  4.367221                       0.000000                        8.831732                 6.852641                    20.051594                
24.42       58.73        52.20                74.40                  4.366591                       0.000000                        8.832389                 6.852641                    20.051621                
24.46       59.24        52.54                74.64                  4.367313                       0.000000                        8.832376                 6.852641                    20.052331                
24.50       59.75        52.01                74.27                  4.366766                       0.000000                        8.831489                 6.852641                    20.050897                
24.53       59.99        52.09                74.32                  4.366554                       0.000000                        8.830847                 6.852641                    20.050042                
====================Subduction_Zone_1====================
33.29       -4.04        129.55               117.21                 10.053034                      5.399877                        8.169795                 2.433877                    26.056583                
33.81       -3.31        129.56               117.22                 10.490250                      5.434557                        8.154763                 2.540702                    26.620272                
34.57       -2.52        129.29               117.09                 10.734289                      5.455756                        8.243109                 2.170121                    26.603275                
35.34       -1.72        123.93               114.64                 10.614764                      5.458893                        9.056448                 4.494633                    29.624738                
36.11       -0.92        115.55               110.70                 13.034261                      5.518139                        9.639503                 5.061717                    33.253619                
36.88       -0.12        111.72               108.85                 19.140457                      5.642323                        9.696307                 10.158969                   44.638055                
37.62       0.57         111.15               108.57                 15.917479                      5.605053                        9.745871                 10.853587                   42.121990                
38.37       1.25         110.48               108.24                 16.551616                      5.588931                        9.699509                 10.158969                   41.999025                
39.11       1.94         125.64               115.43                 10.238920                      5.399877                        8.816556                 11.357534                   35.812887                
40.00       2.77         127.23               116.16                 10.377605                      5.399877                        8.495171                 6.787878                    31.060530                
40.00       2.78         126.84               115.98                 10.049413                      5.399877                        9.448389                 6.787878                    31.685557                
====================Subduction_Zone_2====================
8.44        87.10        65.75                83.50                  3.892295                       0.000000                        8.782405                 9.400733                    22.075433                
7.80        87.87        64.91                82.97                  3.892088                       0.000000                        8.818057                 7.738493                    20.448638                
7.17        88.63        63.57                82.10                  3.891988                       0.000000                        8.858949                 5.958258                    18.709196                
6.72        89.44        62.44                81.37                  3.891947                       0.000000                        8.870467                 4.892705                    17.655119                
6.26        90.25        58.09                78.49                  3.899086                       0.000000                        8.740318                 3.182337                    15.821740                
5.81        91.06        51.22                73.70                  3.916711                       0.000000                        8.815088                 3.890388                    16.622187                
5.47        91.82        44.84                68.96                  3.949610                       0.000000                        8.158864                 4.975120                    17.083593                
5.14        92.57        37.16                62.77                  3.893554                       0.000000                        7.549507                 6.802201                    18.245262                
4.81        93.32        36.51                62.22                  3.920405                       0.000000                        7.416166                 7.960472                    19.297043                
4.33        94.09        34.08                60.12                  3.970416                       0.000000                        7.217079                 9.009905                    20.197401                
3.85        94.85        33.22                59.36                  3.932244                       0.000000                        7.114868                 9.345896                    20.393008                
3.36        95.62        33.06                59.21                  3.929732                       0.000000                        7.066676                 9.689891                    20.686299                
2.88        96.39        30.72                57.08                  3.915743                       0.000000                        6.902524                 10.885931                   21.704198                
2.47        97.19        22.68                49.05                  3.936718                       0.000000                        6.801236                 11.380026                   22.117980                
2.05        97.99        22.25                48.58                  3.929819                       0.000000                        6.789245                 11.159519                   21.878583                
1.63        98.80        4.82                 22.61                  3.999601                       0.000000                        5.310725                 11.298374                   20.608700                
1.22        99.60        5.79                 24.78                  3.967264                       0.000000                        5.597471                 10.615504                   20.180239                
0.76        100.37       7.98                 29.08                  3.953943                       0.000000                        5.936588                 13.031182                   22.921714                
0.30        101.13       9.32                 31.43                  3.944562                       0.000000                        6.206199                 15.623619                   25.774380                
-0.16       101.90       10.52                33.41                  3.942035                       0.000000                        6.323159                 15.913160                   26.178354                
-0.87       102.89       13.79                38.24                  3.937353                       0.000000                        6.594399                 15.922855                   26.454607                
-1.53       103.54       12.50                36.41                  3.944441                       0.000000                        6.510839                 16.254880                   26.710160                
-2.20       104.18       12.31                36.13                  3.943874                       0.000000                        6.483845                 16.549693                   26.977412                
====================Subduction_Zone_3====================
-2.20       104.18       12.31                36.13                  3.943874                       0.000000                        6.483845                 16.549693                   26.977412                
-2.72       104.94       12.00                35.68                  3.946548                       0.000000                        6.491984                 16.524446                   26.962977                
-3.25       105.69       12.15                35.90                  3.950226                       0.000000                        6.489589                 16.422545                   26.862360                
-3.57       106.11       12.36                36.21                  3.952762                       0.000000                        6.528935                 16.427457                   26.909154                
-3.98       106.65       12.63                36.60                  3.955772                       0.000000                        6.547608                 16.043204                   26.546584                
-4.54       107.38       14.35                39.01                  3.971388                       0.000000                        6.634623                 13.705063                   24.311074                
-4.87       107.90       18.29                44.04                  4.096983                       0.000000                        6.701803                 10.934518                   21.733305                
-5.05       108.17       19.59                45.58                  4.102950                       0.000000                        6.722677                 10.934518                   21.760146                
-5.19       108.40       20.01                46.07                  4.102585                       0.000000                        6.733185                 10.902137                   21.737907                
-5.32       108.60       19.83                45.86                  4.123557                       0.000000                        6.754192                 10.982816                   21.860565                
-5.48       108.87       22.03                48.33                  4.128387                       0.000000                        6.815274                 11.184506                   22.128167                
-5.70       109.21       25.46                51.97                  4.121519                       0.000000                        6.873061                 11.237623                   22.232202                
-5.97       109.64       25.94                52.45                  4.120093                       0.000000                        6.890597                 11.243832                   22.254521                
-6.12       109.90       26.56                53.07                  4.083207                       0.000000                        6.896085                 11.119688                   22.098979                
-6.33       110.28       27.38                53.89                  4.066077                       0.000000                        6.899898                 10.918076                   21.884051                
-6.53       110.64       28.08                54.57                  4.069464                       0.000000                        6.901483                 10.765718                   21.736665                
-6.59       110.77       28.83                55.29                  4.070652                       0.000000                        6.901978                 10.668584                   21.641214                
-7.06       111.60       30.42                56.80                  4.077216                       0.000000                        6.921200                 10.242452                   21.240868                
-7.57       112.58       33.16                59.30                  4.198756                       0.000000                        7.182038                 9.434690                    20.815484                
====================Subduction_Zone_4====================
-4.51       115.24       25.54                52.05                  8.258890                       5.233295                        6.874440                 11.873213                   32.239837                
-4.48       115.80       25.74                52.25                  10.339819                      5.413342                        6.877603                 11.763060                   34.393823                
-4.37       116.31       23.28                49.68                  10.313939                      5.424334                        6.818382                 11.729784                   34.286438                
-4.20       116.71       19.44                45.41                  7.236414                       4.362917                        6.722114                 11.624538                   29.945984                
-4.51       117.05       19.94                45.99                  5.350946                       3.175858                        6.733788                 11.280839                   26.541432                
-4.80       117.61       18.38                44.15                  5.423863                       3.329278                        6.701498                 11.280643                   26.735283                
-5.06       118.04       17.07                42.55                  5.502179                       3.476666                        6.679565                 11.469821                   27.128232                
-5.21       118.29       16.40                41.71                  5.473898                       3.418037                        6.683747                 11.269102                   26.844783                
====================Subduction_Zone_5====================
-27.10      137.87       76.51                90.07                  4.715050                       0.000000                        8.714153                 2.064473                    15.493677                
-26.92      137.55       61.05                80.46                  5.365798                       3.042698                        7.651040                 7.541611                    23.601148                
-26.47      137.09       19.90                45.94                  5.940321                       4.195939                        6.840413                 12.877864                   29.854537                
-25.85      136.28       7.57                 28.33                  6.440931                       4.898249                        5.863534                 11.013823                   28.216537                
-25.53      135.65       8.40                 29.84                  6.438267                       4.898249                        6.001987                 12.497660                   29.836163                
-25.22      135.02       7.60                 28.39                  6.435701                       4.898249                        5.696141                 12.497660                   29.527751                
-25.03      134.14       117.21               111.49                 4.928921                       2.074199                        9.750225                 9.451936                    26.205281                
-24.85      133.25       116.96               111.37                 4.911475                       2.013936                        9.745254                 9.451936                    26.122599                
-24.67      132.37       118.36               112.03                 4.893654                       1.673084                        9.741119                 10.305366                   26.613223                
-24.48      131.48       118.71               112.20                 5.244675                       2.934967                        9.713219                 14.171516                   32.064378                
-24.22      130.56       118.13               111.93                 5.205027                       2.842508                        9.731837                 14.171516                   31.950889                
-23.95      129.63       119.60               112.62                 5.269132                       2.990973                        9.691843                 16.167542                   34.119490                
-23.87      128.92       120.00               112.81                 6.427874                       4.898249                        6.020048                 11.325406                   28.671577                
-23.78      128.20       120.00               112.81                 4.428473                       0.000000                        9.661252                 2.679204                    16.768929                
-23.70      127.48       120.00               112.81                 4.435287                       0.000000                        9.666083                 2.681908                    16.783277                
-23.53      126.55       118.84               112.26                 4.366440                       0.000000                        9.688665                 2.685024                    16.740129                
-23.36      125.63       118.92               112.30                 4.457504                       0.000000                        9.765646                 3.718308                    17.941457                
-23.32      125.43       113.22               109.57                 4.462441                       0.000000                        9.764557                 3.718308                    17.945305                
====================Subduction_Zone_6====================
-42.28      174.59       83.13                93.89                  4.014993                       0.000000                        8.259564                 8.474401                    20.748958                
-42.95      174.61       83.91                94.33                  3.981899                       0.000000                        8.386366                 9.415675                    21.783940                
-43.62      174.62       84.21                94.50                  3.963805                       0.000000                        8.427432                 11.214227                   23.605464                
-44.29      174.64       83.28                93.98                  3.965451                       0.000000                        8.283723                 15.157737                   27.406911                
-45.19      174.84       82.74                93.67                  3.957836                       0.000000                        8.198837                 19.965952                   32.122624                
-46.08      175.03       83.26                93.97                  3.972767                       0.000000                        7.995308                 20.416477                   32.384552                
-46.19      175.09       81.26                92.83                  3.969898                       0.000000                        8.002472                 20.416477                   32.388847                
====================Subduction_Zone_7====================
-46.33      174.28       82.11                93.31                  3.957843                       0.000000                        8.106905                 20.416477                   32.481225                
-46.19      175.09       81.26                92.83                  3.969898                       0.000000                        8.002472                 20.416477                   32.388847                
====================Subduction_Zone_8====================
-70.95      -100.89      48.69                71.86                  3.978764                       0.000000                        8.670842                 9.435787                    22.085392                
-70.92      -100.13      44.70                68.85                  4.011233                       0.000000                        8.227953                 10.277181                   22.516368                
-70.89      -99.38       34.78                60.73                  4.099409                       0.000000                        7.383969                 12.410717                   23.894096                
-70.86      -98.63       25.97                52.48                  4.254806                       0.000000                        6.869022                 14.794952                   25.918780                
-70.82      -97.87       19.89                45.92                  4.497422                       0.000000                        6.682558                 17.876853                   29.056833                
-70.74      -97.05       12.11                35.83                  4.593113                       0.000000                        6.480929                 19.959507                   31.033549                
-70.66      -96.23       5.34                 23.79                  4.488414                       0.000000                        5.899828                 17.445933                   27.834174                
-70.57      -95.40       3.12                 18.19                  4.789477                       0.287901                        4.639342                 5.916069                    15.632789                
-70.46      -94.46       2.25                 15.45                  5.393469                       2.539960                        4.316830                 3.767912                    16.018171                
-70.35      -93.52       2.76                 17.10                  4.750725                       0.000000                        4.718142                 3.985532                    13.454399                
-70.24      -92.57       2.77                 17.15                  4.674902                       0.000000                        4.726780                 4.858535                    14.260218                
-70.12      -91.94       3.98                 20.55                  4.649383                       0.000000                        5.111115                 5.645673                    15.406171                
-70.00      -91.30       4.27                 21.29                  4.612899                       0.000000                        5.190212                 6.378435                    16.181545                
-69.94      -90.53       4.88                 22.74                  4.579304                       0.000000                        5.336833                 8.396868                    18.313006                
-69.89      -89.77       5.46                 24.06                  4.536992                       0.000000                        5.284585                 10.020578                   19.842155                
-69.83      -89.01       6.02                 25.26                  4.507154                       0.000000                        5.418687                 10.801267                   20.727108                
-69.78      -88.10       6.69                 26.64                  4.484054                       0.000000                        5.713541                 10.720610                   20.918204                
-69.72      -87.20       6.61                 26.48                  4.444319                       0.000000                        5.698305                 10.962792                   21.105416                
-69.50      -86.53       6.61                 26.48                  4.410153                       0.000000                        5.698243                 11.628436                   21.736833                
-69.28      -85.85       6.63                 26.52                  4.377963                       0.000000                        5.701673                 11.454287                   21.533923                
-68.91      -84.96       6.50                 26.25                  4.333162                       0.000000                        5.676339                 11.520105                   21.529605                
-68.53      -84.06       6.41                 26.07                  4.291960                       0.000000                        5.659801                 11.327195                   21.278957                
-68.16      -83.17       8.07                 29.26                  4.274621                       0.000000                        5.928999                 13.609009                   23.812629                
-67.87      -82.33       10.41                33.22                  4.551594                       0.000000                        6.276927                 14.673224                   25.501744                
-67.59      -81.50       10.46                33.31                  4.588703                       0.000000                        6.312450                 17.195516                   28.096669                
-67.30      -80.66       9.79                 32.22                  4.333898                       0.000000                        6.226064                 16.852244                   27.412205                
-66.97      -79.74       9.83                 32.29                  4.382961                       0.000000                        6.230577                 16.945705                   27.559243                
-66.63      -78.82       9.92                 32.44                  4.391514                       0.000000                        6.243029                 16.983899                   27.618442                
-66.33      -78.21       11.90                35.52                  4.226552                       0.000000                        6.465737                 18.199640                   28.891928                
-66.04      -77.59       12.77                36.80                  4.148820                       0.000000                        6.502136                 18.631967                   29.282923                
-65.68      -76.85       12.91                37.00                  4.155472                       0.000000                        6.545915                 20.031668                   30.733055                
-65.31      -76.10       13.09                37.26                  4.165092                       0.000000                        6.557322                 20.317821                   31.040234                
-64.93      -75.40       12.97                37.08                  4.146946                       0.000000                        6.568397                 20.351039                   31.066382                
-64.54      -74.69       13.49                37.82                  4.116518                       0.000000                        6.574358                 20.576872                   31.267748                
-64.33      -73.95       13.56                37.93                  4.107731                       0.000000                        6.571572                 20.225918                   30.905220                
-64.13      -73.21       16.41                41.72                  4.140463                       0.000000                        6.591667                 20.500931                   31.233061                
-63.96      -72.32       15.90                41.07                  4.148698                       0.000000                        6.660812                 20.752826                   31.562336                
-63.80      -71.44       15.34                40.33                  4.229154                       0.000000                        6.645906                 19.983093                   30.858153                
-63.64      -70.55       15.48                40.52                  4.251984                       0.000000                        6.471278                 19.988100                   30.711362                
-63.48      -70.00       12.59                36.54                  4.177517                       0.000000                        6.470111                 19.560906                   30.208534                
-63.32      -69.45       12.50                36.41                  4.212251                       0.000000                        6.512554                 19.332843                   30.057648                
-63.14      -68.84       12.19                35.96                  4.299255                       0.000000                        6.495899                 19.553438                   30.348592                
-62.96      -68.23       11.67                35.17                  4.288371                       0.000000                        6.447526                 19.305357                   30.041253                
-62.86      -67.82       11.74                35.28                  4.318455                       0.000000                        6.452293                 19.018966                   29.789714                
====================Subduction_Zone_9====================
-65.28      -57.41       81.96                93.23                  7.415785                       5.083158                        8.100305                 25.052264                   45.651512                
-65.01      -56.56       66.71                84.11                  11.109576                      5.451657                        8.736606                 13.045068                   38.342908                
-64.75      -55.70       58.00                78.42                  9.057341                       5.317052                        8.778976                 8.391155                    31.544524                
-64.67      -55.41       50.59                73.25                  8.840560                       5.284788                        8.805337                 7.083448                    30.014132                
====================Subduction_Zone_10====================
-9.10       144.24       95.13                100.44                 4.077349                       0.000000                        9.117896                 10.331609                   23.526854                
-9.12       144.75       100.78               103.38                 4.053435                       0.000000                        9.343988                 7.815799                    21.213223                
-9.15       145.26       106.41               106.23                 4.033700                       0.000000                        9.601794                 5.754921                    19.390415                
-9.22       145.99       110.47               108.23                 4.022067                       0.000000                        9.734502                 2.052155                    15.808724                
-9.42       146.93       113.57               109.74                 4.012634                       0.000000                        9.766345                 1.928390                    15.707369                
-9.62       147.87       112.48               109.21                 4.012752                       0.000000                        9.761154                 1.908035                    15.681942                
-9.98       148.75       111.53               108.75                 4.013242                       0.000000                        9.751573                 1.828153                    15.592969                
-10.41      149.70       110.41               108.21                 4.013948                       0.000000                        9.733888                 1.861772                    15.609609                
-11.09      150.59       108.85               107.44                 4.015174                       0.000000                        9.696223                 2.308028                    16.019425                
-11.77      151.48       106.00               106.02                 4.435727                       0.000000                        9.591344                 4.155233                    18.182303                
-12.42      152.33       102.92               104.47                 4.434570                       0.000000                        9.438502                 5.833956                    19.707029                
-13.07      153.18       100.10               103.03                 4.300621                       0.000000                        9.308715                 7.545575                    21.154910                
-13.59      153.58       98.78                102.35                 4.062809                       0.000000                        9.251017                 8.896924                    22.210750                
-14.11      153.99       97.56                101.71                 4.060968                       0.000000                        9.204287                 10.934245                   24.199500                
-14.96      154.77       95.57                100.67                 4.052858                       0.000000                        9.130942                 13.619638                   26.803437                
-15.17      155.32       94.98                100.36                 4.046997                       0.000000                        9.111455                 13.635751                   26.794204                
-15.39      155.86       94.41                100.06                 4.041292                       0.000000                        9.093350                 13.007284                   26.141926                
-15.45      156.62       94.07                99.88                  4.033508                       0.000000                        9.083162                 12.767850                   25.884520                
-15.52      157.39       93.74                99.70                  4.026037                       0.000000                        9.073472                 12.466352                   25.565862                
-15.89      158.10       92.87                99.24                  4.017545                       0.000000                        9.048213                 11.641534                   24.707293                
-16.25      158.81       92.14                98.85                  3.903342                       0.000000                        9.030839                 10.967738                   23.901918                
-16.41      159.40       91.85                98.69                  3.900594                       0.000000                        9.030355                 10.535859                   23.466807                
-16.58      160.00       91.48                98.49                  3.897867                       0.000000                        9.014248                 10.247310                   23.159426                
-17.02      160.50       90.78                98.12                  3.897212                       0.000000                        8.996113                 9.515435                    22.408760                
-17.14      161.06       90.53                97.98                  3.896474                       0.000000                        8.989066                 9.416342                    22.301882                
-17.25      161.61       90.27                97.84                  3.895770                       0.000000                        8.981609                 9.178137                    22.055515                
-17.55      162.26       89.74                97.55                  3.895010                       0.000000                        8.964657                 8.678551                    21.538217                
-18.17      162.80       88.80                97.04                  3.894438                       0.000000                        8.926051                 7.807779                    20.628268                
-18.79      163.34       87.85                96.52                  3.893887                       0.000000                        8.871236                 6.564158                    19.329281                
-19.58      164.19       85.60                95.28                  4.312456                       0.000000                        8.642724                 5.382726                    18.337906                
-20.53      164.59       83.66                94.19                  4.452601                       0.000000                        8.345354                 4.447353                    17.245307                
-21.11      165.05       82.37                93.46                  4.564530                       0.000000                        8.139396                 4.713739                    17.417664                
-21.69      165.50       80.30                92.28                  4.742262                       0.000000                        7.924585                 5.915720                    18.582567                
-22.23      165.91       78.55                91.27                  5.008606                       2.312212                        7.887800                 7.375042                    22.583660                
-22.76      166.32       77.32                90.55                  5.585440                       3.626484                        7.958204                 8.577318                    25.747445                
-23.70      166.74       78.76                91.39                  5.692408                       3.761762                        7.898745                 7.616274                    24.969189                
-24.63      167.15       71.24                86.92                  4.736160                       0.000000                        8.528111                 8.407280                    21.671552                
-25.31      167.37       63.28                81.92                  4.546990                       0.000000                        8.799482                 4.500079                    17.846551                
-25.99      167.60       54.95                76.33                  4.397922                       0.000000                        8.755446                 2.126774                    15.280142                
-26.97      168.08       57.03                77.77                  4.407744                       0.000000                        8.764284                 2.176368                    15.348396                
-27.65      168.30       56.89                77.67                  4.358967                       0.000000                        8.761966                 2.701021                    15.821954                
-28.44      168.79       54.74                76.19                  4.399970                       0.000000                        8.761637                 2.065365                    15.226971                
-29.12      168.96       52.69                74.75                  4.402415                       0.000000                        8.822523                 2.370865                    15.595803                
-29.80      169.14       50.64                73.28                  4.405579                       0.000000                        8.820893                 4.017139                    17.243611                
-30.71      169.29       48.08                71.41                  4.327625                       0.000000                        8.691772                 4.138708                    17.158105                
====================Subduction_Zone_11====================
-30.71      169.29       48.08                71.41                  4.327625                       0.000000                        8.691772                 4.138708                    17.158105                
-30.75      169.31       48.22                71.51                  4.297798                       0.000000                        8.694234                 4.128983                    17.121016                
-31.43      169.81       50.56                73.22                  4.257802                       0.000000                        8.818314                 3.528091                    16.604207                
-32.11      170.31       52.91                74.90                  4.253561                       0.000000                        8.817836                 2.665786                    15.737183                
-32.78      170.81       55.25                76.55                  4.247827                       0.000000                        8.746157                 2.050210                    15.044194                
-33.73      171.17       54.91                76.31                  4.184031                       0.000000                        8.758626                 2.343829                    15.286486                
-34.69      171.53       62.11                81.16                  4.217061                       0.000000                        8.861623                 3.559879                    16.638563                
-35.64      171.89       66.06                83.70                  4.208684                       0.000000                        8.771320                 5.591228                    18.571232                
-36.35      172.21       67.97                84.90                  4.197308                       0.000000                        8.687998                 6.547735                    19.433041                
-37.07      172.53       69.89                86.09                  4.181173                       0.000000                        8.608228                 8.697109                    21.486509                
-37.95      173.03       74.15                88.68                  4.143252                       0.000000                        8.280748                 10.353268                   22.777268                
-38.83      173.53       76.35                89.98                  4.126201                       0.000000                        8.056380                 10.565500                   22.748081                
-39.35      173.99       77.47                90.64                  4.130246                       0.000000                        7.940211                 9.908358                    21.978814                
-39.87      174.45       80.39                92.33                  4.097248                       0.000000                        7.912913                 8.269525                    20.279687                
====================Subduction_Zone_12====================
-39.87      174.45       80.39                92.33                  4.097248                       0.000000                        7.912913                 8.269525                    20.279687                
-40.78      174.55       82.20                93.36                  4.082387                       0.000000                        8.049317                 7.296004                    19.427708                
-41.66      174.58       82.46                93.51                  4.047844                       0.000000                        8.155841                 7.973274                    20.176958                
-42.53      174.60       83.46                94.08                  4.002798                       0.000000                        8.304474                 8.701626                    21.008898                
-43.41      174.62       84.39                94.60                  3.963889                       0.000000                        8.462587                 10.951806                   23.378282                
-44.29      174.64       83.28                93.98                  3.965451                       0.000000                        8.283723                 15.157737                   27.406911                
-45.19      174.84       82.74                93.67                  3.957836                       0.000000                        8.198837                 19.965952                   32.122624                
-46.08      175.03       83.26                93.97                  3.972767                       0.000000                        7.995308                 20.416477                   32.384552                
-46.19      175.09       81.26                92.83                  3.969898                       0.000000                        8.002472                 20.416477                   32.388847                
====================Subduction_Zone_13====================
-46.19      175.09       81.26                92.83                  3.969898                       0.000000                        8.002472                 20.416477                   32.388847                
-46.17      175.18       81.64                93.04                  3.964284                       0.000000                        8.043990                 20.416477                   32.424751                
-46.13      175.88       84.45                94.64                  3.925693                       0.000000                        8.472588                 18.340774                   30.739054                
-46.10      176.58       86.69                95.88                  3.903530                       0.000000                        8.752189                 18.718032                   31.373751                
-46.09      177.10       86.57                95.81                  3.907321                       0.000000                        8.739937                 18.870467                   31.517725                
-46.09      177.61       86.45                95.75                  3.911256                       0.000000                        8.726480                 18.697878                   31.335613                
-46.14      178.59       86.12                95.57                  3.916974                       0.000000                        8.708573                 18.538320                   31.163866                
-46.41      179.52       86.29                95.66                  3.921160                       0.000000                        8.702881                 24.053999                   36.678041                
-46.74      -179.91      86.58                95.82                  3.907953                       0.000000                        8.760391                 23.587034                   36.255378                
-46.95      -179.41      86.73                95.90                  3.904911                       0.000000                        8.775631                 21.762738                   34.443280                
====================Subduction_Zone_14====================
58.16       -124.57      3.73                 19.90                  4.401273                       0.000000                        5.043869                 6.609246                    16.054388                
58.93       -125.17      7.60                 28.38                  3.822719                       0.000000                        5.888148                 13.002647                   22.713514                
59.77       -125.55      10.37                33.15                  3.754207                       0.000000                        6.299239                 15.770888                   25.824334                
60.73       -126.16      11.06                34.25                  3.753995                       0.000000                        6.383237                 16.190481                   26.327713                
61.07       -126.52      11.36                34.71                  3.753995                       0.000000                        6.415552                 16.250493                   26.420040                
61.55       -126.54      11.58                35.04                  3.753985                       0.000000                        6.445219                 16.234912                   26.434115                
61.89       -126.91      11.87                35.48                  3.754000                       0.000000                        6.471902                 15.988182                   26.214084                
62.24       -127.11      12.09                35.80                  3.756688                       0.000000                        6.475820                 15.938708                   26.171216                
62.66       -127.60      12.38                36.23                  3.763396                       0.000000                        6.490221                 15.821017                   26.074634                
63.04       -128.29      12.50                36.41                  3.767267                       0.000000                        6.517135                 15.564494                   25.848895                
63.21       -128.59      12.66                36.64                  3.772186                       0.000000                        6.528217                 15.510737                   25.811140                
63.55       -129.01      12.78                36.81                  3.776461                       0.000000                        6.537143                 15.458878                   25.772483                
63.84       -129.53      13.08                37.24                  3.782475                       0.000000                        6.556697                 15.192609                   25.531781                
64.17       -129.97      13.43                37.74                  3.787214                       0.000000                        6.565589                 15.046998                   25.399801                
64.59       -130.43      14.72                39.51                  3.793947                       0.000000                        6.579869                 13.165030                   23.538846                
65.05       -130.92      14.84                39.67                  3.756545                       0.000000                        6.637239                 13.165030                   23.558814                
65.49       -131.18      14.87                39.71                  3.756454                       0.000000                        6.638169                 12.985074                   23.379697                
====================Subduction_Zone_15====================
65.49       -131.18      14.87                39.71                  3.756454                       0.000000                        6.638169                 12.985074                   23.379697                
65.25       -132.13      15.11                40.03                  3.761823                       0.000000                        6.639038                 12.998775                   23.399635                
65.01       -133.07      15.21                40.17                  3.765507                       0.000000                        6.644688                 12.722861                   23.133056                
64.77       -134.02      15.23                40.18                  3.786615                       0.000000                        6.644973                 12.505327                   22.936916                
64.53       -134.97      15.33                40.32                  3.805527                       0.000000                        6.647583                 12.456072                   22.909182                
64.30       -135.92      15.68                40.77                  3.807208                       0.000000                        6.655168                 11.973752                   22.436127                
64.06       -136.87      16.04                41.24                  3.808935                       0.000000                        6.662383                 11.410718                   21.882036                
63.82       -137.81      16.41                41.72                  3.810708                       0.000000                        6.669185                 11.000756                   21.480649                
63.58       -138.76      16.80                42.21                  3.812529                       0.000000                        6.675603                 10.849904                   21.338036                
63.35       -139.71      17.21                42.72                  3.814398                       0.000000                        6.682229                 10.695414                   21.192041                
63.11       -140.66      17.64                43.25                  3.816316                       0.000000                        6.688981                 10.599824                   21.105122                
62.79       -141.51      18.23                43.97                  4.426151                       0.000000                        6.698748                 10.408333                   21.533232                
62.47       -142.37      19.38                45.34                  4.429091                       0.000000                        6.719978                 10.411074                   21.560143                
62.15       -143.22      20.57                46.71                  4.429974                       0.000000                        6.745937                 10.494163                   21.670074                
61.83       -144.07      21.80                48.08                  4.430884                       0.000000                        6.776911                 10.717138                   21.924933                
61.52       -144.93      23.06                49.45                  4.431821                       0.000000                        6.811830                 10.981801                   22.225452                
61.20       -145.78      24.36                50.83                  4.432781                       0.000000                        6.847559                 11.056948                   22.337288                
61.00       -146.29      25.15                51.64                  4.433396                       0.000000                        6.866646                 11.021872                   22.321914                
60.80       -146.80      25.95                52.46                  4.434019                       0.000000                        6.882430                 10.833681                   22.150130                
60.45       -147.64      27.29                53.79                  4.435131                       0.000000                        6.897352                 10.668548                   22.001031                
60.31       -148.25      28.33                54.81                  4.435567                       0.000000                        6.901059                 10.471098                   21.807724                
60.18       -148.85      29.38                55.82                  4.387474                       0.000000                        6.904961                 10.153884                   21.446320                
59.96       -149.61      30.45                56.83                  4.226206                       0.000000                        6.921812                 9.993966                    21.141983                
59.66       -150.52      30.54                56.90                  4.356381                       0.000000                        6.925318                 9.979227                    21.260926                
59.51       -151.03      30.41                56.79                  4.416689                       0.000000                        6.921666                 10.049192                   21.387548                
59.37       -151.55      30.30                56.68                  4.461455                       0.000000                        6.918538                 10.024066                   21.404059                
59.17       -152.32      30.29                56.67                  4.477629                       0.000000                        6.918169                 10.247175                   21.642973                
59.00       -153.29      30.60                56.97                  4.460627                       0.000000                        6.926146                 10.058048                   21.444821                
58.82       -154.26      30.90                57.25                  4.480082                       0.000000                        6.937290                 9.851650                    21.269022                
58.65       -155.23      31.18                57.50                  4.479181                       0.000000                        6.950004                 9.976648                    21.405832                
58.47       -156.20      31.49                57.79                  4.478294                       0.000000                        6.966869                 9.858101                    21.303263                
58.30       -157.17      31.83                58.10                  4.477392                       0.000000                        6.989087                 9.829981                    21.296461                
58.13       -158.17      32.27                58.50                  4.476494                       0.000000                        7.022174                 9.790392                    21.289060                
57.97       -159.17      32.73                58.92                  4.475422                       0.000000                        7.064300                 9.426004                    20.965726                
57.80       -160.16      33.24                59.37                  4.474092                       0.000000                        7.116115                 8.840828                    20.431035                
57.63       -161.16      33.77                59.85                  4.472524                       0.000000                        7.179494                 9.043560                    20.695578                
57.47       -162.15      35.08                60.99                  4.579541                       0.000000                        7.357650                 7.433827                    19.371018                
57.30       -163.15      40.33                65.40                  4.277136                       0.000000                        7.710047                 5.457674                    17.444858                
57.16       -164.00      40.88                65.85                  4.294753                       0.000000                        7.726030                 5.357892                    17.378675                
57.03       -164.85      41.25                66.14                  4.309522                       0.000000                        7.770768                 5.035670                    17.115960                
56.89       -165.70      42.16                66.87                  4.324909                       0.000000                        7.833777                 4.922932                    17.081619                
56.75       -166.55      42.88                67.43                  4.333639                       0.000000                        7.947743                 4.541054                    16.822437                
56.62       -167.40      43.65                68.04                  4.358837                       0.000000                        8.029970                 4.099961                    16.488768                
56.48       -168.25      44.55                68.73                  4.343058                       0.000000                        8.215033                 3.797238                    16.355329                
56.42       -169.23      48.92                72.02                  4.007555                       0.000000                        8.763119                 4.215450                    16.986125                
56.36       -170.21      48.96                72.05                  4.001672                       0.000000                        8.742394                 4.187193                    16.931259                
56.30       -171.19      48.99                72.07                  3.995086                       0.000000                        8.743979                 4.163956                    16.903021                
56.25       -172.17      49.35                72.34                  3.988766                       0.000000                        8.766961                 4.126208                    16.881935                
56.19       -173.15      49.35                72.34                  3.983657                       0.000000                        8.767240                 4.092785                    16.843682                
56.13       -174.12      49.34                72.33                  3.978682                       0.000000                        8.766251                 4.096233                    16.841166                
56.07       -175.10      48.95                72.05                  4.017898                       0.000000                        8.790395                 4.131773                    16.940066                
56.13       -176.07      49.25                72.27                  4.018268                       0.000000                        8.760869                 4.122635                    16.901771                
56.19       -177.04      49.08                72.14                  3.995075                       0.000000                        8.750137                 4.141930                    16.887143                
56.26       -178.01      48.70                71.87                  3.998889                       0.000000                        8.719773                 4.236539                    16.955202                
56.61       178.55       47.61                71.06                  4.000637                       0.000000                        8.682922                 3.990238                    16.673797                
56.84       177.64       47.35                70.86                  4.023287                       0.000000                        8.586399                 3.964142                    16.573828                
57.07       176.73       46.63                70.32                  4.003931                       0.000000                        8.508265                 3.859115                    16.371311                
57.29       175.82       46.03                69.87                  3.999402                       0.000000                        8.425936                 3.794509                    16.219848                
57.52       174.90       45.43                69.41                  3.995059                       0.000000                        8.337259                 3.827488                    16.159806                
57.75       173.99       44.01                68.32                  3.972517                       0.000000                        8.115086                 4.218545                    16.306148                
58.02       173.11       43.62                68.01                  3.965091                       0.000000                        8.055871                 4.679871                    16.700833                
58.29       172.24       42.22                66.91                  3.951983                       0.000000                        7.926917                 5.117845                    16.996745                
58.56       171.36       41.47                66.31                  3.938934                       0.000000                        7.789231                 5.552781                    17.280946                
58.83       170.48       40.72                65.71                  3.937018                       0.000000                        7.759899                 6.264815                    17.961733                
59.10       169.60       40.02                65.14                  3.932788                       0.000000                        7.716652                 6.511609                    18.161048                
59.37       168.72       39.55                64.76                  3.921605                       0.000000                        7.672485                 6.793579                    18.387669                
59.66       167.86       39.36                64.61                  3.908170                       0.000000                        7.664042                 7.182824                    18.755036                
59.95       166.99       38.85                64.18                  3.904906                       0.000000                        7.642892                 7.757249                    19.305047                
60.24       166.12       39.54                64.75                  3.822030                       0.000000                        7.671929                 7.798291                    19.292250                
60.53       165.25       39.91                65.06                  3.800655                       0.000000                        7.688736                 8.427544                    19.916935                
60.82       164.38       37.97                63.45                  3.815631                       0.000000                        7.592625                 12.247965                   23.656221                
61.11       163.51       27.71                54.20                  3.944108                       0.000000                        6.896381                 14.461727                   25.302216                
61.38       162.60       22.39                48.72                  4.126452                       0.000000                        6.792761                 15.540366                   26.459579                
61.65       161.69       19.37                45.33                  4.178548                       0.000000                        6.794998                 15.883796                   26.857342                
====================Subduction_Zone_16====================
61.65       161.69       19.37                45.33                  4.178548                       0.000000                        6.794998                 15.883796                   26.857342                
61.43       161.05       20.09                46.16                  4.183864                       0.000000                        6.816138                 15.779227                   26.779229                
61.22       160.42       23.03                49.42                  4.187034                       0.000000                        6.811707                 15.446906                   26.445647                
60.94       159.68       28.73                55.20                  4.061460                       0.000000                        6.909980                 15.200940                   26.172380                
60.67       158.94       36.58                62.28                  3.959263                       0.000000                        7.477956                 11.717364                   23.154584                
60.39       158.08       42.53                67.16                  3.905995                       0.000000                        7.901652                 8.816240                    20.623887                
60.12       157.22       42.61                67.22                  3.905900                       0.000000                        7.912684                 9.093076                    20.911660                
59.61       156.57       43.05                67.57                  3.905851                       0.000000                        7.970815                 8.669191                    20.545857                
59.10       155.92       43.48                67.91                  3.905816                       0.000000                        8.033168                 7.936348                    19.875332                
58.88       155.19       43.52                67.93                  3.905784                       0.000000                        8.038449                 8.545139                    20.489373                
58.83       154.43       43.31                67.77                  3.905763                       0.000000                        8.007665                 8.761991                    20.675419                
58.85       153.46       42.94                67.48                  3.905756                       0.000000                        7.954956                 9.333651                    21.194363                
59.01       152.95       42.56                67.18                  3.905752                       0.000000                        7.906034                 9.588247                    21.400033                
59.16       152.44       42.19                66.89                  3.905754                       0.000000                        7.861271                 9.609958                    21.376984                
59.50       151.59       41.63                66.44                  3.905766                       0.000000                        7.817387                 9.701599                    21.424752                
====================Subduction_Zone_17====================
59.50       151.59       41.63                66.44                  3.905766                       0.000000                        7.817387                 9.701599                    21.424752                
59.21       150.66       41.77                66.56                  3.905835                       0.000000                        7.824695                 8.744115                    20.474645                
58.92       149.72       41.76                66.55                  3.905955                       0.000000                        7.815774                 7.974198                    19.695927                
58.63       148.79       41.57                66.39                  3.905983                       0.000000                        7.812884                 7.237923                    18.956790                
58.34       147.86       41.37                66.23                  3.906079                       0.000000                        7.780223                 7.112389                    18.798692                
58.05       147.03       41.50                66.34                  3.906207                       0.000000                        7.807382                 6.813253                    18.526842                
57.76       146.20       41.47                66.31                  3.906415                       0.000000                        7.788689                 6.460980                    18.156084                
57.53       145.36       41.54                66.37                  3.906529                       0.000000                        7.794863                 7.049825                    18.751217                
57.30       144.52       30.53                56.90                  3.931545                       0.000000                        7.103872                 9.735295                    20.770712                
57.14       143.66       29.90                56.31                  3.897587                       0.000000                        6.909585                 10.265548                   21.072720                
56.98       142.80       29.94                56.35                  3.896496                       0.000000                        6.910854                 10.265535                   21.072885                
56.82       141.94       29.79                56.21                  3.883801                       0.000000                        6.908305                 9.748861                    20.540968                
====================Subduction_Zone_18====================
56.82       141.94       29.79                56.21                  3.883801                       0.000000                        6.908305                 9.748861                    20.540968                
56.14       141.63       29.84                56.25                  3.877960                       0.000000                        6.908791                 9.745247                    20.531999                
55.47       141.33       29.85                56.26                  3.865881                       0.000000                        6.909586                 9.734033                    20.509500                
54.60       141.00       30.55                56.91                  3.865126                       0.000000                        6.924366                 9.581162                    20.370654                
53.73       140.68       30.05                56.45                  3.832424                       0.000000                        6.912959                 9.711839                    20.457223                
52.85       140.36       29.98                56.38                  3.845988                       0.000000                        6.911450                 9.721365                    20.478804                
51.98       140.03       29.94                56.34                  3.858585                       0.000000                        6.910585                 9.723055                    20.492226                
51.26       139.68       29.76                56.18                  3.867746                       0.000000                        6.908499                 9.737986                    20.514232                
50.53       139.33       29.75                56.17                  3.877658                       0.000000                        6.908069                 9.755579                    20.541306                
49.71       138.86       29.70                56.12                  3.895839                       0.000000                        6.907583                 9.760400                    20.563822                
48.90       138.39       29.70                56.12                  3.908862                       0.000000                        6.907521                 9.764363                    20.580746                
48.06       137.86       29.70                56.12                  3.914309                       0.000000                        6.907521                 9.764371                    20.586202                
47.22       137.32       29.87                56.28                  3.924358                       0.000000                        6.909871                 9.653408                    20.487637                
46.49       136.88       30.76                57.12                  3.924779                       0.000000                        6.940393                 9.309384                    20.174556                
45.77       136.44       31.74                58.02                  3.925200                       0.000000                        6.980962                 9.292682                    20.198844                
45.24       136.08       32.00                58.26                  3.925451                       0.000000                        7.017610                 9.097896                    20.040957                
44.71       135.72       32.95                59.11                  3.925901                       0.000000                        7.109239                 9.054069                    20.089210                
43.80       134.99       34.05                60.09                  3.926653                       0.000000                        7.213226                 8.470480                    19.610359                
42.88       134.27       34.55                60.53                  3.927501                       0.000000                        7.274833                 7.674085                    18.876420                
42.23       133.72       34.71                60.67                  3.928203                       0.000000                        7.314484                 7.674085                    18.916772                
41.58       133.17       32.11                58.35                  3.928939                       0.000000                        7.007729                 9.221388                    20.158056                
40.92       132.56       31.58                57.87                  3.930257                       0.000000                        6.970570                 9.365854                    20.266681                
40.27       131.95       31.19                57.51                  3.931708                       0.000000                        6.960647                 9.331668                    20.224023                
39.62       131.25       31.30                57.61                  3.933406                       0.000000                        6.966747                 9.271673                    20.171826                
38.98       130.55       31.39                57.69                  3.934847                       0.000000                        6.959530                 9.263105                    20.157482                
38.82       130.37       31.41                57.71                  3.935594                       0.000000                        6.973000                 9.263105                    20.171699                
====================Subduction_Zone_19====================
0.57        152.74       107.93               106.98                 4.080282                       0.000000                        9.663934                 2.795157                    16.539373                
1.12        152.30       101.38               103.69                 4.109492                       0.000000                        9.372366                 7.270239                    20.752097                
1.99        151.80       93.39                99.52                  4.147294                       0.000000                        9.063726                 11.663812                   24.874832                
2.86        151.29       85.40                95.17                  4.191029                       0.000000                        8.597730                 5.567881                    18.356640                
3.73        150.79       77.42                90.61                  4.241668                       0.000000                        7.947302                 6.032334                    18.221303                
4.60        150.29       80.63                92.47                  4.147492                       0.000000                        7.972645                 6.938342                    19.058480                
5.25        150.01       87.70                96.44                  4.066254                       0.000000                        8.835719                 6.380786                    19.282759                
5.90        149.74       94.78                100.26                 4.005049                       0.000000                        9.109895                 7.407257                    20.522200                
6.56        148.93       90.67                98.06                  3.980227                       0.000000                        9.138171                 7.618509                    20.736907                
7.12        148.35       75.08                89.23                  4.041228                       0.000000                        7.969095                 7.528898                    19.539221                
7.70        148.08       72.34                87.59                  4.049885                       0.000000                        8.075257                 7.839422                    19.964563                
8.28        147.80       74.68                88.99                  4.065873                       0.000000                        8.249388                 8.579307                    20.894568                
8.89        147.71       75.70                89.60                  4.113419                       0.000000                        8.054858                 7.878438                    20.046715                
9.50        147.62       77.02                90.37                  4.104868                       0.000000                        7.986756                 6.370167                    18.461792                
10.47       147.33       59.28                79.29                  4.052023                       0.000000                        8.822181                 3.655314                    16.529517                
10.99       147.00       46.08                69.91                  4.060470                       0.000000                        8.429703                 3.417128                    15.907301                
11.52       146.67       41.85                66.62                  4.021808                       0.000000                        7.825391                 4.254525                    16.101725                
12.49       145.94       39.96                65.09                  4.018277                       0.000000                        7.690665                 5.123839                    16.832781                
13.01       145.72       38.91                64.24                  4.019528                       0.000000                        7.646370                 5.335778                    17.001676                
13.53       145.49       37.89                63.39                  4.020664                       0.000000                        7.596753                 5.511338                    17.128755                
14.12       145.25       36.71                62.39                  3.966152                       0.000000                        7.516233                 5.837598                    17.319983                
14.71       145.02       35.65                61.48                  3.948672                       0.000000                        7.407033                 6.764949                    18.120655                
15.40       144.82       34.41                60.41                  3.947366                       0.000000                        7.257860                 7.869466                    19.074692                
16.09       144.63       33.18                59.32                  3.945997                       0.000000                        7.110047                 8.651647                    19.707692                
16.59       144.51       32.29                58.52                  3.944785                       0.000000                        7.022446                 9.024627                    19.991858                
17.09       144.40       31.41                57.71                  3.942058                       0.000000                        6.961012                 9.267547                    20.170617                
17.62       144.25       30.47                56.84                  3.941058                       0.000000                        6.922331                 9.533333                    20.396722                
18.16       144.10       29.53                55.96                  3.939051                       0.000000                        6.906533                 9.748295                    20.593880                
18.87       143.88       28.28                54.76                  3.938750                       0.000000                        6.900947                 10.212186                   21.051883                
19.57       143.66       27.15                53.66                  3.937957                       0.000000                        6.897181                 10.010981                   20.846119                
20.23       143.39       37.62                63.16                  3.971715                       0.000000                        7.582434                 7.178782                    18.732931                
20.89       143.13       43.91                68.23                  3.997989                       0.000000                        8.112112                 3.503397                    15.613498                
21.58       142.78       45.44                69.41                  4.011694                       0.000000                        8.581049                 3.481845                    16.074588                
22.27       142.43       45.64                69.57                  4.003703                       0.000000                        8.363975                 3.363007                    15.730685                
23.27       141.82       45.06                69.12                  3.999240                       0.000000                        8.276905                 3.438613                    15.714757                
24.18       141.41       45.59                69.54                  4.000847                       0.000000                        8.357214                 3.310502                    15.668563                
25.09       141.01       43.69                68.07                  4.002326                       0.000000                        8.064685                 3.631930                    15.698941                
25.94       140.59       43.31                67.77                  3.996009                       0.000000                        8.008551                 3.693407                    15.697967                
26.78       140.16       44.06                68.35                  4.001972                       0.000000                        8.123300                 3.446037                    15.571309                
27.62       139.74       44.85                68.97                  4.007747                       0.000000                        8.239741                 3.410045                    15.657532                
28.51       139.16       44.47                68.67                  4.010755                       0.000000                        8.177087                 3.501803                    15.689645                
29.41       138.59       42.29                66.97                  4.010828                       0.000000                        7.873525                 4.169783                    16.054136                
30.30       138.02       40.51                65.54                  3.991917                       0.000000                        7.720067                 4.916474                    16.628459                
31.17       137.31       39.23                64.50                  3.934929                       0.000000                        7.660772                 5.293371                    16.889072                
32.04       136.59       39.27                64.53                  3.935936                       0.000000                        7.661075                 5.318830                    16.915841                
32.91       135.88       39.39                64.63                  3.955858                       0.000000                        7.665580                 5.169988                    16.791426                
33.68       134.97       38.89                64.22                  3.988783                       0.000000                        7.644628                 5.358536                    16.991948                
34.44       134.07       37.61                63.15                  3.978119                       0.000000                        7.580246                 5.611582                    17.169948                
35.21       133.16       36.36                62.10                  3.967332                       0.000000                        7.481963                 6.208093                    17.657389                
35.98       132.66       35.78                61.60                  3.948880                       0.000000                        7.421914                 6.707329                    18.078124                
36.75       132.15       35.00                60.92                  3.936612                       0.000000                        7.330519                 7.638421                    18.905553                
37.52       131.64       33.73                59.81                  3.935968                       0.000000                        7.173806                 8.403682                    19.513456                
38.17       131.01       32.48                58.69                  3.935765                       0.000000                        7.039072                 9.020266                    19.995102                
38.82       130.37       31.41                57.71                  3.935594                       0.000000                        6.973000                 9.263105                    20.171699                
====================Subduction_Zone_20====================
-8.40       144.53       94.60                100.16                 4.096496                       0.000000                        9.100899                 12.380142                   25.577537                
-7.61       145.44       103.69               104.86                 4.038199                       0.000000                        9.482390                 6.095778                    19.616367                
-6.82       146.35       105.58               105.81                 4.040739                       0.000000                        9.570691                 3.475994                    17.087425                
-6.16       147.13       107.34               106.69                 4.043863                       0.000000                        9.642199                 4.830620                    18.516682                
-5.51       147.90       108.80               107.41                 4.045836                       0.000000                        9.688579                 2.424117                    16.158532                
-4.86       148.68       109.76               107.89                 4.050461                       0.000000                        9.714872                 2.196334                    15.961666                
-3.95       149.46       108.18               107.11                 4.063973                       0.000000                        9.671047                 2.566406                    16.301426                
-3.04       150.24       106.82               106.43                 4.083513                       0.000000                        9.623723                 4.337611                    18.044847                
-2.10       150.98       107.14               106.59                 4.105943                       0.000000                        9.636407                 4.037607                    17.779957                
-1.16       151.71       105.36               105.70                 4.111324                       0.000000                        9.561418                 5.047847                    18.720589                
-0.23       152.44       106.11               106.08                 4.098612                       0.000000                        9.593911                 4.308731                    18.001254                
0.57        152.74       107.93               106.98                 4.080282                       0.000000                        9.663934                 2.795157                    16.539373                
====================Subduction_Zone_21====================
-64.67      -55.41       50.59                73.25                  8.840560                       5.284788                        8.805337                 7.083448                    30.014132                
-64.49      -54.71       47.52                70.99                  8.021251                       5.213801                        8.608828                 7.377852                    29.221732                
-64.31      -54.02       46.31                70.08                  7.125402                       5.069854                        8.028955                 6.951604                    27.175816                
-64.02      -53.05       47.10                70.67                  6.792832                       5.016280                        8.537155                 6.221243                    26.567510                
-63.73      -52.07       50.97                73.52                  6.540552                       4.944777                        8.811512                 5.647830                    25.944672                
-63.44      -51.10       52.09                74.33                  6.557723                       4.954041                        8.820150                 5.969731                    26.301645                
-63.15      -50.13       52.69                74.75                  6.605342                       4.957265                        8.818904                 5.363077                    25.744588                
-62.89      -49.18       54.40                75.96                  6.594789                       4.957265                        8.773570                 4.857726                    25.183351                
-62.63      -48.24       53.68                75.45                  6.582570                       4.957265                        8.791240                 3.226794                    23.557870                
-62.25      -47.24       55.02                76.38                  6.649097                       4.957265                        8.805892                 3.245021                    23.657275                
-61.88      -46.25       79.69                91.93                  5.603074                       3.651950                        7.986750                 9.570159                    26.811933                
-61.50      -45.25       79.63                91.90                  7.071702                       5.061553                        8.290726                 10.777126                   31.201106                
====================Subduction_Zone_22====================
-55.36      -70.90       0.16                 10.00                  4.234307                       0.000000                        1.838726                 1.618429                    7.691463                 
-55.12      -71.05       1.61                 13.05                  4.540968                       0.000000                        4.054145                 3.680626                    12.275738                
-54.76      -71.25       2.93                 17.61                  4.172311                       0.000000                        4.784640                 4.235844                    13.192795                
-54.43      -71.38       3.81                 20.09                  4.176625                       0.000000                        5.064577                 6.351578                    15.592780                
-54.13      -71.50       4.60                 22.09                  4.180410                       0.000000                        5.271838                 8.416210                    17.868459                
-53.88      -71.55       5.25                 23.59                  4.184251                       0.000000                        5.421262                 8.416210                    18.021724                
-53.56      -71.63       6.10                 25.43                  4.189102                       0.000000                        5.598858                 10.575532                   20.363492                
-53.20      -71.70       7.05                 27.34                  4.194908                       0.000000                        5.778815                 12.830335                   22.804058                
-52.75      -71.64       8.14                 29.38                  4.203916                       0.000000                        5.968913                 13.061750                   23.234578                
-52.39      -71.48       8.95                 30.81                  4.212601                       0.000000                        6.099746                 14.369287                   24.681634                
-52.17      -71.36       9.43                 31.62                  4.198859                       0.000000                        6.171805                 15.725294                   26.095958                
-51.91      -71.23       10.00                32.57                  4.111271                       0.000000                        6.250641                 15.852773                   26.214685                
-51.61      -71.07       10.55                33.45                  4.071327                       0.000000                        6.322115                 16.385253                   26.778695                
-51.13      -70.79       11.44                34.84                  4.076288                       0.000000                        6.422843                 16.516634                   27.015765                
-50.72      -70.53       12.19                35.96                  4.080855                       0.000000                        6.492449                 16.414030                   26.987334                
-50.37      -70.36       12.86                36.93                  4.084630                       0.000000                        6.542691                 15.892262                   26.519583                
-50.04      -70.24       13.57                37.93                  4.088190                       0.000000                        6.583653                 14.802483                   25.474326                
-49.60      -70.31       14.67                39.44                  4.092087                       0.000000                        6.629007                 13.495459                   24.216553                
-49.32      -70.34       15.38                40.38                  4.094735                       0.000000                        6.647907                 12.910740                   23.653382                
-49.09      -70.35       15.96                41.14                  4.096945                       0.000000                        6.660525                 12.025832                   22.783303                
-49.01      -70.35       16.14                41.37                  4.097736                       0.000000                        6.664330                 12.022236                   22.784302                
-48.75      -70.33       16.75                42.14                  4.100383                       0.000000                        6.674873                 11.779469                   22.554724                
-48.44      -70.30       17.51                43.09                  4.104251                       0.000000                        6.687060                 11.120541                   21.911852                
-48.07      -70.26       18.40                44.17                  4.104075                       0.000000                        6.701540                 10.833491                   21.639106                
-47.77      -70.20       19.08                44.98                  4.091486                       0.000000                        6.714043                 10.818289                   21.623818                
-47.44      -70.14       19.79                45.81                  4.078174                       0.000000                        6.728284                 10.810735                   21.617194                
-47.07      -70.07       20.52                46.65                  4.064297                       0.000000                        6.744662                 10.916810                   21.725769                
-46.81      -70.01       21.03                47.22                  4.054693                       0.000000                        6.756933                 10.916810                   21.728435                
-46.15      -69.89       22.21                48.53                  4.032623                       0.000000                        6.788072                 11.252540                   22.073235                
-45.72      -69.80       22.92                49.30                  4.019443                       0.000000                        6.807843                 11.298609                   22.125895                
-45.31      -69.72       23.55                49.97                  4.007023                       0.000000                        6.825514                 11.381912                   22.214448                
-44.93      -69.62       24.09                50.55                  3.995772                       0.000000                        6.840470                 11.407838                   22.244080                
-44.40      -69.49       24.80                51.29                  3.981136                       0.000000                        6.858783                 11.418038                   22.257957                
-44.11      -69.42       25.17                51.67                  3.973563                       0.000000                        6.867195                 11.367313                   22.208071                
-43.64      -69.33       25.93                52.44                  3.964257                       0.000000                        6.881953                 11.302169                   22.148379                
-43.36      -69.28       26.28                52.79                  3.957703                       0.000000                        6.887353                 11.248075                   22.093131                
-42.99      -69.22       26.71                53.22                  3.949667                       0.000000                        6.892618                 11.121602                   21.963887                
-42.71      -69.05       26.92                53.43                  3.942773                       0.000000                        6.894662                 11.009481                   21.846916                
====================Subduction_Zone_23====================
-5.75       -75.99       68.72                85.37                  4.359671                       0.000000                        8.657161                 6.671695                    19.688527                
-5.70       -75.98       68.52                85.25                  4.359851                       0.000000                        8.665322                 6.448132                    19.473305                
-5.32       -75.93       67.27                84.46                  4.361444                       0.000000                        8.717099                 5.781106                    18.859649                
-5.11       -75.89       66.56                84.01                  4.361935                       0.000000                        8.747574                 5.310806                    18.420314                
-4.86       -75.87       65.54                83.37                  4.356554                       0.000000                        8.790869                 5.310806                    18.458228                
-4.47       -75.75       64.17                82.49                  4.362717                       0.000000                        8.835624                 4.403938                    17.602278                
-4.13       -75.66       62.97                81.71                  4.355528                       0.000000                        8.866837                 3.767528                    16.989893                
-3.84       -75.54       62.16                81.19                  4.359605                       0.000000                        8.869501                 3.758576                    16.987681                
-3.40       -75.35       63.61                82.13                  4.323829                       0.000000                        8.856887                 3.962707                    17.143423                
-3.04       -75.22       65.14                83.11                  4.296448                       0.000000                        8.813835                 5.228306                    18.338590                
-2.72       -75.07       66.22                83.80                  4.273356                       0.000000                        8.762080                 5.552804                    18.588240                
-2.31       -74.89       67.80                84.79                  4.245659                       0.000000                        8.695344                 6.366010                    19.307013                
-1.97       -74.67       69.18                85.65                  4.223494                       0.000000                        8.638020                 7.369259                    20.230774                
-1.63       -74.46       70.53                86.48                  4.203700                       0.000000                        8.574866                 8.302498                    21.081065                
-1.42       -74.32       71.44                87.04                  4.192379                       0.000000                        8.527873                 8.632348                    21.352600                
-1.08       -74.07       72.82                87.87                  4.174551                       0.000000                        8.426075                 9.383186                    21.983812                
-0.70       -73.79       74.32                88.77                  4.157009                       0.000000                        8.277111                 9.323867                    21.757987                
-0.37       -73.52       75.60                89.54                  4.143355                       0.000000                        8.133800                 9.120759                    21.397914                
-0.16       -73.30       76.33                89.97                  4.134040                       0.000000                        8.041624                 8.111210                    20.286874                
0.15        -73.08       77.54                90.68                  4.123042                       0.000000                        7.935970                 7.746967                    19.805978                
0.32        -72.92       78.27                91.11                  4.117082                       0.000000                        7.900805                 7.157070                    19.174957                
0.61        -72.88       79.29                91.70                  4.109525                       0.000000                        7.880557                 6.680696                    18.670778                
1.50        -72.34       82.42                93.49                  4.088903                       0.000000                        8.150051                 5.289296                    17.528251                
2.22        -72.62       82.85                93.73                  4.089787                       0.000000                        8.107285                 5.164828                    17.361900                
2.94        -72.89       89.06                97.18                  4.027555                       0.000000                        8.965205                 8.835141                    21.827901                
3.57        -72.90       90.02                97.70                  4.024204                       0.000000                        8.993815                 9.688580                    22.706599                
4.20        -72.90       91.65                98.58                  4.021298                       0.000000                        9.018578                 9.873107                    22.912983                
4.87        -72.40       94.14                99.92                  4.011201                       0.000000                        9.085434                 13.083738                   26.180373                
5.55        -71.90       96.59                101.21                 4.003299                       0.000000                        9.167205                 12.918089                   26.088593                
6.24        -71.39       99.08                102.50                 3.996086                       0.000000                        9.267029                 10.243061                   23.506177                
6.93        -70.89       100.77               103.38                 3.997383                       0.000000                        9.342714                 7.931882                    21.271979                
7.62        -70.39       102.10               104.06                 4.002727                       0.000000                        9.405666                 7.213292                    20.621685                
8.48        -69.57       103.85               104.94                 4.011987                       0.000000                        9.490849                 5.779210                    19.282045                
====================Subduction_Zone_24====================
13.03       -58.48       37.55                63.11                  7.889156                       5.193325                        7.564407                 7.071528                    27.718415                
12.15       -58.29       47.00                70.60                  5.442246                       3.371156                        8.548801                 4.540978                    21.903182                
11.27       -58.11       53.68                75.45                  5.369207                       3.218803                        8.794653                 3.159423                    20.542086                
10.34       -58.27       55.92                77.00                  5.428419                       3.337599                        8.740420                 3.228327                    20.734766                
9.41        -58.44       55.43                76.67                  5.783870                       3.936347                        8.743906                 3.359135                    21.823259                
8.51        -58.69       58.93                79.05                  5.931106                       4.149309                        8.818818                 4.129285                    23.028517                
7.60        -58.94       63.80                82.26                  5.804792                       3.980110                        8.849570                 6.935276                    25.569748                
====================Subduction_Zone_25====================
-70.95      -100.89      48.69                71.86                  3.978764                       0.000000                        8.670842                 9.435787                    22.085392                
-70.92      -100.13      44.70                68.85                  4.011233                       0.000000                        8.227953                 10.277181                   22.516368                
-70.89      -99.38       34.78                60.73                  4.099409                       0.000000                        7.383969                 12.410717                   23.894096                
-70.86      -98.63       25.97                52.48                  4.254806                       0.000000                        6.869022                 14.794952                   25.918780                
-70.82      -97.87       19.89                45.92                  4.497422                       0.000000                        6.682558                 17.876853                   29.056833                
-70.74      -97.05       12.11                35.83                  4.593113                       0.000000                        6.480929                 19.959507                   31.033549                
-70.66      -96.23       5.34                 23.79                  4.488414                       0.000000                        5.899828                 17.445933                   27.834174                
-70.57      -95.40       3.12                 18.19                  4.789477                       0.287901                        4.639342                 5.916069                    15.632789                
-70.57      -95.39       3.30                 18.70                  4.793678                       0.326498                        4.650337                 5.727906                    15.498420                
====================Subduction_Zone_26====================
60.62       165.10       39.88                65.03                  3.801192                       0.000000                        7.686882                 8.749641                    20.237715                
60.87       164.30       36.91                62.57                  3.823261                       0.000000                        7.508763                 12.759005                   24.091029                
61.11       163.51       27.71                54.20                  3.944108                       0.000000                        6.896381                 14.461727                   25.302216                
61.38       162.60       22.39                48.72                  4.126452                       0.000000                        6.792761                 15.540366                   26.459579                
61.65       161.69       19.37                45.33                  4.178548                       0.000000                        6.794998                 15.883796                   26.857342                
====================Subduction_Zone_27====================
61.65       161.69       19.37                45.33                  4.178548                       0.000000                        6.794998                 15.883796                   26.857342                
61.43       161.05       20.09                46.16                  4.183864                       0.000000                        6.816138                 15.779227                   26.779229                
61.22       160.42       23.03                49.42                  4.187034                       0.000000                        6.811707                 15.446906                   26.445647                
60.94       159.68       28.73                55.20                  4.061460                       0.000000                        6.909980                 15.200940                   26.172380                
60.67       158.94       36.58                62.28                  3.959263                       0.000000                        7.477956                 11.717364                   23.154584                
60.39       158.08       42.53                67.16                  3.905995                       0.000000                        7.901652                 8.816240                    20.623887                
60.12       157.22       42.61                67.22                  3.905900                       0.000000                        7.912684                 9.093076                    20.911660                
59.61       156.57       43.05                67.57                  3.905851                       0.000000                        7.970815                 8.669191                    20.545857                
59.10       155.92       43.48                67.91                  3.905816                       0.000000                        8.033168                 7.936348                    19.875332                
58.88       155.19       43.52                67.93                  3.905784                       0.000000                        8.038449                 8.545139                    20.489373                
58.83       154.43       43.31                67.77                  3.905763                       0.000000                        8.007665                 8.761991                    20.675419                
58.85       153.46       42.94                67.48                  3.905756                       0.000000                        7.954956                 9.333651                    21.194363                
59.01       152.95       42.56                67.18                  3.905752                       0.000000                        7.906034                 9.588247                    21.400033                
59.16       152.44       42.19                66.89                  3.905754                       0.000000                        7.861271                 9.609958                    21.376984                
59.50       151.59       41.63                66.44                  3.905766                       0.000000                        7.817387                 9.701599                    21.424752                
====================Subduction_Zone_28====================
59.50       151.59       41.63                66.44                  3.905766                       0.000000                        7.817387                 9.701599                    21.424752                
59.21       150.66       41.77                66.56                  3.905835                       0.000000                        7.824695                 8.744115                    20.474645                
58.92       149.72       41.76                66.55                  3.905955                       0.000000                        7.815774                 7.974198                    19.695927                
58.63       148.79       41.57                66.39                  3.905983                       0.000000                        7.812884                 7.237923                    18.956790                
58.34       147.86       41.37                66.23                  3.906079                       0.000000                        7.780223                 7.112389                    18.798692                
58.05       147.03       41.50                66.34                  3.906207                       0.000000                        7.807382                 6.813253                    18.526842                
57.76       146.20       41.47                66.31                  3.906415                       0.000000                        7.788689                 6.460980                    18.156084                
57.53       145.36       41.54                66.37                  3.906529                       0.000000                        7.794863                 7.049825                    18.751217                
57.30       144.52       30.53                56.90                  3.931545                       0.000000                        7.103872                 9.735295                    20.770712                
57.14       143.67       29.93                56.34                  3.897893                       0.000000                        6.909906                 10.263749                   21.071547                
56.98       142.82       29.79                56.21                  3.898391                       0.000000                        6.908188                 10.268804                   21.075382                
56.82       141.97       29.81                56.22                  3.883562                       0.000000                        6.908294                 9.748861                    20.540717                
====================Subduction_Zone_29====================
5.60        149.87       91.55                98.53                  4.030762                       0.000000                        9.015922                 8.233936                    21.280619                
5.90        149.74       94.78                100.26                 4.005049                       0.000000                        9.109895                 7.407257                    20.522200                
6.56        148.93       90.67                98.06                  3.980227                       0.000000                        9.138171                 7.618509                    20.736907                
7.12        148.35       75.08                89.23                  4.041228                       0.000000                        7.969095                 7.528898                    19.539221                
7.70        148.08       72.34                87.59                  4.049885                       0.000000                        8.075257                 7.839422                    19.964563                
8.28        147.80       74.68                88.99                  4.065873                       0.000000                        8.249388                 8.579307                    20.894568                
8.89        147.71       75.70                89.60                  4.113419                       0.000000                        8.054858                 7.878438                    20.046715                
9.50        147.62       77.02                90.37                  4.104868                       0.000000                        7.986756                 6.370167                    18.461792                
10.47       147.33       59.28                79.29                  4.052023                       0.000000                        8.822181                 3.655314                    16.529517                
10.99       147.00       46.08                69.91                  4.060470                       0.000000                        8.429703                 3.417128                    15.907301                
11.52       146.67       41.85                66.62                  4.021808                       0.000000                        7.825391                 4.254525                    16.101725                
12.49       145.94       39.96                65.09                  4.018277                       0.000000                        7.690665                 5.123839                    16.832781                
13.01       145.72       38.91                64.24                  4.019528                       0.000000                        7.646370                 5.335778                    17.001676                
13.53       145.49       37.89                63.39                  4.020664                       0.000000                        7.596753                 5.511338                    17.128755                
14.12       145.25       36.71                62.39                  3.966152                       0.000000                        7.516233                 5.837598                    17.319983                
14.71       145.02       35.65                61.48                  3.948672                       0.000000                        7.407033                 6.764949                    18.120655                
15.40       144.82       34.41                60.41                  3.947366                       0.000000                        7.257860                 7.869466                    19.074692                
16.09       144.63       33.18                59.32                  3.945997                       0.000000                        7.110047                 8.651647                    19.707692                
16.59       144.51       32.29                58.52                  3.944785                       0.000000                        7.022446                 9.024627                    19.991858                
17.09       144.40       31.41                57.71                  3.942058                       0.000000                        6.961012                 9.267547                    20.170617                
17.62       144.25       30.47                56.84                  3.941058                       0.000000                        6.922331                 9.533333                    20.396722                
18.16       144.10       29.53                55.96                  3.939051                       0.000000                        6.906533                 9.748295                    20.593880                
18.87       143.88       28.28                54.76                  3.938750                       0.000000                        6.900947                 10.212186                   21.051883                
19.57       143.66       27.15                53.66                  3.937957                       0.000000                        6.897181                 10.010981                   20.846119                
20.23       143.39       37.62                63.16                  3.971715                       0.000000                        7.582434                 7.178782                    18.732931                
20.89       143.13       43.91                68.23                  3.997989                       0.000000                        8.112112                 3.503397                    15.613498                
21.58       142.78       45.44                69.41                  4.011694                       0.000000                        8.581049                 3.481845                    16.074588                
22.27       142.43       45.64                69.57                  4.003703                       0.000000                        8.363975                 3.363007                    15.730685                
23.27       141.82       45.06                69.12                  3.999240                       0.000000                        8.276905                 3.438613                    15.714757                
24.18       141.41       45.59                69.54                  4.000847                       0.000000                        8.357214                 3.310502                    15.668563                
25.09       141.01       43.69                68.07                  4.002326                       0.000000                        8.064685                 3.631930                    15.698941                
25.94       140.59       43.31                67.77                  3.996009                       0.000000                        8.008551                 3.693407                    15.697967                
26.78       140.16       44.06                68.35                  4.001972                       0.000000                        8.123300                 3.446037                    15.571309                
27.62       139.74       44.85                68.97                  4.007747                       0.000000                        8.239741                 3.410045                    15.657532                
28.51       139.16       44.47                68.67                  4.010755                       0.000000                        8.177087                 3.501803                    15.689645                
29.41       138.59       42.29                66.97                  4.010828                       0.000000                        7.873525                 4.169783                    16.054136                
30.30       138.02       40.51                65.54                  3.991917                       0.000000                        7.720067                 4.916474                    16.628459                
31.17       137.31       39.23                64.50                  3.934929                       0.000000                        7.660772                 5.293371                    16.889072                
32.04       136.59       39.27                64.53                  3.935936                       0.000000                        7.661075                 5.318830                    16.915841                
32.91       135.88       39.39                64.63                  3.955858                       0.000000                        7.665580                 5.169988                    16.791426                
33.68       134.97       38.89                64.22                  3.988783                       0.000000                        7.644628                 5.358536                    16.991948                
34.44       134.07       37.61                63.15                  3.978119                       0.000000                        7.580246                 5.611582                    17.169948                
35.21       133.16       36.36                62.10                  3.967332                       0.000000                        7.481963                 6.208093                    17.657389                
35.98       132.66       35.78                61.60                  3.948880                       0.000000                        7.421914                 6.707329                    18.078124                
36.75       132.15       35.00                60.92                  3.936612                       0.000000                        7.330519                 7.638421                    18.905553                
37.52       131.64       33.73                59.81                  3.935968                       0.000000                        7.173806                 8.403682                    19.513456                
38.17       131.01       32.48                58.69                  3.935765                       0.000000                        7.039072                 9.020266                    19.995102                
38.82       130.37       31.41                57.71                  3.935594                       0.000000                        6.973000                 9.263105                    20.171699                
====================Subduction_Zone_30====================
27.45       119.40       27.83                54.32                  4.006913                       0.000000                        6.899592                 10.297828                   21.204332                
27.75       119.97       27.88                54.37                  4.018830                       0.000000                        6.899928                 10.277851                   21.196609                
28.05       120.54       28.02                54.51                  4.057656                       0.000000                        6.900502                 10.239235                   21.197394                
28.84       121.40       28.20                54.69                  4.054715                       0.000000                        6.900963                 10.190628                   21.146305                
29.71       121.90       28.35                54.83                  4.040624                       0.000000                        6.901103                 10.184658                   21.126385                
30.57       122.39       28.50                54.97                  4.027683                       0.000000                        6.901321                 10.140636                   21.069640                
====================Subduction_Zone_31====================
38.82       130.37       31.41                57.71                  3.935594                       0.000000                        6.973000                 9.263105                    20.171699                
38.23       129.75       31.48                57.78                  3.937271                       0.000000                        6.977629                 9.323790                    20.238691                
37.58       128.91       30.29                56.68                  3.974542                       0.000000                        6.918168                 9.566812                    20.459522                
36.79       128.11       29.78                56.20                  3.991498                       0.000000                        6.908499                 9.737119                    20.637115                
35.92       127.30       29.61                56.03                  3.997251                       0.000000                        6.906569                 9.811515                    20.715336                
35.05       126.49       29.43                55.86                  4.009571                       0.000000                        6.905021                 9.891865                    20.806457                
34.44       125.96       29.31                55.75                  4.014098                       0.000000                        6.904284                 9.931193                    20.849574                
33.83       125.44       29.19                55.64                  4.010954                       0.000000                        6.903732                 9.957005                    20.871691                
32.86       124.65       29.00                55.46                  4.019101                       0.000000                        6.902721                 9.958483                    20.880304                
31.89       123.87       28.82                55.28                  4.026694                       0.000000                        6.901897                 10.015150                   20.943742                
31.24       123.22       28.68                55.15                  4.026338                       0.000000                        6.901541                 10.091230                   21.019109                
30.59       122.43       28.52                55.00                  4.020259                       0.000000                        6.901301                 10.140510                   21.062070                
30.57       122.39       28.50                54.97                  4.027683                       0.000000                        6.901321                 10.140636                   21.069640                
====================Subduction_Zone_32====================
-8.40       144.53       94.60                100.16                 4.096496                       0.000000                        9.100899                 12.380142                   25.577537                
-7.61       145.44       103.69               104.86                 4.038199                       0.000000                        9.482390                 6.095778                    19.616367                
-6.82       146.35       105.58               105.81                 4.040739                       0.000000                        9.570691                 3.475994                    17.087425                
-6.16       147.14       107.39               106.71                 4.043828                       0.000000                        9.643817                 4.830620                    18.518264                
====================Subduction_Zone_33====================
-1.31       125.65       7.30                 27.83                  4.214193                       0.000000                        5.701562                 11.561604                   21.477359                
-1.85       126.22       7.76                 28.69                  4.215069                       0.000000                        5.909356                 13.963850                   24.088275                
-2.38       126.78       12.30                36.11                  4.282562                       0.000000                        6.500285                 14.900901                   25.683748                
-3.01       127.46       17.93                43.61                  4.351365                       0.000000                        6.693949                 11.358571                   22.403885                
-3.64       128.14       22.73                49.10                  4.429609                       0.000000                        6.802690                 11.101740                   22.334039                
-4.27       128.82       26.71                53.22                  4.518880                       0.000000                        6.892083                 10.968656                   22.379619                
-4.94       129.67       33.33                59.46                  4.644692                       0.000000                        7.020144                 9.116198                    20.781034                
-5.61       130.51       37.96                63.44                  4.824449                       0.000000                        7.591644                 6.210276                    18.626369                
-6.18       131.29       37.19                62.80                  4.857110                       0.000000                        7.551710                 6.104656                    18.513477                
-6.76       132.07       38.49                63.89                  4.869857                       1.867160                        7.625986                 5.500528                    19.863531                
-7.76       132.95       42.05                66.78                  4.884636                       1.923328                        7.849065                 4.387555                    19.044584                
-8.72       133.72       45.69                69.61                  4.898537                       1.972565                        8.374002                 3.898086                    19.143189                
-9.66       134.18       51.61                73.98                  4.926327                       1.680668                        8.827660                 3.403033                    18.837688                
-10.56      134.31       55.70                76.85                  4.684129                       0.000000                        8.735870                 2.054074                    15.474073                
-11.45      134.45       59.58                79.49                  4.687571                       0.000000                        8.797566                 2.542111                    16.027249                
-12.20      134.77       62.58                81.46                  4.692504                       0.000000                        8.870210                 3.299309                    16.862023                
-12.95      135.08       64.69                82.83                  4.740765                       0.220532                        8.817599                 5.578959                    19.357855                
-13.37      135.90       63.62                82.14                  4.707231                       0.000000                        8.855711                 4.453731                    18.016674                
-13.80      136.72       64.31                82.58                  4.717363                       0.000000                        8.837574                 5.175129                    18.730066                
-14.22      137.54       65.03                83.05                  4.727905                       0.000000                        8.811324                 4.745095                    18.284325                
-14.52      138.22       64.03                82.40                  4.485085                       0.000000                        8.807865                 5.230447                    18.523397                
-14.82      138.90       60.89                80.36                  4.255422                       0.000000                        8.846245                 3.220391                    16.322058                
-15.13      139.58       61.04                80.46                  4.232013                       0.000000                        8.850161                 2.995621                    16.077796                
-15.27      140.14       58.90                79.03                  4.225940                       0.000000                        8.843812                 2.862855                    15.932608                
-15.42      140.69       25.31                51.81                  4.340106                       0.000000                        6.883925                 6.936788                    18.160820                
====================Subduction_Zone_34====================
0.57        152.74       107.93               106.98                 4.080282                       0.000000                        9.663934                 2.795157                    16.539373                
1.12        152.30       101.38               103.69                 4.109492                       0.000000                        9.372366                 7.270239                    20.752097                
1.99        151.80       93.39                99.52                  4.147294                       0.000000                        9.063726                 11.663812                   24.874832                
2.86        151.29       85.40                95.17                  4.191029                       0.000000                        8.597730                 5.567881                    18.356640                
3.73        150.79       77.42                90.61                  4.241668                       0.000000                        7.947302                 6.032334                    18.221303                
4.60        150.29       80.63                92.47                  4.147492                       0.000000                        7.972645                 6.938342                    19.058480                
5.60        149.87       91.55                98.53                  4.030762                       0.000000                        9.015922                 8.233936                    21.280619                
====================Subduction_Zone_35====================
-6.16       147.14       107.39               106.71                 4.043828                       0.000000                        9.643817                 4.830620                    18.518264                
-5.51       147.91       108.82               107.42                 4.045823                       0.000000                        9.689109                 2.424117                    16.159050                
-4.86       148.68       109.76               107.89                 4.050461                       0.000000                        9.714872                 2.196334                    15.961666                
-3.95       149.46       108.18               107.11                 4.063973                       0.000000                        9.671047                 2.566406                    16.301426                
-3.04       150.24       106.82               106.43                 4.083513                       0.000000                        9.623723                 4.337611                    18.044847                
-2.10       150.98       107.14               106.59                 4.105943                       0.000000                        9.636407                 4.037607                    17.779957                
-1.16       151.71       105.36               105.70                 4.111324                       0.000000                        9.561418                 5.047847                    18.720589                
-0.23       152.44       106.11               106.08                 4.098612                       0.000000                        9.593911                 4.308731                    18.001254                
0.57        152.74       107.93               106.98                 4.080282                       0.000000                        9.663934                 2.795157                    16.539373                
====================Subduction_Zone_36====================
27.45       119.40       27.83                54.32                  4.006913                       0.000000                        6.899592                 10.297828                   21.204332                
27.75       119.97       27.88                54.37                  4.018830                       0.000000                        6.899928                 10.277851                   21.196609                
28.05       120.54       28.02                54.51                  4.057656                       0.000000                        6.900502                 10.239235                   21.197394                
28.84       121.40       28.20                54.69                  4.054715                       0.000000                        6.900963                 10.190628                   21.146305                
29.71       121.90       28.35                54.83                  4.040624                       0.000000                        6.901103                 10.184658                   21.126385                
30.57       122.39       28.50                54.97                  4.027683                       0.000000                        6.901321                 10.140636                   21.069640                
====================Subduction_Zone_37====================
30.91       122.81       28.60                55.07                  4.023207                       0.000000                        6.901404                 10.099196                   21.023806                
30.59       122.43       28.52                55.00                  4.020259                       0.000000                        6.901301                 10.140510                   21.062070                
30.57       122.39       28.50                54.97                  4.027683                       0.000000                        6.901321                 10.140636                   21.069640                
====================Subduction_Zone_38====================
56.82       141.94       29.79                56.21                  3.883801                       0.000000                        6.908305                 9.748861                    20.540968                
56.14       141.63       29.84                56.25                  3.877960                       0.000000                        6.908791                 9.745247                    20.531999                
55.47       141.33       29.85                56.26                  3.865881                       0.000000                        6.909586                 9.734033                    20.509500                
54.60       141.00       30.55                56.91                  3.865126                       0.000000                        6.924366                 9.581162                    20.370654                
53.73       140.68       30.05                56.45                  3.832424                       0.000000                        6.912959                 9.711839                    20.457223                
52.85       140.36       29.98                56.38                  3.845988                       0.000000                        6.911450                 9.721365                    20.478804                
51.98       140.03       29.94                56.34                  3.858585                       0.000000                        6.910585                 9.723055                    20.492226                
51.26       139.68       29.76                56.18                  3.867746                       0.000000                        6.908499                 9.737986                    20.514232                
50.53       139.33       29.75                56.17                  3.877658                       0.000000                        6.908069                 9.755579                    20.541306                
49.85       138.94       29.70                56.12                  3.894419                       0.000000                        6.907572                 9.763056                    20.565048                
49.18       138.55       29.70                56.12                  3.902815                       0.000000                        6.907521                 9.764363                    20.574699                
====================Subduction_Zone_39====================
56.82       141.97       29.81                56.22                  3.883562                       0.000000                        6.908294                 9.748861                    20.540717                
56.82       141.94       29.79                56.21                  3.883801                       0.000000                        6.908305                 9.748861                    20.540968                
====================Subduction_Zone_40====================
40.47       0.60         128.21               116.60                 10.153145                      5.399877                        9.207783                 16.448119                   41.208923                
40.87       0.84         127.36               116.22                 10.203231                      5.399877                        8.569296                 16.448119                   40.620523                
41.59       1.67         129.43               117.15                 10.407142                      5.399877                        8.309900                 16.448119                   40.565038                
42.03       2.07         125.15               115.20                 10.112841                      5.399877                        8.863933                 6.787878                    31.164529                
42.42       2.56         127.72               116.38                 10.079307                      5.399877                        9.280122                 6.787878                    31.547183                
42.75       3.17         121.37               113.45                 10.290854                      5.399877                        8.736780                 6.787878                    31.215389                
43.09       4.00         127.04               116.07                 18.853271                      5.665305                        9.075372                 1.741303                    35.335250                
43.29       4.54         119.18               112.42                 18.305771                      5.641848                        9.560934                 1.741303                    35.249856                
43.49       5.39         117.09               111.43                 18.144527                      5.634449                        9.719719                 1.741303                    35.239998                
43.64       6.19         114.88               110.38                 17.505537                      5.619558                        9.744101                 1.741303                    34.610499                
43.72       6.90         121.78               113.64                 18.669310                      5.653437                        9.299867                 1.741303                    35.363916                
43.80       7.61         115.74               110.79                 18.703903                      5.662018                        9.748900                 1.741303                    35.856125                
43.86       8.29         118.90               112.29                 18.321323                      5.646072                        9.516311                 1.741303                    35.225009                
43.89       8.99         116.92               111.35                 18.114525                      5.633577                        9.727927                 2.044440                    35.520468                
43.83       9.81         113.34               109.63                 17.289805                      5.615563                        9.759874                 1.943524                    34.608766                
43.77       10.63        113.04               109.49                 12.220444                      5.505521                        9.764241                 2.003514                    29.493719                
43.67       11.09        112.19               109.07                 9.963050                       5.382409                        9.759442                 1.946282                    27.051183                
43.53       11.58        112.00               108.98                 8.523982                       5.271716                        9.756965                 1.934425                    25.487089                
43.41       11.96        112.00               108.98                 8.281221                       5.253819                        9.756965                 1.932641                    25.224646                
43.24       12.34        112.00               108.98                 7.956966                       5.205121                        9.756965                 1.926494                    24.845547                
43.15       12.66        112.00               108.98                 8.090321                       5.237312                        9.756965                 1.836035                    24.920635                
42.91       12.81        119.66               112.64                 8.035097                       5.224769                        9.756965                 1.626191                    24.643022                
42.43       12.89        127.81               116.42                 8.619561                       5.292041                        8.443836                 1.923732                    24.279170                
42.35       12.90        128.71               116.83                 8.227320                       5.248119                        8.299922                 1.926760                    23.702121                
====================Subduction_Zone_41====================
44.14       -113.85      31.58                57.87                  4.227898                       0.000000                        6.970980                 9.304852                    20.503731                
43.35       -113.72      29.13                55.58                  4.335325                       0.000000                        6.902246                 9.903462                    21.141033                
42.38       -113.15      29.71                56.13                  4.338434                       0.000000                        6.905427                 9.783174                    21.027035                
41.41       -112.59      29.90                56.31                  4.356438                       0.000000                        6.906749                 9.848532                    21.111719                
40.89       -112.35      30.22                56.61                  4.405441                       0.000000                        6.911325                 9.747537                    21.064303                
40.37       -112.11      30.59                56.96                  4.440375                       0.000000                        6.927384                 9.129657                    20.497416                
39.59       -111.60      36.39                62.12                  4.138891                       0.000000                        7.484154                 7.289657                    18.912702                
38.80       -111.08      37.31                62.90                  4.160450                       0.000000                        7.550473                 5.573715                    17.284639                
37.98       -110.52      39.33                64.58                  4.173748                       0.000000                        7.663127                 5.206628                    17.043503                
37.16       -109.96      41.08                66.00                  4.191101                       0.000000                        7.757275                 4.629580                    16.577957                
36.46       -109.50      41.86                66.63                  4.289122                       0.000000                        7.833457                 4.812205                    16.934784                
35.77       -109.03      26.92                53.43                  4.151622                       0.000000                        6.892308                 8.151858                    19.195788                
35.17       -108.66      20.90                47.07                  4.072306                       0.000000                        6.755252                 10.944431                   21.771989                
34.57       -108.28      7.21                 27.65                  3.841778                       0.000000                        5.808845                 12.147042                   21.797666                
33.79       -107.83      7.83                 28.82                  3.845748                       0.000000                        5.917402                 12.597363                   22.360513                
33.01       -107.37      6.58                 26.41                  3.792523                       0.000000                        5.640363                 10.910499                   20.343385                
32.23       -106.92      6.00                 25.22                  3.845960                       0.000000                        5.538469                 9.708308                    19.092737                
31.69       -106.56      6.09                 25.41                  3.845980                       0.000000                        5.596777                 10.275859                   19.718616                
====================Subduction_Zone_42====================
53.10       -118.18      16.47                41.80                  3.922962                       0.000000                        6.672732                 10.892139                   21.487834                
53.02       -117.94      16.91                42.35                  3.922553                       0.000000                        6.677339                 10.892139                   21.492032                
52.57       -117.49      17.53                43.11                  3.923892                       0.000000                        6.687216                 10.626482                   21.237590                
52.12       -116.98      19.00                44.89                  4.534172                       0.000000                        6.720141                 10.419956                   21.674269                
51.76       -116.90      19.88                45.91                  4.533051                       0.000000                        6.730330                 10.428571                   21.691952                
51.42       -116.57      21.30                47.52                  4.529454                       0.000000                        6.773806                 10.550513                   21.853774                
51.10       -115.92      23.78                50.22                  4.528320                       0.000000                        6.831875                 10.923074                   22.283269                
50.42       -115.28      26.19                52.70                  4.524395                       0.000000                        6.890882                 10.805418                   22.220694                
49.83       -114.99      27.52                54.02                  4.521655                       0.000000                        6.898530                 10.609971                   22.030156                
49.24       -114.70      28.85                55.31                  4.517503                       0.000000                        6.902338                 10.132757                   21.552598                
48.65       -114.49      29.92                56.33                  4.250392                       0.000000                        6.910871                 9.877362                    21.038625                
47.86       -114.26      30.23                56.62                  4.235689                       0.000000                        6.916936                 9.628512                    20.781137                
47.36       -114.19      30.15                56.54                  4.235875                       0.000000                        6.910133                 9.489117                    20.635125                
46.86       -114.12      31.11                57.44                  4.234679                       0.000000                        6.913411                 9.470326                    20.618416                
46.33       -114.17      30.94                57.28                  4.230649                       0.000000                        6.946286                 9.470326                    20.647262                
45.93       -114.12      31.47                57.77                  4.230703                       0.000000                        6.950724                 9.470326                    20.651753                
45.37       -113.99      31.29                57.60                  4.230756                       0.000000                        6.941987                 9.301504                    20.474248                
44.64       -113.96      31.42                57.72                  4.229016                       0.000000                        6.944384                 9.301504                    20.474904                
44.32       -113.92      31.56                57.85                  4.227808                       0.000000                        6.964722                 9.301504                    20.494034                
44.14       -113.85      31.58                57.87                  4.227898                       0.000000                        6.970980                 9.304852                    20.503731                
====================Subduction_Zone_43====================
53.10       -118.18      16.47                41.80                  3.922962                       0.000000                        6.672732                 10.892139                   21.487834                
53.48       -118.22      16.26                41.53                  3.923075                       0.000000                        6.666567                 10.997791                   21.587433                
53.79       -118.92      15.23                40.18                  3.923335                       0.000000                        6.644951                 12.477887                   23.046173                
54.11       -119.61      14.35                39.01                  3.924136                       0.000000                        6.618232                 13.583889                   24.126258                
54.43       -120.30      13.67                38.07                  3.925537                       0.000000                        6.586330                 14.616475                   25.128343                
55.15       -120.96      12.45                36.34                  3.922978                       0.000000                        6.513721                 15.610281                   26.046980                
55.91       -121.93      11.29                34.59                  3.922246                       0.000000                        6.407394                 16.143918                   26.473559                
56.31       -122.48      10.55                33.44                  3.922123                       0.000000                        6.322839                 15.763797                   26.008759                
56.72       -123.04      9.69                 32.06                  4.193642                       0.000000                        6.207908                 14.557930                   24.959480                
57.09       -123.43      8.21                 29.51                  4.495271                       0.000000                        5.981489                 12.950567                   23.427327                
57.92       -124.39      4.58                 22.04                  4.449297                       0.000000                        5.262969                 6.646772                    16.359038                
58.16       -124.57      3.73                 19.90                  4.401273                       0.000000                        5.043869                 6.609246                    16.054388                
====================Subduction_Zone_44====================
33.29       -4.04        129.55               117.21                 10.053034                      5.399877                        8.169795                 2.433877                    26.056583                
33.81       -3.31        129.56               117.22                 10.490250                      5.434557                        8.154763                 2.540702                    26.620272                
34.57       -2.52        129.29               117.09                 10.734289                      5.455756                        8.243109                 2.170121                    26.603275                
35.34       -1.72        123.93               114.64                 10.614764                      5.458893                        9.056448                 4.494633                    29.624738                
36.11       -0.92        115.55               110.70                 13.034261                      5.518139                        9.639503                 5.061717                    33.253619                
36.88       -0.12        111.72               108.85                 19.140457                      5.642323                        9.696307                 10.158969                   44.638055                
37.62       0.57         111.15               108.57                 15.917479                      5.605053                        9.745871                 10.853587                   42.121990                
38.37       1.25         110.48               108.24                 16.551616                      5.588931                        9.699509                 10.158969                   41.999025                
39.11       1.94         125.64               115.43                 10.238920                      5.399877                        8.816556                 11.357534                   35.812887                
40.00       2.77         127.23               116.16                 10.377605                      5.399877                        8.495171                 6.787878                    31.060530                
40.00       2.78         126.84               115.98                 10.049413                      5.399877                        9.448389                 6.787878                    31.685557                
====================Subduction_Zone_45====================
7.59        119.80       21.77                48.05                  4.109004                       0.000000                        6.767070                 11.070500                   21.946574                
7.91        120.15       21.83                48.12                  4.098655                       0.000000                        6.776742                 11.072257                   21.947654                
8.20        120.91       21.72                48.00                  4.080632                       0.000000                        6.774837                 11.054584                   21.910053                
====================Subduction_Zone_46====================
8.96        107.67       13.34                37.61                  4.409275                       0.000000                        6.570957                 15.599310                   26.579542                
8.55        108.62       12.74                36.76                  4.256186                       0.000000                        6.526628                 16.386876                   27.169690                
8.15        109.57       12.20                35.98                  4.176950                       0.000000                        6.476641                 16.656399                   27.309990                
7.75        110.53       12.00                35.67                  4.109990                       0.000000                        6.476641                 16.659133                   27.245763                
7.63        110.79       12.00                35.67                  4.087635                       0.000000                        6.476641                 16.576136                   27.140412                
6.99        111.21       13.56                37.92                  4.067696                       0.000000                        6.583124                 15.976548                   26.627368                
6.35        111.64       14.22                38.83                  4.082181                       0.000000                        6.613330                 14.943288                   25.638798                
5.48        112.41       14.97                39.84                  4.112773                       0.000000                        6.638021                 13.996840                   24.747634                
4.92        112.94       15.54                40.59                  4.131229                       0.000000                        6.653381                 13.299807                   24.084416                
4.37        113.47       16.16                41.40                  4.149409                       0.000000                        6.664722                 12.567606                   23.381737                
4.18        114.12       16.45                41.77                  4.176268                       0.000000                        6.678863                 11.476078                   22.331209                
4.00        114.77       17.30                42.83                  4.177401                       0.000000                        6.680098                 11.041736                   21.899235                
4.24        115.30       17.84                43.50                  4.198993                       0.000000                        6.691502                 11.029571                   21.920066                
4.49        115.84       18.15                43.87                  4.200225                       0.000000                        6.697407                 11.007449                   21.905081                
5.01        116.60       17.76                43.40                  4.205414                       0.000000                        6.699425                 11.045665                   21.950504                
5.53        117.37       17.89                43.56                  4.210664                       0.000000                        6.701657                 10.918618                   21.830940                
6.05        118.13       19.41                45.37                  4.206463                       0.000000                        6.720554                 10.844366                   21.771383                
6.67        118.81       20.40                46.51                  4.148337                       0.000000                        6.751453                 10.948913                   21.848703                
7.29        119.48       21.40                47.63                  4.124522                       0.000000                        6.772433                 11.056046                   21.953002                
7.91        120.15       21.83                48.12                  4.098655                       0.000000                        6.776742                 11.072257                   21.947654                
8.20        120.91       21.72                48.00                  4.080632                       0.000000                        6.774837                 11.054584                   21.910053                
====================Subduction_Zone_47====================
-70.57      -95.39       3.30                 18.70                  4.793678                       0.326498                        4.650337                 5.727906                    15.498420                
-70.46      -94.45       2.26                 15.48                  5.377814                       2.529237                        4.326517                 3.767912                    16.001480                
-70.35      -93.51       2.76                 17.11                  4.750436                       0.000000                        4.719598                 4.010591                    13.480624                
-70.24      -92.57       2.77                 17.15                  4.674902                       0.000000                        4.726780                 4.858535                    14.260218                
-70.12      -91.94       3.98                 20.55                  4.649383                       0.000000                        5.111115                 5.645673                    15.406171                
-70.00      -91.30       4.27                 21.29                  4.612899                       0.000000                        5.190212                 6.378435                    16.181545                
-69.94      -90.53       4.88                 22.74                  4.579304                       0.000000                        5.336833                 8.396868                    18.313006                
-69.89      -89.77       5.46                 24.06                  4.536992                       0.000000                        5.284585                 10.020578                   19.842155                
-69.83      -89.01       6.02                 25.26                  4.507154                       0.000000                        5.418687                 10.801267                   20.727108                
-69.78      -88.10       6.69                 26.64                  4.484054                       0.000000                        5.713541                 10.720610                   20.918204                
-69.72      -87.20       6.61                 26.48                  4.444319                       0.000000                        5.698305                 10.962792                   21.105416                
-69.50      -86.53       6.61                 26.48                  4.410153                       0.000000                        5.698243                 11.628436                   21.736833                
-69.28      -85.85       6.63                 26.52                  4.377963                       0.000000                        5.701673                 11.454287                   21.533923                
-68.91      -84.96       6.50                 26.25                  4.333162                       0.000000                        5.676339                 11.520105                   21.529605                
-68.53      -84.06       6.41                 26.07                  4.291960                       0.000000                        5.659801                 11.327195                   21.278957                
-68.16      -83.17       8.07                 29.26                  4.274621                       0.000000                        5.928999                 13.609009                   23.812629                
-67.87      -82.33       10.41                33.22                  4.551594                       0.000000                        6.276927                 14.673224                   25.501744                
-67.59      -81.50       10.46                33.31                  4.588703                       0.000000                        6.312450                 17.195516                   28.096669                
-67.30      -80.66       9.79                 32.22                  4.333898                       0.000000                        6.226064                 16.852244                   27.412205                
-66.97      -79.74       9.83                 32.29                  4.382961                       0.000000                        6.230577                 16.945705                   27.559243                
-66.63      -78.82       9.92                 32.44                  4.391514                       0.000000                        6.243029                 16.983899                   27.618442                
-66.33      -78.21       11.90                35.52                  4.226552                       0.000000                        6.465737                 18.199640                   28.891928                
-66.04      -77.59       12.77                36.80                  4.148820                       0.000000                        6.502136                 18.631967                   29.282923                
-65.68      -76.85       12.91                37.00                  4.155472                       0.000000                        6.545915                 20.031668                   30.733055                
-65.31      -76.10       13.09                37.26                  4.165092                       0.000000                        6.557322                 20.317821                   31.040234                
-64.93      -75.40       12.97                37.08                  4.146946                       0.000000                        6.568397                 20.351039                   31.066382                
-64.54      -74.69       13.49                37.82                  4.116518                       0.000000                        6.574358                 20.576872                   31.267748                
-64.33      -73.95       13.56                37.93                  4.107731                       0.000000                        6.571572                 20.225918                   30.905220                
-64.13      -73.21       16.41                41.72                  4.140463                       0.000000                        6.591667                 20.500931                   31.233061                
-63.96      -72.32       15.90                41.07                  4.148698                       0.000000                        6.660812                 20.752826                   31.562336                
-63.80      -71.44       15.34                40.33                  4.229154                       0.000000                        6.645906                 19.983093                   30.858153                
-63.64      -70.55       15.48                40.52                  4.251984                       0.000000                        6.471278                 19.988100                   30.711362                
-63.48      -70.00       12.59                36.54                  4.177517                       0.000000                        6.470111                 19.560906                   30.208534                
-63.32      -69.45       12.50                36.41                  4.212251                       0.000000                        6.512554                 19.332843                   30.057648                
-63.14      -68.84       12.19                35.96                  4.299255                       0.000000                        6.495899                 19.553438                   30.348592                
-62.96      -68.23       11.67                35.17                  4.288371                       0.000000                        6.447526                 19.305357                   30.041253                
-62.79      -67.52       11.68                35.20                  4.388728                       0.000000                        6.452096                 18.778142                   29.618967                
-62.62      -66.80       11.64                35.13                  4.327998                       0.000000                        6.438258                 18.770346                   29.536602                
-62.38      -66.16       12.08                35.79                  4.354282                       0.000000                        6.458378                 18.800511                   29.613171                
-62.13      -65.51       11.66                35.16                  4.361709                       0.000000                        6.425645                 18.592002                   29.379356                
-61.92      -64.84       11.32                34.65                  4.366527                       0.000000                        6.406242                 18.693122                   29.465890                
====================Subduction_Zone_48====================
-61.92      -64.84       11.32                34.65                  4.366527                       0.000000                        6.406242                 18.693122                   29.465890                
-61.85      -64.68       11.91                35.53                  4.373186                       0.000000                        6.406659                 18.742274                   29.522119                
-61.60      -63.74       11.65                35.14                  4.383830                       0.000000                        6.452491                 19.341007                   30.177329                
-61.36      -62.80       12.63                36.60                  4.511869                       0.000000                        6.539605                 20.362599                   31.414072                
-61.11      -61.87       13.42                37.73                  4.556742                       0.000000                        6.549434                 20.651274                   31.757451                
-60.95      -61.29       13.55                37.91                  4.544341                       0.000000                        6.547386                 20.651274                   31.743002                
====================Subduction_Zone_49====================
-60.95      -61.29       13.55                37.91                  4.544341                       0.000000                        6.547386                 20.651274                   31.743002                
-60.92      -61.39       13.35                37.63                  4.532788                       0.000000                        6.515498                 20.651274                   31.699561                
-60.84      -61.73       14.00                38.53                  4.559796                       0.000000                        6.528173                 20.651274                   31.739243                
-60.76      -62.03       13.65                38.04                  4.552230                       0.000000                        6.569580                 20.472553                   31.594363                
-60.72      -62.31       13.41                37.71                  4.547983                       0.000000                        6.538365                 20.246679                   31.333027                
-60.66      -62.62       13.06                37.22                  4.578287                       0.000000                        6.553318                 19.846737                   30.978343                
-60.58      -62.93       12.07                35.77                  4.513445                       0.000000                        6.462341                 18.589077                   29.564863                
-60.48      -63.37       11.42                34.80                  4.504724                       0.000000                        6.420507                 18.162325                   29.087556                
-60.37      -63.86       10.80                33.84                  4.461359                       0.000000                        6.355018                 17.525382                   28.341759                
-60.22      -64.53       9.60                 31.90                  3.926227                       0.000000                        6.196446                 16.114014                   26.236687                
-60.10      -65.03       9.55                 31.82                  3.905681                       0.000000                        6.189567                 15.486832                   25.582080                
-59.93      -65.51       8.88                 30.68                  3.906163                       0.000000                        6.131422                 15.148161                   25.185746                
-59.84      -65.71       8.96                 30.83                  3.906050                       0.000000                        6.101464                 14.957372                   24.964886                
-59.76      -65.91       8.78                 30.52                  3.907199                       0.000000                        6.063153                 14.649614                   24.619966                
-59.64      -66.22       8.22                 29.53                  3.903739                       0.000000                        5.983567                 14.113878                   24.001184                
-59.53      -66.48       7.99                 29.11                  3.906379                       0.000000                        5.991066                 13.571467                   23.468913                
-59.38      -66.86       7.93                 28.99                  3.906480                       0.000000                        5.933537                 13.013787                   22.853803                
-59.22      -67.23       7.31                 27.83                  3.904052                       0.000000                        5.825702                 12.329691                   22.059445                
-59.08      -67.56       7.27                 27.76                  3.906610                       0.000000                        5.818960                 11.829769                   21.555340                
-58.95      -67.90       6.96                 27.17                  3.906799                       0.000000                        5.762997                 11.348576                   21.018372                
-58.80      -68.21       6.38                 26.01                  3.904235                       0.000000                        5.654364                 11.331452                   20.890051                
-58.70      -68.40       6.17                 25.59                  3.906525                       0.000000                        5.666013                 10.555495                   20.128033                
-58.45      -68.91       5.65                 24.49                  3.906286                       0.000000                        5.563126                 9.600088                    19.069500                
-58.08      -69.57       4.90                 22.80                  3.905323                       0.000000                        5.403474                 8.092819                    17.401617                
-57.85      -69.95       4.46                 21.75                  3.902199                       0.000000                        5.237972                 7.825208                    16.965379                
-57.48      -70.29       3.86                 20.23                  3.899708                       0.000000                        5.079530                 6.545817                    15.525054                
-57.42      -70.33       3.76                 19.97                  3.899150                       0.000000                        5.052426                 6.504324                    15.455900                
-57.05      -70.47       3.24                 18.55                  3.895621                       0.000000                        4.894672                 5.367544                    14.157837                
-56.69      -70.56       2.77                 17.15                  3.891945                       0.000000                        4.729834                 4.694452                    13.316230                
-56.31      -70.62       2.30                 15.61                  3.892274                       0.000000                        4.533834                 3.242484                    11.668592                
-55.98      -70.69       1.63                 13.16                  4.032126                       0.000000                        4.188858                 2.205164                    10.426148                
-55.82      -70.70       1.20                 11.30                  4.032622                       0.000000                        3.884393                 2.228518                    10.145533                
-55.54      -70.80       0.40                 10.00                  4.068757                       0.000000                        2.366984                 1.079542                    7.515283                 
====================Subduction_Zone_50====================
14.79       -93.29       28.37                54.85                  4.249824                       0.000000                        6.901047                 10.806924                   21.957794                
13.99       -92.80       29.51                55.94                  4.291441                       0.000000                        6.905794                 10.614652                   21.811887                
13.18       -92.32       31.03                57.37                  4.502034                       0.000000                        6.944442                 9.223978                    20.670455                
12.49       -91.84       39.11                64.40                  4.055110                       0.000000                        7.653331                 5.871610                    17.580050                
11.79       -91.36       44.18                68.45                  4.089974                       0.000000                        8.211654                 3.960788                    16.262416                
11.10       -90.88       44.49                68.68                  4.006138                       0.000000                        8.191280                 3.765102                    15.962519                
10.22       -90.60       45.01                69.09                  3.794399                       0.000000                        8.271406                 3.572719                    15.638524                
9.33        -90.31       45.71                69.62                  3.762470                       0.000000                        8.378540                 3.632001                    15.773012                
8.61        -89.96       46.00                69.85                  3.758275                       0.000000                        8.422326                 3.582883                    15.763485                
7.89        -89.61       46.22                70.01                  3.758263                       0.000000                        8.453131                 3.630431                    15.841825                
7.17        -89.27       46.44                70.18                  3.758280                       0.000000                        8.483297                 3.710566                    15.952143                
6.74        -89.04       46.58                70.28                  3.758303                       0.000000                        8.502406                 3.747434                    16.008143                
====================Subduction_Zone_51====================
16.94       -61.22       69.83                86.05                  4.619785                       0.000000                        8.597108                 12.070281                   25.287174                
16.39       -60.63       61.09                80.49                  4.725472                       0.018030                        8.852074                 7.625440                    21.221016                
15.84       -60.05       47.17                70.73                  5.018011                       2.097988                        8.482415                 5.924025                    21.522440                
14.94       -59.62       22.96                49.34                  7.857474                       5.193325                        6.807872                 12.440157                   32.298827                
14.03       -59.20       27.11                53.62                  7.874200                       5.193325                        6.852055                 10.747505                   30.667086                
13.12       -58.49       36.54                62.25                  7.888001                       5.193325                        7.478691                 7.071528                    27.631545                
12.19       -58.30       46.68                70.36                  5.445740                       3.378456                        8.512181                 4.540211                    21.876588                
11.27       -58.11       53.68                75.45                  5.369207                       3.218803                        8.794653                 3.159423                    20.542086                
10.34       -58.27       55.92                77.00                  5.428419                       3.337599                        8.740420                 3.228327                    20.734766                
9.41        -58.44       55.43                76.67                  5.783870                       3.936347                        8.743906                 3.359135                    21.823259                
8.51        -58.69       58.93                79.05                  5.931106                       4.149309                        8.818818                 4.129285                    23.028517                
7.60        -58.94       63.80                82.26                  5.804792                       3.980110                        8.849570                 6.935276                    25.569748                
====================Subduction_Zone_52====================
-0.50       -73.63       75.11                89.25                  4.146376                       0.000000                        8.173837                 9.227228                    21.547441                
-0.37       -73.52       75.60                89.54                  4.143355                       0.000000                        8.133800                 9.120759                    21.397914                
-0.16       -73.30       76.33                89.97                  4.134040                       0.000000                        8.041624                 8.111210                    20.286874                
0.15        -73.08       77.54                90.68                  4.123042                       0.000000                        7.935970                 7.746967                    19.805978                
0.32        -72.92       78.27                91.11                  4.117082                       0.000000                        7.900805                 7.157070                    19.174957                
0.61        -72.88       79.29                91.70                  4.109525                       0.000000                        7.880557                 6.680696                    18.670778                
1.50        -72.34       82.42                93.49                  4.088903                       0.000000                        8.150051                 5.289296                    17.528251                
2.22        -72.62       82.85                93.73                  4.089787                       0.000000                        8.107285                 5.164828                    17.361900                
2.94        -72.89       89.06                97.18                  4.027555                       0.000000                        8.965205                 8.835141                    21.827901                
3.57        -72.90       90.02                97.70                  4.024204                       0.000000                        8.993815                 9.688580                    22.706599                
4.20        -72.90       91.65                98.58                  4.021298                       0.000000                        9.018578                 9.873107                    22.912983                
4.87        -72.40       94.14                99.92                  4.011201                       0.000000                        9.085434                 13.083738                   26.180373                
5.55        -71.90       96.59                101.21                 4.003299                       0.000000                        9.167205                 12.918089                   26.088593                
6.24        -71.39       99.08                102.50                 3.996086                       0.000000                        9.267029                 10.243061                   23.506177                
6.93        -70.89       100.77               103.38                 3.997383                       0.000000                        9.342714                 7.931882                    21.271979                
7.62        -70.39       102.10               104.06                 4.002727                       0.000000                        9.405666                 7.213292                    20.621685                
8.48        -69.57       103.85               104.94                 4.011987                       0.000000                        9.490849                 5.779210                    19.282045                
====================Subduction_Zone_53====================
2.28        -80.01       52.27                74.45                  3.759945                       0.000000                        8.829699                 2.795816                    15.385460                
2.27        -79.83       53.97                75.66                  3.759850                       0.000000                        8.830112                 2.795359                    15.385321                
2.25        -79.19       59.28                79.29                  3.770593                       0.000000                        8.728012                 2.514040                    15.012645                
2.23        -78.28       63.66                82.16                  3.787139                       0.000000                        8.864473                 4.632443                    17.284056                
1.86        -77.38       67.84                84.82                  3.826514                       0.000000                        8.742563                 6.000169                    18.569247                
1.22        -76.86       69.64                85.93                  3.876774                       0.000000                        8.617512                 6.897007                    19.391294                
0.58        -76.33       70.88                86.70                  3.944302                       0.000000                        8.583646                 8.157141                    20.685090                
0.13        -75.89       73.39                88.22                  4.039961                       0.000000                        8.357753                 8.620470                    21.018183                
-0.34       -74.97       74.81                89.07                  4.155107                       0.000000                        8.208091                 8.964404                    21.327602                
-0.42       -74.30       74.96                89.16                  4.150704                       0.000000                        8.190245                 9.210463                    21.551412                
-0.50       -73.63       75.11                89.25                  4.146376                       0.000000                        8.173837                 9.227228                    21.547441                
====================Subduction_Zone_54====================
4.03        -87.64       47.45                70.93                  3.758685                       0.000000                        8.607220                 3.900179                    16.266084                
3.91        -87.42       47.58                71.03                  3.758710                       0.000000                        8.621474                 3.922562                    16.302745                
3.57        -86.55       48.10                71.42                  3.758785                       0.000000                        8.673432                 3.998227                    16.430444                
3.23        -85.67       48.62                71.81                  3.758865                       0.000000                        8.717708                 4.137825                    16.614399                
2.89        -84.79       49.14                72.19                  3.758951                       0.000000                        8.754465                 4.140141                    16.653558                
2.54        -83.91       49.65                72.56                  3.759042                       0.000000                        8.783778                 4.115763                    16.658583                
2.34        -83.08       50.14                72.92                  3.759096                       0.000000                        8.805382                 3.866933                    16.431411                
2.14        -82.24       50.63                73.27                  3.759150                       0.000000                        8.820628                 3.541523                    16.121301                
2.18        -81.52       51.06                73.59                  3.759130                       0.000000                        8.829222                 3.388412                    15.976764                
2.22        -80.80       51.49                73.90                  3.759109                       0.000000                        8.833187                 3.095874                    15.688170                
2.26        -80.07       52.01                74.27                  3.759634                       0.000000                        8.831065                 2.793558                    15.384257                
2.28        -80.01       52.27                74.45                  3.759945                       0.000000                        8.829699                 2.795816                    15.385460                
====================Subduction_Zone_55====================
6.74        -89.04       46.58                70.28                  3.758303                       0.000000                        8.502406                 3.747434                    16.008143                
5.84        -88.58       46.88                70.51                  3.758386                       0.000000                        8.540376                 3.758656                    16.057418                
4.93        -88.11       47.17                70.73                  3.758513                       0.000000                        8.575957                 3.824921                    16.159391                
4.03        -87.64       47.45                70.93                  3.758685                       0.000000                        8.607220                 3.900179                    16.266084                
====================Subduction_Zone_56====================
-9.10       144.24       95.13                100.44                 4.077349                       0.000000                        9.117896                 10.331609                   23.526854                
-9.12       144.75       100.78               103.38                 4.053435                       0.000000                        9.343988                 7.815799                    21.213223                
-9.15       145.26       106.41               106.23                 4.033700                       0.000000                        9.601794                 5.754921                    19.390415                
-9.22       145.99       110.47               108.23                 4.022067                       0.000000                        9.734502                 2.052155                    15.808724                
-9.42       146.93       113.57               109.74                 4.012634                       0.000000                        9.766345                 1.928390                    15.707369                
-9.62       147.87       112.48               109.21                 4.012752                       0.000000                        9.761154                 1.908035                    15.681942                
-9.98       148.75       111.53               108.75                 4.013242                       0.000000                        9.751573                 1.828153                    15.592969                
-10.41      149.70       110.41               108.21                 4.013948                       0.000000                        9.733888                 1.861772                    15.609609                
-11.09      150.59       108.85               107.44                 4.015174                       0.000000                        9.696223                 2.308028                    16.019425                
-11.77      151.48       106.00               106.02                 4.435727                       0.000000                        9.591344                 4.155233                    18.182303                
-12.42      152.33       102.92               104.47                 4.434570                       0.000000                        9.438502                 5.833956                    19.707029                
-13.07      153.18       100.10               103.03                 4.300621                       0.000000                        9.308715                 7.545575                    21.154910                
-13.59      153.58       98.78                102.35                 4.062809                       0.000000                        9.251017                 8.896924                    22.210750                
-14.11      153.99       97.56                101.71                 4.060968                       0.000000                        9.204287                 10.934245                   24.199500                
-14.96      154.77       95.57                100.67                 4.052858                       0.000000                        9.130942                 13.619638                   26.803437                
-15.17      155.32       94.98                100.36                 4.046997                       0.000000                        9.111455                 13.635751                   26.794204                
-15.39      155.86       94.41                100.06                 4.041292                       0.000000                        9.093350                 13.007284                   26.141926                
-15.45      156.62       94.07                99.88                  4.033508                       0.000000                        9.083162                 12.767850                   25.884520                
-15.52      157.39       93.74                99.70                  4.026037                       0.000000                        9.073472                 12.466352                   25.565862                
-15.89      158.10       92.87                99.24                  4.017545                       0.000000                        9.048213                 11.641534                   24.707293                
-16.25      158.81       92.14                98.85                  3.903342                       0.000000                        9.030839                 10.967738                   23.901918                
-16.41      159.40       91.85                98.69                  3.900594                       0.000000                        9.030355                 10.535859                   23.466807                
-16.58      160.00       91.48                98.49                  3.897867                       0.000000                        9.014248                 10.247310                   23.159426                
-17.02      160.50       90.78                98.12                  3.897212                       0.000000                        8.996113                 9.515435                    22.408760                
-17.14      161.06       90.53                97.98                  3.896474                       0.000000                        8.989066                 9.416342                    22.301882                
-17.25      161.61       90.27                97.84                  3.895770                       0.000000                        8.981609                 9.178137                    22.055515                
-17.55      162.26       89.74                97.55                  3.895010                       0.000000                        8.964657                 8.678551                    21.538217                
-18.17      162.80       88.80                97.04                  3.894438                       0.000000                        8.926051                 7.807779                    20.628268                
-18.79      163.34       87.85                96.52                  3.893887                       0.000000                        8.871236                 6.564158                    19.329281                
-19.58      164.19       85.60                95.28                  4.312456                       0.000000                        8.642724                 5.382726                    18.337906                
-20.53      164.59       83.66                94.19                  4.452601                       0.000000                        8.345354                 4.447353                    17.245307                
-21.11      165.05       82.37                93.46                  4.564530                       0.000000                        8.139396                 4.713739                    17.417664                
-21.69      165.50       80.30                92.28                  4.742262                       0.000000                        7.924585                 5.915720                    18.582567                
-22.23      165.91       78.55                91.27                  5.008606                       2.312212                        7.887800                 7.375042                    22.583660                
-22.76      166.32       77.32                90.55                  5.585440                       3.626484                        7.958204                 8.577318                    25.747445                
-23.70      166.74       78.76                91.39                  5.692408                       3.761762                        7.898745                 7.616274                    24.969189                
-24.63      167.15       71.24                86.92                  4.736160                       0.000000                        8.528111                 8.407280                    21.671552                
-25.51      167.44       58.63                78.85                  4.469524                       0.000000                        8.792960                 3.009248                    16.271733                
====================Subduction_Zone_57====================
-28.16      168.61       55.64                76.82                  4.407097                       0.000000                        8.736437                 2.273499                    15.417033                
-28.44      168.79       54.74                76.19                  4.399970                       0.000000                        8.761637                 2.065365                    15.226971                
-29.12      168.96       52.69                74.75                  4.402415                       0.000000                        8.822523                 2.370865                    15.595803                
-29.80      169.14       50.64                73.28                  4.405579                       0.000000                        8.820893                 4.017139                    17.243611                
-30.71      169.29       48.08                71.41                  4.327625                       0.000000                        8.691772                 4.138708                    17.158105                
====================Subduction_Zone_58====================
-30.71      169.29       48.08                71.41                  4.327625                       0.000000                        8.691772                 4.138708                    17.158105                
-30.75      169.31       48.22                71.51                  4.297798                       0.000000                        8.694234                 4.128983                    17.121016                
-31.43      169.81       50.56                73.22                  4.257802                       0.000000                        8.818314                 3.528091                    16.604207                
-32.11      170.31       52.91                74.90                  4.253561                       0.000000                        8.817836                 2.665786                    15.737183                
-32.78      170.81       55.25                76.55                  4.247827                       0.000000                        8.746157                 2.050210                    15.044194                
-33.73      171.17       54.91                76.31                  4.184031                       0.000000                        8.758626                 2.343829                    15.286486                
-34.69      171.53       62.11                81.16                  4.217061                       0.000000                        8.861623                 3.559879                    16.638563                
-35.64      171.89       66.06                83.70                  4.208684                       0.000000                        8.771320                 5.591228                    18.571232                
-36.35      172.21       67.97                84.90                  4.197308                       0.000000                        8.687998                 6.547735                    19.433041                
-37.07      172.53       69.89                86.09                  4.181173                       0.000000                        8.608228                 8.697109                    21.486509                
-37.95      173.03       74.15                88.68                  4.143252                       0.000000                        8.280748                 10.353268                   22.777268                
-38.83      173.53       76.35                89.98                  4.126201                       0.000000                        8.056380                 10.565500                   22.748081                
-39.35      173.99       77.47                90.64                  4.130246                       0.000000                        7.940211                 9.908358                    21.978814                
-39.87      174.45       80.39                92.33                  4.097248                       0.000000                        7.912913                 8.269525                    20.279687                
====================Subduction_Zone_59====================
-39.87      174.45       80.39                92.33                  4.097248                       0.000000                        7.912913                 8.269525                    20.279687                
-40.78      174.55       82.20                93.36                  4.082387                       0.000000                        8.049317                 7.296004                    19.427708                
-41.53      174.57       82.40                93.48                  4.052420                       0.000000                        8.146758                 7.835208                    20.034385                
-42.28      174.59       83.13                93.89                  4.014993                       0.000000                        8.259564                 8.474401                    20.748958                
====================Subduction_Zone_60====================
-26.86      168.02       58.99                79.09                  4.409529                       0.000000                        8.770852                 2.176368                    15.356748                
-26.97      168.08       57.03                77.77                  4.407744                       0.000000                        8.764284                 2.176368                    15.348396                
-27.65      168.30       56.89                77.67                  4.358967                       0.000000                        8.761966                 2.701021                    15.821954                
-28.16      168.61       55.64                76.82                  4.407097                       0.000000                        8.736437                 2.273499                    15.417033                
====================Subduction_Zone_61====================
-26.86      168.02       58.99                79.09                  4.409529                       0.000000                        8.770852                 2.176368                    15.356748                
-27.02      167.45       53.52                75.34                  4.390154                       0.000000                        8.800157                 3.512535                    16.702846                
-27.18      166.87       37.80                63.31                  4.198142                       0.000000                        7.198078                 7.908507                    19.304727                
-27.36      166.35       29.16                55.60                  4.179662                       0.000000                        6.927354                 11.142754                   22.249770                
-27.64      165.58       11.37                34.72                  4.062702                       0.000000                        6.378734                 11.892890                   22.334326                
-28.02      164.94       1.15                 11.04                  4.002250                       0.000000                        3.846943                 1.957205                    9.806398                 
-28.30      164.32       5.99                 25.20                  4.045322                       0.000000                        5.549725                 9.456300                    19.051347                
-28.69      163.74       16.82                42.24                  4.171242                       0.000000                        6.689893                 11.819233                   22.680368                
-29.06      162.80       31.95                58.21                  4.439091                       0.000000                        7.078103                 10.189336                   21.706530                
-29.30      162.20       39.99                65.12                  4.565324                       0.000000                        7.695577                 5.235775                    17.496676                
-29.53      161.59       40.46                65.50                  4.750222                       0.031629                        7.738170                 4.818036                    17.338057                
-30.06      160.65       36.97                62.61                  5.029617                       2.382126                        7.602630                 6.047714                    21.062088                
-30.40      159.80       32.31                58.53                  5.598383                       3.644354                        7.024275                 6.752949                    23.019960                
-30.66      159.24       29.85                56.26                  4.778532                       0.151419                        6.902615                 10.675153                   22.507720                
-30.92      158.68       25.81                52.32                  4.673540                       0.000000                        6.891139                 11.241380                   22.806059                
-31.37      158.10       22.03                48.33                  4.985130                       2.243583                        6.783653                 11.206856                   25.219222                
-31.87      157.76       18.96                44.84                  5.224257                       2.896375                        6.712063                 11.105285                   25.937981                
-32.38      157.41       18.50                44.30                  5.424306                       3.327823                        6.688491                 11.046374                   26.486993                
-33.23      157.26       21.95                48.25                  5.278011                       3.022325                        6.813160                 11.370496                   26.483992                
-33.63      157.51       24.83                51.31                  5.265231                       2.991594                        6.805069                 11.422933                   26.484827                
-33.85      157.61       25.53                52.03                  5.288820                       3.048055                        6.821994                 11.291027                   26.449896                
====================Subduction_Zone_62====================
-25.51      167.44       58.63                78.85                  4.469524                       0.000000                        8.792960                 3.009248                    16.271733                
-25.99      167.60       54.95                76.33                  4.397922                       0.000000                        8.755446                 2.126774                    15.280142                
-26.86      168.02       58.99                79.09                  4.409529                       0.000000                        8.770852                 2.176368                    15.356748                
====================Subduction_Zone_63====================
-26.86      168.02       58.99                79.09                  4.409529                       0.000000                        8.770852                 2.176368                    15.356748                
-27.02      167.45       53.52                75.34                  4.390154                       0.000000                        8.800157                 3.512535                    16.702846                
-27.18      166.87       37.80                63.31                  4.198142                       0.000000                        7.198078                 7.908507                    19.304727                
-27.36      166.35       29.16                55.60                  4.179662                       0.000000                        6.927354                 11.142754                   22.249770                
-27.64      165.58       11.37                34.72                  4.062702                       0.000000                        6.378734                 11.892890                   22.334326                
-28.02      164.94       1.15                 11.04                  4.002250                       0.000000                        3.846943                 1.957205                    9.806398                 
-28.30      164.32       5.99                 25.20                  4.045322                       0.000000                        5.549725                 9.456300                    19.051347                
-28.69      163.74       16.82                42.24                  4.171242                       0.000000                        6.689893                 11.819233                   22.680368                
-29.06      162.80       31.95                58.21                  4.439091                       0.000000                        7.078103                 10.189336                   21.706530                
-29.30      162.20       39.99                65.12                  4.565324                       0.000000                        7.695577                 5.235775                    17.496676                
-29.53      161.59       40.46                65.50                  4.750222                       0.031629                        7.738170                 4.818036                    17.338057                
-30.06      160.65       36.97                62.61                  5.029617                       2.382126                        7.602630                 6.047714                    21.062088                
-30.40      159.80       32.31                58.53                  5.598383                       3.644354                        7.024275                 6.752949                    23.019960                
-30.66      159.24       29.85                56.26                  4.778532                       0.151419                        6.902615                 10.675153                   22.507720                
-30.92      158.68       25.81                52.32                  4.673540                       0.000000                        6.891139                 11.241380                   22.806059                
-31.37      158.10       22.03                48.33                  4.985130                       2.243583                        6.783653                 11.206856                   25.219222                
-31.87      157.76       18.96                44.84                  5.224257                       2.896375                        6.712063                 11.105285                   25.937981                
-32.38      157.41       18.50                44.30                  5.424306                       3.327823                        6.688491                 11.046374                   26.486993                
-33.23      157.26       21.95                48.25                  5.278011                       3.022325                        6.813160                 11.370496                   26.483992                
-33.63      157.51       24.83                51.31                  5.265231                       2.991594                        6.805069                 11.422933                   26.484827                
-33.85      157.61       25.53                52.03                  5.288820                       3.048055                        6.821994                 11.291027                   26.449896                
====================Subduction_Zone_64====================
-55.54      -70.80       0.40                 10.00                  4.068757                       0.000000                        2.366984                 1.079542                    7.515283                 
-55.51      -70.81       0.31                 10.00                  4.035003                       0.000000                        2.892645                 1.074278                    8.001926                 
-55.12      -71.05       1.61                 13.05                  4.540968                       0.000000                        4.054145                 3.680626                    12.275738                
-54.76      -71.25       2.93                 17.61                  4.172311                       0.000000                        4.784640                 4.235844                    13.192795                
-54.43      -71.38       3.81                 20.09                  4.176625                       0.000000                        5.064577                 6.351578                    15.592780                
-54.13      -71.50       4.60                 22.09                  4.180410                       0.000000                        5.271838                 8.416210                    17.868459                
-53.88      -71.55       5.25                 23.59                  4.184251                       0.000000                        5.421262                 8.416210                    18.021724                
-53.56      -71.63       6.10                 25.43                  4.189102                       0.000000                        5.598858                 10.575532                   20.363492                
-53.20      -71.70       7.05                 27.34                  4.194908                       0.000000                        5.778815                 12.830335                   22.804058                
-52.75      -71.64       8.14                 29.38                  4.203916                       0.000000                        5.968913                 13.061750                   23.234578                
-52.39      -71.48       8.95                 30.81                  4.212601                       0.000000                        6.099746                 14.369287                   24.681634                
-52.17      -71.36       9.43                 31.62                  4.198859                       0.000000                        6.171805                 15.725294                   26.095958                
-51.91      -71.23       10.00                32.57                  4.111271                       0.000000                        6.250641                 15.852773                   26.214685                
-51.61      -71.07       10.55                33.45                  4.071327                       0.000000                        6.322115                 16.385253                   26.778695                
-51.13      -70.79       11.44                34.84                  4.076288                       0.000000                        6.422843                 16.516634                   27.015765                
-50.72      -70.53       12.19                35.96                  4.080855                       0.000000                        6.492449                 16.414030                   26.987334                
-50.37      -70.36       12.86                36.93                  4.084630                       0.000000                        6.542691                 15.892262                   26.519583                
-50.04      -70.24       13.57                37.93                  4.088190                       0.000000                        6.583653                 14.802483                   25.474326                
-49.60      -70.31       14.67                39.44                  4.092087                       0.000000                        6.629007                 13.495459                   24.216553                
-49.32      -70.34       15.38                40.38                  4.094735                       0.000000                        6.647907                 12.910740                   23.653382                
-49.09      -70.35       15.96                41.14                  4.096945                       0.000000                        6.660525                 12.025832                   22.783303                
-49.01      -70.35       16.14                41.37                  4.097736                       0.000000                        6.664330                 12.022236                   22.784302                
-48.75      -70.33       16.75                42.14                  4.100383                       0.000000                        6.674873                 11.779469                   22.554724                
-48.44      -70.30       17.51                43.09                  4.104251                       0.000000                        6.687060                 11.120541                   21.911852                
-48.07      -70.26       18.40                44.17                  4.104075                       0.000000                        6.701540                 10.833491                   21.639106                
-47.77      -70.20       19.08                44.98                  4.091486                       0.000000                        6.714043                 10.818289                   21.623818                
-47.44      -70.14       19.79                45.81                  4.078174                       0.000000                        6.728284                 10.810735                   21.617194                
-47.07      -70.07       20.52                46.65                  4.064297                       0.000000                        6.744662                 10.916810                   21.725769                
-46.81      -70.01       21.03                47.22                  4.054693                       0.000000                        6.756933                 10.916810                   21.728435                
-46.15      -69.89       22.21                48.53                  4.032623                       0.000000                        6.788072                 11.252540                   22.073235                
-45.72      -69.80       22.92                49.30                  4.019443                       0.000000                        6.807843                 11.298609                   22.125895                
-45.31      -69.72       23.55                49.97                  4.007023                       0.000000                        6.825514                 11.381912                   22.214448                
-44.93      -69.62       24.09                50.55                  3.995772                       0.000000                        6.840470                 11.407838                   22.244080                
-44.40      -69.49       24.80                51.29                  3.981136                       0.000000                        6.858783                 11.418038                   22.257957                
-44.11      -69.42       25.17                51.67                  3.973563                       0.000000                        6.867195                 11.367313                   22.208071                
-43.64      -69.33       25.93                52.44                  3.964257                       0.000000                        6.881953                 11.302169                   22.148379                
-43.36      -69.28       26.28                52.79                  3.957703                       0.000000                        6.887353                 11.248075                   22.093131                
-42.99      -69.22       26.71                53.22                  3.949667                       0.000000                        6.892618                 11.121602                   21.963887                
-42.69      -69.04       26.94                53.45                  3.942362                       0.000000                        6.894780                 10.989278                   21.826421                
-42.46      -68.96       27.16                53.66                  3.939077                       0.000000                        6.897536                 10.881336                   21.717949                
====================Subduction_Zone_65====================
31.69       -106.56      6.09                 25.41                  3.845980                       0.000000                        5.596777                 10.275859                   19.718616                
31.14       -106.20      6.26                 25.76                  3.855665                       0.000000                        5.629704                 10.482972                   19.968340                
30.59       -105.84      6.63                 26.52                  3.868058                       0.000000                        5.702147                 10.612061                   20.182266                
29.92       -105.23      7.24                 27.70                  3.866407                       0.000000                        5.813830                 11.995079                   21.675317                
29.25       -104.62      7.93                 29.00                  3.853598                       0.000000                        5.934021                 13.020638                   22.808256                
28.56       -104.28      8.03                 29.18                  3.850394                       0.000000                        5.951049                 13.352104                   23.153547                
27.88       -103.94      16.98                42.43                  4.341368                       0.465587                        6.452232                 13.339268                   24.598455                
27.18       -103.33      23.96                50.41                  4.254703                       0.000000                        6.836967                 10.907830                   21.999500                
26.49       -102.71      24.81                51.30                  4.258051                       0.000000                        6.857215                 10.932568                   22.047834                
25.79       -102.11      26.10                52.61                  4.260965                       0.000000                        6.884544                 10.817668                   21.963177                
25.09       -101.51      27.49                53.99                  4.264042                       0.000000                        6.898290                 10.677616                   21.839948                
24.38       -100.93      28.33                54.81                  4.264668                       0.000000                        6.899574                 10.254968                   21.419210                
23.67       -100.35      28.76                55.22                  4.227530                       0.000000                        6.901481                 10.241570                   21.370582                
22.86       -99.48       30.18                56.57                  3.901055                       0.000000                        6.915578                 10.051294                   20.867927                
22.06       -98.61       23.73                50.17                  4.096534                       0.000000                        6.786533                 10.028293                   20.911360                
21.51       -98.01       14.43                39.12                  4.033635                       0.000000                        6.621215                 13.895254                   24.550104                
20.97       -97.42       15.39                40.40                  4.033054                       0.000000                        6.648903                 14.166390                   24.848347                
20.10       -96.47       17.29                42.82                  4.173414                       0.000000                        6.683419                 11.085467                   21.942300                
====================Subduction_Zone_66====================
20.10       -96.47       17.29                42.82                  4.173414                       0.000000                        6.683419                 11.085467                   21.942300                
19.27       -95.97       19.46                45.43                  4.237244                       0.000000                        6.721605                 10.730190                   21.689039                
18.43       -95.47       21.73                48.00                  4.238757                       0.000000                        6.775005                 10.982034                   21.995796                
17.70       -95.05       23.85                50.29                  4.239932                       0.000000                        6.818788                 11.291532                   22.350252                
16.97       -94.62       25.38                51.88                  4.241826                       0.000000                        6.871646                 11.295120                   22.408592                
16.23       -94.19       26.32                52.83                  4.244328                       0.000000                        6.879255                 11.161414                   22.284997                
15.47       -93.72       27.38                53.88                  4.247129                       0.000000                        6.893536                 11.131412                   22.272077                
14.71       -93.25       28.46                54.94                  4.250129                       0.000000                        6.901176                 10.732769                   21.884074                
13.95       -92.78       29.56                55.99                  4.255726                       0.000000                        6.902681                 10.599190                   21.757597                
13.18       -92.32       31.03                57.37                  4.502034                       0.000000                        6.944442                 9.223978                    20.670455                
12.49       -91.84       39.11                64.40                  4.055110                       0.000000                        7.653331                 5.871610                    17.580050                
11.79       -91.36       44.18                68.45                  4.089974                       0.000000                        8.211654                 3.960788                    16.262416                
11.10       -90.88       44.49                68.68                  4.006138                       0.000000                        8.191280                 3.765102                    15.962519                
10.22       -90.60       45.01                69.09                  3.794399                       0.000000                        8.271406                 3.572719                    15.638524                
9.33        -90.31       45.71                69.62                  3.762470                       0.000000                        8.378540                 3.632001                    15.773012                
8.61        -89.96       46.00                69.85                  3.758275                       0.000000                        8.422326                 3.582883                    15.763485                
7.89        -89.61       46.22                70.01                  3.758263                       0.000000                        8.453131                 3.630431                    15.841825                
7.17        -89.27       46.44                70.18                  3.758280                       0.000000                        8.483297                 3.710566                    15.952143                
6.39        -88.86       46.70                70.37                  3.758330                       0.000000                        8.517350                 3.755846                    16.031525                
5.60        -88.46       46.95                70.56                  3.758414                       0.000000                        8.549754                 3.760063                    16.068231                
4.81        -88.05       47.21                70.76                  3.758533                       0.000000                        8.580398                 3.824921                    16.163852                
4.03        -87.64       47.45                70.93                  3.758685                       0.000000                        8.607220                 3.900179                    16.266084                
====================Subduction_Zone_67====================
4.03        -87.64       47.45                70.93                  3.758685                       0.000000                        8.607220                 3.900179                    16.266084                
3.91        -87.42       47.58                71.03                  3.758710                       0.000000                        8.621474                 3.922562                    16.302745                
3.57        -86.55       48.10                71.42                  3.758785                       0.000000                        8.673432                 3.998227                    16.430444                
3.23        -85.67       48.62                71.81                  3.758865                       0.000000                        8.717708                 4.137825                    16.614399                
2.89        -84.79       49.14                72.19                  3.758951                       0.000000                        8.754465                 4.140141                    16.653558                
2.54        -83.91       49.65                72.56                  3.759042                       0.000000                        8.783778                 4.115763                    16.658583                
2.34        -83.08       50.14                72.92                  3.759096                       0.000000                        8.805382                 3.866933                    16.431411                
2.14        -82.24       50.63                73.27                  3.759150                       0.000000                        8.820628                 3.541523                    16.121301                
2.18        -81.52       51.06                73.59                  3.759130                       0.000000                        8.829222                 3.388412                    15.976764                
2.22        -80.80       51.49                73.90                  3.759109                       0.000000                        8.833187                 3.095874                    15.688170                
2.26        -80.07       52.01                74.27                  3.759634                       0.000000                        8.831065                 2.793558                    15.384257                
2.28        -80.01       52.27                74.45                  3.759945                       0.000000                        8.829699                 2.795816                    15.385460                
====================Subduction_Zone_68====================
2.28        -80.01       52.27                74.45                  3.759945                       0.000000                        8.829699                 2.795816                    15.385460                
2.27        -79.83       53.97                75.66                  3.759850                       0.000000                        8.830112                 2.795359                    15.385321                
2.25        -79.19       59.28                79.29                  3.770593                       0.000000                        8.728012                 2.514040                    15.012645                
2.23        -78.28       63.66                82.16                  3.787139                       0.000000                        8.864473                 4.632443                    17.284056                
1.86        -77.38       67.84                84.82                  3.826514                       0.000000                        8.742563                 6.000169                    18.569247                
1.22        -76.86       69.64                85.93                  3.876774                       0.000000                        8.617512                 6.897007                    19.391294                
0.58        -76.33       70.88                86.70                  3.944302                       0.000000                        8.583646                 8.157141                    20.685090                
0.13        -75.89       73.39                88.22                  4.039961                       0.000000                        8.357753                 8.620470                    21.018183                
-0.34       -74.97       74.81                89.07                  4.155107                       0.000000                        8.208091                 8.964404                    21.327602                
-0.42       -74.30       74.96                89.16                  4.150704                       0.000000                        8.190245                 9.210463                    21.551412                
-0.50       -73.63       75.11                89.25                  4.146376                       0.000000                        8.173837                 9.227228                    21.547441                
====================Subduction_Zone_69====================
-7.38       -76.21       75.32                89.37                  4.507101                       0.000000                        8.151646                 8.695261                    21.354008                
-6.52       -76.08       71.24                86.92                  4.355853                       0.000000                        8.533424                 8.056146                    20.945423                
-6.23       -76.05       70.31                86.35                  4.357401                       0.000000                        8.585848                 7.051962                    19.995211                
-5.98       -76.03       69.47                85.83                  4.358984                       0.000000                        8.625320                 6.842368                    19.826673                
-5.70       -75.98       68.52                85.25                  4.359851                       0.000000                        8.665322                 6.448132                    19.473305                
-5.32       -75.93       67.27                84.46                  4.361444                       0.000000                        8.717099                 5.781106                    18.859649                
-5.11       -75.89       66.56                84.01                  4.361935                       0.000000                        8.747574                 5.310806                    18.420314                
-4.86       -75.87       65.54                83.37                  4.356554                       0.000000                        8.790869                 5.310806                    18.458228                
-4.47       -75.75       64.17                82.49                  4.362717                       0.000000                        8.835624                 4.403938                    17.602278                
-4.13       -75.66       62.97                81.71                  4.355528                       0.000000                        8.866837                 3.767528                    16.989893                
-3.84       -75.54       62.16                81.19                  4.359605                       0.000000                        8.869501                 3.758576                    16.987681                
-3.40       -75.35       63.61                82.13                  4.323829                       0.000000                        8.856887                 3.962707                    17.143423                
-3.04       -75.22       65.14                83.11                  4.296448                       0.000000                        8.813835                 5.228306                    18.338590                
-2.72       -75.07       66.22                83.80                  4.273356                       0.000000                        8.762080                 5.552804                    18.588240                
-2.31       -74.89       67.80                84.79                  4.245659                       0.000000                        8.695344                 6.366010                    19.307013                
-1.97       -74.67       69.18                85.65                  4.223494                       0.000000                        8.638020                 7.369259                    20.230774                
-1.63       -74.46       70.53                86.48                  4.203700                       0.000000                        8.574866                 8.302498                    21.081065                
-1.42       -74.32       71.44                87.04                  4.192379                       0.000000                        8.527873                 8.632348                    21.352600                
-1.08       -74.07       72.82                87.87                  4.174551                       0.000000                        8.426075                 9.383186                    21.983812                
-0.70       -73.79       74.32                88.77                  4.157009                       0.000000                        8.277111                 9.323867                    21.757987                
-0.50       -73.63       75.11                89.25                  4.146376                       0.000000                        8.173837                 9.227228                    21.547441                
====================Subduction_Zone_70====================
-7.38       -76.21       75.32                89.37                  4.507101                       0.000000                        8.151646                 8.695261                    21.354008                
-8.04       -76.32       78.71                91.36                  4.491238                       0.000000                        7.887044                 7.055597                    19.433879                
-8.97       -76.41       82.49                93.53                  3.956936                       0.000000                        8.159823                 4.273336                    16.390095                
-9.89       -76.50       83.39                94.04                  3.818059                       0.000000                        8.301722                 4.027590                    16.147371                
-10.81      -76.59       84.30                94.55                  3.817925                       0.000000                        8.449354                 4.155781                    16.423060                
-11.63      -76.32       85.02                94.95                  3.814039                       0.000000                        8.560159                 4.345220                    16.719417                
-12.44      -76.04       85.74                95.35                  3.809106                       0.000000                        8.660599                 4.990299                    17.460005                
-13.25      -75.77       86.46                95.75                  3.802861                       0.000000                        8.747090                 5.318141                    17.868091                
-14.21      -75.33       87.28                96.21                  3.794030                       0.000000                        8.827135                 6.019905                    18.641070                
-15.16      -74.89       87.94                96.57                  3.804265                       0.000000                        8.875028                 6.693008                    19.372301                
-16.12      -74.45       88.66                96.96                  3.801844                       0.000000                        8.916315                 7.193844                    19.912003                
-17.07      -74.01       89.43                97.38                  3.799464                       0.000000                        8.952974                 8.085460                    20.837898                
-18.03      -73.56       90.27                97.84                  3.799568                       0.000000                        8.981831                 8.790175                    21.571575                
-18.75      -73.16       90.88                98.17                  3.798350                       0.000000                        9.004152                 9.579468                    22.381969                
-19.47      -72.75       91.48                98.50                  3.798859                       0.000000                        9.014207                 10.070440                   22.883507                
-20.20      -72.34       92.02                98.79                  3.797617                       0.000000                        9.032721                 10.325406                   23.155744                
-21.12      -71.71       92.88                99.25                  3.850173                       0.000000                        9.056333                 11.197702                   24.104209                
-22.05      -71.08       93.81                99.74                  3.840632                       0.000000                        9.075631                 12.199016                   25.115279                
-22.71      -70.34       93.95                99.82                  3.849384                       0.000000                        9.086678                 12.697222                   25.633284                
-23.69      -69.94       94.98                100.36                 3.841117                       0.000000                        9.111249                 12.849407                   25.801773                
-24.32      -69.65       95.60                100.69                 3.835207                       0.000000                        9.132181                 12.406589                   25.373977                
-24.86      -69.39       96.11                100.96                 3.829544                       0.000000                        9.157549                 11.732671                   24.719763                
-25.42      -69.15       96.64                101.23                 3.825994                       0.000000                        9.168952                 11.149820                   24.144766                
-26.16      -68.95       97.32                101.59                 3.821448                       0.000000                        9.195012                 10.638786                   23.655247                
-27.02      -68.82       98.14                102.02                 3.817238                       0.000000                        9.227570                 9.139661                    22.184469                
-27.89      -68.69       98.93                102.43                 3.813302                       0.000000                        9.260561                 7.821438                    20.895301                
-28.84      -68.46       99.74                102.85                 3.834290                       0.000000                        9.296017                 7.172046                    20.302353                
-29.80      -68.24       101.11               103.55                 4.016414                       0.000000                        9.358246                 6.560857                    19.935516                
-30.75      -68.02       102.59               104.30                 4.012568                       0.000000                        9.429354                 5.382340                    18.824262                
-31.71      -67.79       104.06               105.05                 4.008440                       0.000000                        9.516986                 4.484917                    18.010343                
-32.55      -67.75       105.44               105.74                 4.006617                       0.000000                        9.566217                 4.232992                    17.805826                
-33.39      -67.71       106.81               106.43                 4.004383                       0.000000                        9.625452                 3.635162                    17.264996                
-34.23      -67.67       108.17               107.10                 4.002433                       0.000000                        9.670589                 3.416286                    17.089308                
-35.08      -67.62       87.71                96.44                  4.027252                       0.000000                        8.746022                 5.801215                    18.574490                
-35.93      -67.76       62.43                81.37                  4.084801                       0.000000                        8.809558                 3.700534                    16.594892                
-36.79      -67.89       38.94                64.26                  4.006310                       0.000000                        7.703798                 5.403526                    17.113634                
-37.64      -68.03       37.25                62.85                  3.949372                       0.000000                        7.556441                 5.852668                    17.358482                
-38.50      -68.16       36.20                61.96                  3.947898                       0.000000                        7.466307                 6.389260                    17.803465                
-39.35      -68.30       35.16                61.06                  3.946482                       0.000000                        7.350371                 7.574290                    18.871144                
-40.21      -68.43       34.12                60.15                  3.945401                       0.000000                        7.254797                 8.327785                    19.527984                
-40.96      -68.61       32.57                58.77                  3.965254                       0.000000                        7.048137                 9.438001                    20.451392                
-41.71      -68.78       30.79                57.14                  3.997684                       0.000000                        6.912124                 10.370544                   21.280352                
-42.46      -68.96       27.16                53.66                  3.939077                       0.000000                        6.897536                 10.881336                   21.717949                
====================Subduction_Zone_71====================
65.49       -131.18      14.87                39.71                  3.756454                       0.000000                        6.638169                 12.985074                   23.379697                
65.25       -132.13      15.11                40.03                  3.761823                       0.000000                        6.639038                 12.998775                   23.399635                
65.01       -133.07      15.21                40.17                  3.765507                       0.000000                        6.644688                 12.722861                   23.133056                
64.77       -134.02      15.23                40.18                  3.786615                       0.000000                        6.644973                 12.505327                   22.936916                
64.53       -134.97      15.33                40.32                  3.805527                       0.000000                        6.647583                 12.456072                   22.909182                
64.30       -135.92      15.68                40.77                  3.807208                       0.000000                        6.655168                 11.973752                   22.436127                
64.06       -136.87      16.04                41.24                  3.808935                       0.000000                        6.662383                 11.410718                   21.882036                
63.82       -137.81      16.41                41.72                  3.810708                       0.000000                        6.669185                 11.000756                   21.480649                
63.58       -138.76      16.80                42.21                  3.812529                       0.000000                        6.675603                 10.849904                   21.338036                
63.35       -139.71      17.21                42.72                  3.814398                       0.000000                        6.682229                 10.695414                   21.192041                
63.11       -140.66      17.64                43.25                  3.816316                       0.000000                        6.688981                 10.599824                   21.105122                
62.79       -141.51      18.23                43.97                  4.426151                       0.000000                        6.698748                 10.408333                   21.533232                
62.47       -142.37      19.38                45.34                  4.429091                       0.000000                        6.719978                 10.411074                   21.560143                
62.15       -143.22      20.57                46.71                  4.429974                       0.000000                        6.745937                 10.494163                   21.670074                
61.83       -144.07      21.80                48.08                  4.430884                       0.000000                        6.776911                 10.717138                   21.924933                
61.52       -144.93      23.06                49.45                  4.431821                       0.000000                        6.811830                 10.981801                   22.225452                
61.20       -145.78      24.36                50.83                  4.432781                       0.000000                        6.847559                 11.056948                   22.337288                
61.00       -146.29      25.15                51.64                  4.433396                       0.000000                        6.866646                 11.021872                   22.321914                
60.80       -146.80      25.95                52.46                  4.434019                       0.000000                        6.882430                 10.833681                   22.150130                
60.45       -147.64      27.29                53.79                  4.435131                       0.000000                        6.897352                 10.668548                   22.001031                
60.31       -148.25      28.33                54.81                  4.435567                       0.000000                        6.901059                 10.471098                   21.807724                
60.18       -148.85      29.38                55.82                  4.387474                       0.000000                        6.904961                 10.153884                   21.446320                
59.96       -149.61      30.45                56.83                  4.226206                       0.000000                        6.921812                 9.993966                    21.141983                
59.66       -150.52      30.54                56.90                  4.356381                       0.000000                        6.925318                 9.979227                    21.260926                
59.51       -151.03      30.41                56.79                  4.416689                       0.000000                        6.921666                 10.049192                   21.387548                
59.37       -151.55      30.30                56.68                  4.461455                       0.000000                        6.918538                 10.024066                   21.404059                
59.17       -152.32      30.29                56.67                  4.477629                       0.000000                        6.918169                 10.247175                   21.642973                
59.00       -153.29      30.60                56.97                  4.460627                       0.000000                        6.926146                 10.058048                   21.444821                
58.82       -154.26      30.90                57.25                  4.480082                       0.000000                        6.937290                 9.851650                    21.269022                
58.65       -155.23      31.18                57.50                  4.479181                       0.000000                        6.950004                 9.976648                    21.405832                
58.47       -156.20      31.49                57.79                  4.478294                       0.000000                        6.966869                 9.858101                    21.303263                
58.30       -157.17      31.83                58.10                  4.477392                       0.000000                        6.989087                 9.829981                    21.296461                
58.13       -158.17      32.27                58.50                  4.476494                       0.000000                        7.022174                 9.790392                    21.289060                
57.97       -159.17      32.73                58.92                  4.475422                       0.000000                        7.064300                 9.426004                    20.965726                
57.80       -160.16      33.24                59.37                  4.474092                       0.000000                        7.116115                 8.840828                    20.431035                
57.63       -161.16      33.77                59.85                  4.472524                       0.000000                        7.179494                 9.043560                    20.695578                
57.47       -162.15      35.08                60.99                  4.579541                       0.000000                        7.357650                 7.433827                    19.371018                
57.30       -163.15      40.33                65.40                  4.277136                       0.000000                        7.710047                 5.457674                    17.444858                
57.16       -164.00      40.88                65.85                  4.294753                       0.000000                        7.726030                 5.357892                    17.378675                
57.03       -164.85      41.25                66.14                  4.309522                       0.000000                        7.770768                 5.035670                    17.115960                
56.89       -165.70      42.16                66.87                  4.324909                       0.000000                        7.833777                 4.922932                    17.081619                
56.75       -166.55      42.88                67.43                  4.333639                       0.000000                        7.947743                 4.541054                    16.822437                
56.62       -167.40      43.65                68.04                  4.358837                       0.000000                        8.029970                 4.099961                    16.488768                
56.48       -168.25      44.55                68.73                  4.343058                       0.000000                        8.215033                 3.797238                    16.355329                
56.42       -169.23      48.92                72.02                  4.007555                       0.000000                        8.763119                 4.215450                    16.986125                
56.36       -170.21      48.96                72.05                  4.001672                       0.000000                        8.742394                 4.187193                    16.931259                
56.30       -171.19      48.99                72.07                  3.995086                       0.000000                        8.743979                 4.163956                    16.903021                
56.25       -172.17      49.35                72.34                  3.988766                       0.000000                        8.766961                 4.126208                    16.881935                
56.19       -173.15      49.35                72.34                  3.983657                       0.000000                        8.767240                 4.092785                    16.843682                
56.13       -174.12      49.34                72.33                  3.978682                       0.000000                        8.766251                 4.096233                    16.841166                
56.07       -175.10      48.95                72.05                  4.017898                       0.000000                        8.790395                 4.131773                    16.940066                
56.13       -176.07      49.25                72.27                  4.018268                       0.000000                        8.760869                 4.122635                    16.901771                
56.19       -177.04      49.08                72.14                  3.995075                       0.000000                        8.750137                 4.141930                    16.887143                
56.26       -178.01      48.70                71.87                  3.998889                       0.000000                        8.719773                 4.236539                    16.955202                
56.61       178.55       47.61                71.06                  4.000637                       0.000000                        8.682922                 3.990238                    16.673797                
56.84       177.64       47.35                70.86                  4.023287                       0.000000                        8.586399                 3.964142                    16.573828                
57.07       176.73       46.63                70.32                  4.003931                       0.000000                        8.508265                 3.859115                    16.371311                
57.29       175.82       46.03                69.87                  3.999402                       0.000000                        8.425936                 3.794509                    16.219848                
57.52       174.90       45.43                69.41                  3.995059                       0.000000                        8.337259                 3.827488                    16.159806                
57.75       173.99       44.01                68.32                  3.972517                       0.000000                        8.115086                 4.218545                    16.306148                
58.02       173.11       43.62                68.01                  3.965091                       0.000000                        8.055871                 4.679871                    16.700833                
58.29       172.24       42.22                66.91                  3.951983                       0.000000                        7.926917                 5.117845                    16.996745                
58.56       171.36       41.47                66.31                  3.938934                       0.000000                        7.789231                 5.552781                    17.280946                
58.83       170.48       40.72                65.71                  3.937018                       0.000000                        7.759899                 6.264815                    17.961733                
59.10       169.60       40.02                65.14                  3.932788                       0.000000                        7.716652                 6.511609                    18.161048                
59.37       168.72       39.55                64.76                  3.921605                       0.000000                        7.672485                 6.793579                    18.387669                
59.68       167.82       39.29                64.55                  3.907938                       0.000000                        7.661496                 7.244684                    18.814118                
59.99       166.91       38.78                64.13                  3.903764                       0.000000                        7.640418                 7.757249                    19.301432                
60.31       166.00       39.52                64.74                  3.803990                       0.000000                        7.671190                 7.873820                    19.349000                
60.62       165.10       39.88                65.03                  3.801192                       0.000000                        7.686882                 8.749641                    20.237715                
====================Subduction_Zone_72====================
53.10       -118.18      16.47                41.80                  3.922962                       0.000000                        6.672732                 10.892139                   21.487834                
53.48       -118.22      16.26                41.53                  3.923075                       0.000000                        6.666567                 10.997791                   21.587433                
53.79       -118.92      15.23                40.18                  3.923335                       0.000000                        6.644951                 12.477887                   23.046173                
54.11       -119.61      14.35                39.01                  3.924136                       0.000000                        6.618232                 13.583889                   24.126258                
54.43       -120.30      13.67                38.07                  3.925537                       0.000000                        6.586330                 14.616475                   25.128343                
55.15       -120.96      12.45                36.34                  3.922978                       0.000000                        6.513721                 15.610281                   26.046980                
55.91       -121.93      11.29                34.59                  3.922246                       0.000000                        6.407394                 16.143918                   26.473559                
56.31       -122.48      10.55                33.44                  3.922123                       0.000000                        6.322839                 15.763797                   26.008759                
56.72       -123.04      9.69                 32.06                  4.193642                       0.000000                        6.207908                 14.557930                   24.959480                
57.09       -123.43      8.21                 29.51                  4.495271                       0.000000                        5.981489                 12.950567                   23.427327                
57.92       -124.39      4.58                 22.04                  4.449297                       0.000000                        5.262969                 6.646772                    16.359038                
58.42       -124.78      3.38                 18.94                  4.242909                       0.000000                        4.945508                 8.339197                    17.527614                
58.93       -125.17      7.60                 28.38                  3.822719                       0.000000                        5.888148                 13.002647                   22.713514                
59.77       -125.55      10.37                33.15                  3.754207                       0.000000                        6.299239                 15.770888                   25.824334                
60.73       -126.16      11.06                34.25                  3.753995                       0.000000                        6.383237                 16.190481                   26.327713                
61.07       -126.52      11.36                34.71                  3.753995                       0.000000                        6.415552                 16.250493                   26.420040                
61.55       -126.54      11.58                35.04                  3.753985                       0.000000                        6.445219                 16.234912                   26.434115                
61.89       -126.91      11.87                35.48                  3.754000                       0.000000                        6.471902                 15.988182                   26.214084                
62.24       -127.11      12.09                35.80                  3.756688                       0.000000                        6.475820                 15.938708                   26.171216                
62.66       -127.60      12.38                36.23                  3.763396                       0.000000                        6.490221                 15.821017                   26.074634                
63.04       -128.29      12.50                36.41                  3.767267                       0.000000                        6.517135                 15.564494                   25.848895                
63.21       -128.59      12.66                36.64                  3.772186                       0.000000                        6.528217                 15.510737                   25.811140                
63.55       -129.01      12.78                36.81                  3.776461                       0.000000                        6.537143                 15.458878                   25.772483                
63.84       -129.53      13.08                37.24                  3.782475                       0.000000                        6.556697                 15.192609                   25.531781                
64.17       -129.97      13.43                37.74                  3.787214                       0.000000                        6.565589                 15.046998                   25.399801                
64.59       -130.43      14.72                39.51                  3.793947                       0.000000                        6.579869                 13.165030                   23.538846                
65.05       -130.92      14.84                39.67                  3.756545                       0.000000                        6.637239                 13.165030                   23.558814                
65.49       -131.18      14.87                39.71                  3.756454                       0.000000                        6.638169                 12.985074                   23.379697                
====================Subduction_Zone_73====================
53.10       -118.18      16.47                41.80                  3.922962                       0.000000                        6.672732                 10.892139                   21.487834                
53.02       -117.94      16.91                42.35                  3.922553                       0.000000                        6.677339                 10.892139                   21.492032                
52.57       -117.49      17.53                43.11                  3.923892                       0.000000                        6.687216                 10.626482                   21.237590                
52.12       -116.98      19.00                44.89                  4.534172                       0.000000                        6.720141                 10.419956                   21.674269                
51.76       -116.90      19.88                45.91                  4.533051                       0.000000                        6.730330                 10.428571                   21.691952                
51.42       -116.57      21.30                47.52                  4.529454                       0.000000                        6.773806                 10.550513                   21.853774                
51.10       -115.92      23.78                50.22                  4.528320                       0.000000                        6.831875                 10.923074                   22.283269                
50.42       -115.28      26.19                52.70                  4.524395                       0.000000                        6.890882                 10.805418                   22.220694                
49.83       -114.99      27.52                54.02                  4.521655                       0.000000                        6.898530                 10.609971                   22.030156                
49.24       -114.70      28.85                55.31                  4.517503                       0.000000                        6.902338                 10.132757                   21.552598                
48.65       -114.49      29.92                56.33                  4.250392                       0.000000                        6.910871                 9.877362                    21.038625                
47.86       -114.26      30.23                56.62                  4.235689                       0.000000                        6.916936                 9.628512                    20.781137                
47.36       -114.19      30.15                56.54                  4.235875                       0.000000                        6.910133                 9.489117                    20.635125                
46.86       -114.12      31.11                57.44                  4.234679                       0.000000                        6.913411                 9.470326                    20.618416                
46.33       -114.17      30.94                57.28                  4.230649                       0.000000                        6.946286                 9.470326                    20.647262                
45.93       -114.12      31.47                57.77                  4.230703                       0.000000                        6.950724                 9.470326                    20.651753                
45.37       -113.99      31.29                57.60                  4.230756                       0.000000                        6.941987                 9.301504                    20.474248                
44.64       -113.96      31.42                57.72                  4.229016                       0.000000                        6.944384                 9.301504                    20.474904                
44.32       -113.92      31.56                57.85                  4.227808                       0.000000                        6.964722                 9.301504                    20.494034                
44.14       -113.85      31.58                57.87                  4.227898                       0.000000                        6.970980                 9.304852                    20.503731                
====================Subduction_Zone_74====================
44.14       -113.85      31.58                57.87                  4.227898                       0.000000                        6.970980                 9.304852                    20.503731                
43.35       -113.72      29.13                55.58                  4.335325                       0.000000                        6.902246                 9.903462                    21.141033                
42.38       -113.15      29.71                56.13                  4.338434                       0.000000                        6.905427                 9.783174                    21.027035                
41.41       -112.59      29.90                56.31                  4.356438                       0.000000                        6.906749                 9.848532                    21.111719                
40.89       -112.35      30.22                56.61                  4.405441                       0.000000                        6.911325                 9.747537                    21.064303                
40.37       -112.11      30.59                56.96                  4.440375                       0.000000                        6.927384                 9.129657                    20.497416                
39.59       -111.60      36.39                62.12                  4.138891                       0.000000                        7.484154                 7.289657                    18.912702                
38.80       -111.08      37.31                62.90                  4.160450                       0.000000                        7.550473                 5.573715                    17.284639                
37.98       -110.52      39.33                64.58                  4.173748                       0.000000                        7.663127                 5.206628                    17.043503                
37.16       -109.96      41.08                66.00                  4.191101                       0.000000                        7.757275                 4.629580                    16.577957                
36.46       -109.50      41.86                66.63                  4.289122                       0.000000                        7.833457                 4.812205                    16.934784                
35.77       -109.03      26.92                53.43                  4.151622                       0.000000                        6.892308                 8.151858                    19.195788                
35.17       -108.66      20.90                47.07                  4.072306                       0.000000                        6.755252                 10.944431                   21.771989                
34.57       -108.28      7.21                 27.65                  3.841778                       0.000000                        5.808845                 12.147042                   21.797666                
33.79       -107.83      7.83                 28.82                  3.845748                       0.000000                        5.917402                 12.597363                   22.360513                
33.01       -107.37      6.58                 26.41                  3.792523                       0.000000                        5.640363                 10.910499                   20.343385                
32.23       -106.92      6.00                 25.22                  3.845960                       0.000000                        5.538469                 9.708308                    19.092737                
31.41       -106.38      6.20                 25.65                  3.851927                       0.000000                        5.605078                 10.342672                   19.799678                
30.59       -105.84      6.63                 26.52                  3.868058                       0.000000                        5.702147                 10.612061                   20.182266                
29.92       -105.23      7.24                 27.70                  3.866407                       0.000000                        5.813830                 11.995079                   21.675317                
29.25       -104.62      7.93                 29.00                  3.853598                       0.000000                        5.934021                 13.020638                   22.808256                
28.56       -104.28      8.03                 29.18                  3.850394                       0.000000                        5.951049                 13.352104                   23.153547                
27.88       -103.94      16.98                42.43                  4.341368                       0.465587                        6.452232                 13.339268                   24.598455                
27.18       -103.33      23.96                50.41                  4.254703                       0.000000                        6.836967                 10.907830                   21.999500                
26.49       -102.71      24.81                51.30                  4.258051                       0.000000                        6.857215                 10.932568                   22.047834                
25.79       -102.11      26.10                52.61                  4.260965                       0.000000                        6.884544                 10.817668                   21.963177                
25.09       -101.51      27.49                53.99                  4.264042                       0.000000                        6.898290                 10.677616                   21.839948                
24.38       -100.93      28.33                54.81                  4.264668                       0.000000                        6.899574                 10.254968                   21.419210                
23.67       -100.35      28.76                55.22                  4.227530                       0.000000                        6.901481                 10.241570                   21.370582                
22.86       -99.48       30.18                56.57                  3.901055                       0.000000                        6.915578                 10.051294                   20.867927                
22.06       -98.61       23.73                50.17                  4.096534                       0.000000                        6.786533                 10.028293                   20.911360                
21.51       -98.01       14.43                39.12                  4.033635                       0.000000                        6.621215                 13.895254                   24.550104                
20.97       -97.42       15.39                40.40                  4.033054                       0.000000                        6.648903                 14.166390                   24.848347                
20.10       -96.47       17.29                42.82                  4.173414                       0.000000                        6.683419                 11.085467                   21.942300                
====================Subduction_Zone_75====================
20.10       -96.47       17.29                42.82                  4.173414                       0.000000                        6.683419                 11.085467                   21.942300                
19.27       -95.97       19.46                45.43                  4.237244                       0.000000                        6.721605                 10.730190                   21.689039                
18.43       -95.47       21.73                48.00                  4.238757                       0.000000                        6.775005                 10.982034                   21.995796                
17.70       -95.05       23.85                50.29                  4.239932                       0.000000                        6.818788                 11.291532                   22.350252                
16.97       -94.62       25.38                51.88                  4.241826                       0.000000                        6.871646                 11.295120                   22.408592                
16.23       -94.19       26.32                52.83                  4.244328                       0.000000                        6.879255                 11.161414                   22.284997                
15.51       -93.74       27.34                53.84                  4.246984                       0.000000                        6.893140                 11.146116                   22.286240                
14.79       -93.29       28.37                54.85                  4.249824                       0.000000                        6.901047                 10.806924                   21.957794                
====================Subduction_Zone_76====================
16.94       -61.22       69.83                86.05                  4.619785                       0.000000                        8.597108                 12.070281                   25.287174                
16.39       -60.63       61.09                80.49                  4.725472                       0.018030                        8.852074                 7.625440                    21.221016                
15.84       -60.05       47.17                70.73                  5.018011                       2.097988                        8.482415                 5.924025                    21.522440                
14.94       -59.62       22.96                49.34                  7.857474                       5.193325                        6.807872                 12.440157                   32.298827                
14.03       -59.20       27.11                53.62                  7.874200                       5.193325                        6.852055                 10.747505                   30.667086                
13.12       -58.49       36.54                62.25                  7.888001                       5.193325                        7.478691                 7.071528                    27.631545                
13.03       -58.48       37.55                63.11                  7.889156                       5.193325                        7.564407                 7.071528                    27.718415                
====================Subduction_Zone_77====================
-27.10      137.87       76.51                90.07                  4.715050                       0.000000                        8.714153                 2.064473                    15.493677                
-26.92      137.55       61.05                80.46                  5.365798                       3.042698                        7.651040                 7.541611                    23.601148                
-26.47      137.09       19.90                45.94                  5.940321                       4.195939                        6.840413                 12.877864                   29.854537                
-25.85      136.28       7.57                 28.33                  6.440931                       4.898249                        5.863534                 11.013823                   28.216537                
-25.53      135.65       8.40                 29.84                  6.438267                       4.898249                        6.001987                 12.497660                   29.836163                
-25.22      135.02       7.60                 28.39                  6.435701                       4.898249                        5.696141                 12.497660                   29.527751                
-25.03      134.14       117.21               111.49                 4.928921                       2.074199                        9.750225                 9.451936                    26.205281                
-24.85      133.25       116.96               111.37                 4.911475                       2.013936                        9.745254                 9.451936                    26.122599                
-24.67      132.37       118.36               112.03                 4.893654                       1.673084                        9.741119                 10.305366                   26.613223                
-24.48      131.48       118.71               112.20                 5.244675                       2.934967                        9.713219                 14.171516                   32.064378                
-24.22      130.56       118.13               111.93                 5.205027                       2.842508                        9.731837                 14.171516                   31.950889                
-23.95      129.63       119.60               112.62                 5.269132                       2.990973                        9.691843                 16.167542                   34.119490                
-23.87      128.92       120.00               112.81                 6.427874                       4.898249                        6.020048                 11.325406                   28.671577                
-23.78      128.20       120.00               112.81                 4.428473                       0.000000                        9.661252                 2.679204                    16.768929                
-23.70      127.48       120.00               112.81                 4.435287                       0.000000                        9.666083                 2.681908                    16.783277                
-23.53      126.55       118.84               112.26                 4.366440                       0.000000                        9.688665                 2.685024                    16.740129                
-23.36      125.63       118.92               112.30                 4.457504                       0.000000                        9.765646                 3.718308                    17.941457                
-23.32      125.43       113.22               109.57                 4.462441                       0.000000                        9.764557                 3.718308                    17.945305                
====================Subduction_Zone_78====================
-4.51       115.24       25.54                52.05                  8.258890                       5.233295                        6.874440                 11.873213                   32.239837                
-4.48       115.80       25.74                52.25                  10.339819                      5.413342                        6.877603                 11.763060                   34.393823                
-4.37       116.31       23.28                49.68                  10.313939                      5.424334                        6.818382                 11.729784                   34.286438                
-4.20       116.71       19.44                45.41                  7.236414                       4.362917                        6.722114                 11.624538                   29.945984                
-4.51       117.05       19.94                45.99                  5.350946                       3.175858                        6.733788                 11.280839                   26.541432                
-4.80       117.61       18.38                44.15                  5.423863                       3.329278                        6.701498                 11.280643                   26.735283                
-5.06       118.04       17.07                42.55                  5.502179                       3.476666                        6.679565                 11.469821                   27.128232                
-5.43       118.66       29.33                55.77                  5.034984                       2.300137                        6.965771                 9.769649                    24.070540                
-5.82       119.05       46.43                70.17                  4.813912                       0.000000                        8.342689                 4.116652                    17.273253                
-6.30       119.78       52.01                74.27                  4.659272                       0.000000                        8.830446                 2.950893                    16.440611                
-6.44       120.60       51.53                73.92                  4.724996                       0.000000                        8.831769                 2.922829                    16.479594                
-6.24       121.18       49.66                72.57                  4.764746                       0.000000                        8.782312                 3.947121                    17.494179                
-6.03       121.77       46.43                70.17                  4.772915                       0.000000                        8.456462                 4.774904                    18.004281                
-5.62       122.66       17.37                42.92                  4.354896                       0.000000                        6.526551                 9.232608                    20.114055                
-5.01       123.49       40.16                65.26                  4.784131                       0.000000                        7.699937                 5.855353                    18.339420                
-4.81       124.14       38.24                63.68                  4.789821                       0.000000                        7.615484                 6.114991                    18.520297                
-4.68       124.82       35.84                61.65                  4.751348                       0.000000                        7.399590                 8.276364                    20.427302                
-4.55       125.50       31.26                57.58                  4.355069                       0.000000                        6.974406                 9.936071                    21.265547                
-4.39       126.25       25.95                52.46                  4.370002                       0.000000                        6.881058                 10.607057                   21.858116                
====================Subduction_Zone_79====================
-1.31       125.65       7.30                 27.83                  4.214193                       0.000000                        5.701562                 11.561604                   21.477359                
-1.85       126.22       7.76                 28.69                  4.215069                       0.000000                        5.909356                 13.963850                   24.088275                
-2.38       126.78       12.30                36.11                  4.282562                       0.000000                        6.500285                 14.900901                   25.683748                
-3.01       127.46       17.93                43.61                  4.351365                       0.000000                        6.693949                 11.358571                   22.403885                
-3.64       128.14       22.73                49.10                  4.429609                       0.000000                        6.802690                 11.101740                   22.334039                
-4.27       128.82       26.71                53.22                  4.518880                       0.000000                        6.892083                 10.968656                   22.379619                
-4.94       129.67       33.33                59.46                  4.644692                       0.000000                        7.020144                 9.116198                    20.781034                
-5.61       130.51       37.96                63.44                  4.824449                       0.000000                        7.591644                 6.210276                    18.626369                
-6.18       131.29       37.19                62.80                  4.857110                       0.000000                        7.551710                 6.104656                    18.513477                
-6.76       132.07       38.49                63.89                  4.869857                       1.867160                        7.625986                 5.500528                    19.863531                
-7.76       132.95       42.05                66.78                  4.884636                       1.923328                        7.849065                 4.387555                    19.044584                
-8.72       133.72       45.69                69.61                  4.898537                       1.972565                        8.374002                 3.898086                    19.143189                
-9.66       134.18       51.61                73.98                  4.926327                       1.680668                        8.827660                 3.403033                    18.837688                
-10.56      134.31       55.70                76.85                  4.684129                       0.000000                        8.735870                 2.054074                    15.474073                
-11.45      134.45       59.58                79.49                  4.687571                       0.000000                        8.797566                 2.542111                    16.027249                
-12.20      134.77       62.58                81.46                  4.692504                       0.000000                        8.870210                 3.299309                    16.862023                
-12.95      135.08       64.69                82.83                  4.740765                       0.220532                        8.817599                 5.578959                    19.357855                
-13.37      135.90       63.62                82.14                  4.707231                       0.000000                        8.855711                 4.453731                    18.016674                
-13.80      136.72       64.31                82.58                  4.717363                       0.000000                        8.837574                 5.175129                    18.730066                
-14.22      137.54       65.03                83.05                  4.727905                       0.000000                        8.811324                 4.745095                    18.284325                
-14.52      138.22       64.03                82.40                  4.485085                       0.000000                        8.807865                 5.230447                    18.523397                
-14.82      138.90       60.89                80.36                  4.255422                       0.000000                        8.846245                 3.220391                    16.322058                
-15.13      139.58       61.04                80.46                  4.232013                       0.000000                        8.850161                 2.995621                    16.077796                
-15.27      140.14       58.90                79.03                  4.225940                       0.000000                        8.843812                 2.862855                    15.932608                
-15.42      140.69       25.31                51.81                  4.340106                       0.000000                        6.883925                 6.936788                    18.160820                
====================Subduction_Zone_80====================
-5.21       118.29       16.40                41.71                  5.473898                       3.418037                        6.683747                 11.269102                   26.844783                
-5.43       118.66       29.33                55.77                  5.034984                       2.300137                        6.965771                 9.769649                    24.070540                
-5.82       119.05       46.43                70.17                  4.813912                       0.000000                        8.342689                 4.116652                    17.273253                
-6.30       119.78       52.01                74.27                  4.659272                       0.000000                        8.830446                 2.950893                    16.440611                
-6.44       120.60       51.53                73.92                  4.724996                       0.000000                        8.831769                 2.922829                    16.479594                
-6.24       121.18       49.66                72.57                  4.764746                       0.000000                        8.782312                 3.947121                    17.494179                
-6.03       121.77       46.43                70.17                  4.772915                       0.000000                        8.456462                 4.774904                    18.004281                
-5.62       122.66       17.37                42.92                  4.354896                       0.000000                        6.526551                 9.232608                    20.114055                
-5.01       123.49       40.16                65.26                  4.784131                       0.000000                        7.699937                 5.855353                    18.339420                
-4.81       124.14       38.24                63.68                  4.789821                       0.000000                        7.615484                 6.114991                    18.520297                
-4.68       124.82       35.84                61.65                  4.751348                       0.000000                        7.399590                 8.276364                    20.427302                
-4.55       125.50       31.26                57.58                  4.355069                       0.000000                        6.974406                 9.936071                    21.265547                
-4.39       126.25       25.95                52.46                  4.370002                       0.000000                        6.881058                 10.607057                   21.858116                
====================Subduction_Zone_81====================
-27.10      137.87       76.51                90.07                  4.715050                       0.000000                        8.714153                 2.064473                    15.493677                
-26.92      137.55       61.05                80.46                  5.365798                       3.042698                        7.651040                 7.541611                    23.601148                
-26.47      137.09       19.90                45.94                  5.940321                       4.195939                        6.840413                 12.877864                   29.854537                
-25.85      136.28       7.57                 28.33                  6.440931                       4.898249                        5.863534                 11.013823                   28.216537                
-25.53      135.65       8.40                 29.84                  6.438267                       4.898249                        6.001987                 12.497660                   29.836163                
-25.22      135.02       7.60                 28.39                  6.435701                       4.898249                        5.696141                 12.497660                   29.527751                
-25.03      134.14       117.21               111.49                 4.928921                       2.074199                        9.750225                 9.451936                    26.205281                
-24.85      133.25       116.96               111.37                 4.911475                       2.013936                        9.745254                 9.451936                    26.122599                
-24.67      132.37       118.36               112.03                 4.893654                       1.673084                        9.741119                 10.305366                   26.613223                
-24.48      131.48       118.71               112.20                 5.244675                       2.934967                        9.713219                 14.171516                   32.064378                
-24.22      130.56       118.13               111.93                 5.205027                       2.842508                        9.731837                 14.171516                   31.950889                
-23.95      129.63       119.60               112.62                 5.269132                       2.990973                        9.691843                 16.167542                   34.119490                
-23.87      128.92       120.00               112.81                 6.427874                       4.898249                        6.020048                 11.325406                   28.671577                
-23.78      128.20       120.00               112.81                 4.428473                       0.000000                        9.661252                 2.679204                    16.768929                
-23.70      127.48       120.00               112.81                 4.435287                       0.000000                        9.666083                 2.681908                    16.783277                
-23.53      126.55       118.84               112.26                 4.366440                       0.000000                        9.688665                 2.685024                    16.740129                
-23.36      125.63       118.92               112.30                 4.457504                       0.000000                        9.765646                 3.718308                    17.941457                
-23.32      125.43       113.22               109.57                 4.462441                       0.000000                        9.764557                 3.718308                    17.945305                
====================Subduction_Zone_82====================
42.35       12.90        128.71               116.83                 8.227320                       5.248119                        8.299922                 1.926760                    23.702121                
42.27       12.92        130.12               117.47                 8.159644                       5.237804                        8.203806                 1.926308                    23.527562                
42.30       12.94        129.52               117.19                 8.138184                       5.237244                        8.211964                 1.925746                    23.513137                
====================Subduction_Zone_83====================
38.43       14.55        195.52               125.00                 7.983675                       5.218840                        8.145143                 1.498935                    22.846593                
38.12       15.33        197.32               125.00                 29.272592                      5.724461                        10.462159                80.612057                   126.071269               
37.74       15.95        198.76               125.00                 28.637493                      5.724461                        10.470483                50.373689                   95.206125                
37.33       16.58        195.34               125.00                 27.865774                      5.724461                        10.450798                34.535250                   78.576283                
37.01       17.29        195.48               125.00                 27.136913                      5.724461                        10.443924                16.246453                   59.551750                
36.69       17.98        195.91               125.00                 26.472265                      5.724461                        10.454076                15.544122                   58.194924                
36.63       18.75        200.18               125.00                 25.370991                      5.724461                        10.476579                4.566957                    46.138988                
36.54       19.74        199.56               125.00                 25.203863                      5.724461                        10.474959                2.438776                    43.842059                
36.48       20.67        183.92               125.00                 14.217178                      5.252498                        10.417021                0.000000                    29.886697                
36.51       21.57        35.55                61.40                  11.374885                      5.454988                        7.320979                 2.398962                    26.549814                
36.60       22.44        35.77                61.59                  10.439101                      5.414565                        7.419725                 15.606704                   38.880095                
36.61       22.95        35.44                61.31                  12.823132                      5.518163                        6.973648                 17.429013                   42.743955                
36.62       23.45        31.62                57.90                  10.100338                      5.399877                        7.191164                 16.522457                   39.213836                
36.66       23.97        31.67                57.95                  10.047249                      5.399877                        7.088728                 16.149432                   38.685285                
36.70       24.48        30.71                57.06                  9.889295                       5.399877                        7.130722                 16.149432                   38.569325                
36.83       25.46        42.44                67.08                  9.780782                       5.377848                        7.504792                 13.183043                   35.846465                
36.95       26.29        45.46                69.43                  9.429686                       5.340863                        8.338998                 12.274503                   35.384050                
37.05       27.22        42.47                67.11                  9.303027                       5.340863                        7.935334                 9.572192                    32.151415                
37.10       28.07        43.40                67.84                  9.178310                       5.340863                        8.067162                 9.160495                    31.746831                
37.10       28.58        50.68                73.31                  8.200702                       5.231812                        8.229751                 8.488990                    30.151255                
37.10       29.09        48.72                71.88                  9.036825                       5.333514                        8.655549                 8.199835                    31.225723                
37.07       30.00        47.65                71.09                  6.312303                       4.661413                        8.601559                 8.144581                    27.719856                
37.05       30.82        53.45                75.29                  4.421886                       0.000000                        8.826113                 7.052999                    20.300999                
37.02       31.78        55.49                76.71                  4.620315                       0.000000                        8.734508                 4.680558                    18.035381                
36.92       32.73        52.00                74.26                  4.617873                       0.000000                        8.832513                 5.182961                    18.633347                
36.76       33.65        52.00                74.26                  4.619331                       0.000000                        8.832512                 5.627450                    19.079293                
36.60       34.58        52.00                74.26                  4.617167                       0.000000                        8.832546                 5.822916                    19.272629                
36.34       35.55        52.00                74.26                  4.617529                       0.000000                        8.832529                 5.822916                    19.272974                
36.09       36.23        52.00                74.26                  4.616073                       0.000000                        8.832546                 5.822916                    19.271534                
====================Subduction_Zone_84====================
49.18       138.55       29.70                56.12                  3.902815                       0.000000                        6.907521                 9.764363                    20.574699                
48.90       138.39       29.70                56.12                  3.908862                       0.000000                        6.907521                 9.764363                    20.580746                
48.06       137.86       29.70                56.12                  3.914309                       0.000000                        6.907521                 9.764371                    20.586202                
47.22       137.32       29.87                56.28                  3.924358                       0.000000                        6.909871                 9.653408                    20.487637                
46.49       136.88       30.76                57.12                  3.924779                       0.000000                        6.940393                 9.309384                    20.174556                
45.77       136.44       31.74                58.02                  3.925200                       0.000000                        6.980962                 9.292682                    20.198844                
45.24       136.08       32.00                58.26                  3.925451                       0.000000                        7.017610                 9.097896                    20.040957                
44.71       135.72       32.95                59.11                  3.925901                       0.000000                        7.109239                 9.054069                    20.089210                
43.80       134.99       34.05                60.09                  3.926653                       0.000000                        7.213226                 8.470480                    19.610359                
42.88       134.27       34.55                60.53                  3.927501                       0.000000                        7.274833                 7.674085                    18.876420                
42.23       133.72       34.71                60.67                  3.928203                       0.000000                        7.314484                 7.674085                    18.916772                
41.58       133.17       32.11                58.35                  3.928939                       0.000000                        7.007729                 9.221388                    20.158056                
40.92       132.56       31.58                57.87                  3.930257                       0.000000                        6.970570                 9.365854                    20.266681                
40.27       131.95       31.19                57.51                  3.931708                       0.000000                        6.960647                 9.331668                    20.224023                
39.62       131.25       31.30                57.61                  3.933406                       0.000000                        6.966747                 9.271673                    20.171826                
38.98       130.55       31.39                57.69                  3.934847                       0.000000                        6.959530                 9.263105                    20.157482                
38.23       129.75       31.48                57.78                  3.937271                       0.000000                        6.977629                 9.323790                    20.238691                
37.58       128.91       30.29                56.68                  3.974542                       0.000000                        6.918168                 9.566812                    20.459522                
36.79       128.11       29.78                56.20                  3.991498                       0.000000                        6.908499                 9.737119                    20.637115                
35.92       127.30       29.61                56.03                  3.997251                       0.000000                        6.906569                 9.811515                    20.715336                
35.05       126.49       29.43                55.86                  4.009571                       0.000000                        6.905021                 9.891865                    20.806457                
34.44       125.96       29.31                55.75                  4.014098                       0.000000                        6.904284                 9.931193                    20.849574                
33.83       125.44       29.19                55.64                  4.010954                       0.000000                        6.903732                 9.957005                    20.871691                
32.86       124.65       29.00                55.46                  4.019101                       0.000000                        6.902721                 9.958483                    20.880304                
31.89       123.87       28.82                55.28                  4.026694                       0.000000                        6.901897                 10.015150                   20.943742                
31.24       123.22       28.68                55.15                  4.026338                       0.000000                        6.901541                 10.091230                   21.019109                
30.91       122.81       28.60                55.07                  4.023207                       0.000000                        6.901404                 10.099196                   21.023806                
====================Subduction_Zone_85====================
40.47       0.60         128.21               116.60                 10.153145                      5.399877                        9.207783                 16.448119                   41.208923                
40.87       0.84         127.36               116.22                 10.203231                      5.399877                        8.569296                 16.448119                   40.620523                
41.59       1.67         129.43               117.15                 10.407142                      5.399877                        8.309900                 16.448119                   40.565038                
42.03       2.07         125.15               115.20                 10.112841                      5.399877                        8.863933                 6.787878                    31.164529                
42.42       2.56         127.72               116.38                 10.079307                      5.399877                        9.280122                 6.787878                    31.547183                
42.75       3.17         121.37               113.45                 10.290854                      5.399877                        8.736780                 6.787878                    31.215389                
43.09       4.00         127.04               116.07                 18.853271                      5.665305                        9.075372                 1.741303                    35.335250                
43.29       4.54         119.18               112.42                 18.305771                      5.641848                        9.560934                 1.741303                    35.249856                
43.49       5.39         117.09               111.43                 18.144527                      5.634449                        9.719719                 1.741303                    35.239998                
43.64       6.19         114.88               110.38                 17.505537                      5.619558                        9.744101                 1.741303                    34.610499                
43.72       6.90         121.78               113.64                 18.669310                      5.653437                        9.299867                 1.741303                    35.363916                
43.80       7.61         115.74               110.79                 18.703903                      5.662018                        9.748900                 1.741303                    35.856125                
43.86       8.29         118.90               112.29                 18.321323                      5.646072                        9.516311                 1.741303                    35.225009                
43.89       8.99         116.92               111.35                 18.114525                      5.633577                        9.727927                 2.044440                    35.520468                
43.83       9.81         113.34               109.63                 17.289805                      5.615563                        9.759874                 1.943524                    34.608766                
43.77       10.63        113.04               109.49                 12.220444                      5.505521                        9.764241                 2.003514                    29.493719                
43.67       11.09        112.19               109.07                 9.963050                       5.382409                        9.759442                 1.946282                    27.051183                
43.53       11.58        112.00               108.98                 8.523982                       5.271716                        9.756965                 1.934425                    25.487089                
43.41       11.96        112.00               108.98                 8.281221                       5.253819                        9.756965                 1.932641                    25.224646                
43.24       12.34        112.00               108.98                 7.956966                       5.205121                        9.756965                 1.926494                    24.845547                
43.15       12.66        112.00               108.98                 8.090321                       5.237312                        9.756965                 1.836035                    24.920635                
42.91       12.81        119.66               112.64                 8.035097                       5.224769                        9.756965                 1.626191                    24.643022                
42.43       12.89        127.81               116.42                 8.619561                       5.292041                        8.443836                 1.923732                    24.279170                
42.27       12.92        130.12               117.47                 8.159644                       5.237804                        8.203806                 1.926308                    23.527562                
42.30       12.94        129.52               117.19                 8.138184                       5.237244                        8.211964                 1.925746                    23.513137                
====================Subduction_Zone_86====================
38.43       14.55        195.52               125.00                 7.983675                       5.218840                        8.145143                 1.498935                    22.846593                
38.12       15.33        197.32               125.00                 29.272592                      5.724461                        10.462159                80.612057                   126.071269               
37.74       15.95        198.76               125.00                 28.637493                      5.724461                        10.470483                50.373689                   95.206125                
37.33       16.58        195.34               125.00                 27.865774                      5.724461                        10.450798                34.535250                   78.576283                
37.01       17.29        195.48               125.00                 27.136913                      5.724461                        10.443924                16.246453                   59.551750                
36.69       17.98        195.91               125.00                 26.472265                      5.724461                        10.454076                15.544122                   58.194924                
36.63       18.75        200.18               125.00                 25.370991                      5.724461                        10.476579                4.566957                    46.138988                
36.54       19.74        199.56               125.00                 25.203863                      5.724461                        10.474959                2.438776                    43.842059                
36.48       20.67        183.92               125.00                 14.217178                      5.252498                        10.417021                0.000000                    29.886697                
36.51       21.57        35.55                61.40                  11.374885                      5.454988                        7.320979                 2.398962                    26.549814                
36.60       22.44        35.77                61.59                  10.439101                      5.414565                        7.419725                 15.606704                   38.880095                
36.61       22.95        35.44                61.31                  12.823132                      5.518163                        6.973648                 17.429013                   42.743955                
36.62       23.45        31.62                57.90                  10.100338                      5.399877                        7.191164                 16.522457                   39.213836                
36.66       23.97        31.67                57.95                  10.047249                      5.399877                        7.088728                 16.149432                   38.685285                
36.70       24.48        30.71                57.06                  9.889295                       5.399877                        7.130722                 16.149432                   38.569325                
36.83       25.46        42.44                67.08                  9.780782                       5.377848                        7.504792                 13.183043                   35.846465                
36.95       26.29        45.46                69.43                  9.429686                       5.340863                        8.338998                 12.274503                   35.384050                
37.05       27.22        42.47                67.11                  9.303027                       5.340863                        7.935334                 9.572192                    32.151415                
37.10       28.07        43.40                67.84                  9.178310                       5.340863                        8.067162                 9.160495                    31.746831                
37.10       28.58        50.68                73.31                  8.200702                       5.231812                        8.229751                 8.488990                    30.151255                
37.10       29.09        48.72                71.88                  9.036825                       5.333514                        8.655549                 8.199835                    31.225723                
37.07       30.00        47.65                71.09                  6.312303                       4.661413                        8.601559                 8.144581                    27.719856                
37.05       30.82        53.45                75.29                  4.421886                       0.000000                        8.826113                 7.052999                    20.300999                
37.02       31.78        55.49                76.71                  4.620315                       0.000000                        8.734508                 4.680558                    18.035381                
36.92       32.73        52.00                74.26                  4.617873                       0.000000                        8.832513                 5.182961                    18.633347                
36.76       33.65        52.00                74.26                  4.619331                       0.000000                        8.832512                 5.627450                    19.079293                
36.60       34.58        52.00                74.26                  4.617167                       0.000000                        8.832546                 5.822916                    19.272629                
36.34       35.55        52.00                74.26                  4.617529                       0.000000                        8.832529                 5.822916                    19.272974                
36.09       36.23        52.00                74.26                  4.616073                       0.000000                        8.832546                 5.822916                    19.271534                
====================Subduction_Zone_87====================
38.43       14.55        195.52               125.00                 7.983675                       5.218840                        8.145143                 1.498935                    22.846593                
38.12       15.33        197.32               125.00                 29.272592                      5.724461                        10.462159                80.612057                   126.071269               
37.74       15.95        198.76               125.00                 28.637493                      5.724461                        10.470483                50.373689                   95.206125                
37.33       16.58        195.34               125.00                 27.865774                      5.724461                        10.450798                34.535250                   78.576283                
37.01       17.29        195.48               125.00                 27.136913                      5.724461                        10.443924                16.246453                   59.551750                
36.69       17.98        195.91               125.00                 26.472265                      5.724461                        10.454076                15.544122                   58.194924                
36.63       18.75        200.18               125.00                 25.370991                      5.724461                        10.476579                4.566957                    46.138988                
36.54       19.74        199.56               125.00                 25.203863                      5.724461                        10.474959                2.438776                    43.842059                
36.48       20.67        183.92               125.00                 14.217178                      5.252498                        10.417021                0.000000                    29.886697                
36.51       21.57        35.55                61.40                  11.374885                      5.454988                        7.320979                 2.398962                    26.549814                
36.60       22.44        35.77                61.59                  10.439101                      5.414565                        7.419725                 15.606704                   38.880095                
36.61       22.95        35.44                61.31                  12.823132                      5.518163                        6.973648                 17.429013                   42.743955                
36.62       23.45        31.62                57.90                  10.100338                      5.399877                        7.191164                 16.522457                   39.213836                
36.66       23.97        31.67                57.95                  10.047249                      5.399877                        7.088728                 16.149432                   38.685285                
36.70       24.48        30.71                57.06                  9.889295                       5.399877                        7.130722                 16.149432                   38.569325                
36.83       25.46        42.44                67.08                  9.780782                       5.377848                        7.504792                 13.183043                   35.846465                
36.95       26.29        45.46                69.43                  9.429686                       5.340863                        8.338998                 12.274503                   35.384050                
37.05       27.22        42.47                67.11                  9.303027                       5.340863                        7.935334                 9.572192                    32.151415                
37.10       28.07        43.40                67.84                  9.178310                       5.340863                        8.067162                 9.160495                    31.746831                
37.10       28.58        50.68                73.31                  8.200702                       5.231812                        8.229751                 8.488990                    30.151255                
37.10       29.09        48.72                71.88                  9.036825                       5.333514                        8.655549                 8.199835                    31.225723                
37.07       30.00        47.65                71.09                  6.312303                       4.661413                        8.601559                 8.144581                    27.719856                
37.05       30.82        53.45                75.29                  4.421886                       0.000000                        8.826113                 7.052999                    20.300999                
37.02       31.78        55.49                76.71                  4.620315                       0.000000                        8.734508                 4.680558                    18.035381                
36.92       32.73        52.00                74.26                  4.617873                       0.000000                        8.832513                 5.182961                    18.633347                
36.76       33.65        52.00                74.26                  4.619331                       0.000000                        8.832512                 5.627450                    19.079293                
36.60       34.58        52.00                74.26                  4.617167                       0.000000                        8.832546                 5.822916                    19.272629                
36.34       35.55        52.00                74.26                  4.617529                       0.000000                        8.832529                 5.822916                    19.272974                
36.09       36.23        52.00                74.26                  4.616073                       0.000000                        8.832546                 5.822916                    19.271534                
====================Subduction_Zone_88====================
-46.33      174.28       82.11                93.31                  3.957843                       0.000000                        8.106905                 20.416477                   32.481225                
-46.17      175.18       81.64                93.04                  3.964284                       0.000000                        8.043990                 20.416477                   32.424751                
-46.13      175.88       84.45                94.64                  3.925693                       0.000000                        8.472588                 18.340774                   30.739054                
-46.10      176.58       86.69                95.88                  3.903530                       0.000000                        8.752189                 18.718032                   31.373751                
-46.09      177.10       86.57                95.81                  3.907321                       0.000000                        8.739937                 18.870467                   31.517725                
-46.09      177.61       86.45                95.75                  3.911256                       0.000000                        8.726480                 18.697878                   31.335613                
-46.14      178.59       86.12                95.57                  3.916974                       0.000000                        8.708573                 18.538320                   31.163866                
-46.41      179.52       86.29                95.66                  3.921160                       0.000000                        8.702881                 24.053999                   36.678041                
-46.74      -179.91      86.58                95.82                  3.907953                       0.000000                        8.760391                 23.587034                   36.255378                
-46.95      -179.41      86.73                95.90                  3.904911                       0.000000                        8.775631                 21.762738                   34.443280                
====================Subduction_Zone_89====================
-42.71      -69.05       26.92                53.43                  3.942773                       0.000000                        6.894662                 11.009481                   21.846916                
-42.69      -69.04       26.94                53.45                  3.942362                       0.000000                        6.894780                 10.989278                   21.826421                
-42.46      -68.96       27.16                53.66                  3.939077                       0.000000                        6.897536                 10.881336                   21.717949                
====================Subduction_Zone_90====================
-7.38       -76.21       75.32                89.37                  4.507101                       0.000000                        8.151646                 8.695261                    21.354008                
-8.04       -76.32       78.71                91.36                  4.491238                       0.000000                        7.887044                 7.055597                    19.433879                
-8.97       -76.41       82.49                93.53                  3.956936                       0.000000                        8.159823                 4.273336                    16.390095                
-9.89       -76.50       83.39                94.04                  3.818059                       0.000000                        8.301722                 4.027590                    16.147371                
-10.81      -76.59       84.30                94.55                  3.817925                       0.000000                        8.449354                 4.155781                    16.423060                
-11.63      -76.32       85.02                94.95                  3.814039                       0.000000                        8.560159                 4.345220                    16.719417                
-12.44      -76.04       85.74                95.35                  3.809106                       0.000000                        8.660599                 4.990299                    17.460005                
-13.25      -75.77       86.46                95.75                  3.802861                       0.000000                        8.747090                 5.318141                    17.868091                
-14.21      -75.33       87.28                96.21                  3.794030                       0.000000                        8.827135                 6.019905                    18.641070                
-15.16      -74.89       87.94                96.57                  3.804265                       0.000000                        8.875028                 6.693008                    19.372301                
-16.12      -74.45       88.66                96.96                  3.801844                       0.000000                        8.916315                 7.193844                    19.912003                
-17.07      -74.01       89.43                97.38                  3.799464                       0.000000                        8.952974                 8.085460                    20.837898                
-18.03      -73.56       90.27                97.84                  3.799568                       0.000000                        8.981831                 8.790175                    21.571575                
-18.75      -73.16       90.88                98.17                  3.798350                       0.000000                        9.004152                 9.579468                    22.381969                
-19.47      -72.75       91.48                98.50                  3.798859                       0.000000                        9.014207                 10.070440                   22.883507                
-20.20      -72.34       92.02                98.79                  3.797617                       0.000000                        9.032721                 10.325406                   23.155744                
-21.12      -71.71       92.88                99.25                  3.850173                       0.000000                        9.056333                 11.197702                   24.104209                
-22.05      -71.08       93.81                99.74                  3.840632                       0.000000                        9.075631                 12.199016                   25.115279                
-22.71      -70.34       93.95                99.82                  3.849384                       0.000000                        9.086678                 12.697222                   25.633284                
-23.69      -69.94       94.98                100.36                 3.841117                       0.000000                        9.111249                 12.849407                   25.801773                
-24.32      -69.65       95.60                100.69                 3.835207                       0.000000                        9.132181                 12.406589                   25.373977                
-24.86      -69.39       96.11                100.96                 3.829544                       0.000000                        9.157549                 11.732671                   24.719763                
-25.42      -69.15       96.64                101.23                 3.825994                       0.000000                        9.168952                 11.149820                   24.144766                
-26.16      -68.95       97.32                101.59                 3.821448                       0.000000                        9.195012                 10.638786                   23.655247                
-27.02      -68.82       98.14                102.02                 3.817238                       0.000000                        9.227570                 9.139661                    22.184469                
-27.89      -68.69       98.93                102.43                 3.813302                       0.000000                        9.260561                 7.821438                    20.895301                
-28.84      -68.46       99.74                102.85                 3.834290                       0.000000                        9.296017                 7.172046                    20.302353                
-29.80      -68.24       101.11               103.55                 4.016414                       0.000000                        9.358246                 6.560857                    19.935516                
-30.75      -68.02       102.59               104.30                 4.012568                       0.000000                        9.429354                 5.382340                    18.824262                
-31.71      -67.79       104.06               105.05                 4.008440                       0.000000                        9.516986                 4.484917                    18.010343                
-32.55      -67.75       105.44               105.74                 4.006617                       0.000000                        9.566217                 4.232992                    17.805826                
-33.39      -67.71       106.81               106.43                 4.004383                       0.000000                        9.625452                 3.635162                    17.264996                
-34.23      -67.67       108.17               107.10                 4.002433                       0.000000                        9.670589                 3.416286                    17.089308                
-35.08      -67.62       87.71                96.44                  4.027252                       0.000000                        8.746022                 5.801215                    18.574490                
-35.93      -67.76       62.43                81.37                  4.084801                       0.000000                        8.809558                 3.700534                    16.594892                
-36.79      -67.89       38.94                64.26                  4.006310                       0.000000                        7.703798                 5.403526                    17.113634                
-37.64      -68.03       37.25                62.85                  3.949372                       0.000000                        7.556441                 5.852668                    17.358482                
-38.50      -68.16       36.20                61.96                  3.947898                       0.000000                        7.466307                 6.389260                    17.803465                
-39.35      -68.30       35.16                61.06                  3.946482                       0.000000                        7.350371                 7.574290                    18.871144                
-40.21      -68.43       34.12                60.15                  3.945401                       0.000000                        7.254797                 8.327785                    19.527984                
-40.96      -68.61       32.57                58.77                  3.965254                       0.000000                        7.048137                 9.438001                    20.451392                
-41.71      -68.78       30.79                57.14                  3.997684                       0.000000                        6.912124                 10.370544                   21.280352                
-42.46      -68.96       27.16                53.66                  3.939077                       0.000000                        6.897536                 10.881336                   21.717949                
====================Subduction_Zone_91====================
-7.38       -76.21       75.32                89.37                  4.507101                       0.000000                        8.151646                 8.695261                    21.354008                
-6.52       -76.08       71.24                86.92                  4.355853                       0.000000                        8.533424                 8.056146                    20.945423                
-6.23       -76.05       70.31                86.35                  4.357401                       0.000000                        8.585848                 7.051962                    19.995211                
-5.98       -76.03       69.47                85.83                  4.358984                       0.000000                        8.625320                 6.842368                    19.826673                
-5.75       -75.99       68.72                85.37                  4.359671                       0.000000                        8.657161                 6.671695                    19.688527                
====================Subduction_Zone_92====================
-65.28      -57.41       81.96                93.23                  7.415785                       5.083158                        8.100305                 25.052264                   45.651512                
-65.01      -56.56       66.71                84.11                  11.109576                      5.451657                        8.736606                 13.045068                   38.342908                
-64.75      -55.70       58.00                78.42                  9.057341                       5.317052                        8.778976                 8.391155                    31.544524                
-64.53      -54.86       46.45                70.18                  8.197620                       5.231397                        8.658103                 7.390758                    29.477879                
-64.31      -54.02       46.31                70.08                  7.125402                       5.069854                        8.028955                 6.951604                    27.175816                
-64.02      -53.05       47.10                70.67                  6.792832                       5.016280                        8.537155                 6.221243                    26.567510                
-63.73      -52.07       50.97                73.52                  6.540552                       4.944777                        8.811512                 5.647830                    25.944672                
-63.44      -51.10       52.09                74.33                  6.557723                       4.954041                        8.820150                 5.969731                    26.301645                
-63.15      -50.13       52.69                74.75                  6.605342                       4.957265                        8.818904                 5.363077                    25.744588                
-62.89      -49.18       54.40                75.96                  6.594789                       4.957265                        8.773570                 4.857726                    25.183351                
-62.63      -48.24       53.68                75.45                  6.582570                       4.957265                        8.791240                 3.226794                    23.557870                
-62.25      -47.24       55.02                76.38                  6.649097                       4.957265                        8.805892                 3.245021                    23.657275                
-61.88      -46.25       79.69                91.93                  5.603074                       3.651950                        7.986750                 9.570159                    26.811933                
-61.50      -45.25       79.63                91.90                  7.071702                       5.061553                        8.290726                 10.777126                   31.201106                
====================Subduction_Zone_93====================
-60.95      -61.29       13.55                37.91                  4.544341                       0.000000                        6.547386                 20.651274                   31.743002                
-60.92      -61.39       13.35                37.63                  4.532788                       0.000000                        6.515498                 20.651274                   31.699561                
-60.84      -61.73       14.00                38.53                  4.559796                       0.000000                        6.528173                 20.651274                   31.739243                
-60.76      -62.03       13.65                38.04                  4.552230                       0.000000                        6.569580                 20.472553                   31.594363                
-60.72      -62.31       13.41                37.71                  4.547983                       0.000000                        6.538365                 20.246679                   31.333027                
-60.66      -62.62       13.06                37.22                  4.578287                       0.000000                        6.553318                 19.846737                   30.978343                
-60.58      -62.93       12.07                35.77                  4.513445                       0.000000                        6.462341                 18.589077                   29.564863                
-60.48      -63.37       11.42                34.80                  4.504724                       0.000000                        6.420507                 18.162325                   29.087556                
-60.37      -63.86       10.80                33.84                  4.461359                       0.000000                        6.355018                 17.525382                   28.341759                
-60.22      -64.53       9.60                 31.90                  3.926227                       0.000000                        6.196446                 16.114014                   26.236687                
-60.10      -65.03       9.55                 31.82                  3.905681                       0.000000                        6.189567                 15.486832                   25.582080                
-59.93      -65.51       8.88                 30.68                  3.906163                       0.000000                        6.131422                 15.148161                   25.185746                
-59.84      -65.71       8.96                 30.83                  3.906050                       0.000000                        6.101464                 14.957372                   24.964886                
-59.76      -65.91       8.78                 30.52                  3.907199                       0.000000                        6.063153                 14.649614                   24.619966                
-59.64      -66.22       8.22                 29.53                  3.903739                       0.000000                        5.983567                 14.113878                   24.001184                
-59.53      -66.48       7.99                 29.11                  3.906379                       0.000000                        5.991066                 13.571467                   23.468913                
-59.38      -66.86       7.93                 28.99                  3.906480                       0.000000                        5.933537                 13.013787                   22.853803                
-59.22      -67.23       7.31                 27.83                  3.904052                       0.000000                        5.825702                 12.329691                   22.059445                
-59.08      -67.56       7.27                 27.76                  3.906610                       0.000000                        5.818960                 11.829769                   21.555340                
-58.95      -67.90       6.96                 27.17                  3.906799                       0.000000                        5.762997                 11.348576                   21.018372                
-58.80      -68.21       6.38                 26.01                  3.904235                       0.000000                        5.654364                 11.331452                   20.890051                
-58.70      -68.40       6.17                 25.59                  3.906525                       0.000000                        5.666013                 10.555495                   20.128033                
-58.45      -68.91       5.65                 24.49                  3.906286                       0.000000                        5.563126                 9.600088                    19.069500                
-58.08      -69.57       4.90                 22.80                  3.905323                       0.000000                        5.403474                 8.092819                    17.401617                
-57.85      -69.95       4.46                 21.75                  3.902199                       0.000000                        5.237972                 7.825208                    16.965379                
-57.48      -70.29       3.86                 20.23                  3.899708                       0.000000                        5.079530                 6.545817                    15.525054                
-57.42      -70.33       3.76                 19.97                  3.899150                       0.000000                        5.052426                 6.504324                    15.455900                
-57.05      -70.47       3.24                 18.55                  3.895621                       0.000000                        4.894672                 5.367544                    14.157837                
-56.69      -70.56       2.77                 17.15                  3.891945                       0.000000                        4.729834                 4.694452                    13.316230                
-56.31      -70.62       2.30                 15.61                  3.892274                       0.000000                        4.533834                 3.242484                    11.668592                
-55.98      -70.69       1.63                 13.16                  4.032126                       0.000000                        4.188858                 2.205164                    10.426148                
-55.82      -70.70       1.20                 11.30                  4.032622                       0.000000                        3.884393                 2.228518                    10.145533                
-55.51      -70.81       0.31                 10.00                  4.035003                       0.000000                        2.892645                 1.074278                    8.001926                 
-55.36      -70.90       0.16                 10.00                  4.234307                       0.000000                        1.838726                 1.618429                    7.691463                 
====================Subduction_Zone_94====================
-61.92      -64.84       11.32                34.65                  4.366527                       0.000000                        6.406242                 18.693122                   29.465890                
-61.85      -64.68       11.91                35.53                  4.373186                       0.000000                        6.406659                 18.742274                   29.522119                
-61.60      -63.74       11.65                35.14                  4.383830                       0.000000                        6.452491                 19.341007                   30.177329                
-61.36      -62.80       12.63                36.60                  4.511869                       0.000000                        6.539605                 20.362599                   31.414072                
-61.11      -61.87       13.42                37.73                  4.556742                       0.000000                        6.549434                 20.651274                   31.757451                
-60.95      -61.29       13.55                37.91                  4.544341                       0.000000                        6.547386                 20.651274                   31.743002                
====================Subduction_Zone_95====================
-62.86      -67.82       11.74                35.28                  4.318455                       0.000000                        6.452293                 19.018966                   29.789714                
-62.74      -67.31       11.72                35.26                  4.350609                       0.000000                        6.450433                 18.778142                   29.579185                
-62.62      -66.80       11.64                35.13                  4.327998                       0.000000                        6.438258                 18.770346                   29.536602                
-62.38      -66.16       12.08                35.79                  4.354282                       0.000000                        6.458378                 18.800511                   29.613171                
-62.13      -65.51       11.66                35.16                  4.361709                       0.000000                        6.425645                 18.592002                   29.379356                
-61.92      -64.84       11.32                34.65                  4.366527                       0.000000                        6.406242                 18.693122                   29.465890                
====================Subduction_Zone_96====================
34.55       35.86        52.00                74.26                  4.619068                       0.000000                        8.832507                 5.182961                    18.634536                
34.12       36.38        52.00                74.26                  4.613578                       0.000000                        8.832546                 5.810571                    19.256695                
33.70       36.91        52.00                74.26                  4.602852                       0.000000                        8.832038                 5.751236                    19.186126                
33.16       37.73        52.00                74.26                  4.588664                       0.000000                        8.832535                 5.474249                    18.895448                
32.61       38.55        52.00                74.26                  4.573425                       0.000000                        8.832546                 4.748227                    18.154198                
32.07       39.37        52.00                74.26                  4.559358                       0.000000                        8.832546                 4.444750                    17.836653                
31.51       40.29        52.00                74.26                  4.544169                       0.000000                        8.832546                 4.498041                    17.874756                
30.95       41.21        52.00                74.26                  4.529615                       0.000000                        8.832546                 4.167828                    17.529989                
30.58       41.93        52.00                74.26                  4.519681                       0.000000                        8.832546                 4.089932                    17.442159                
30.21       42.65        52.00                74.26                  4.508458                       0.000000                        8.832546                 3.870492                    17.211496                
29.84       43.37        52.00                74.26                  4.498346                       0.000000                        8.832546                 3.716722                    17.047614                
29.19       44.16        52.00                74.26                  4.487449                       0.000000                        8.832546                 3.700363                    17.020358                
28.53       44.95        52.00                74.26                  4.476113                       0.000000                        8.832546                 3.648531                    16.957190                
27.88       45.74        52.00                74.26                  4.464360                       0.000000                        8.832546                 3.642158                    16.939064                
27.44       46.54        52.03                74.28                  4.454429                       0.000000                        8.832360                 3.633318                    16.920107                
27.00       47.35        52.00                74.26                  4.444767                       0.000000                        8.832546                 3.592617                    16.869930                
26.56       48.16        52.00                74.26                  4.436288                       0.000000                        8.832546                 3.597741                    16.866575                
26.24       49.00        52.00                74.26                  4.426731                       0.000000                        8.832546                 3.450335                    16.709612                
25.92       49.83        52.00                74.26                  4.418727                       0.000000                        8.832546                 3.432210                    16.683484                
25.60       50.67        52.00                74.26                  4.418021                       0.000000                        8.832546                 3.445263                    16.695830                
25.39       51.45        52.00                74.26                  4.417296                       0.000000                        8.832546                 3.447001                    16.696843                
25.17       52.23        52.00                74.26                  4.404917                       0.000000                        8.832546                 3.767942                    17.005404                
24.86       53.15        52.00                74.26                  4.397355                       0.000000                        8.832546                 3.902012                    17.131913                
24.55       54.07        52.00                74.26                  4.389321                       0.000000                        8.832546                 4.292164                    17.514031                
24.43       54.70        52.00                74.26                  4.368131                       0.000000                        8.832546                 4.738725                    17.939402                
24.32       55.33        52.00                74.26                  4.378829                       0.000000                        8.832546                 5.235439                    18.446814                
24.21       55.88        52.00                74.26                  4.374712                       0.000000                        8.832546                 5.617967                    18.825225                
24.10       56.43        52.00                74.26                  4.370044                       0.000000                        8.832546                 6.852641                    20.055231                
24.17       56.94        52.12                74.34                  4.367028                       0.000000                        8.830885                 6.852641                    20.050554                
24.24       57.45        52.50                74.62                  4.367223                       0.000000                        8.832408                 6.852641                    20.052272                
24.33       58.09        52.29                74.46                  4.367221                       0.000000                        8.831732                 6.852641                    20.051594                
24.42       58.73        52.20                74.40                  4.366591                       0.000000                        8.832389                 6.852641                    20.051621                
24.46       59.24        52.54                74.64                  4.367313                       0.000000                        8.832376                 6.852641                    20.052331                
24.50       59.75        52.01                74.27                  4.366766                       0.000000                        8.831489                 6.852641                    20.050897                
24.53       59.99        52.09                74.32                  4.366554                       0.000000                        8.830847                 6.852641                    20.050042                
====================Subduction_Zone_97====================
8.44        87.10        65.75                83.50                  3.892295                       0.000000                        8.782405                 9.400733                    22.075433                
7.80        87.87        64.91                82.97                  3.892088                       0.000000                        8.818057                 7.738493                    20.448638                
7.17        88.63        63.57                82.10                  3.891988                       0.000000                        8.858949                 5.958258                    18.709196                
6.72        89.44        62.44                81.37                  3.891947                       0.000000                        8.870467                 4.892705                    17.655119                
6.26        90.25        58.09                78.49                  3.899086                       0.000000                        8.740318                 3.182337                    15.821740                
5.81        91.06        51.22                73.70                  3.916711                       0.000000                        8.815088                 3.890388                    16.622187                
5.47        91.82        44.84                68.96                  3.949610                       0.000000                        8.158864                 4.975120                    17.083593                
5.14        92.57        37.16                62.77                  3.893554                       0.000000                        7.549507                 6.802201                    18.245262                
4.81        93.32        36.51                62.22                  3.920405                       0.000000                        7.416166                 7.960472                    19.297043                
4.33        94.09        34.08                60.12                  3.970416                       0.000000                        7.217079                 9.009905                    20.197401                
3.85        94.85        33.22                59.36                  3.932244                       0.000000                        7.114868                 9.345896                    20.393008                
3.36        95.62        33.06                59.21                  3.929732                       0.000000                        7.066676                 9.689891                    20.686299                
2.88        96.39        30.72                57.08                  3.915743                       0.000000                        6.902524                 10.885931                   21.704198                
2.47        97.19        22.68                49.05                  3.936718                       0.000000                        6.801236                 11.380026                   22.117980                
2.05        97.99        22.25                48.58                  3.929819                       0.000000                        6.789245                 11.159519                   21.878583                
1.63        98.80        4.82                 22.61                  3.999601                       0.000000                        5.310725                 11.298374                   20.608700                
1.22        99.60        5.79                 24.78                  3.967264                       0.000000                        5.597471                 10.615504                   20.180239                
0.76        100.37       7.98                 29.08                  3.953943                       0.000000                        5.936588                 13.031182                   22.921714                
0.30        101.13       9.32                 31.43                  3.944562                       0.000000                        6.206199                 15.623619                   25.774380                
-0.16       101.90       10.52                33.41                  3.942035                       0.000000                        6.323159                 15.913160                   26.178354                
-0.87       102.89       13.79                38.24                  3.937353                       0.000000                        6.594399                 15.922855                   26.454607                
-1.53       103.54       12.50                36.41                  3.944441                       0.000000                        6.510839                 16.254880                   26.710160                
-2.20       104.18       12.31                36.13                  3.943874                       0.000000                        6.483845                 16.549693                   26.977412                
====================Subduction_Zone_98====================
-2.20       104.18       12.31                36.13                  3.943874                       0.000000                        6.483845                 16.549693                   26.977412                
-2.72       104.94       12.00                35.68                  3.946548                       0.000000                        6.491984                 16.524446                   26.962977                
-3.25       105.69       12.15                35.90                  3.950226                       0.000000                        6.489589                 16.422545                   26.862360                
-3.57       106.11       12.36                36.21                  3.952762                       0.000000                        6.528935                 16.427457                   26.909154                
-3.98       106.65       12.63                36.60                  3.955772                       0.000000                        6.547608                 16.043204                   26.546584                
-4.54       107.38       14.35                39.01                  3.971388                       0.000000                        6.634623                 13.705063                   24.311074                
-4.87       107.90       18.29                44.04                  4.096983                       0.000000                        6.701803                 10.934518                   21.733305                
-5.05       108.17       19.59                45.58                  4.102950                       0.000000                        6.722677                 10.934518                   21.760146                
-5.19       108.40       20.01                46.07                  4.102585                       0.000000                        6.733185                 10.902137                   21.737907                
-5.32       108.60       19.83                45.86                  4.123557                       0.000000                        6.754192                 10.982816                   21.860565                
-5.48       108.87       22.03                48.33                  4.128387                       0.000000                        6.815274                 11.184506                   22.128167                
-5.70       109.21       25.46                51.97                  4.121519                       0.000000                        6.873061                 11.237623                   22.232202                
-5.97       109.64       25.94                52.45                  4.120093                       0.000000                        6.890597                 11.243832                   22.254521                
-6.12       109.90       26.56                53.07                  4.083207                       0.000000                        6.896085                 11.119688                   22.098979                
-6.33       110.28       27.38                53.89                  4.066077                       0.000000                        6.899898                 10.918076                   21.884051                
-6.53       110.64       28.08                54.57                  4.069464                       0.000000                        6.901483                 10.765718                   21.736665                
-6.59       110.77       28.83                55.29                  4.070652                       0.000000                        6.901978                 10.668584                   21.641214                
-7.06       111.60       30.42                56.80                  4.077216                       0.000000                        6.921200                 10.242452                   21.240868                
-7.57       112.58       33.16                59.30                  4.198756                       0.000000                        7.182038                 9.434690                    20.815484                
====================Subduction_Zone_99====================
8.96        107.67       13.34                37.61                  4.409275                       0.000000                        6.570957                 15.599310                   26.579542                
8.55        108.62       12.74                36.76                  4.256186                       0.000000                        6.526628                 16.386876                   27.169690                
8.15        109.57       12.20                35.98                  4.176950                       0.000000                        6.476641                 16.656399                   27.309990                
7.75        110.53       12.00                35.67                  4.109990                       0.000000                        6.476641                 16.659133                   27.245763                
7.63        110.79       12.00                35.67                  4.087635                       0.000000                        6.476641                 16.576136                   27.140412                
6.99        111.21       13.56                37.92                  4.067696                       0.000000                        6.583124                 15.976548                   26.627368                
6.35        111.64       14.22                38.83                  4.082181                       0.000000                        6.613330                 14.943288                   25.638798                
5.48        112.41       14.97                39.84                  4.112773                       0.000000                        6.638021                 13.996840                   24.747634                
4.92        112.94       15.54                40.59                  4.131229                       0.000000                        6.653381                 13.299807                   24.084416                
4.37        113.47       16.16                41.40                  4.149409                       0.000000                        6.664722                 12.567606                   23.381737                
4.18        114.12       16.45                41.77                  4.176268                       0.000000                        6.678863                 11.476078                   22.331209                
4.00        114.77       17.30                42.83                  4.177401                       0.000000                        6.680098                 11.041736                   21.899235                
4.24        115.30       17.84                43.50                  4.198993                       0.000000                        6.691502                 11.029571                   21.920066                
4.49        115.84       18.15                43.87                  4.200225                       0.000000                        6.697407                 11.007449                   21.905081                
5.01        116.60       17.76                43.40                  4.205414                       0.000000                        6.699425                 11.045665                   21.950504                
5.53        117.37       17.89                43.56                  4.210664                       0.000000                        6.701657                 10.918618                   21.830940                
6.05        118.13       19.41                45.37                  4.206463                       0.000000                        6.720554                 10.844366                   21.771383                
6.82        118.97       20.64                46.79                  4.145790                       0.000000                        6.747604                 10.992363                   21.885757                
7.59        119.80       21.77                48.05                  4.109004                       0.000000                        6.767070                 11.070500                   21.946574                
====================Subduction_Zone_100====================
-19.11      -72.95       91.18                98.33                  3.799063                       0.000000                        9.011809                 9.612377                    22.423249                
-19.68      -72.58       91.62                98.57                  3.794401                       0.000000                        9.021223                 10.211696                   23.027320                
-20.25      -72.21       92.04                98.80                  3.797504                       0.000000                        9.028285                 10.414516                   23.240305                
-21.11      -71.60       92.85                99.23                  3.849099                       0.000000                        9.055321                 11.282091                   24.186511                
-21.98      -71.00       93.94                99.81                  3.841046                       0.000000                        9.080812                 12.199016                   25.120874                
-22.73      -70.29       93.96                99.82                  3.848703                       0.000000                        9.086921                 12.709333                   25.644958                
-23.68      -69.87       94.95                100.34                 3.840440                       0.000000                        9.110419                 12.854810                   25.805669                
-24.27      -69.58       95.74                100.76                 3.836739                       0.000000                        9.131272                 12.186604                   25.154614                
-24.50      -69.47       95.75                100.77                 3.831832                       0.000000                        9.144662                 12.191358                   25.167851                
