Latitude    Longitude    Seafloor_Age(Myr)    Plate_Thickness(km)    lithosphere_carbon(Mt/km^2)    Serpentinite_carbon(Mt/km^2)    Crust_carbon(Mt/km^2)    Sediment_carbon(Mt/km^2)    Total_carbon(Mt/km^2)    
====================Subduction_Zone_0====================
36.58       11.08        223.15               125.00                 28.933395                      5.716615                        10.601262                77.508448                   122.759720               
36.59       11.07        223.14               125.00                 28.945174                      5.716615                        10.601214                77.508448                   122.771452               
36.55       10.67        227.26               125.00                 29.113813                      5.716615                        10.621965                77.508448                   122.960841               
36.29       10.09        226.09               125.00                 24.445278                      5.655335                        10.630013                38.769020                   79.499646                
36.17       9.69         189.28               125.00                 5.793684                       4.033672                        9.885140                 38.662361                   58.374858                
35.94       9.43         182.59               125.00                 5.597637                       3.660430                        9.591889                 38.662361                   57.512317                
35.64       8.63         178.24               125.00                 5.546006                       3.558377                        9.296494                 38.662361                   57.063239                
35.84       7.92         6.02                 25.26                  3.989035                       0.000000                        4.537622                 9.820218                    18.346876                
35.49       7.02         5.34                 23.80                  3.994958                       0.000000                        4.392484                 8.529475                    16.916918                
35.43       6.33         4.68                 22.27                  4.003714                       0.000000                        4.232278                 8.007190                    16.243182                
35.20       5.89         4.34                 21.45                  4.007481                       0.000000                        4.143875                 6.803666                    14.955022                
35.28       5.14         7.13                 27.49                  4.041500                       0.000000                        4.962703                 6.049390                    15.053593                
35.23       4.29         2.97                 17.76                  4.026224                       0.000000                        3.835568                 5.520414                    13.382206                
35.17       3.45         1.11                 10.86                  4.069659                       0.000000                        3.328764                 2.887099                    10.285523                
34.95       2.65         0.74                 10.00                  4.072339                       0.000000                        3.382248                 0.756839                    8.211426                 
35.07       2.10         2.05                 14.74                  4.143377                       0.000000                        3.581119                 1.199109                    8.923605                 
35.03       1.26         6.03                 25.28                  4.182422                       0.000000                        4.537037                 8.965575                    17.685034                
34.99       0.41         13.59                37.96                  4.227002                       0.000000                        5.119076                 17.603175                   26.949253                
35.06       -0.44        18.55                44.35                  4.237031                       0.000000                        5.766504                 30.506515                   40.510050                
34.73       -1.26        28.33                54.81                  4.273411                       0.000000                        6.700447                 43.721192                   54.695051                
34.52       -1.81        34.78                60.73                  4.301124                       0.000000                        7.240726                 51.488842                   63.030692                
34.30       -2.37        41.17                66.08                  4.343968                       0.000000                        7.683837                 55.530498                   67.558303                
33.98       -3.04        50.66                73.29                  4.370718                       0.000000                        7.706503                 55.238022                   67.315244                
33.67       -3.70        53.98                75.66                  4.396536                       0.000000                        7.618593                 55.238022                   67.253152                
33.62       -4.66        70.05                86.19                  4.492049                       0.000000                        8.302774                 27.655633                   40.450456                
33.58       -5.62        89.14                97.23                  4.612548                       0.000000                        9.225994                 23.858184                   37.696725                
33.58       -6.14        93.65                99.66                  4.705457                       0.000000                        8.926477                 18.949113                   32.581046                
33.58       -6.66        104.71               105.38                 4.826442                       0.498552                        8.484794                 25.402123                   39.211911                
34.14       -7.00        113.56               109.74                 4.847364                       0.004045                        8.646170                 44.943870                   58.441449                
34.70       -7.34        129.22               117.06                 5.091165                       2.544454                        9.562857                 57.791161                   74.989637                
====================Subduction_Zone_1====================
43.85       5.69         16.54                41.88                  7.439149                       4.819063                        5.147909                 17.129461                   34.535583                
43.85       5.72         12.40                36.27                  7.985832                       4.983658                        5.186094                 17.129461                   35.285046                
43.67       6.17         14.83                39.65                  8.663256                       5.189277                        5.259256                 17.129461                   36.241250                
43.64       6.62         14.39                39.06                  6.499497                       4.513376                        5.079606                 17.129461                   33.221941                
43.63       6.97         13.35                37.63                  8.584469                       5.164356                        5.209889                 17.129461                   36.088175                
43.49       7.33         13.97                38.49                  8.109322                       5.050373                        5.228466                 17.129461                   35.517622                
43.57       7.57         12.02                35.70                  8.951575                       5.268466                        5.375910                 17.129461                   36.725413                
43.58       7.89         12.83                36.88                  7.838159                       5.088221                        5.247693                 17.129461                   35.303533                
43.32       8.40         11.51                34.94                  9.181682                       5.315162                        5.354026                 17.129461                   36.980332                
43.27       8.92         12.35                36.19                  6.439908                       4.901886                        5.344391                 16.023660                   32.709846                
43.14       9.36         12.93                37.02                  6.538517                       4.928022                        5.407164                 16.023660                   32.897363                
42.70       9.82         11.14                34.36                  6.427305                       4.892471                        5.215658                 16.023660                   32.559094                
42.12       10.58        230.15               125.00                 29.570687                      5.716615                        10.615746                120.785757                  166.688805               
41.55       10.73        225.98               125.00                 29.628008                      5.716615                        10.615626                120.785757                  166.746007               
41.06       11.07        226.35               125.00                 29.607688                      5.716615                        10.612079                120.785757                  166.722139               
40.78       11.40        225.69               125.00                 29.764344                      5.716615                        10.614146                120.785757                  166.880862               
40.12       11.88        227.86               125.00                 29.651144                      5.716615                        10.614026                120.785757                  166.767542               
39.56       12.50        225.95               125.00                 29.666689                      5.716615                        10.615444                120.785757                  166.784505               
38.97       12.80        227.08               125.00                 29.434074                      5.716615                        10.621084                136.806862                  182.578635               
38.49       12.82        226.34               125.00                 29.677800                      5.716615                        10.612025                148.265613                  194.272053               
38.12       12.80        225.32               125.00                 29.712965                      5.716615                        10.612297                149.600295                  195.642172               
37.87       12.65        223.39               125.00                 20.790936                      5.609742                        10.597226                149.600295                  186.598200               
37.57       12.47        219.22               125.00                 6.117900                       4.371498                        10.581246                219.019639                  240.090282               
37.27       12.19        218.01               125.00                 6.102411                       4.356432                        10.581606                234.676438                  255.716886               
36.99       11.89        215.31               125.00                 8.228668                       5.085798                        10.569903                234.676438                  258.560806               
36.79       11.47        220.24               125.00                 8.238995                       5.034049                        10.586689                101.008962                  124.868695               
36.58       11.08        223.16               125.00                 28.921938                      5.716615                        10.601311                77.508448                   122.748313               
36.58       11.08        223.15               125.00                 28.933395                      5.716615                        10.601262                77.508448                   122.759720               
====================Subduction_Zone_2====================
43.85       5.69         16.54                41.88                  7.439149                       4.819063                        5.147909                 17.129461                   34.535583                
43.85       5.65         15.35                40.35                  6.892665                       4.655113                        5.109510                 17.129461                   33.786750                
44.02       5.77         13.27                37.52                  8.615193                       5.174599                        5.206362                 17.129461                   36.125615                
44.24       6.00         13.72                38.14                  6.182965                       4.423610                        5.058783                 17.129461                   32.794820                
44.42       6.26         15.48                40.52                  7.041561                       4.654463                        5.107935                 17.129461                   33.933420                
44.28       6.91         12.84                36.90                  7.792981                       4.956852                        5.193650                 17.129461                   35.072945                
44.19       7.22         13.52                37.86                  6.916311                       4.969394                        5.136117                 17.129461                   34.151284                
44.16       7.65         13.61                37.99                  6.650252                       4.923053                        5.277190                 17.129461                   33.979957                
44.12       8.19         11.24                34.53                  9.058882                       5.287827                        5.339906                 17.129461                   36.816076                
44.20       8.70         13.00                37.13                  7.961555                       5.134381                        5.270994                 17.129461                   35.496391                
44.37       8.98         12.06                35.77                  8.965553                       5.271006                        5.378162                 17.129461                   36.744183                
44.58       9.66         12.26                36.05                  6.541708                       4.925465                        5.282576                 16.462274                   33.212022                
44.65       10.08        12.31                36.14                  6.395303                       4.887713                        5.292175                 16.023660                   32.598850                
44.68       10.40        13.99                38.51                  6.476292                       4.915711                        5.438216                 16.023660                   32.853878                
44.96       10.90        11.81                35.39                  6.534709                       4.924582                        5.328955                 16.023660                   32.811907                
44.54       11.49        12.64                36.61                  6.507626                       4.917123                        5.307551                 16.023660                   32.755960                
44.10       12.07        225.51               125.00                 29.643498                      5.716615                        10.613263                120.785757                  166.759133               
43.94       12.16        226.06               125.00                 29.601223                      5.716615                        10.615998                120.785757                  166.719593               
43.02       12.28        226.19               125.00                 29.577213                      5.716615                        10.611301                120.785757                  166.690885               
42.22       12.80        225.88               125.00                 29.634635                      5.716615                        10.609731                120.785757                  166.746738               
41.85       13.24        226.17               125.00                 29.628205                      5.716615                        10.611159                120.785757                  166.741737               
41.57       14.07        228.07               125.00                 29.376930                      5.716615                        10.622508                120.785757                  166.501810               
41.29       14.90        226.67               125.00                 28.521077                      5.716615                        10.636029                89.239591                   134.113313               
41.25       15.60        226.75               125.00                 28.418821                      5.716615                        10.633593                89.239591                   134.008621               
41.01       16.22        226.66               125.00                 28.527431                      5.716615                        10.633674                89.239591                   134.117311               
40.86       16.42        226.91               125.00                 29.651315                      5.716615                        10.611056                120.785757                  166.764743               
40.45       17.00        228.56               125.00                 28.419368                      5.716615                        10.633744                89.239591                   134.009318               
40.08       17.16        230.29               125.00                 28.472853                      5.716615                        10.635622                67.673631                   112.498721               
39.67       17.46        229.36               125.00                 27.952185                      5.716615                        10.632426                55.456556                   99.757782                
====================Subduction_Zone_3====================
39.67       17.46        229.36               125.00                 27.952185                      5.716615                        10.632426                55.456556                   99.757782                
39.12       17.54        230.60               125.00                 27.519914                      5.716615                        10.638509                55.456556                   99.331595                
38.58       17.62        230.65               125.00                 27.109807                      5.716615                        10.629331                44.720357                   88.176110                
37.71       18.31        229.11               125.00                 26.252782                      5.716615                        10.631154                39.048785                   81.649337                
36.98       18.18        228.34               125.00                 25.780705                      5.716615                        10.627382                40.378076                   82.502778                
36.25       18.12        228.05               125.00                 25.511112                      5.716615                        10.625971                42.683706                   84.537405                
35.72       18.25        225.12               125.00                 24.134946                      5.702277                        10.610830                51.577918                   92.025971                
35.22       18.57        222.15               125.00                 22.348370                      5.555391                        10.595076                109.375952                  147.874788               
34.71       19.14        222.41               125.00                 19.475796                      5.611600                        10.597315                166.929447                  202.614158               
34.19       19.71        222.66               125.00                 23.395741                      5.687150                        10.598845                145.479124                  185.160859               
33.88       20.35        221.52               125.00                 19.790179                      5.633801                        10.598647                135.890055                  171.912682               
33.53       21.14        220.62               125.00                 7.952334                       4.701269                        10.588362                188.526814                  211.768778               
33.28       22.13        214.56               125.00                 6.071826                       4.320596                        10.564624                135.318611                  156.275657               
33.23       22.71        212.56               125.00                 5.964711                       4.182989                        10.547140                107.877792                  128.572632               
33.17       23.30        214.83               125.00                 5.687048                       3.783804                        10.560686                102.703642                  122.735179               
33.06       23.65        225.60               125.00                 5.797199                       3.950785                        10.613538                104.675497                  125.037019               
33.10       24.35        242.32               125.00                 5.994448                       4.230742                        10.877267                117.012265                  138.114723               
33.19       24.92        256.15               125.00                 6.229912                       4.683682                        10.732602                132.886460                  154.532656               
33.44       25.74        281.56               125.00                 7.399628                       5.122459                        3.739111                 124.696209                  140.957408               
33.66       26.61        296.86               125.00                 8.014828                       5.204274                        4.200470                 119.891363                  137.310935               
33.74       27.44        312.57               125.00                 7.893070                       5.186208                        3.267243                 122.767664                  139.114186               
33.82       28.27        318.99               125.00                 7.893899                       5.186208                        7.686773                 135.811047                  156.577928               
33.88       29.20        326.38               125.00                 7.894418                       5.186208                        8.058184                 139.442418                  160.581228               
33.95       30.14        324.91               125.00                 7.970785                       5.195762                        7.032192                 139.929951                  160.128690               
34.24       31.13        328.83               125.00                 8.022434                       5.217646                        5.374635                 139.929951                  158.544666               
34.53       32.13        126.31               115.74                 7.979670                       5.199826                        6.728835                 139.929951                  159.838283               
====================Subduction_Zone_4====================
-8.48       106.21       99.97                102.96                 4.210125                       0.000000                        8.977264                 8.055449                    21.242838                
-8.53       106.52       100.39               103.18                 4.211413                       0.000000                        8.953673                 8.512158                    21.677245                
-8.65       107.44       101.60               103.80                 4.194310                       0.000000                        8.873089                 9.646145                    22.713544                
-8.68       108.06       102.25               104.13                 4.104536                       0.000000                        8.819977                 9.862582                    22.787095                
-8.70       108.39       102.53               104.27                 4.098517                       0.000000                        8.794465                 9.986020                    22.879002                
-8.71       108.66       102.65               104.33                 4.100124                       0.000000                        8.783131                 10.025161                   22.908416                
-8.72       108.90       102.75               104.39                 4.101829                       0.000000                        8.773329                 10.091763                   22.966921                
-8.74       109.22       102.89               104.46                 4.104165                       0.000000                        8.759735                 10.104585                   22.968485                
-8.76       109.62       103.07               104.55                 4.107183                       0.000000                        8.741829                 10.193956                   23.042968                
-8.78       110.13       103.30               104.66                 4.111059                       0.000000                        8.718241                 10.274135                   23.103434                
-8.78       110.44       103.40               104.71                 4.113489                       0.000000                        8.707224                 10.381201                   23.201915                
-8.77       110.88       103.55               104.79                 4.117199                       0.000000                        8.690455                 10.502343                   23.309997                
-8.77       111.29       103.70               104.87                 4.120542                       0.000000                        8.673685                 10.554333                   23.348560                
-8.77       111.43       103.76               104.89                 4.121712                       0.000000                        8.667793                 10.620228                   23.409733                
-8.75       112.39       104.12               105.08                 4.129834                       0.000000                        8.626624                 10.804984                   23.561441                
-8.75       112.52       104.16               105.10                 4.130943                       0.000000                        8.621644                 10.808118                   23.560704                
====================Subduction_Zone_5====================
-8.75       112.52       104.16               105.10                 4.130943                       0.000000                        8.621644                 10.808118                   23.560704                
-8.88       113.30       112.15               109.06                 4.141984                       0.000000                        8.413983                 6.548426                    19.104394                
-8.87       114.27       113.80               109.85                 4.145700                       0.000000                        8.692158                 6.489214                    19.327072                
-8.87       115.24       118.02               111.87                 4.155417                       0.000000                        9.189448                 7.736093                    21.080958                
-8.87       116.21       119.78               112.70                 4.174114                       0.000000                        9.271367                 9.406019                    22.851501                
-8.86       117.18       122.18               113.83                 4.516499                       0.000000                        9.332392                 11.749333                   25.598223                
-8.91       118.08       124.98               115.13                 4.502755                       0.000000                        9.368188                 13.140895                   27.011838                
-8.97       118.97       127.12               116.11                 4.295747                       0.000000                        9.496084                 15.217190                   29.009021                
-9.02       119.87       128.78               116.86                 4.296690                       0.000000                        9.563160                 16.037979                   29.897829                
-9.07       120.77       132.33               118.46                 4.560878                       0.000000                        9.698635                 15.280948                   29.540461                
-8.94       121.54       134.10               119.25                 4.560858                       0.000000                        9.762082                 15.203178                   29.526118                
-8.80       122.32       135.14               119.71                 4.562766                       0.000000                        9.830704                 12.462912                   26.856383                
-8.67       123.09       137.16               120.60                 4.687830                       0.664661                        9.928901                 11.016009                   26.297401                
-8.53       123.86       139.58               121.66                 4.261461                       0.000000                        10.007552                11.016009                   25.285022                
-8.41       124.75       140.24               121.95                 4.468334                       0.000000                        9.991174                 6.729353                    21.188860                
-8.29       125.64       141.42               122.46                 4.106739                       0.000000                        10.005652                6.729353                    20.841744                
-8.17       126.52       141.22               122.38                 4.109400                       0.000000                        9.998022                 6.729353                    20.836774                
-8.05       127.41       9.34                 31.47                  5.384776                       3.243988                        3.665896                 8.427215                    20.721875                
-7.88       128.20       0.63                 10.00                  5.341651                       3.149972                        2.562897                 8.427215                    19.481736                
-7.71       129.00       0.96                 10.09                  5.309686                       3.093341                        3.751548                 6.414785                    18.569360                
-7.26       129.61       1.13                 10.97                  5.468635                       3.402130                        2.854505                 6.414785                    18.140055                
====================Subduction_Zone_6====================
-13.72      157.19       19.04                44.93                  4.637861                       0.000000                        5.796967                 33.676828                   44.111657                
-13.37      156.56       19.97                46.02                  4.699514                       0.000000                        5.842856                 33.726450                   44.268820                
-12.94      155.77       18.86                44.72                  4.625038                       0.000000                        5.788381                 31.482470                   41.895889                
-12.51      154.98       19.41                45.37                  4.626928                       0.000000                        5.814717                 31.980184                   42.421828                
-12.36      154.17       21.62                47.88                  4.630835                       0.000000                        5.953308                 36.870452                   47.454595                
-12.20      153.36       24.33                50.79                  5.106917                       2.583298                        6.237681                 37.158923                   51.086820                
-12.10      152.51       28.65                55.12                  4.917075                       2.014501                        6.750533                 35.514728                   49.196837                
-12.01      151.66       31.95                58.21                  4.876377                       0.586074                        7.031484                 33.547574                   46.041509                
-11.91      150.81       35.12                61.02                  4.855199                       0.000000                        7.259720                 30.703679                   42.818598                
-11.93      150.01       38.53                63.92                  4.851471                       0.000000                        7.529705                 20.727401                   33.108577                
-11.95      149.21       41.26                66.15                  4.873715                       1.472103                        7.711848                 17.728950                   31.786617                
-11.98      148.41       40.11                65.22                  4.599003                       0.000000                        7.648273                 18.236344                   30.483619                
====================Subduction_Zone_7====================
-12.06      170.59       70.59                86.52                  4.357626                       0.000000                        8.312118                 7.029267                    19.699011                
-12.23      170.27       70.99                86.76                  4.386317                       0.000000                        8.324624                 8.470509                    21.181449                
-12.41      169.72       62.96                81.71                  4.400383                       0.000000                        7.606694                 9.026542                    21.033618                
-12.58      169.17       56.88                77.67                  4.410205                       0.000000                        7.607264                 11.135970                   23.153439                
-12.56      169.05       57.05                77.78                  4.420895                       0.000000                        7.605733                 11.135970                   23.162599                
-12.59      168.93       55.67                76.84                  4.411821                       0.000000                        7.608783                 11.135970                   23.156574                
-12.65      168.35       51.79                74.11                  4.467541                       0.000000                        7.623317                 11.677570                   23.768429                
-12.71      167.91       48.55                71.75                  4.503626                       0.000000                        7.662371                 13.158505                   25.324501                
-12.79      167.37       43.19                67.68                  4.503955                       0.000000                        7.719909                 17.706386                   29.930250                
-12.86      166.82       37.72                63.25                  4.605271                       0.000000                        7.466574                 19.877623                   31.949469                
-12.83      166.58       42.66                67.26                  4.672669                       0.000000                        7.714590                 24.726945                   37.114205                
-12.63      165.94       39.46                64.68                  4.895725                       0.669996                        7.547173                 31.756261                   44.869156                
-12.54      165.73       33.34                59.46                  5.094926                       2.542612                        6.650188                 32.401637                   46.689364                
-12.24      165.38       27.53                54.03                  6.069636                       4.292758                        6.619989                 32.995462                   49.977844                
-12.02      165.10       22.44                48.78                  5.658592                       2.446544                        6.361600                 26.598289                   41.065025                
-12.00      165.07       23.05                49.44                  5.420772                       1.854213                        6.443250                 26.598289                   40.316525                
====================Subduction_Zone_8====================
-12.06      170.59       70.59                86.52                  4.357626                       0.000000                        8.312118                 7.029267                    19.699011                
-13.02      171.58       61.67                80.87                  4.264275                       0.000000                        7.622591                 9.389327                    21.276193                
-13.55      172.03       41.22                66.11                  4.201219                       0.000000                        7.248134                 20.632337                   32.081690                
-14.09      172.48       14.68                39.45                  4.169266                       0.000000                        5.506332                 29.840419                   39.516017                
-14.89      172.92       17.86                43.52                  4.342868                       0.000000                        5.736679                 32.161755                   42.241303                
-15.43      173.43       25.71                52.21                  4.700954                       0.000000                        6.795276                 34.737357                   46.233588                
-15.97      173.93       28.01                54.50                  4.784622                       0.000000                        6.731874                 34.950801                   46.467297                
-16.70      174.83       22.75                49.12                  4.495717                       0.000000                        6.061960                 35.534740                   46.092417                
-17.42      175.73       16.31                41.59                  4.771284                       0.000000                        5.656390                 26.983992                   37.411666                
-17.98      176.48       15.79                40.93                  4.522578                       0.000000                        5.622040                 26.474023                   36.618641                
-18.54      177.23       16.51                41.85                  4.315103                       0.000000                        5.669354                 27.628090                   37.612548                
====================Subduction_Zone_9====================
-36.46      171.02       26.51                53.03                  5.139974                       2.675774                        6.517910                 36.927111                   51.260768                
-36.50      171.81       26.43                52.94                  5.120161                       2.630879                        6.506413                 37.210641                   51.468093                
-36.63      172.40       26.05                52.56                  5.130817                       2.645912                        6.388950                 37.210641                   51.376320                
-36.75      172.99       25.83                52.33                  4.464164                       0.029542                        6.043013                 36.233134                   46.769852                
-36.98      173.84       20.51                46.63                  4.357910                       0.000000                        5.872957                 33.359207                   43.590074                
-37.26      174.61       18.26                44.00                  4.226931                       0.000000                        5.755312                 31.236235                   41.218479                
-37.73      175.26       18.38                44.15                  4.580346                       0.000000                        5.765591                 31.402997                   41.748933                
-38.17      175.58       20.96                47.15                  4.516631                       0.000000                        5.902560                 32.809952                   43.229144                
-38.49      175.90       19.98                46.03                  4.517180                       0.000000                        5.877696                 29.717008                   40.111884                
====================Subduction_Zone_10====================
18.53       -61.47       81.66                93.06                  4.571519                       0.000000                        9.343571                 4.684681                    18.599772                
17.66       -60.57       76.93                90.32                  4.558811                       0.000000                        9.086819                 4.698385                    18.344015                
16.78       -59.68       72.44                87.64                  4.542717                       0.000000                        8.450981                 5.447619                    18.441317                
15.87       -59.28       72.37                87.61                  4.752150                       0.000000                        8.434946                 6.095482                    19.282577                
14.95       -58.87       74.01                88.59                  4.743300                       0.000000                        8.644040                 5.713522                    19.100862                
14.02       -58.19       80.77                92.55                  4.973502                       2.213714                        9.332641                 5.371171                    21.891028                
13.09       -58.02       93.42                99.53                  5.405857                       3.282869                        9.252404                 6.985266                    24.926397                
12.16       -57.85       105.37               105.71                 5.397221                       3.250678                        8.502328                 13.751124                   30.901351                
11.24       -58.04       125.02               115.14                 4.986301                       2.250267                        9.397456                 16.536774                   33.170798                
10.32       -58.24       128.26               116.62                 4.873078                       1.117841                        9.530978                 23.120883                   38.642779                
9.85        -58.38       128.46               116.71                 4.796103                       0.000000                        9.528407                 28.953121                   43.277632                
====================Subduction_Zone_11====================
8.01        -77.13       130.13               117.47                 3.931099                       0.000000                        9.598337                 9.073520                    22.602956                
8.02        -77.11       130.14               117.48                 3.931192                       0.000000                        9.598928                 9.073520                    22.603640                
8.55        -76.72       130.67               117.72                 3.932249                       0.000000                        9.635932                 9.156057                    22.724239                
9.08        -76.33       131.53               118.10                 3.935250                       0.000000                        9.661307                 8.647552                    22.244110                
9.78        -75.80       132.70               118.63                 3.938945                       0.000000                        9.715915                 7.838973                    21.493833                
10.48       -75.27       133.89               119.16                 3.942620                       0.000000                        9.772520                 7.234378                    20.949518                
11.33       -74.45       135.41               119.83                 3.948836                       0.000000                        9.842941                 6.689866                    20.481643                
====================Subduction_Zone_12====================
7.58        -80.33       6.41                 26.07                  4.803537                       0.939877                        4.611448                 8.298857                    18.653720                
7.07        -79.85       5.46                 24.07                  4.342526                       0.246494                        4.394669                 8.298857                    17.282546                
6.44        -79.19       4.97                 22.96                  4.117401                       0.000000                        4.328672                 8.173508                    16.619581                
6.33        -79.09       5.16                 23.39                  4.116799                       0.000000                        4.349169                 8.489796                    16.955764                
====================Subduction_Zone_13====================
6.33        -79.09       5.16                 23.39                  4.116799                       0.000000                        4.349169                 8.489796                    16.955764                
6.33        -79.09       5.16                 23.39                  4.116799                       0.000000                        4.349169                 8.489796                    16.955764                
====================Subduction_Zone_14====================
15.24       -95.33       17.28                42.80                  3.858220                       0.000000                        5.718912                 31.958648                   41.535781                
14.88       -94.78       23.33                49.74                  4.064856                       0.000000                        6.047611                 36.238671                   46.351137                
14.52       -94.24       23.94                50.38                  3.895454                       0.000000                        6.195654                 37.926726                   48.017834                
14.03       -93.48       24.26                50.72                  3.892542                       0.000000                        6.210244                 37.933874                   48.036661                
13.55       -92.72       24.57                51.05                  3.888865                       0.000000                        6.275302                 37.856773                   48.020940                
13.06       -91.95       24.89                51.37                  3.886173                       0.000000                        6.290453                 37.727517                   47.904143                
12.57       -91.19       25.13                51.62                  3.917005                       0.000000                        6.345027                 37.500351                   47.762383                
12.15       -90.45       25.33                51.83                  3.925948                       0.000000                        6.371535                 37.511400                   47.808882                
11.73       -89.71       25.24                51.74                  3.926895                       0.000000                        6.347864                 37.439323                   47.714082                
11.31       -88.97       25.06                51.55                  3.933480                       0.000000                        6.338314                 37.472321                   47.744116                
10.64       -88.32       24.79                51.28                  3.947830                       0.000000                        6.307545                 37.528344                   47.783720                
9.96        -87.67       24.72                51.20                  3.936753                       0.000000                        6.293475                 37.541149                   47.771376                
9.21        -86.73       23.30                49.71                  3.926494                       0.000000                        6.131110                 37.213087                   47.270692                
8.46        -85.79       15.36                40.36                  3.971461                       0.000000                        5.788210                 32.037080                   41.796750                
7.88        -85.02       12.48                36.37                  3.925349                       0.000000                        5.359052                 21.273312                   30.557713                
7.31        -84.26       9.40                 31.57                  3.852098                       0.000000                        5.054970                 15.298275                   24.205343                
6.73        -83.50       5.58                 24.32                  3.985689                       0.000000                        4.441875                 10.438544                   18.866108                
6.15        -82.74       6.03                 25.28                  4.159765                       0.000000                        4.539363                 10.276927                   18.976054                
5.87        -82.30       6.66                 26.57                  4.162116                       0.000000                        4.660617                 10.604677                   19.427410                
5.68        -81.98       6.61                 26.48                  4.163581                       0.000000                        4.647324                 10.033554                   18.844460                
====================Subduction_Zone_15====================
15.24       -95.33       17.28                42.80                  3.858220                       0.000000                        5.718912                 31.958648                   41.535781                
14.88       -94.78       23.33                49.74                  4.064856                       0.000000                        6.047611                 36.238671                   46.351137                
14.52       -94.24       23.94                50.38                  3.895454                       0.000000                        6.195654                 37.926726                   48.017834                
14.03       -93.48       24.26                50.72                  3.892542                       0.000000                        6.210244                 37.933874                   48.036661                
13.55       -92.72       24.57                51.05                  3.888865                       0.000000                        6.275302                 37.856773                   48.020940                
13.06       -91.95       24.89                51.37                  3.886173                       0.000000                        6.290453                 37.727517                   47.904143                
12.57       -91.19       25.13                51.62                  3.917005                       0.000000                        6.345027                 37.500351                   47.762383                
12.15       -90.45       25.33                51.83                  3.925948                       0.000000                        6.371535                 37.511400                   47.808882                
11.73       -89.71       25.24                51.74                  3.926895                       0.000000                        6.347864                 37.439323                   47.714082                
11.31       -88.97       25.06                51.55                  3.933480                       0.000000                        6.338314                 37.472321                   47.744116                
10.64       -88.32       24.79                51.28                  3.947830                       0.000000                        6.307545                 37.528344                   47.783720                
9.96        -87.67       24.72                51.20                  3.936753                       0.000000                        6.293475                 37.541149                   47.771376                
9.21        -86.73       23.30                49.71                  3.926494                       0.000000                        6.131110                 37.213087                   47.270692                
8.46        -85.79       15.36                40.36                  3.971461                       0.000000                        5.788210                 32.037080                   41.796750                
7.81        -84.93       12.29                36.11                  3.912932                       0.000000                        5.340825                 21.273312                   30.527069                
7.16        -84.07       8.44                 29.92                  3.877305                       0.000000                        4.937555                 13.462254                   22.277115                
====================Subduction_Zone_16====================
16.19       -98.52       11.52                34.95                  3.958462                       0.000000                        5.270639                 19.580704                   28.809805                
16.29       -98.71       11.35                34.69                  3.958833                       0.000000                        5.254804                 18.927224                   28.140860                
16.50       -99.21       10.87                33.95                  3.959599                       0.000000                        5.209182                 18.511706                   27.680487                
16.82       -100.00      10.17                32.85                  3.943910                       0.000000                        5.139711                 16.916129                   25.999749                
17.14       -100.69      9.66                 32.01                  3.929792                       0.000000                        5.084743                 16.014174                   25.028709                
17.46       -101.38      9.08                 31.02                  3.929970                       0.000000                        4.987835                 14.933092                   23.850897                
17.88       -102.17      8.43                 29.90                  3.933305                       0.000000                        4.903056                 14.298247                   23.134608                
18.06       -102.47      8.20                 29.50                  3.934697                       0.000000                        4.871000                 13.436645                   22.242341                
====================Subduction_Zone_17====================
24.49       119.24       41.89                66.65                  4.604306                       0.000000                        7.723243                 19.600167                   31.927716                
23.60       119.06       29.33                55.77                  5.495086                       3.442415                        6.813434                 27.635391                   43.386327                
22.71       118.87       30.31                56.69                  5.334641                       3.100325                        6.866210                 30.875626                   46.176802                
21.82       118.69       27.56                54.06                  4.801878                       0.076266                        6.740617                 35.413337                   47.032098                
21.10       118.67       26.08                52.59                  4.622389                       0.000000                        6.466385                 42.572639                   53.661414                
20.39       118.66       25.50                52.00                  4.616130                       0.000000                        6.390921                 42.648157                   53.655208                
19.68       118.64       27.11                53.62                  4.621396                       0.000000                        6.450504                 41.762322                   52.834221                
18.96       118.22       23.12                49.51                  4.504119                       0.000000                        5.920776                 35.217116                   45.642011                
18.25       117.79       16.72                42.10                  4.418798                       0.000000                        5.681362                 28.926091                   39.026251                
17.52       117.81       15.92                41.09                  4.612609                       0.000000                        5.626740                 28.688026                   38.927375                
16.80       117.84       13.51                37.85                  5.739259                       3.885168                        5.443812                 28.733969                   43.802208                
16.07       117.87       9.73                 32.12                  4.371415                       0.000000                        5.139609                 19.226010                   28.737034                
15.48       118.05       11.68                35.19                  4.403572                       0.000000                        5.321566                 19.690768                   29.415905                
14.88       118.24       14.70                39.48                  5.431573                       3.310345                        5.546509                 24.205093                   38.493520                
14.64       118.55       15.16                40.09                  5.636382                       3.676893                        5.585842                 33.298086                   48.197202                
====================Subduction_Zone_18====================
24.49       119.24       41.89                66.65                  4.604306                       0.000000                        7.723243                 19.600167                   31.927716                
25.07       119.88       45.25                69.27                  4.583570                       0.000000                        7.691086                 13.666812                   25.941468                
25.02       120.56       47.68                71.10                  4.597743                       0.000000                        7.636411                 11.618038                   23.852191                
24.97       121.24       48.63                71.81                  4.677963                       0.000000                        7.644577                 11.609586                   23.932126                
25.08       121.81       51.40                73.83                  4.664042                       0.000000                        7.649504                 11.492002                   23.805547                
25.19       122.39       51.65                74.01                  4.638460                       0.000000                        7.613664                 11.541147                   23.793271                
25.41       123.01       51.85                74.15                  4.830933                       0.049019                        7.613359                 11.589978                   24.083289                
25.63       123.62       53.44                75.28                  4.957272                       2.156220                        7.618729                 11.596877                   26.329098                
26.14       124.50       59.17                79.21                  4.794179                       0.000000                        7.573663                 11.183984                   23.551826                
26.82       125.38       65.13                83.11                  4.899907                       1.969401                        8.103945                 7.569990                    22.543243                
27.61       126.28       71.98                87.37                  4.869583                       1.227412                        8.389578                 5.459168                    19.945741                
28.21       126.87       75.50                89.48                  4.896353                       1.434431                        8.755779                 3.935137                    19.021701                
====================Subduction_Zone_19====================
34.70       -7.34        129.22               117.06                 5.091165                       2.544454                        9.562857                 57.791161                   74.989637                
35.28       -7.71        136.39               120.27                 5.487959                       3.445497                        9.979794                 74.282616                   93.195866                
35.57       -7.01        138.19               121.06                 5.270740                       3.001260                        9.948153                 62.135899                   80.356052                
35.85       -6.31        79.05                91.56                  5.140765                       2.673208                        9.701551                 52.950996                   70.466519                
36.13       -5.61        60.55                80.13                  4.444946                       0.000000                        7.607073                 42.569945                   54.621964                
36.37       -4.84        47.47                70.95                  4.383710                       0.000000                        7.676413                 25.904525                   37.964648                
36.62       -4.06        41.89                66.65                  4.346169                       0.000000                        7.442559                 53.568794                   65.357522                
36.86       -3.28        28.39                54.87                  4.287099                       0.000000                        6.030508                 47.235535                   57.553142                
37.30       -2.51        8.30                 29.67                  4.220963                       0.000000                        4.915874                 11.992661                   21.129499                
37.74       -1.74        5.97                 25.16                  4.207889                       0.000000                        4.527553                 9.989193                    18.724635                
====================Subduction_Zone_20====================
43.85       5.72         12.40                36.27                  7.985832                       4.983658                        5.186094                 17.129461                   35.285046                
43.71       6.07         12.67                36.65                  7.309960                       4.879190                        5.165747                 17.129461                   34.484359                
====================Subduction_Zone_21====================
42.78       4.11         12.32                36.14                  6.627109                       4.919007                        5.216755                 17.129461                   33.892334                
42.86       3.76         11.59                35.06                  6.345822                       4.585454                        5.114714                 17.129461                   33.175452                
42.98       3.65         11.81                35.38                  6.648245                       4.939232                        5.287172                 17.129461                   34.004110                
43.17       3.63         12.04                35.74                  6.664218                       4.943928                        5.312343                 17.129461                   34.049950                
43.64       3.51         11.27                34.58                  7.798063                       4.921642                        5.168666                 17.129461                   35.017832                
43.85       3.50         11.61                35.08                  6.506317                       4.716260                        5.180323                 17.129461                   33.532362                
44.77       4.37         12.23                36.02                  6.581741                       4.872940                        5.131544                 17.129461                   33.715686                
44.87       4.45         15.69                40.80                  6.668177                       4.872392                        5.251208                 17.129461                   33.921238                
45.02       4.44         14.84                39.67                  6.699397                       4.863206                        5.242333                 17.129461                   33.934398                
45.33       4.80         11.08                34.27                  6.732065                       4.970658                        5.332178                 17.129461                   34.164362                
45.62       5.41         13.69                38.11                  6.277431                       4.401344                        5.062123                 17.129461                   32.870360                
45.68       5.71         13.19                37.39                  7.917904                       4.991290                        5.204716                 17.129461                   35.243371                
45.81       5.90         16.55                41.90                  7.511274                       4.803424                        5.132045                 17.129461                   34.576205                
45.89       6.08         16.95                42.40                  7.517045                       4.900501                        5.177014                 17.129461                   34.724021                
45.93       6.25         12.55                36.48                  7.083951                       4.856900                        5.147897                 17.129461                   34.218209                
46.03       6.40         13.54                37.90                  6.170655                       4.387575                        5.056773                 17.129461                   32.744465                
46.24       7.02         14.29                38.93                  6.442536                       4.502311                        5.076355                 17.129461                   33.150663                
46.45       7.64         15.00                39.88                  6.712026                       4.610357                        5.097960                 17.129461                   33.549805                
46.67       8.06         15.85                41.00                  7.061406                       4.736317                        5.128224                 17.129461                   34.055409                
46.75       8.57         11.76                35.32                  8.884772                       5.251889                        5.349121                 17.129461                   36.615244                
46.83       9.09         16.44                41.76                  7.422425                       4.798747                        5.139918                 17.129461                   34.490552                
46.88       9.68         16.77                42.17                  7.473390                       4.865394                        5.165036                 17.129461                   34.633282                
46.92       10.28        13.27                37.51                  7.526268                       4.937391                        5.188536                 17.129461                   34.781656                
47.04       10.67        16.05                41.26                  6.596418                       4.789913                        5.213539                 17.129461                   33.729331                
47.08       11.24        15.59                40.66                  6.893050                       4.708847                        5.118034                 17.129461                   33.849393                
47.11       11.81        11.11                34.32                  6.572815                       4.700654                        5.095289                 17.129461                   33.498219                
47.18       12.75        12.73                36.74                  6.584933                       4.938463                        5.395128                 16.023660                   32.942183                
47.35       13.60        13.59                37.96                  6.564417                       4.935697                        5.454573                 16.023660                   32.978346                
47.64       14.19        13.67                38.07                  6.418758                       4.901898                        5.417590                 16.023660                   32.761905                
47.89       14.44        11.52                34.95                  6.424722                       4.892721                        5.239831                 16.023660                   32.580934                
48.35       15.16        12.90                36.98                  6.549601                       4.930517                        5.405614                 16.023660                   32.909392                
48.59       15.55        12.75                36.78                  6.594787                       4.940837                        5.397037                 16.023660                   32.956321                
48.87       16.37        13.44                37.75                  6.454293                       4.908916                        5.406242                 16.023660                   32.793111                
48.96       17.06        230.98               125.00                 28.595678                      5.716615                        10.638108                89.239591                   134.189993               
49.04       17.75        226.56               125.00                 28.452232                      5.716615                        10.633725                89.239591                   134.042163               
49.06       18.42        226.92               125.00                 28.552938                      5.716615                        10.634846                89.239591                   134.143991               
49.07       19.10        227.28               125.00                 28.507356                      5.716615                        10.635109                89.239591                   134.098672               
49.09       19.77        226.89               125.00                 28.461389                      5.716615                        10.635656                89.239591                   134.053252               
48.67       20.63        227.03               125.00                 28.563464                      5.716615                        10.635354                89.239591                   134.155024               
48.26       21.48        227.16               125.00                 28.518309                      5.716615                        10.634888                89.239591                   134.109403               
47.80       22.04        226.67               125.00                 28.501879                      5.716615                        10.633051                89.239591                   134.091136               
47.34       22.60        230.78               125.00                 28.478415                      5.716615                        10.638397                89.239591                   134.073018               
46.63       23.26        229.98               125.00                 28.508712                      5.716615                        10.633911                87.818844                   132.678082               
45.93       23.92        230.39               125.00                 27.950640                      5.716615                        10.637470                55.456556                   99.761281                
45.42       23.94        229.52               125.00                 27.450641                      5.716615                        10.633140                55.456556                   99.256953                
44.65       23.96        230.16               125.00                 26.935147                      5.716615                        10.627233                39.095825                   82.374820                
44.38       23.40        230.62               125.00                 27.121894                      5.716615                        10.629155                45.283143                   88.750807                
44.12       22.85        229.12               125.00                 27.311822                      5.716615                        10.631232                50.559922                   94.219591                
44.04       22.24        230.07               125.00                 27.667784                      5.716615                        10.625442                55.456556                   99.466398                
43.95       21.64        230.14               125.00                 28.027540                      5.716615                        10.636265                55.456556                   99.836976                
44.02       21.08        229.74               125.00                 28.485978                      5.716615                        10.633327                67.673631                   112.509552               
44.09       20.52        228.52               125.00                 28.502055                      5.716615                        10.635838                89.239591                   134.094099               
====================Subduction_Zone_22====================
21.67       144.77       120.44               113.01                 3.870070                       0.000000                        9.291068                 9.415771                    22.576909                
22.31       144.77       120.06               112.84                 3.870227                       0.000000                        9.283424                 9.066303                    22.219954                
23.31       144.72       118.88               112.28                 3.870790                       0.000000                        9.241738                 8.065284                    21.177812                
23.81       144.79       118.41               112.06                 3.871208                       0.000000                        9.214756                 7.337376                    20.423340                
24.31       144.86       117.76               111.75                 3.891694                       0.000000                        9.173548                 6.965999                    20.031241                
25.31       144.80       116.15               110.98                 3.950419                       0.000000                        9.021909                 6.330681                    19.303009                
26.29       144.36       114.55               110.22                 3.951777                       0.000000                        8.846400                 4.924350                    17.722527                
27.28       144.01       115.19               110.52                 3.964893                       0.000000                        8.867128                 5.877712                    18.709733                
28.27       143.66       116.12               110.97                 3.965653                       0.000000                        8.988697                 5.709879                    18.664229                
29.26       143.51       114.79               110.33                 3.932871                       0.000000                        8.833398                 5.088650                    17.854918                
30.25       143.35       113.32               109.62                 3.932904                       0.000000                        8.594467                 4.952613                    17.479984                
31.25       143.29       111.45               108.71                 4.081536                       0.000000                        8.322518                 5.704619                    18.108673                
32.25       143.23       109.45               107.73                 4.081204                       0.000000                        8.187371                 7.536435                    19.805010                
33.07       143.06       107.71               106.87                 4.081023                       0.000000                        8.237045                 9.240603                    21.558670                
33.89       142.90       105.98               106.01                 4.080844                       0.000000                        8.402684                 10.041553                   22.525081                
34.79       142.80       104.16               105.10                 4.080614                       0.000000                        8.621274                 10.062547                   22.764435                
35.68       142.70       102.35               104.18                 4.080396                       0.000000                        8.810825                 9.735421                    22.626643                
36.45       142.56       103.55               104.79                 3.968735                       0.000000                        8.692423                 9.653675                    22.314834                
37.23       142.43       102.83               104.43                 3.915702                       0.000000                        8.772261                 9.180673                    21.868637                
38.11       142.39       101.02               103.50                 3.870672                       0.000000                        8.910485                 8.111265                    20.892422                
38.99       142.36       112.64               109.29                 3.767807                       0.000000                        8.499910                 5.300798                    17.568515                
39.60       142.19       110.47               108.23                 3.929002                       0.000000                        8.460028                 5.817193                    18.206223                
====================Subduction_Zone_23====================
8.17        143.31       127.20               116.14                 4.222871                       0.000000                        9.481326                 5.890899                    19.595096                
8.35        143.98       133.59               119.02                 4.241914                       0.000000                        9.758492                 5.381436                    19.381842                
8.53        144.66       134.93               119.62                 4.222373                       0.000000                        9.821214                 4.404633                    18.448220                
8.96        145.33       135.80               120.00                 4.197399                       0.000000                        9.859767                 4.341233                    18.398399                
9.40        146.00       136.58               120.35                 4.177730                       0.000000                        9.892574                 4.043268                    18.113572                
9.83        146.67       137.28               120.65                 4.178856                       0.000000                        9.918896                 3.649269                    17.747022                
10.62       147.14       137.02               120.54                 4.180644                       0.000000                        9.909325                 3.824699                    17.914668                
11.41       147.62       136.75               120.42                 4.182835                       0.000000                        9.899279                 4.039861                    18.121975                
12.34       147.77       135.88               120.04                 4.162004                       0.000000                        9.863510                 4.316381                    18.341895                
13.28       147.92       135.22               119.75                 4.118296                       0.000000                        9.833330                 4.348580                    18.300207                
13.92       148.03       134.64               119.49                 4.092940                       0.000000                        9.807426                 4.438578                    18.338945                
14.56       148.14       133.93               119.18                 4.070066                       0.000000                        9.774554                 4.806357                    18.650976                
15.16       148.24       133.42               118.95                 4.096055                       0.000000                        9.749817                 5.144896                    18.990769                
15.75       148.33       132.59               118.58                 4.088129                       0.000000                        9.710290                 6.020366                    19.818785                
16.27       148.27       131.59               118.13                 4.049869                       0.000000                        9.663702                 6.579798                    20.293369                
16.78       148.21       130.52               117.65                 4.015079                       0.000000                        9.615422                 7.674780                    21.305280                
17.34       147.91       129.22               117.06                 3.991990                       0.000000                        9.559531                 8.398836                    21.950357                
17.89       147.61       128.10               116.55                 3.991765                       0.000000                        9.514324                 10.754587                   24.260676                
18.47       147.12       126.80               115.96                 3.990919                       0.000000                        9.465609                 12.507771                   25.964299                
19.06       146.63       125.50               115.37                 3.990099                       0.000000                        9.421723                 13.618249                   27.030071                
19.63       146.24       124.30               114.81                 3.989626                       0.000000                        9.385632                 12.980975                   26.356233                
20.20       145.85       123.11               114.26                 3.989170                       0.000000                        9.354031                 12.207563                   25.550764                
20.77       145.46       121.91               113.70                 3.990112                       0.000000                        9.350810                 11.016361                   24.357284                
21.34       145.07       120.97               113.26                 3.870436                       0.000000                        9.311939                 9.468586                    22.650962                
21.67       144.77       120.44               113.01                 3.870070                       0.000000                        9.291068                 9.415771                    22.576909                
====================Subduction_Zone_24====================
5.49        139.80       20.75                46.91                  3.936979                       0.000000                        5.887842                 33.051049                   42.875870                
5.73        140.78       17.40                42.95                  3.928395                       0.000000                        6.173753                 29.248528                   39.350676                
6.54        141.62       43.74                68.11                  3.977570                       0.000000                        7.739010                 21.435820                   33.152399                
7.36        142.46       85.59                95.27                  4.071298                       0.000000                        9.323469                 2.810278                    16.205044                
8.17        143.31       127.20               116.14                 4.222871                       0.000000                        9.481326                 5.890899                    19.595096                
====================Subduction_Zone_25====================
34.35       135.95       10.90                34.00                  4.200043                       0.000000                        5.227371                 18.759224                   28.186638                
34.42       136.08       11.40                34.77                  4.199209                       0.000000                        5.259652                 19.060668                   28.519529                
34.61       136.45       12.41                36.28                  4.331873                       0.000000                        5.351554                 19.288890                   28.972317                
34.80       136.83       12.56                36.49                  4.331806                       0.000000                        5.364393                 22.963862                   32.660061                
34.99       137.23       13.79                38.24                  4.331795                       0.000000                        5.470139                 23.197434                   32.999368                
35.17       137.63       14.64                39.40                  3.753669                       0.000000                        5.538512                 24.436458                   33.728639                
35.41       138.15       14.88                39.72                  3.754692                       0.000000                        5.556954                 24.877023                   34.188669                
35.69       138.77       14.95                39.82                  3.772170                       0.000000                        6.536220                 25.032690                   35.341080                
36.06       139.47       40.15                65.25                  3.816186                       0.000000                        7.632368                 17.303613                   28.752167                
36.47       140.19       54.67                76.14                  3.841205                       0.000000                        7.816447                 11.296599                   22.954251                
36.86       140.64       69.76                86.01                  3.833347                       0.000000                        8.287537                 6.433819                    18.554703                
37.35       141.16       77.94                90.91                  3.846342                       0.000000                        9.252701                 4.836932                    17.935974                
38.11       141.65       89.55                97.45                  3.845367                       0.000000                        9.231151                 4.181342                    17.257861                
38.91       141.93       112.42               109.18                 3.930975                       0.000000                        8.599185                 5.209776                    17.739936                
39.60       142.19       110.47               108.23                 3.929002                       0.000000                        8.460028                 5.817193                    18.206223                
====================Subduction_Zone_26====================
-15.20      174.42       25.87                52.38                  4.797626                       0.000000                        6.745057                 34.166632                   45.709315                
-15.34      174.95       25.88                52.39                  4.401839                       0.000000                        6.360151                 36.304873                   47.066863                
-15.49      175.48       27.26                53.76                  4.358869                       0.000000                        6.158588                 3.122975                    13.640432                
-15.72      176.28       21.69                47.96                  4.397298                       0.000000                        6.306693                 36.209662                   46.913652                
-15.96      177.08       20.38                46.49                  4.525423                       0.000000                        5.806225                 32.549760                   42.881409                
-16.03      177.94       0.83                 10.00                  3.967040                       0.000000                        2.471009                 1.213638                    7.651686                 
-16.15      178.69       0.63                 10.00                  3.960745                       0.000000                        2.401508                 1.375818                    7.738070                 
====================Subduction_Zone_27====================
-15.26      173.27       26.62                53.13                  4.489349                       0.000000                        6.071201                 33.076927                   43.637478                
-15.97      173.93       28.01                54.50                  4.784622                       0.000000                        6.731874                 34.950801                   46.467297                
-16.70      174.83       22.75                49.12                  4.495717                       0.000000                        6.061960                 35.534740                   46.092417                
-17.42      175.73       16.31                41.59                  4.771284                       0.000000                        5.656390                 26.983992                   37.411666                
-17.98      176.48       15.79                40.93                  4.522578                       0.000000                        5.622040                 26.474023                   36.618641                
-18.54      177.23       16.51                41.85                  4.315103                       0.000000                        5.669354                 27.628090                   37.612548                
====================Subduction_Zone_28====================
-16.15      178.69       0.63                 10.00                  3.960745                       0.000000                        2.401508                 1.375818                    7.738070                 
-16.22      179.14       0.83                 10.00                  3.963258                       0.000000                        2.219364                 1.265530                    7.448152                 
-16.32      -179.53      43.25                67.72                  4.080162                       0.000000                        7.684196                 29.157847                   40.922204                
-16.81      -178.76      76.32                89.96                  4.271619                       0.000000                        8.860516                 12.287727                   25.419862                
-17.50      -178.37      83.70                94.21                  4.274615                       0.000000                        9.276377                 1.888140                    15.439132                
-18.44      -177.86      83.23                93.94                  4.101822                       0.000000                        9.314195                 1.974375                    15.390393                
-18.95      -177.81      82.39                93.47                  4.092309                       0.000000                        9.317047                 2.591582                    16.000938                
-19.47      -177.77      81.21                92.80                  4.078691                       0.000000                        9.345553                 3.459132                    16.883376                
-20.15      -178.03      81.05                92.71                  4.112091                       0.000000                        9.273342                 3.856431                    17.241864                
-20.70      -177.94      78.07                90.99                  4.228886                       0.000000                        9.227112                 3.601292                    17.057290                
-21.25      -177.84      80.53                92.41                  4.223216                       0.000000                        9.224341                 3.195319                    16.642876                
-22.20      -177.76      83.72                94.22                  4.635899                       0.000000                        9.286908                 1.955365                    15.878172                
-23.14      -177.68      81.89                93.19                  4.280243                       0.000000                        9.258867                 2.365317                    15.904427                
-23.92      -177.76      76.46                90.04                  4.431172                       0.000000                        9.014915                 3.923392                    17.369480                
-24.69      -177.84      74.11                88.65                  4.286780                       0.000000                        9.024365                 3.692400                    17.003545                
-25.47      -177.92      75.48                89.47                  4.281939                       0.000000                        8.874361                 3.639278                    16.795578                
-26.16      -177.84      73.62                88.36                  4.238639                       0.000000                        8.819102                 3.632228                    16.689969                
-26.85      -177.77      74.66                88.98                  4.199964                       0.000000                        8.764005                 3.436282                    16.400251                
-27.68      -177.56      72.21                87.51                  4.199102                       0.000000                        8.430585                 3.518979                    16.148666                
-28.51      -177.29      78.63                91.31                  4.181604                       0.000000                        9.225395                 3.596619                    17.003618                
-29.33      -177.03      86.19                95.61                  3.964527                       0.000000                        9.194848                 2.163986                    15.323360                
====================Subduction_Zone_29====================
-39.58      -180.00      114.38               110.13                 3.730246                       0.000000                        8.768360                 4.866410                    17.365016                
-38.85      -179.59      113.85               109.88                 3.730200                       0.000000                        8.683185                 4.793431                    17.206815                
-38.12      -179.17      113.33               109.63                 3.730151                       0.000000                        8.596296                 4.834795                    17.161242                
-37.38      -178.76      112.81               109.37                 3.730101                       0.000000                        8.512290                 5.079291                    17.321682                
-36.80      -178.59      106.28               106.16                 3.741510                       0.000000                        8.371675                 6.438427                    18.551613                
-36.21      -178.42      96.71                101.27                 3.770343                       0.000000                        9.138401                 6.299887                    19.208632                
-35.97      -178.25      94.10                99.89                  3.785447                       0.000000                        9.239383                 5.806879                    18.831709                
-35.46      -178.10      85.73                95.35                  3.826458                       0.000000                        9.242024                 2.651493                    15.719975                
-34.95      -177.96      77.40                90.60                  3.887235                       0.000000                        9.093006                 2.793401                    15.773643                
-34.27      -177.79      64.08                82.44                  4.011435                       0.000000                        7.865796                 5.542601                    17.419832                
-33.59      -177.62      68.63                85.31                  3.999126                       0.000000                        8.375116                 5.019205                    17.393447                
-32.74      -177.50      73.24                88.13                  3.987724                       0.000000                        9.030555                 4.043610                    17.061889                
-31.89      -177.38      79.59                91.87                  3.980315                       0.000000                        9.293812                 2.363686                    15.637814                
-31.03      -177.26      81.78                93.12                  3.965500                       0.000000                        9.240907                 2.080168                    15.286575                
-30.18      -177.15      85.97                95.48                  3.966136                       0.000000                        9.213233                 2.008840                    15.188209                
-29.33      -177.03      86.19                95.61                  3.964527                       0.000000                        9.194848                 2.163986                    15.323360                
====================Subduction_Zone_30====================
7.16        -84.07       8.44                 29.92                  3.877305                       0.000000                        4.937555                 13.462254                   22.277115                
6.66        -83.40       5.08                 23.21                  4.010652                       0.000000                        4.331766                 9.871213                    18.213631                
6.15        -82.74       6.03                 25.28                  4.159765                       0.000000                        4.539363                 10.276927                   18.976054                
5.87        -82.30       6.66                 26.57                  4.162116                       0.000000                        4.660617                 10.604677                   19.427410                
5.68        -81.98       6.61                 26.48                  4.163581                       0.000000                        4.647324                 10.033554                   18.844460                
====================Subduction_Zone_31====================
6.33        -79.09       5.16                 23.39                  4.116799                       0.000000                        4.349169                 8.489796                    16.955764                
5.98        -78.74       5.33                 23.78                  4.121014                       0.000000                        4.390719                 9.772951                    18.284684                
5.36        -78.08       9.16                 31.17                  4.019083                       0.000000                        5.020963                 16.395586                   25.435633                
4.47        -77.67       12.58                36.52                  3.955996                       0.000000                        5.366228                 20.155416                   29.477640                
3.55        -77.73       13.81                38.27                  3.972793                       0.000000                        5.447641                 22.844890                   32.265325                
====================Subduction_Zone_32====================
-4.00       -81.15       30.51                56.88                  3.811367                       0.000000                        6.924031                 32.648226                   43.383624                
-3.61       -81.10       30.68                57.04                  3.811181                       0.000000                        6.932839                 32.568085                   43.312105                
-3.32       -81.07       30.79                57.14                  3.810906                       0.000000                        6.942012                 32.510426                   43.263344                
-3.07       -81.05       30.89                57.23                  3.810663                       0.000000                        6.949728                 32.420056                   43.180447                
-2.79       -80.99       31.02                57.35                  3.810410                       0.000000                        6.960154                 32.414680                   43.185243                
-2.41       -80.94       31.18                57.50                  3.810085                       0.000000                        6.972594                 32.340031                   43.122710                
-2.20       -80.90       31.27                57.59                  3.809881                       0.000000                        6.980314                 32.310537                   43.100732                
-1.96       -80.88       31.37                57.68                  3.808979                       0.000000                        6.987626                 32.310116                   43.106720                
-1.56       -80.76       31.59                57.88                  3.808548                       0.000000                        7.004750                 32.283746                   43.097044                
-1.22       -80.67       31.78                58.05                  3.808203                       0.000000                        7.019225                 32.124175                   42.951603                
-0.94       -80.54       32.00                58.25                  4.052359                       0.254009                        7.037574                 32.027256                   43.371197                
-0.49       -80.35       33.40                59.51                  5.195793                       2.811282                        7.136477                 31.304353                   46.447906                
-0.14       -80.22       35.05                60.97                  5.199294                       2.822413                        7.255032                 23.067676                   38.344416                
0.18        -80.07       36.74                62.41                  5.275620                       2.993369                        7.391265                 22.569069                   38.229323                
0.59        -79.89       43.04                67.56                  4.198722                       0.000000                        7.750473                 16.066202                   28.015397                
0.93        -79.66       43.88                68.21                  4.191115                       0.000000                        7.754871                 14.669360                   26.615347                
1.27        -79.46       44.65                68.81                  4.188729                       0.000000                        7.743516                 14.224897                   26.157142                
1.47        -79.31       45.18                69.22                  4.187312                       0.000000                        7.731876                 13.238940                   25.158128                
1.82        -79.05       46.06                69.89                  4.185015                       0.000000                        7.697459                 13.926080                   25.808554                
2.20        -78.77       41.62                66.44                  4.070817                       0.000000                        5.605150                 14.186074                   23.862041                
2.52        -78.51       14.74                39.54                  4.037298                       0.000000                        5.519129                 24.008168                   33.564595                
2.73        -78.27       14.60                39.35                  4.018684                       0.000000                        5.509286                 23.615258                   33.143227                
3.04        -78.06       14.28                38.92                  4.004289                       0.000000                        5.510517                 23.444556                   32.959362                
3.20        -77.89       14.18                38.78                  3.992145                       0.000000                        5.502364                 23.437865                   32.932374                
3.43        -77.86       13.87                38.35                  3.985711                       0.000000                        5.476799                 22.895505                   32.358016                
3.55        -77.73       13.81                38.27                  3.972793                       0.000000                        5.447641                 22.844890                   32.265325                
====================Subduction_Zone_33====================
-4.00       -81.15       30.51                56.88                  3.811367                       0.000000                        6.924031                 32.648226                   43.383624                
-4.57       -81.25       30.25                56.64                  3.812171                       0.000000                        6.897538                 32.747887                   43.457595                
-5.13       -81.35       29.99                56.40                  3.812561                       0.000000                        6.880228                 32.840191                   43.532980                
-5.92       -81.31       29.80                56.21                  3.813732                       0.000000                        6.840911                 32.976779                   43.631422                
-6.71       -81.27       29.54                55.97                  3.814820                       0.000000                        6.823233                 33.091949                   43.730001                
-7.50       -81.23       29.41                55.84                  3.816088                       0.000000                        6.823164                 33.196921                   43.836174                
-8.29       -81.19       29.21                55.65                  3.817362                       0.000000                        6.804854                 30.424313                   41.046529                
-9.08       -80.86       41.24                66.13                  4.199342                       0.000000                        7.707063                 18.879629                   30.786034                
-9.86       -80.52       41.36                66.23                  4.229388                       0.000000                        7.715948                 16.594731                   28.540067                
-10.65      -80.19       41.49                66.33                  4.219973                       0.000000                        7.723083                 13.839638                   25.782694                
-11.55      -79.61       47.28                70.81                  4.193107                       0.000000                        7.674772                 11.132709                   23.000589                
-12.44      -79.03       48.00                71.34                  4.326276                       0.000000                        7.657127                 10.957864                   22.941267                
-13.34      -78.45       48.87                71.99                  4.379403                       0.000000                        7.639677                 10.742769                   22.761849                
-14.23      -77.87       49.77                72.65                  4.398836                       0.000000                        7.626254                 10.688463                   22.713553                
-15.13      -77.29       50.71                73.33                  4.419237                       0.000000                        7.617631                 10.815693                   22.852561                
-16.07      -76.39       52.71                74.77                  4.447687                       0.000000                        7.613590                 11.093679                   23.154955                
-17.02      -75.49       63.72                82.20                  4.480463                       0.000000                        7.785950                 9.423627                    21.690039                
-17.75      -74.62       66.28                83.84                  4.543422                       0.000000                        8.055403                 6.286516                    18.885342                
-18.49      -73.75       69.07                85.58                  4.599647                       0.000000                        8.220259                 5.523638                    18.343544                
-19.09      -73.07       71.39                87.01                  4.634364                       0.000000                        8.338254                 4.688035                    17.660653                
-19.79      -72.42       73.72                88.42                  4.692650                       0.000000                        8.615238                 3.756648                    17.064536                
-20.33      -72.03       81.79                93.13                  4.318435                       0.000000                        9.206289                 2.312162                    15.836886                
-20.73      -71.69       87.24                96.19                  4.185684                       0.000000                        9.185434                 2.036180                    15.407298                
-21.16      -71.52       88.43                96.84                  4.185994                       0.000000                        9.205209                 1.817220                    15.208422                
-21.91      -71.36       90.40                97.91                  4.186156                       0.000000                        9.271796                 2.533139                    15.991091                
-22.77      -71.36       84.92                94.89                  4.379655                       0.000000                        9.241239                 2.498244                    16.119138                
-23.63      -71.35       77.14                90.44                  4.785284                       0.000000                        9.116476                 3.513189                    17.414950                
-24.60      -71.43       75.57                89.52                  5.025568                       2.362233                        8.901826                 3.512895                    19.802522                
-25.58      -71.51       74.40                88.82                  5.242251                       2.912976                        8.694427                 3.852882                    20.702537                
-26.56      -71.59       72.84                87.89                  5.514402                       3.490936                        8.490129                 4.602565                    22.098032                
-27.53      -71.67       71.81                87.26                  5.151886                       2.691798                        8.366236                 4.924551                    21.134471                
-28.35      -71.84       68.90                85.48                  5.415002                       3.295323                        8.220630                 5.531508                    22.462462                
-29.17      -72.02       65.92                83.61                  5.592952                       3.630152                        8.037462                 6.035194                    23.295759                
-30.00      -72.19       62.99                81.73                  5.732389                       3.855383                        7.707639                 9.010278                    26.305688                
-30.82      -72.37       60.08                79.82                  5.802218                       3.970704                        7.572026                 10.082848                   27.427796                
-31.75      -72.60       57.10                77.81                  4.757171                       0.000000                        7.607082                 11.042094                   23.406347                
-32.69      -72.84       53.07                75.02                  4.673747                       0.000000                        7.615064                 11.101223                   23.390034                
-33.62      -73.07       50.33                73.05                  4.601711                       0.000000                        7.620581                 10.832103                   23.054396                
-34.56      -73.30       48.62                71.81                  4.704719                       0.813236                        7.659013                 10.963976                   24.140944                
-35.50      -73.54       44.97                69.06                  4.946869                       2.118573                        7.736183                 13.388264                   28.189888                
-36.43      -73.77       41.01                65.95                  4.929098                       1.869393                        7.741077                 17.340910                   31.880479                
-37.37      -74.00       36.15                61.92                  4.350608                       0.000000                        7.322876                 25.737902                   37.411386                
-38.12      -74.19       34.22                60.24                  4.517167                       0.000000                        7.185252                 30.990537                   42.692956                
-38.86      -74.37       32.72                58.90                  4.461976                       0.000000                        6.983065                 32.340562                   43.785603                
-39.61      -74.55       29.16                55.61                  5.160306                       1.124779                        6.410629                 34.645550                   47.341264                
====================Subduction_Zone_34====================
-50.20      -77.38       6.49                 26.23                  4.247946                       0.000000                        4.627521                 11.455459                   20.330926                
-49.88      -77.33       6.18                 25.60                  4.280568                       0.000000                        4.546123                 10.896051                   19.722741                
-49.52      -77.18       6.07                 25.38                  4.235953                       0.000000                        4.740345                 6.773629                    15.749926                
-49.30      -77.06       12.37                36.22                  3.954489                       0.000000                        4.960870                 4.800486                    13.715844                
-49.04      -76.93       3.48                 19.21                  3.994786                       0.000000                        3.617206                 2.927478                    10.539470                
-48.74      -76.77       1.35                 11.95                  4.091176                       0.000000                        2.578628                 3.643892                    10.313696                
-48.26      -76.50       3.09                 18.09                  4.119765                       0.000000                        3.832271                 5.962197                    13.914233                
-47.85      -76.24       3.00                 17.83                  4.281471                       0.000000                        3.755484                 5.771601                    13.808556                
-47.51      -76.07       3.37                 18.91                  4.197356                       0.000000                        3.893021                 6.981562                    15.071939                
-47.17      -75.95       6.06                 25.34                  4.290942                       0.000000                        4.572153                 12.026245                   20.889340                
-46.74      -76.01       8.74                 30.45                  4.038896                       0.000000                        4.985847                 12.693680                   21.718423                
-46.46      -76.02       8.98                 30.87                  3.932781                       0.000000                        5.089202                 14.133911                   23.155894                
-46.22      -76.03       8.44                 29.91                  4.096747                       0.000000                        4.960936                 14.741817                   23.799500                
-46.14      -76.03       8.60                 30.21                  4.107485                       0.000000                        4.958357                 14.819084                   23.884926                
-45.89      -76.00       8.99                 30.88                  4.071167                       0.000000                        5.017624                 14.819084                   23.907875                
-45.58      -75.97       10.08                32.70                  3.932763                       0.000000                        5.129738                 17.148297                   26.210798                
-45.21      -75.92       11.42                34.80                  4.009220                       0.000000                        5.262035                 21.836381                   31.107636                
-44.91      -75.86       13.65                38.04                  4.232659                       0.000000                        5.457896                 22.144457                   31.835012                
-44.58      -75.79       15.21                40.16                  4.204044                       0.000000                        5.579508                 24.977192                   34.760744                
-44.21      -75.71       16.06                41.27                  4.221836                       0.000000                        5.640449                 26.986643                   36.848929                
-43.95      -75.66       16.59                41.95                  4.246698                       0.000000                        5.673454                 27.538928                   37.459081                
-43.29      -75.52       17.86                43.52                  4.269521                       0.000000                        5.745627                 30.594027                   40.609175                
-42.86      -75.43       19.32                45.26                  4.212930                       0.000000                        5.809546                 31.581840                   41.604315                
-42.46      -75.34       20.49                46.62                  4.160707                       0.000000                        5.872006                 34.041998                   44.074711                
-42.08      -75.24       21.43                47.67                  4.119902                       0.000000                        5.937062                 36.269563                   46.326527                
-41.55      -75.11       22.55                48.90                  4.071604                       0.000000                        6.037839                 37.320460                   47.429903                
-41.26      -75.03       23.09                49.48                  4.049062                       0.000000                        6.094725                 37.385258                   47.529045                
-40.79      -74.94       23.46                49.88                  4.044999                       0.000000                        6.138515                 37.407383                   47.590897                
-40.50      -74.89       23.83                50.27                  4.049775                       0.000000                        6.182390                 37.244095                   47.476261                
-40.14      -74.82       24.31                50.78                  4.055939                       0.000000                        6.242306                 36.764621                   47.062866                
-39.84      -74.64       25.07                51.56                  4.130160                       0.000000                        6.355979                 36.462697                   46.948836                
-39.61      -74.55       29.16                55.61                  5.160306                       1.124779                        6.410629                 34.645550                   47.341264                
====================Subduction_Zone_35====================
54.35       169.84       74.30                88.77                  4.062699                       0.000000                        9.281513                 2.690241                    16.034453                
54.69       168.86       55.39                76.64                  4.304665                       0.000000                        7.765917                 11.102244                   23.172827                
55.04       167.88       44.92                69.02                  4.548329                       0.000000                        7.685271                 14.309420                   26.543020                
55.39       166.90       47.60                71.05                  4.429918                       0.000000                        7.673328                 15.784608                   27.887854                
55.72       166.11       40.11                65.22                  4.401740                       0.000000                        7.526314                 23.773443                   35.701497                
56.05       165.33       25.74                52.25                  4.577965                       0.000000                        6.634283                 33.021142                   44.233389                
56.38       164.54       26.79                53.30                  4.920443                       1.945932                        6.531949                 31.806502                   45.204826                
56.71       163.75       27.80                54.29                  5.669606                       3.636112                        6.625130                 26.275658                   42.206507                
====================Subduction_Zone_36====================
54.35       169.84       74.30                88.77                  4.062699                       0.000000                        9.281513                 2.690241                    16.034453                
54.29       169.46       75.16                89.27                  4.122026                       0.000000                        8.828522                 5.319044                    18.269592                
54.24       168.81       71.73                87.22                  4.156037                       0.000000                        8.449297                 5.590671                    18.196006                
54.20       168.16       68.17                85.02                  4.194789                       0.000000                        8.186130                 5.278892                    17.659811                
54.23       167.25       71.08                86.82                  4.126062                       0.000000                        8.341332                 5.405614                    17.873008                
54.16       166.26       80.47                92.38                  4.016165                       0.000000                        9.280293                 3.203854                    16.500312                
54.08       165.26       89.65                97.50                  3.943579                       0.000000                        9.253141                 3.950692                    17.147412                
54.01       164.27       92.39                98.98                  3.898874                       0.000000                        9.301280                 4.130267                    17.330421                
53.94       163.28       92.21                98.89                  3.896494                       0.000000                        9.301620                 4.053516                    17.251630                
53.87       162.29       91.06                98.27                  3.903664                       0.000000                        9.270265                 3.250588                    16.424517                
53.79       161.60       88.76                97.02                  3.915142                       0.000000                        9.213069                 3.970106                    17.098316                
53.71       160.91       86.12                95.57                  3.930880                       0.000000                        9.241095                 4.250332                    17.422308                
53.64       160.22       86.39                95.72                  3.939538                       0.000000                        9.240079                 3.130615                    16.310232                
====================Subduction_Zone_37====================
53.64       160.22       86.39                95.72                  3.939538                       0.000000                        9.240079                 3.130615                    16.310232                
53.34       159.92       87.90                96.55                  3.914587                       0.000000                        9.228082                 3.346524                    16.489192                
52.43       159.03       92.64                99.11                  3.899760                       0.000000                        9.295600                 4.458676                    17.654036                
51.63       158.03       93.50                99.57                  3.900237                       0.000000                        9.282219                 4.835152                    18.017609                
51.16       157.27       93.82                99.74                  3.917762                       0.000000                        9.271026                 5.141124                    18.329912                
50.70       156.52       95.16                100.45                 4.083768                       0.000000                        9.210731                 5.427271                    18.721770                
50.23       155.76       95.59                100.68                 4.091851                       0.000000                        9.189233                 5.919837                    19.200922                
49.76       155.00       96.01                100.90                 4.102153                       0.000000                        9.174667                 5.973261                    19.250081                
49.52       154.72       96.30                101.05                 4.104029                       0.000000                        9.152896                 6.114594                    19.371520                
====================Subduction_Zone_38====================
13.32       90.09        92.00                98.77                  3.939404                       0.000000                        9.289647                 3.828974                    17.058026                
12.55       90.13        82.25                93.39                  3.960663                       0.000000                        9.277258                 2.840977                    16.078898                
11.78       90.18        71.51                87.08                  3.985371                       0.000000                        8.372739                 4.402177                    16.760287                
11.01       90.23        80.53                92.41                  3.946827                       0.000000                        9.277445                 3.498166                    16.722437                
10.24       90.28        82.56                93.57                  3.939054                       0.000000                        9.329231                 3.515034                    16.783319                
9.40        90.38        75.60                89.54                  3.969719                       0.000000                        8.907594                 4.350608                    17.227920                
8.56        90.49        73.94                88.55                  3.973366                       0.000000                        8.595963                 4.486016                    17.055344                
7.72        90.59        72.50                87.68                  3.971724                       0.000000                        8.446548                 5.173628                    17.591899                
6.88        90.70        71.06                86.81                  3.971172                       0.000000                        8.311437                 5.643416                    17.926025                
5.91        91.26        69.39                85.78                  3.969236                       0.000000                        8.225190                 6.247928                    18.442354                
====================Subduction_Zone_39====================
5.91        91.26        69.39                85.78                  3.969236                       0.000000                        8.225190                 6.247928                    18.442354                
5.13        91.71        60.26                79.94                  3.971637                       0.000000                        7.631193                 9.973580                    21.576410                
4.35        92.16        57.02                77.76                  3.972035                       0.000000                        7.608338                 11.749407                   23.329780                
3.36        92.97        51.44                73.86                  4.037891                       0.000000                        7.614013                 11.482787                   23.134691                
2.36        93.78        49.97                72.79                  4.036709                       0.000000                        7.623815                 11.445524                   23.106048                
1.37        94.58        47.60                71.04                  3.968092                       0.000000                        7.666563                 11.860496                   23.495151                
0.58        95.19        44.36                68.58                  3.953409                       0.000000                        7.748815                 14.933751                   26.635975                
-0.21       95.79        41.85                66.62                  4.026442                       0.000000                        7.732936                 17.579288                   29.338665                
-1.00       96.40        38.98                64.29                  4.083468                       0.000000                        7.565825                 21.146463                   32.795756                
-1.79       97.00        34.34                60.35                  4.003016                       0.000000                        7.304221                 29.527278                   40.834516                
-2.67       97.70        41.00                65.94                  3.951366                       0.000000                        7.707744                 21.665331                   33.324441                
-3.55       98.39        45.28                69.29                  3.830917                       0.000000                        7.729721                 14.368908                   25.929546                
-4.42       99.09        46.24                70.02                  3.831484                       0.000000                        7.703675                 13.192224                   24.727383                
-5.32       99.94        56.37                77.31                  4.109566                       0.000000                        7.727753                 10.553364                   22.390683                
-6.21       100.78       67.84                84.82                  4.324363                       0.000000                        8.179585                 6.864807                    19.368755                
-6.79       101.23       69.80                86.04                  4.322852                       0.000000                        8.276228                 5.795087                    18.394167                
-6.89       101.36       70.15                86.25                  4.322388                       0.000000                        8.263606                 5.707396                    18.293390                
====================Subduction_Zone_40====================
19.76       118.65       26.66                53.17                  4.616438                       0.000000                        6.392181                 43.350320                   54.358940                
18.98       119.49       62.82                81.62                  4.782943                       0.093072                        7.692120                 14.758868                   27.327003                
18.20       120.33       62.89                81.67                  4.790151                       0.727144                        7.745685                 13.707571                   26.970552                
17.42       121.16       64.37                82.62                  4.723204                       0.000000                        7.862313                 12.656206                   25.241724                
16.64       122.00       63.86                82.29                  4.949598                       2.126132                        7.802548                 11.723197                   26.601475                
15.86       122.84       63.30                81.93                  5.022041                       2.338337                        7.742964                 11.992314                   27.095657                
14.98       123.33       64.82                82.91                  4.998129                       2.285106                        7.913995                 10.941152                   26.138382                
14.10       123.82       64.39                82.63                  4.992685                       2.270072                        7.864466                 10.413369                   25.540592                
13.21       124.30       66.57                84.02                  4.988623                       2.247930                        8.093998                 8.169213                    23.499764                
12.33       124.79       68.05                84.95                  4.985821                       2.240005                        8.134382                 6.851430                    22.211637                
11.48       125.77       70.04                86.18                  5.022629                       2.360274                        8.261311                 6.385942                    22.030156                
10.69       126.37       67.81                84.80                  5.020007                       2.345240                        8.175732                 6.539231                    22.080210                
9.90        126.97       68.10                84.98                  5.017868                       2.345240                        8.151710                 6.470475                    21.985293                
9.11        127.58       67.64                84.69                  5.016128                       2.330207                        8.121644                 6.779736                    22.247715                
8.32        128.18       67.16                84.40                  5.014792                       2.330207                        8.084549                 7.263833                    22.693380                
7.35        128.56       68.54                85.26                  5.013697                       2.330207                        8.155782                 6.573730                    22.073416                
6.37        128.94       69.91                86.10                  5.013319                       2.330207                        8.256206                 5.996555                    21.596286                
5.40        129.32       72.27                87.54                  5.008623                       2.313181                        8.329674                 5.380008                    21.031485                
4.43        129.71       73.59                88.34                  4.957147                       2.153025                        8.596825                 5.142233                    20.849230                
3.66        129.91       75.09                89.24                  4.919836                       2.033133                        8.827991                 4.206084                    19.987043                
2.89        130.11       75.48                89.47                  4.912650                       2.012673                        8.886861                 4.054689                    19.866874                
2.13        130.31       77.33                90.56                  4.886357                       1.609527                        9.041006                 4.310990                    19.847880                
1.36        130.51       78.91                91.48                  4.813795                       0.000000                        9.265748                 4.212990                    18.292533                
0.52        131.06       83.04                93.84                  4.734415                       0.000000                        9.308166                 2.723183                    16.765763                
-0.31       131.61       85.16                95.03                  4.707505                       0.000000                        9.230032                 2.999820                    16.937358                
-1.04       131.74       82.72                93.66                  4.722468                       0.000000                        9.280913                 2.999820                    17.003201                
-1.76       131.87       13.87                38.35                  5.544856                       3.540734                        5.454725                 17.063569                   31.603884                
====================Subduction_Zone_41====================
24.49       119.24       41.89                66.65                  4.604306                       0.000000                        7.723243                 19.600167                   31.927716                
23.60       119.06       29.33                55.77                  5.495086                       3.442415                        6.813434                 27.635391                   43.386327                
22.71       118.87       30.31                56.69                  5.334641                       3.100325                        6.866210                 30.875626                   46.176802                
21.82       118.69       27.56                54.06                  4.801878                       0.076266                        6.740617                 35.413337                   47.032098                
21.13       118.67       25.94                52.45                  4.620747                       0.000000                        6.447483                 42.572639                   53.640869                
20.45       118.66       27.05                53.56                  4.624354                       0.000000                        6.487297                 42.572639                   53.684290                
19.76       118.65       26.66                53.17                  4.616438                       0.000000                        6.392181                 43.350320                   54.358940                
====================Subduction_Zone_42====================
24.49       119.24       41.89                66.65                  4.604306                       0.000000                        7.723243                 19.600167                   31.927716                
25.07       119.88       45.25                69.27                  4.583570                       0.000000                        7.691086                 13.666812                   25.941468                
25.02       120.56       47.68                71.10                  4.597743                       0.000000                        7.636411                 11.618038                   23.852191                
24.97       121.24       48.63                71.81                  4.677963                       0.000000                        7.644577                 11.609586                   23.932126                
25.08       121.81       51.40                73.83                  4.664042                       0.000000                        7.649504                 11.492002                   23.805547                
25.19       122.39       51.65                74.01                  4.638460                       0.000000                        7.613664                 11.541147                   23.793271                
25.41       123.01       51.85                74.15                  4.830933                       0.049019                        7.613359                 11.589978                   24.083289                
25.63       123.62       53.44                75.28                  4.957272                       2.156220                        7.618729                 11.596877                   26.329098                
26.14       124.50       59.17                79.21                  4.794179                       0.000000                        7.573663                 11.183984                   23.551826                
26.82       125.38       65.13                83.11                  4.899907                       1.969401                        8.103945                 7.569990                    22.543243                
27.61       126.28       71.98                87.37                  4.869583                       1.227412                        8.389578                 5.459168                    19.945741                
28.40       127.04       75.82                89.67                  4.950159                       1.741603                        8.938296                 4.001598                    19.631656                
28.93       127.55       70.86                86.69                  4.077887                       0.000000                        8.414894                 5.310733                    17.803514                
29.46       128.05       65.24                83.18                  3.977111                       0.000000                        8.010559                 7.404273                    19.391943                
30.12       129.00       64.39                82.63                  3.960594                       0.000000                        7.864186                 8.835342                    20.660122                
30.78       129.95       53.72                75.48                  3.894315                       0.000000                        7.628059                 12.844670                   24.367045                
31.22       130.63       42.21                66.90                  3.919825                       0.000000                        7.736280                 13.386391                   25.042497                
31.67       131.30       38.71                64.07                  3.953703                       0.000000                        7.446470                 19.384082                   30.784255                
32.15       132.06       26.69                53.20                  4.005358                       0.000000                        6.548607                 32.978704                   43.532669                
32.57       132.82       22.89                49.27                  4.031641                       0.000000                        6.079900                 34.929897                   45.041438                
32.99       133.54       14.75                39.55                  4.095667                       0.000000                        5.446744                 25.422727                   34.965138                
33.51       134.42       11.37                34.73                  4.601745                       0.000000                        5.259159                 19.733459                   29.594363                
34.05       135.37       11.16                34.40                  4.279151                       0.000000                        5.189968                 18.222148                   27.691267                
34.35       135.95       10.90                34.00                  4.200043                       0.000000                        5.227371                 18.759224                   28.186638                
====================Subduction_Zone_43====================
6.39        117.86       25.87                52.38                  5.001438                       2.283906                        6.423870                 40.715127                   54.424340                
6.95        118.57       24.06                50.51                  5.099320                       2.563353                        6.211991                 39.205359                   53.080024                
7.52        119.28       25.72                52.23                  5.074705                       2.495537                        6.419500                 38.998624                   52.988366                
8.22        119.87       25.81                52.31                  4.955224                       2.142968                        6.616456                 38.208176                   51.922823                
8.92        120.47       27.26                53.77                  5.240550                       2.925836                        6.579403                 38.671275                   53.417064                
9.16        120.99       24.79                51.27                  5.264661                       2.982749                        6.311328                 38.400409                   52.959147                
9.40        121.50       30.71                57.06                  5.223403                       2.884397                        6.927037                 36.668240                   51.703077                
====================Subduction_Zone_44====================
9.40        121.50       30.71                57.06                  5.223403                       2.884397                        6.927037                 36.668240                   51.703077                
9.10        121.82       35.97                61.76                  5.127636                       2.642238                        7.095431                 26.301032                   41.166337                
8.90        122.00       35.92                61.72                  5.042582                       2.413818                        7.319222                 26.301032                   41.076653                
====================Subduction_Zone_45====================
1.69        126.57       96.88                101.36                 4.601071                       0.000000                        9.130480                 6.714599                    20.446150                
2.37        126.19       94.70                100.21                 4.597855                       0.000000                        9.237711                 8.689582                    22.525148                
3.04        125.82       77.37                90.58                  4.287340                       0.000000                        9.102091                 4.420257                    17.809688                
3.72        125.44       62.53                81.43                  4.338832                       0.000000                        7.731517                 10.400601                   22.470949                
4.63        124.88       34.11                60.14                  4.257267                       0.000000                        7.055452                 26.444581                   37.757300                
5.55        124.31       35.73                61.55                  4.668736                       0.000000                        7.299259                 32.553412                   44.521407                
6.19        123.46       31.80                58.07                  4.329808                       0.000000                        7.041734                 35.511595                   46.883137                
6.67        122.93       33.49                59.60                  3.984647                       0.000000                        7.141015                 34.743957                   45.869619                
7.15        122.39       35.01                60.93                  4.013531                       0.000000                        7.252036                 33.686658                   44.952225                
7.97        122.20       39.58                64.79                  4.821645                       0.000000                        7.610611                 23.891003                   36.323259                
8.80        122.02       39.43                64.67                  4.974367                       2.199525                        7.594925                 26.279985                   41.048802                
8.90        122.00       35.92                61.72                  5.042582                       2.413818                        7.319222                 26.301032                   41.076653                
====================Subduction_Zone_46====================
-0.76       125.78       45.57                69.52                  4.616476                       0.000000                        7.510648                 31.542659                   43.669783                
-0.20       125.92       34.91                60.84                  4.621243                       0.000000                        7.244402                 31.091991                   42.957636                
0.36        126.06       49.50                72.45                  4.513519                       0.000000                        7.337100                 14.625663                   26.476283                
1.02        126.31       99.02                102.47                 4.598212                       0.000000                        9.026212                 7.631134                    21.255559                
1.69        126.57       96.88                101.36                 4.601071                       0.000000                        9.130480                 6.714599                    20.446150                
====================Subduction_Zone_47====================
-0.63       118.53       34.91                60.84                  4.246969                       0.000000                        7.187747                 42.888645                   54.323361                
-0.49       119.08       32.82                59.00                  4.189822                       0.000000                        7.105645                 42.719719                   54.015186                
-0.35       119.63       32.07                58.31                  4.208835                       0.000000                        7.064982                 45.148095                   56.421912                
-0.37       120.28       36.25                62.00                  4.583997                       0.000000                        7.015377                 44.811757                   56.411131                
-0.39       120.92       30.77                57.12                  4.342282                       0.000000                        6.935796                 46.631569                   57.909646                
-0.53       121.90       30.05                56.45                  4.314144                       0.000000                        6.881394                 45.857207                   57.052744                
-0.67       122.88       34.62                60.59                  4.612674                       0.000000                        7.303899                 42.236760                   54.153333                
-0.70       123.83       35.10                61.01                  4.606065                       0.000000                        7.281844                 31.542659                   43.430568                
-0.73       124.78       42.44                67.09                  4.619009                       0.000000                        7.466431                 31.542659                   43.628099                
-0.75       125.73       40.71                65.71                  4.612399                       0.000000                        7.444488                 31.542659                   43.599546                
-0.76       125.78       45.57                69.52                  4.616476                       0.000000                        7.510648                 31.542659                   43.669783                
====================Subduction_Zone_48====================
13.97       119.51       31.32                57.63                  8.614038                       5.270096                        6.967754                 43.885942                   64.737831                
13.87       119.70       32.99                59.15                  8.164023                       5.218955                        7.103867                 41.832015                   62.318860                
13.03       120.00       21.75                48.02                  7.314421                       5.098555                        5.980332                 33.647229                   52.040537                
====================Subduction_Zone_49====================
6.50        118.00       24.49                50.96                  5.071481                       2.485252                        6.244987                 40.727184                   54.528903                
7.01        118.64       24.19                50.65                  5.066036                       2.481057                        6.433502                 39.200059                   53.180655                
7.52        119.28       25.72                52.23                  5.074705                       2.495537                        6.419500                 38.998624                   52.988366                
8.22        119.87       25.81                52.31                  4.955224                       2.142968                        6.616456                 38.208176                   51.922823                
8.92        120.47       27.26                53.77                  5.240550                       2.925836                        6.579403                 38.671275                   53.417064                
9.16        120.99       24.79                51.27                  5.264661                       2.982749                        6.311328                 38.400409                   52.959147                
9.40        121.50       30.71                57.06                  5.223403                       2.884397                        6.927037                 36.668240                   51.703077                
====================Subduction_Zone_50====================
13.03       120.00       21.75                48.02                  7.314421                       5.098555                        5.980332                 33.647229                   52.040537                
12.73       120.11       17.19                42.70                  7.023775                       5.050683                        5.691898                 28.431274                   46.197629                
12.19       120.30       12.57                36.51                  7.052923                       5.071327                        5.359865                 15.501091                   32.985206                
11.65       120.49       12.38                36.24                  6.827831                       4.994510                        5.343941                 20.443611                   37.609893                
10.71       120.56       14.54                39.27                  6.114281                       4.406157                        5.533473                 22.200239                   38.254149                
9.84        121.04       26.14                52.65                  5.368611                       3.205626                        6.491038                 36.384721                   51.449996                
9.40        121.50       30.71                57.06                  5.223403                       2.884397                        6.927037                 36.668240                   51.703077                
====================Subduction_Zone_51====================
13.32       90.09        92.00                98.77                  3.939404                       0.000000                        9.289647                 3.828974                    17.058026                
12.55       90.13        82.25                93.39                  3.960663                       0.000000                        9.277258                 2.840977                    16.078898                
11.78       90.18        71.51                87.08                  3.985371                       0.000000                        8.372739                 4.402177                    16.760287                
11.01       90.23        80.53                92.41                  3.946827                       0.000000                        9.277445                 3.498166                    16.722437                
10.24       90.28        82.56                93.57                  3.939054                       0.000000                        9.329231                 3.515034                    16.783319                
9.24        90.40        75.91                89.72                  3.975995                       0.000000                        8.798587                 4.341601                    17.116183                
====================Subduction_Zone_52====================
-8.41       143.27       30.97                57.31                  4.095909                       0.000000                        6.956089                 34.047290                   45.099288                
-8.43       143.66       31.49                57.78                  4.107923                       0.000000                        6.996743                 33.874325                   44.978991                
-8.46       144.41       31.86                58.13                  4.135862                       0.000000                        7.025979                 33.697794                   44.859634                
-8.49       145.15       32.45                58.66                  4.159066                       0.000000                        7.068854                 33.660286                   44.888206                
-8.57       145.66       32.95                59.11                  4.180198                       0.000000                        7.104700                 33.446741                   44.731639                
-8.66       146.16       33.44                59.55                  4.203014                       0.000000                        7.140088                 33.290931                   44.634033                
-8.73       146.80       34.02                60.06                  4.231504                       0.000000                        7.180699                 32.517987                   43.930190                
-8.80       147.43       34.41                60.41                  4.255534                       0.000000                        7.202153                 31.533507                   42.991194                
-8.81       148.15       30.17                56.56                  4.268052                       0.000000                        6.889394                 32.947661                   44.105107                
-8.81       148.87       25.61                52.11                  4.281774                       0.000000                        6.406254                 36.678590                   47.366618                
-8.65       149.47       19.41                45.37                  4.369161                       0.000000                        5.817310                 32.854975                   43.041446                
-8.48       150.08       17.82                43.47                  4.167851                       0.000000                        5.739593                 29.768340                   39.675784                
-8.46       150.14       17.96                43.65                  4.167849                       0.000000                        5.746638                 29.768340                   39.682827                
====================Subduction_Zone_53====================
5.49        139.80       20.75                46.91                  3.936979                       0.000000                        5.887842                 33.051049                   42.875870                
5.73        140.78       17.40                42.95                  3.928395                       0.000000                        6.173753                 29.248528                   39.350676                
6.58        141.66       45.75                69.65                  3.981235                       0.000000                        7.710208                 18.887103                   30.578546                
7.44        142.54       89.59                97.47                  4.082556                       0.000000                        9.310917                 2.776231                    16.169705                
8.29        143.43       131.94               118.29                 4.246202                       0.000000                        9.666654                 7.042607                    20.955463                
====================Subduction_Zone_54====================
8.29        143.43       131.94               118.29                 4.246202                       0.000000                        9.666654                 7.042607                    20.955463                
7.84        144.35       135.25               119.76                 4.249020                       0.000000                        9.835779                 4.562610                    18.647408                
7.40        145.26       138.14               121.03                 4.301600                       0.000000                        9.948508                 3.170759                    17.420867                
6.95        146.18       142.50               122.93                 4.510674                       0.000000                        10.026851                2.011059                    16.548584                
6.51        147.09       144.26               123.69                 3.989036                       0.000000                        10.025650                2.160976                    16.175662                
6.06        148.01       142.14               122.77                 3.917231                       0.000000                        10.016223                2.410631                    16.344085                
5.61        148.93       137.08               120.57                 3.926489                       0.000000                        9.910147                 4.987348                    18.823984                
5.17        149.84       132.22               118.41                 3.936062                       0.000000                        9.695083                 7.407301                    21.038446                
5.15        150.57       142.49               122.92                 3.987071                       0.000000                        10.014950                3.452110                    17.454131                
5.13        151.29       153.34               125.00                 4.048206                       0.000000                        9.524369                 1.332483                    14.905057                
====================Subduction_Zone_55====================
-8.46       150.14       17.96                43.65                  4.167849                       0.000000                        5.746638                 29.768340                   39.682827                
-7.67       150.55       19.72                45.73                  4.168110                       0.000000                        5.829349                 33.025080                   43.022539                
-6.89       150.96       27.42                53.93                  4.120037                       0.000000                        6.607722                 36.364352                   47.092112                
-6.10       151.37       45.37                69.37                  4.100801                       0.000000                        7.713734                 14.334453                   26.148987                
-5.32       151.77       63.32                81.95                  4.082923                       0.000000                        7.772393                 8.357909                    20.213225                
-4.49       151.82       76.16                89.87                  4.057700                       0.000000                        8.957320                 4.333288                    17.348308                
-3.65       151.87       87.03                96.07                  4.050237                       0.000000                        9.227357                 2.994094                    16.271687                
-2.82       151.92       72.97                87.97                  4.048259                       0.000000                        8.603732                 3.451487                    16.103477                
-1.99       151.97       143.81               123.49                 4.106073                       0.000000                        8.703476                 6.796860                    19.606409                
-1.15       152.01       138.62               121.24                 4.063180                       0.000000                        9.937326                 2.948156                    16.948663                
-0.30       151.90       142.08               122.75                 4.187221                       0.000000                        9.991564                 2.920240                    17.099026                
0.54        151.78       125.34               115.29                 4.204460                       0.000000                        9.421600                 5.338088                    18.964147                
1.39        151.66       118.43               112.07                 4.260861                       0.000000                        9.151762                 5.347361                    18.759984                
2.24        151.54       117.06               111.42                 4.352912                       0.000000                        9.030196                 5.528451                    18.911560                
3.09        151.42       124.41               114.86                 4.591260                       0.000000                        9.397679                 10.285500                   24.274439                
3.94        151.31       136.54               120.33                 4.292749                       0.000000                        9.877762                 4.730863                    18.901374                
4.53        151.30       146.54               124.66                 4.170854                       0.000000                        9.989539                 2.153493                    16.313887                
5.13        151.29       153.34               125.00                 4.048206                       0.000000                        9.524369                 1.332483                    14.905057                
====================Subduction_Zone_56====================
35.94       41.28        101.43               103.71                 4.729558                       0.000000                        8.929983                 8.426869                    22.086409                
35.21       42.10        101.42               103.71                 4.752255                       0.000000                        8.978915                 8.426869                    22.158039                
34.63       42.89        101.37               103.68                 4.748897                       0.000000                        8.972727                 8.426869                    22.148492                
34.04       43.68        101.31               103.65                 4.745545                       0.000000                        8.966586                 8.667195                    22.379326                
33.46       44.48        101.43               103.71                 4.742197                       0.000000                        8.960493                 9.107235                    22.809925                
32.86       45.37        100.28               103.12                 4.850536                       0.000000                        9.025072                 8.899282                    22.774889                
32.25       46.27        99.00                102.46                 5.057928                       2.450830                        9.087913                 7.162282                    23.758953                
31.85       46.97        98.57                102.24                 5.196870                       2.819215                        9.105558                 7.383900                    24.505542                
31.44       47.68        98.41                102.16                 5.235204                       2.913221                        9.110906                 7.411266                    24.670596                
31.03       48.38        98.46                102.18                 5.253107                       2.951554                        9.109496                 6.702364                    24.016521                
30.34       49.13        97.65                101.76                 5.204207                       2.844545                        9.092820                 6.247682                    23.389254                
29.65       49.88        97.89                101.89                 4.934307                       2.078865                        9.121175                 9.446340                    25.580687                
28.96       50.64        98.20                102.05                 4.760322                       0.000000                        9.105480                 10.659384                   24.525185                
28.48       51.42        99.55                102.75                 4.639588                       0.000000                        9.039401                 9.930391                    23.609380                
28.00       52.21        100.15               103.05                 4.540777                       0.000000                        8.967614                 8.784953                    22.293344                
27.52       52.99        100.78               103.38                 4.383953                       0.000000                        8.934754                 11.759220                   25.077927                
27.16       53.81        99.28                102.61                 4.239636                       0.000000                        8.991529                 8.156866                    21.388030                
26.79       54.63        98.35                102.12                 4.417277                       0.000000                        9.057024                 8.220414                    21.694715                
26.43       55.46        98.60                102.26                 4.487708                       0.000000                        9.069874                 8.220414                    21.777996                
26.17       56.25        98.81                102.36                 4.438083                       0.000000                        9.064321                 11.045807                   24.548211                
====================Subduction_Zone_57====================
-52.23      -76.85       7.69                 28.55                  4.366829                       0.000000                        4.831779                 13.469453                   22.668061                
-51.89      -77.01       7.62                 28.42                  4.348655                       0.000000                        4.821333                 13.318105                   22.488092                
-51.55      -77.13       7.46                 28.14                  4.332254                       0.000000                        4.797383                 12.384043                   21.513679                
-51.26      -77.24       7.37                 27.95                  4.319696                       0.000000                        4.782135                 12.056066                   21.157897                
-51.00      -77.28       7.19                 27.61                  4.309712                       0.000000                        4.752864                 12.130532                   21.193108                
-50.68      -77.35       6.97                 27.18                  4.285026                       0.000000                        4.716318                 12.120730                   21.122074                
-50.32      -77.40       6.74                 26.74                  4.107622                       0.000000                        4.667570                 11.943066                   20.718258                
-50.20      -77.38       6.49                 26.23                  4.247946                       0.000000                        4.627521                 11.455459                   20.330926                
====================Subduction_Zone_58====================
-57.90      -69.26       2.90                 17.54                  4.257485                       0.000000                        3.706451                 4.867084                    12.831020                
-57.89      -69.27       2.90                 17.54                  4.257365                       0.000000                        3.706451                 4.867084                    12.830900                
-57.82      -69.54       2.90                 17.54                  4.324833                       0.000000                        3.707606                 4.867084                    12.899523                
-57.70      -69.95       2.90                 17.54                  4.245153                       0.000000                        3.706451                 5.269428                    13.221032                
-57.59      -70.39       2.96                 17.72                  4.308485                       0.000000                        3.729704                 5.933819                    13.972008                
-57.42      -71.00       4.22                 21.15                  4.338791                       0.000000                        4.008279                 6.521220                    14.868289                
-57.30      -71.46       5.12                 23.31                  4.338025                       0.000000                        4.249683                 8.844287                    17.431995                
-57.13      -71.89       6.10                 25.42                  4.338811                       0.000000                        4.472563                 10.858672                   19.670046                
-57.03      -72.07       6.55                 26.35                  4.403627                       0.000000                        4.641616                 10.858672                   19.903915                
-56.95      -72.25       7.04                 27.32                  4.397182                       0.000000                        4.647137                 11.161886                   20.206205                
-56.82      -72.53       7.84                 28.83                  4.451877                       0.000000                        4.853825                 12.131776                   21.437478                
-56.71      -72.77       8.28                 29.63                  4.468826                       0.000000                        4.879722                 13.838845                   23.187393                
-56.56      -73.11       8.73                 30.42                  4.472519                       0.000000                        4.992663                 14.572310                   24.037491                
-56.39      -73.44       9.57                 31.85                  4.498467                       0.000000                        5.074520                 15.734785                   25.307772                
-56.25      -73.74       9.51                 31.76                  4.573316                       0.000000                        5.113789                 16.880663                   26.567768                
-56.11      -74.05       9.92                 32.44                  4.681526                       0.000000                        5.156146                 17.185779                   27.023451                
-55.96      -74.33       10.26                32.99                  4.861824                       1.290701                        5.189612                 17.625631                   28.967769                
-55.86      -74.50       10.43                33.26                  4.981203                       2.227861                        5.203649                 17.859229                   30.271942                
-55.60      -74.96       10.57                33.48                  4.884206                       1.914454                        5.179600                 18.406067                   30.384327                
-55.22      -75.56       10.59                33.51                  4.705988                       0.000000                        5.181358                 17.815383                   27.702729                
-54.99      -75.90       10.54                33.44                  4.643260                       0.000000                        5.219962                 17.928067                   27.791289                
-54.62      -76.21       10.15                32.81                  4.524472                       0.000000                        5.137112                 16.848511                   26.510095                
-54.55      -76.24       10.05                32.65                  4.511708                       0.000000                        5.127266                 16.815992                   26.454967                
-54.18      -76.36       9.61                 31.93                  4.467814                       0.000000                        5.079540                 15.720036                   25.267389                
-53.82      -76.43       9.20                 31.23                  4.442036                       0.000000                        5.032668                 15.849626                   25.324330                
-53.45      -76.48       8.83                 30.60                  4.427972                       0.000000                        4.988171                 14.913883                   24.330027                
-53.12      -76.53       8.54                 30.09                  4.414302                       0.000000                        4.950019                 14.606286                   23.970607                
-52.95      -76.54       8.35                 29.75                  4.405730                       0.000000                        4.925810                 14.606286                   23.937826                
-52.64      -76.63       8.13                 29.36                  4.388132                       0.000000                        4.896146                 13.941252                   23.225530                
-52.25      -76.84       7.69                 28.56                  4.367997                       0.000000                        4.832496                 13.576281                   22.776774                
-52.23      -76.85       7.69                 28.55                  4.366829                       0.000000                        4.831779                 13.469453                   22.668061                
====================Subduction_Zone_59====================
-64.16      -68.64       5.19                 23.45                  4.112987                       0.000000                        4.352347                 8.813891                    17.279224                
-64.09      -68.39       4.69                 22.30                  4.098140                       0.000000                        4.252557                 8.247515                    16.598212                
-63.92      -67.51       3.39                 18.97                  4.348076                       0.000000                        3.865049                 5.980226                    14.193351                
-63.76      -66.63       3.23                 18.50                  4.512770                       0.000000                        3.823980                 6.248037                    14.584788                
-63.59      -65.74       3.62                 19.58                  5.969081                       3.439333                        4.909044                 11.433897                   25.751356                
-63.43      -65.19       10.15                32.80                  4.628558                       0.087709                        5.264836                 12.601332                   22.582435                
-63.27      -64.65       9.78                 32.20                  6.780003                       4.942595                        5.137528                 17.499855                   34.359981                
-63.09      -64.04       10.22                32.91                  5.373957                       3.200692                        5.169561                 17.400060                   31.144270                
-62.90      -63.44       10.78                33.81                  5.168217                       2.730725                        5.200480                 17.912394                   31.011816                
-62.81      -63.03       10.96                34.09                  5.077837                       2.503023                        5.217524                 17.968943                   30.767328                
====================Subduction_Zone_60====================
-8.41       143.27       30.97                57.31                  4.095909                       0.000000                        6.956089                 34.047290                   45.099288                
-8.43       143.66       31.49                57.78                  4.107923                       0.000000                        6.996743                 33.874325                   44.978991                
-8.46       144.41       31.86                58.13                  4.135862                       0.000000                        7.025979                 33.697794                   44.859634                
-8.49       145.15       32.45                58.66                  4.159066                       0.000000                        7.068854                 33.660286                   44.888206                
-8.57       145.66       32.95                59.11                  4.180198                       0.000000                        7.104700                 33.446741                   44.731639                
-8.66       146.16       33.44                59.55                  4.203014                       0.000000                        7.140088                 33.290931                   44.634033                
-8.73       146.80       34.02                60.06                  4.231504                       0.000000                        7.180699                 32.517987                   43.930190                
-8.80       147.43       34.41                60.41                  4.255534                       0.000000                        7.202153                 31.533507                   42.991194                
-8.81       148.15       30.17                56.56                  4.268052                       0.000000                        6.889394                 32.947661                   44.105107                
-8.81       148.87       25.61                52.11                  4.281774                       0.000000                        6.406254                 36.678590                   47.366618                
-8.65       149.47       19.41                45.37                  4.369161                       0.000000                        5.817310                 32.854975                   43.041446                
-8.48       150.08       17.82                43.47                  4.167851                       0.000000                        5.739593                 29.768340                   39.675784                
-8.46       150.14       17.96                43.65                  4.167849                       0.000000                        5.746638                 29.768340                   39.682827                
====================Subduction_Zone_61====================
-8.46       150.14       17.96                43.65                  4.167849                       0.000000                        5.746638                 29.768340                   39.682827                
-7.67       150.55       19.72                45.73                  4.168110                       0.000000                        5.829349                 33.025080                   43.022539                
-6.89       150.96       27.42                53.93                  4.120037                       0.000000                        6.607722                 36.364352                   47.092112                
-6.10       151.37       45.37                69.37                  4.100801                       0.000000                        7.713734                 14.334453                   26.148987                
-5.32       151.77       63.32                81.95                  4.082923                       0.000000                        7.772393                 8.357909                    20.213225                
-4.56       151.82       74.99                89.17                  4.059906                       0.000000                        8.797362                 4.333288                    17.190556                
-3.81       151.86       85.52                95.23                  4.049767                       0.000000                        9.241363                 2.708203                    15.999333                
====================Subduction_Zone_62====================
-12.00      165.07       23.05                49.44                  5.420772                       1.854213                        6.443250                 26.598289                   40.316525                
-11.74      164.65       48.20                71.49                  4.255774                       0.000000                        7.521102                 20.208452                   31.985327                
-11.37      164.09       43.65                68.03                  4.167893                       0.000000                        7.599539                 16.709097                   28.476528                
-11.19      163.82       50.86                73.44                  4.175652                       0.000000                        7.601249                 13.337470                   25.114370                
-11.08      163.74       47.57                71.03                  4.138003                       0.000000                        7.629176                 12.426242                   24.193421                
-11.00      163.64       64.89                82.96                  4.107592                       0.000000                        7.620963                 10.988218                   22.716773                
-10.89      163.38       63.35                81.96                  4.070715                       0.000000                        7.896280                 10.033260                   22.000255                
-10.82      163.10       75.34                89.38                  4.020824                       0.000000                        9.099873                 6.391813                    19.512509                
-10.42      162.43       89.22                97.27                  4.052781                       0.000000                        9.280671                 2.739142                    16.072594                
-10.15      161.96       88.81                97.05                  4.061759                       0.000000                        9.285235                 2.282472                    15.629466                
-9.85       161.33       85.98                95.49                  4.047131                       0.000000                        9.237244                 3.742185                    17.026560                
-9.45       160.94       91.66                98.59                  4.018245                       0.000000                        9.244614                 3.089968                    16.352827                
-9.13       160.67       89.71                97.54                  4.030079                       0.000000                        9.235050                 2.617006                    15.882134                
-8.32       159.71       90.91                98.19                  4.186591                       0.000000                        9.150446                 4.140963                    17.478000                
-7.88       159.14       87.25                96.19                  4.170252                       0.000000                        9.239838                 3.517488                    16.927579                
-7.45       158.58       76.95                90.33                  4.241517                       0.000000                        9.015714                 5.651574                    18.908805                
-7.15       158.24       67.00                84.29                  4.322779                       0.000000                        8.043780                 9.842121                    22.208680                
-6.75       157.31       58.79                78.96                  4.461802                       0.000000                        7.644738                 13.639069                   25.745609                
-6.36       156.38       59.24                79.26                  4.747019                       0.000000                        7.620779                 10.178840                   22.546638                
-5.96       155.45       75.72                89.61                  4.504365                       0.000000                        8.880952                 4.449928                    17.835246                
-5.33       154.56       94.78                100.25                 4.309893                       0.000000                        9.215527                 5.515612                    19.041032                
-4.69       153.68       101.09               103.54                 4.089525                       0.000000                        8.886099                 6.612989                    19.588613                
-4.22       153.27       103.50               104.76                 4.078189                       0.000000                        8.679290                 7.441851                    20.199330                
-3.90       152.64       98.00                101.95                 4.055896                       0.000000                        9.072158                 4.741587                    17.869641                
-3.81       151.86       85.52                95.23                  4.049767                       0.000000                        9.241363                 2.708203                    15.999333                
====================Subduction_Zone_63====================
-13.72      157.19       19.04                44.93                  4.637861                       0.000000                        5.796967                 33.676828                   44.111657                
-13.37      156.56       19.97                46.02                  4.699514                       0.000000                        5.842856                 33.726450                   44.268820                
-12.94      155.77       18.86                44.72                  4.625038                       0.000000                        5.788381                 31.482470                   41.895889                
-12.51      154.98       19.41                45.37                  4.626928                       0.000000                        5.814717                 31.980184                   42.421828                
-12.36      154.17       21.62                47.88                  4.630835                       0.000000                        5.953308                 36.870452                   47.454595                
-12.20      153.36       24.33                50.79                  5.106917                       2.583298                        6.237681                 37.158923                   51.086820                
-12.10      152.51       28.65                55.12                  4.917075                       2.014501                        6.750533                 35.514728                   49.196837                
-12.01      151.66       31.95                58.21                  4.876377                       0.586074                        7.031484                 33.547574                   46.041509                
-11.91      150.81       35.12                61.02                  4.855199                       0.000000                        7.259720                 30.703679                   42.818598                
-11.93      150.01       38.53                63.92                  4.851471                       0.000000                        7.529705                 20.727401                   33.108577                
-11.95      149.21       41.26                66.15                  4.873715                       1.472103                        7.711848                 17.728950                   31.786617                
-11.98      148.41       40.11                65.22                  4.599003                       0.000000                        7.648273                 18.236344                   30.483619                
====================Subduction_Zone_64====================
-52.49      -76.71       8.11                 29.33                  4.379452                       0.000000                        4.893349                 14.022798                   23.295598                
-52.25      -76.84       7.69                 28.56                  4.367997                       0.000000                        4.832496                 13.576281                   22.776774                
-51.89      -77.01       7.62                 28.42                  4.348655                       0.000000                        4.821333                 13.318105                   22.488092                
-51.55      -77.13       7.46                 28.14                  4.332254                       0.000000                        4.797383                 12.384043                   21.513679                
-51.26      -77.24       7.37                 27.95                  4.319696                       0.000000                        4.782135                 12.056066                   21.157897                
-51.00      -77.28       7.19                 27.61                  4.309712                       0.000000                        4.752864                 12.130532                   21.193108                
-50.68      -77.35       6.97                 27.18                  4.285026                       0.000000                        4.716318                 12.120730                   21.122074                
-50.32      -77.40       6.74                 26.74                  4.107622                       0.000000                        4.667570                 11.943066                   20.718258                
-49.88      -77.33       6.18                 25.60                  4.280568                       0.000000                        4.546123                 10.896051                   19.722741                
-49.52      -77.18       6.07                 25.38                  4.235953                       0.000000                        4.740345                 6.773629                    15.749926                
-49.30      -77.06       12.37                36.22                  3.954489                       0.000000                        4.960870                 4.800486                    13.715844                
-49.04      -76.93       3.48                 19.21                  3.994786                       0.000000                        3.617206                 2.927478                    10.539470                
-48.74      -76.77       1.35                 11.95                  4.091176                       0.000000                        2.578628                 3.643892                    10.313696                
-48.26      -76.50       3.09                 18.09                  4.119765                       0.000000                        3.832271                 5.962197                    13.914233                
-47.85      -76.24       3.00                 17.83                  4.281471                       0.000000                        3.755484                 5.771601                    13.808556                
-47.51      -76.07       3.37                 18.91                  4.197356                       0.000000                        3.893021                 6.981562                    15.071939                
-47.17      -75.95       6.06                 25.34                  4.290942                       0.000000                        4.572153                 12.026245                   20.889340                
-46.74      -76.01       8.74                 30.45                  4.038896                       0.000000                        4.985847                 12.693680                   21.718423                
-46.46      -76.02       8.98                 30.87                  3.932781                       0.000000                        5.089202                 14.133911                   23.155894                
-46.22      -76.03       8.44                 29.91                  4.096747                       0.000000                        4.960936                 14.741817                   23.799500                
-46.14      -76.03       8.60                 30.21                  4.107485                       0.000000                        4.958357                 14.819084                   23.884926                
-45.89      -76.00       8.99                 30.88                  4.071167                       0.000000                        5.017624                 14.819084                   23.907875                
-45.58      -75.97       10.08                32.70                  3.932763                       0.000000                        5.129738                 17.148297                   26.210798                
-45.21      -75.92       11.42                34.80                  4.009220                       0.000000                        5.262035                 21.836381                   31.107636                
-44.91      -75.86       13.65                38.04                  4.232659                       0.000000                        5.457896                 22.144457                   31.835012                
-44.58      -75.79       15.21                40.16                  4.204044                       0.000000                        5.579508                 24.977192                   34.760744                
-44.21      -75.71       16.06                41.27                  4.221836                       0.000000                        5.640449                 26.986643                   36.848929                
-43.95      -75.66       16.59                41.95                  4.246698                       0.000000                        5.673454                 27.538928                   37.459081                
-43.29      -75.52       17.86                43.52                  4.269521                       0.000000                        5.745627                 30.594027                   40.609175                
-42.86      -75.43       19.32                45.26                  4.212930                       0.000000                        5.809546                 31.581840                   41.604315                
-42.46      -75.34       20.49                46.62                  4.160707                       0.000000                        5.872006                 34.041998                   44.074711                
-42.08      -75.24       21.43                47.67                  4.119902                       0.000000                        5.937062                 36.269563                   46.326527                
-41.55      -75.11       22.55                48.90                  4.071604                       0.000000                        6.037839                 37.320460                   47.429903                
-41.26      -75.03       23.09                49.48                  4.049062                       0.000000                        6.094725                 37.385258                   47.529045                
-40.79      -74.94       23.46                49.88                  4.044999                       0.000000                        6.138515                 37.407383                   47.590897                
-40.50      -74.89       23.83                50.27                  4.049775                       0.000000                        6.182390                 37.244095                   47.476261                
-40.14      -74.82       24.31                50.78                  4.055939                       0.000000                        6.242306                 36.764621                   47.062866                
-39.86      -74.65       24.96                51.45                  4.118317                       0.000000                        6.345071                 36.481870                   46.945259                
====================Subduction_Zone_65====================
-60.98      -32.92       22.30                48.63                  5.074708                       2.316241                        5.833804                 28.044205                   41.268959                
-60.81      -32.58       21.08                47.28                  4.749239                       0.135820                        5.911080                 27.677263                   38.473402                
-60.22      -31.98       43.98                68.29                  6.019743                       4.250008                        7.752016                 19.306966                   37.328733                
-59.75      -31.52       51.15                73.65                  27.229223                      5.693158                        7.619501                 13.419240                   53.961123                
-59.02      -31.37       51.90                74.19                  10.459833                      5.414894                        7.615062                 14.318697                   37.808486                
-58.25      -31.72       37.27                62.87                  7.704311                       5.168491                        7.395801                 29.707684                   49.976288                
-58.00      -31.83       34.43                60.43                  7.394555                       5.122599                        7.209211                 34.770081                   54.496446                
-57.57      -32.32       25.90                52.41                  6.335032                       4.870080                        6.442407                 34.314941                   51.962460                
-57.13      -32.80       23.52                49.95                  6.336629                       4.880998                        6.575466                 34.167326                   51.960419                
-56.68      -33.40       23.16                49.56                  6.012379                       4.255260                        6.269320                 27.232502                   43.769461                
-56.35      -34.00       19.41                45.36                  5.567597                       3.598402                        5.996677                 11.326845                   26.489521                
====================Subduction_Zone_66====================
15.65       -59.18       71.79                87.25                  4.762326                       0.000000                        8.371747                 6.455016                    19.589089                
14.95       -58.87       74.01                88.59                  4.743300                       0.000000                        8.644040                 5.713522                    19.100862                
14.02       -58.19       80.77                92.55                  4.973502                       2.213714                        9.332641                 5.371171                    21.891028                
13.09       -58.02       93.42                99.53                  5.405857                       3.282869                        9.252404                 6.985266                    24.926397                
12.16       -57.85       105.37               105.71                 5.397221                       3.250678                        8.502328                 13.751124                   30.901351                
11.24       -58.04       125.02               115.14                 4.986301                       2.250267                        9.397456                 16.536774                   33.170798                
10.32       -58.24       128.26               116.62                 4.873078                       1.117841                        9.530978                 23.120883                   38.642779                
9.85        -58.38       128.46               116.71                 4.796103                       0.000000                        9.528407                 28.953121                   43.277632                
====================Subduction_Zone_67====================
-0.63       118.53       34.91                60.84                  4.246969                       0.000000                        7.187747                 42.888645                   54.323361                
-0.49       119.08       32.82                59.00                  4.189822                       0.000000                        7.105645                 42.719719                   54.015186                
-0.35       119.63       32.07                58.31                  4.208835                       0.000000                        7.064982                 45.148095                   56.421912                
-0.37       120.28       36.25                62.00                  4.583997                       0.000000                        7.015377                 44.811757                   56.411131                
-0.39       120.92       30.77                57.12                  4.342282                       0.000000                        6.935796                 46.631569                   57.909646                
-0.53       121.90       30.05                56.45                  4.314144                       0.000000                        6.881394                 45.857207                   57.052744                
-0.67       122.88       34.62                60.59                  4.612674                       0.000000                        7.303899                 42.236760                   54.153333                
-0.70       123.83       35.10                61.01                  4.606065                       0.000000                        7.281844                 31.542659                   43.430568                
-0.73       124.78       42.44                67.09                  4.619009                       0.000000                        7.466431                 31.542659                   43.628099                
-0.75       125.73       40.71                65.71                  4.612399                       0.000000                        7.444488                 31.542659                   43.599546                
-0.76       125.78       45.57                69.52                  4.616476                       0.000000                        7.510648                 31.542659                   43.669783                
====================Subduction_Zone_68====================
-2.53       124.58       42.28                66.96                  4.618574                       0.000000                        7.463792                 31.542659                   43.625025                
-1.89       124.93       49.26                72.28                  4.616932                       0.000000                        7.356898                 31.542659                   43.516488                
-0.98       125.72       41.32                66.19                  4.609826                       0.000000                        7.462021                 31.542659                   43.614506                
-0.76       125.78       45.57                69.52                  4.616476                       0.000000                        7.510648                 31.542659                   43.669783                
====================Subduction_Zone_69====================
-9.02       119.85       128.76               116.85                 4.297611                       0.000000                        9.562074                 16.037979                   29.897664                
-9.07       120.77       132.33               118.46                 4.560878                       0.000000                        9.698635                 15.280948                   29.540461                
-8.94       121.54       134.10               119.25                 4.560858                       0.000000                        9.762082                 15.203178                   29.526118                
-8.80       122.32       135.14               119.71                 4.562766                       0.000000                        9.830704                 12.462912                   26.856383                
-8.67       123.09       137.16               120.60                 4.687830                       0.664661                        9.928901                 11.016009                   26.297401                
-8.53       123.86       139.58               121.66                 4.261461                       0.000000                        10.007552                11.016009                   25.285022                
-8.41       124.75       140.24               121.95                 4.468334                       0.000000                        9.991174                 6.729353                    21.188860                
-8.29       125.64       141.42               122.46                 4.106739                       0.000000                        10.005652                6.729353                    20.841744                
-8.17       126.52       141.22               122.38                 4.109400                       0.000000                        9.998022                 6.729353                    20.836774                
-8.05       127.41       9.34                 31.47                  5.384776                       3.243988                        3.665896                 8.427215                    20.721875                
-7.88       128.20       0.63                 10.00                  5.341651                       3.149972                        2.562897                 8.427215                    19.481736                
-7.71       129.00       0.96                 10.09                  5.309686                       3.093341                        3.751548                 6.414785                    18.569360                
-7.26       129.61       1.13                 10.97                  5.468635                       3.402130                        2.854505                 6.414785                    18.140055                
====================Subduction_Zone_70====================
1.53        126.51       97.64                101.75                 4.599640                       0.000000                        9.118370                 7.228100                    20.946109                
0.98        127.19       97.31                101.58                 4.599998                       0.000000                        9.134820                 7.228100                    20.962918                
0.43        127.88       96.98                101.41                 4.601799                       0.000000                        9.125787                 6.469500                    20.197086                
-0.20       128.82       96.07                100.94                 4.789854                       0.000000                        9.333665                 3.658237                    17.781756                
-0.84       129.75       83.79                94.26                  4.723372                       0.000000                        9.284005                 2.999820                    17.007197                
-1.74       129.68       85.01                94.95                  4.708392                       0.000000                        9.232939                 2.999820                    16.941152                
-2.65       129.60       84.62                94.73                  4.713521                       0.000000                        9.250358                 2.999820                    16.963699                
-3.55       129.53       84.81                94.84                  4.710122                       0.000000                        9.238678                 2.999820                    16.948620                
-4.26       129.61       15.21                40.16                  5.592548                       3.627304                        5.623878                 17.063569                   31.907298                
====================Subduction_Zone_71====================
1.53        126.51       97.64                101.75                 4.599640                       0.000000                        9.118370                 7.228100                    20.946109                
1.69        126.57       96.88                101.36                 4.601071                       0.000000                        9.130480                 6.714599                    20.446150                
====================Subduction_Zone_72====================
1.69        126.57       96.88                101.36                 4.601071                       0.000000                        9.130480                 6.714599                    20.446150                
2.37        126.19       94.70                100.21                 4.597855                       0.000000                        9.237711                 8.689582                    22.525148                
3.04        125.82       77.37                90.58                  4.287340                       0.000000                        9.102091                 4.420257                    17.809688                
3.72        125.44       62.53                81.43                  4.338832                       0.000000                        7.731517                 10.400601                   22.470949                
4.63        124.88       34.11                60.14                  4.257267                       0.000000                        7.055452                 26.444581                   37.757300                
5.55        124.31       35.73                61.55                  4.668736                       0.000000                        7.299259                 32.553412                   44.521407                
6.19        123.46       31.80                58.07                  4.329808                       0.000000                        7.041734                 35.511595                   46.883137                
6.67        122.93       33.49                59.60                  3.984647                       0.000000                        7.141015                 34.743957                   45.869619                
7.15        122.39       35.01                60.93                  4.013531                       0.000000                        7.252036                 33.686658                   44.952225                
7.97        122.20       39.58                64.79                  4.821645                       0.000000                        7.610611                 23.891003                   36.323259                
8.80        122.02       39.43                64.67                  4.974367                       2.199525                        7.594925                 26.279985                   41.048802                
8.90        122.00       35.92                61.72                  5.042582                       2.413818                        7.319222                 26.301032                   41.076653                
====================Subduction_Zone_73====================
19.76       118.65       26.66                53.17                  4.616438                       0.000000                        6.392181                 43.350320                   54.358940                
19.68       118.64       27.11                53.62                  4.621396                       0.000000                        6.450504                 41.762322                   52.834221                
18.96       118.22       23.12                49.51                  4.504119                       0.000000                        5.920776                 35.217116                   45.642011                
18.25       117.79       16.72                42.10                  4.418798                       0.000000                        5.681362                 28.926091                   39.026251                
17.52       117.81       15.92                41.09                  4.612609                       0.000000                        5.626740                 28.688026                   38.927375                
16.80       117.84       13.51                37.85                  5.739259                       3.885168                        5.443812                 28.733969                   43.802208                
16.07       117.87       9.73                 32.12                  4.371415                       0.000000                        5.139609                 19.226010                   28.737034                
15.48       118.05       11.68                35.19                  4.403572                       0.000000                        5.321566                 19.690768                   29.415905                
14.88       118.24       14.70                39.48                  5.431573                       3.310345                        5.546509                 24.205093                   38.493520                
14.19       119.13       28.87                55.34                  6.896394                       5.014288                        6.849413                 42.613949                   61.374044                
13.87       119.70       32.99                59.15                  8.164023                       5.218955                        7.103867                 41.832015                   62.318860                
13.30       119.90       25.65                52.16                  7.649086                       5.140009                        6.405621                 38.321044                   57.515759                
12.73       120.11       17.19                42.70                  7.023775                       5.050683                        5.691898                 28.431274                   46.197629                
12.19       120.30       12.57                36.51                  7.052923                       5.071327                        5.359865                 15.501091                   32.985206                
11.65       120.49       12.38                36.24                  6.827831                       4.994510                        5.343941                 20.443611                   37.609893                
10.71       120.56       14.54                39.27                  6.114281                       4.406157                        5.533473                 22.200239                   38.254149                
9.84        121.04       26.14                52.65                  5.368611                       3.205626                        6.491038                 36.384721                   51.449996                
9.10        121.82       35.97                61.76                  5.127636                       2.642238                        7.095431                 26.301032                   41.166337                
8.90        122.00       35.92                61.72                  5.042582                       2.413818                        7.319222                 26.301032                   41.076653                
====================Subduction_Zone_74====================
19.76       118.65       26.66                53.17                  4.616438                       0.000000                        6.392181                 43.350320                   54.358940                
18.98       119.49       62.82                81.62                  4.782943                       0.093072                        7.692120                 14.758868                   27.327003                
18.20       120.33       62.89                81.67                  4.790151                       0.727144                        7.745685                 13.707571                   26.970552                
17.42       121.16       64.37                82.62                  4.723204                       0.000000                        7.862313                 12.656206                   25.241724                
16.64       122.00       63.86                82.29                  4.949598                       2.126132                        7.802548                 11.723197                   26.601475                
15.86       122.84       63.30                81.93                  5.022041                       2.338337                        7.742964                 11.992314                   27.095657                
14.98       123.33       64.82                82.91                  4.998129                       2.285106                        7.913995                 10.941152                   26.138382                
14.10       123.82       64.39                82.63                  4.992685                       2.270072                        7.864466                 10.413369                   25.540592                
13.21       124.30       66.57                84.02                  4.988623                       2.247930                        8.093998                 8.169213                    23.499764                
12.33       124.79       68.05                84.95                  4.985821                       2.240005                        8.134382                 6.851430                    22.211637                
11.48       125.77       70.04                86.18                  5.022629                       2.360274                        8.261311                 6.385942                    22.030156                
10.69       126.37       67.81                84.80                  5.020007                       2.345240                        8.175732                 6.539231                    22.080210                
9.90        126.97       68.10                84.98                  5.017868                       2.345240                        8.151710                 6.470475                    21.985293                
9.11        127.58       67.64                84.69                  5.016128                       2.330207                        8.121644                 6.779736                    22.247715                
8.32        128.18       67.16                84.40                  5.014792                       2.330207                        8.084549                 7.263833                    22.693380                
7.35        128.56       68.54                85.26                  5.013697                       2.330207                        8.155782                 6.573730                    22.073416                
6.37        128.94       69.91                86.10                  5.013319                       2.330207                        8.256206                 5.996555                    21.596286                
5.40        129.32       72.27                87.54                  5.008623                       2.313181                        8.329674                 5.380008                    21.031485                
4.43        129.71       73.59                88.34                  4.957147                       2.153025                        8.596825                 5.142233                    20.849230                
3.66        129.91       75.09                89.24                  4.919836                       2.033133                        8.827991                 4.206084                    19.987043                
2.89        130.11       75.48                89.47                  4.912650                       2.012673                        8.886861                 4.054689                    19.866874                
2.13        130.31       77.33                90.56                  4.886357                       1.609527                        9.041006                 4.310990                    19.847880                
1.36        130.51       78.91                91.48                  4.813795                       0.000000                        9.265748                 4.212990                    18.292533                
0.52        131.06       83.04                93.84                  4.734415                       0.000000                        9.308166                 2.723183                    16.765763                
-0.31       131.61       85.16                95.03                  4.707505                       0.000000                        9.230032                 2.999820                    16.937358                
-1.04       131.74       82.72                93.66                  4.722468                       0.000000                        9.280913                 2.999820                    17.003201                
-1.76       131.87       13.87                38.35                  5.544856                       3.540734                        5.454725                 17.063569                   31.603884                
====================Subduction_Zone_75====================
52.36       -129.07      6.49                 26.23                  7.764450                       5.169858                        4.629472                 10.982368                   28.546148                
52.26       -128.90      6.25                 25.74                  7.270170                       5.093859                        4.583015                 9.810796                    26.757840                
52.16       -128.64      5.98                 25.19                  7.106075                       5.062759                        4.530081                 9.118313                    25.817228                
52.14       -128.60      5.94                 25.09                  6.993744                       5.041455                        4.520602                 9.116403                    25.672204                
====================Subduction_Zone_76====================
61.74       -142.26      33.67                59.75                  3.943665                       0.000000                        7.153246                 31.193000                   42.289912                
61.38       -143.26      34.84                60.78                  3.919067                       0.000000                        7.239134                 28.648387                   39.806588                
61.02       -144.26      35.84                61.65                  3.898392                       0.000000                        7.313258                 26.051802                   37.263452                
60.66       -145.26      36.80                62.47                  3.881339                       0.000000                        7.389932                 23.341749                   34.613020                
60.31       -146.25      37.67                63.20                  3.866952                       0.000000                        7.459260                 21.184994                   32.511206                
59.95       -147.25      38.43                63.84                  3.854587                       0.000000                        7.522666                 19.235132                   30.612386                
59.59       -148.25      38.94                64.26                  3.859368                       0.000000                        7.563203                 18.566726                   29.989297                
59.17       -149.11      39.42                64.66                  3.853954                       0.000000                        7.599921                 17.958051                   29.411926                
58.76       -149.97      39.92                65.06                  3.837401                       0.000000                        7.634574                 16.954762                   28.426737                
58.34       -150.84      40.22                65.31                  3.837087                       0.000000                        7.655454                 16.816052                   28.308593                
57.93       -151.70      40.03                65.15                  3.879268                       0.000000                        7.641713                 17.095427                   28.616407                
57.51       -152.56      38.02                63.49                  4.331821                       0.000000                        7.491832                 20.558426                   32.382079                
57.08       -153.43      36.94                62.59                  4.475554                       0.000000                        7.399983                 24.226032                   36.101569                
56.70       -154.14      36.09                61.87                  4.489526                       0.000000                        7.333081                 26.089308                   37.911915                
56.56       -154.67      35.95                61.75                  4.498467                       0.000000                        7.322213                 27.869476                   39.690155                
56.41       -155.20      35.82                61.63                  4.507682                       0.000000                        7.312039                 27.301192                   39.120913                
56.16       -155.86      35.46                61.32                  4.531907                       0.000000                        7.284580                 30.253195                   42.069683                
55.84       -156.65      34.94                60.87                  4.566929                       0.000000                        7.246803                 28.006497                   39.820230                
55.52       -157.54      34.50                60.49                  4.611964                       0.000000                        7.215277                 30.410150                   42.237391                
55.31       -158.22      34.26                60.28                  4.621770                       0.000000                        7.198028                 30.474580                   42.294378                
55.11       -159.08      34.29                60.30                  4.628101                       0.000000                        7.199724                 31.773012                   43.600837                
54.92       -159.94      34.33                60.34                  4.560188                       0.000000                        7.199834                 30.632680                   42.392703                
54.72       -160.80      36.67                62.36                  4.324296                       0.000000                        7.377881                 26.774908                   38.477084                
54.53       -161.66      36.44                62.17                  4.316950                       0.000000                        7.360196                 26.166630                   37.843775                
54.33       -162.53      36.24                62.00                  4.319919                       0.000000                        7.344619                 26.892011                   38.556550                
54.15       -163.41      35.98                61.77                  4.329988                       0.000000                        7.324348                 26.887883                   38.542219                
53.96       -164.30      35.68                61.51                  4.337437                       0.000000                        7.301050                 28.974585                   40.613073                
53.78       -165.19      35.35                61.23                  4.325230                       0.000000                        7.277028                 30.526414                   42.128673                
53.60       -166.08      35.05                60.97                  4.308132                       0.000000                        7.254868                 29.706927                   41.269928                
53.42       -166.97      34.76                60.72                  4.301588                       0.000000                        7.233906                 31.747248                   43.282741                
53.23       -167.86      34.46                60.45                  4.296507                       0.000000                        7.212001                 29.662008                   41.170516                
53.06       -168.78      37.10                62.73                  4.304770                       0.000000                        7.483004                 23.380916                   35.168690                
52.89       -169.69      37.17                62.78                  4.290304                       0.000000                        7.444111                 23.313521                   35.047936                
52.71       -170.61      37.02                62.66                  4.284721                       0.000000                        7.406336                 24.727062                   36.418119                
52.54       -171.53      36.25                62.00                  4.285048                       0.000000                        7.344975                 27.013590                   38.643613                
52.36       -172.44      35.78                61.60                  4.284852                       0.000000                        7.309233                 28.718387                   40.312472                
52.30       -173.33      35.11                61.02                  4.274893                       0.000000                        7.258977                 28.948407                   40.482276                
52.24       -174.21      34.43                60.43                  4.260223                       0.000000                        7.233494                 30.446991                   41.940707                
52.18       -175.10      33.76                59.84                  4.255326                       0.000000                        7.162487                 32.415661                   43.833474                
52.12       -175.98      33.40                59.51                  4.281055                       0.000000                        7.136584                 33.205037                   44.622676                
52.05       -176.87      33.54                59.64                  4.699718                       0.000000                        7.145639                 32.712382                   44.557739                
51.99       -177.75      34.13                60.16                  4.417923                       0.000000                        7.177960                 32.316811                   43.912694                
51.93       -178.64      33.94                59.99                  4.221192                       0.000000                        7.175299                 32.972707                   44.369198                
52.13       178.73       37.55                63.11                  4.808560                       0.000000                        7.449593                 25.017542                   37.275695                
52.22       177.95       39.63                64.83                  4.694826                       0.000000                        7.614267                 20.509331                   32.818424                
52.31       177.18       41.70                66.50                  4.416524                       0.000000                        7.728999                 17.595534                   29.741057                
52.41       176.40       42.75                67.33                  4.425371                       0.000000                        7.753511                 16.922790                   29.101672                
52.50       175.63       44.36                68.59                  4.429305                       0.000000                        7.748437                 15.656650                   27.834392                
52.74       174.81       46.10                69.92                  4.408649                       0.000000                        7.707431                 13.302375                   25.418455                
52.98       174.00       79.91                92.05                  4.057580                       0.000000                        9.210633                 3.425592                    16.693805                
53.21       173.18       94.75                100.24                 4.009774                       0.000000                        9.235798                 5.247625                    18.493197                
53.45       172.37       94.06                99.87                  3.991304                       0.000000                        9.264069                 4.742259                    17.997632                
53.68       171.55       93.02                99.32                  3.990671                       0.000000                        9.285553                 4.538005                    17.814229                
54.02       170.62       91.54                98.53                  3.993452                       0.000000                        9.301078                 3.754005                    17.048534                
54.36       169.69       74.06                88.62                  4.148220                       0.000000                        8.494461                 5.002144                    17.644825                
54.71       168.76       52.64                74.71                  4.500106                       0.000000                        7.624983                 11.581176                   23.706265                
55.05       167.83       45.18                69.22                  4.529725                       0.000000                        7.678789                 14.309420                   26.517934                
55.39       166.90       47.60                71.05                  4.429918                       0.000000                        7.673328                 15.784608                   27.887854                
55.72       166.11       40.11                65.22                  4.401740                       0.000000                        7.526314                 23.773443                   35.701497                
56.05       165.33       25.74                52.25                  4.577965                       0.000000                        6.634283                 33.021142                   44.233389                
56.38       164.54       26.79                53.30                  4.920443                       1.945932                        6.531949                 31.806502                   45.204826                
56.71       163.75       27.80                54.29                  5.669606                       3.636112                        6.625130                 26.275658                   42.206507                
====================Subduction_Zone_77====================
18.53       -61.47       81.66                93.06                  4.571519                       0.000000                        9.343571                 4.684681                    18.599772                
17.66       -60.57       76.93                90.32                  4.558811                       0.000000                        9.086819                 4.698385                    18.344015                
16.78       -59.68       72.44                87.64                  4.542717                       0.000000                        8.450981                 5.447619                    18.441317                
16.21       -59.43       73.28                88.15                  4.737898                       0.000000                        8.550550                 5.511271                    18.799719                
15.65       -59.18       71.79                87.25                  4.762326                       0.000000                        8.371747                 6.455016                    19.589089                
====================Subduction_Zone_78====================
39.49       -121.60      11.05                34.24                  4.614923                       0.000000                        5.158922                 17.241868                   27.015713                
40.09       -121.95      9.42                 31.60                  4.628309                       0.000000                        5.046733                 15.373642                   25.048684                
41.08       -122.50      7.84                 28.83                  4.669903                       0.000000                        4.756153                 10.337439                   19.763495                
41.79       -122.90      6.75                 26.75                  4.688410                       0.000000                        4.675589                 10.142844                   19.506843                
42.05       -123.04      6.24                 25.73                  4.656286                       0.000000                        4.587573                 10.179700                   19.423559                
42.22       -123.03      6.31                 25.88                  4.662722                       0.000000                        4.600205                 10.179700                   19.442627                
42.39       -123.07      6.14                 25.52                  4.631969                       0.000000                        4.562305                 10.179700                   19.373975                
42.54       -123.10      6.35                 25.95                  4.503926                       0.000000                        4.602674                 11.361378                   20.467978                
42.69       -123.07      6.42                 26.09                  4.506021                       0.000000                        4.615671                 11.361378                   20.483070                
42.76       -122.99      7.09                 27.43                  4.312019                       0.000000                        4.808265                 11.361378                   20.481662                
42.90       -122.99      7.87                 28.90                  4.352923                       0.000000                        4.857276                 11.361378                   20.571577                
42.96       -123.06      7.42                 28.06                  4.315151                       0.000000                        4.850264                 11.361378                   20.526792                
43.26       -123.11      8.49                 30.00                  4.378781                       0.000000                        4.943175                 13.145864                   22.467820                
43.45       -123.12      8.44                 29.91                  4.384603                       0.000000                        4.936775                 13.476012                   22.797390                
43.54       -123.18      8.42                 29.89                  4.334286                       0.000000                        4.935035                 13.476012                   22.745333                
43.66       -123.24      8.64                 30.28                  4.380662                       0.000000                        4.963998                 13.809936                   23.154597                
43.82       -123.33      8.64                 30.27                  4.298697                       0.000000                        4.962382                 14.651288                   23.912367                
44.13       -123.36      8.75                 30.47                  4.254836                       0.000000                        4.978341                 14.591716                   23.824894                
44.32       -123.35      8.81                 30.57                  4.250380                       0.000000                        4.986068                 14.709659                   23.946108                
44.40       -123.33      8.86                 30.65                  4.248575                       0.000000                        4.991409                 14.794121                   24.034105                
44.46       -123.27      9.00                 30.89                  4.247112                       0.000000                        5.008368                 14.911067                   24.166548                
44.72       -123.30      8.97                 30.85                  4.241251                       0.000000                        5.005390                 15.008995                   24.255637                
44.92       -123.31      8.97                 30.84                  4.236785                       0.000000                        5.005078                 15.079240                   24.321102                
45.06       -123.33      8.99                 30.88                  4.237328                       0.000000                        5.008397                 15.046023                   24.291748                
45.12       -123.39      8.91                 30.73                  4.239598                       0.000000                        4.998016                 14.894015                   24.131629                
45.27       -123.41      9.01                 30.91                  4.238287                       0.000000                        5.012485                 15.047337                   24.298110                
45.49       -123.42      9.22                 31.28                  4.235983                       0.000000                        5.035281                 15.351059                   24.622323                
45.86       -123.53      9.18                 31.20                  4.254613                       0.000000                        5.030068                 15.375743                   24.660423                
46.33       -123.71      10.03                32.62                  4.370950                       0.000000                        5.096359                 15.805189                   25.272498                
46.67       -123.86      9.85                 32.31                  4.414895                       0.000000                        5.104751                 16.157467                   25.677113                
47.02       -123.99      9.69                 32.05                  4.423961                       0.000000                        5.077099                 16.407083                   25.908143                
47.34       -124.14      9.47                 31.69                  4.457393                       0.000000                        5.063754                 16.088901                   25.610048                
47.71       -124.26      9.39                 31.56                  4.472168                       0.000000                        5.054695                 15.792016                   25.318879                
48.06       -124.54      8.90                 30.72                  4.475782                       0.000000                        4.996116                 15.464788                   24.936686                
====================Subduction_Zone_79====================
51.85       -128.05      4.65                 22.21                  5.537095                       3.488976                        4.039814                 7.214207                    20.280092                
51.55       -127.46      3.96                 20.50                  4.890981                       1.685749                        4.035915                 6.195821                    16.808465                
51.15       -126.80      3.08                 18.06                  4.379012                       0.000000                        3.766154                 4.900543                    13.045709                
50.79       -125.84      5.68                 24.53                  4.662459                       0.000000                        4.465706                 8.643385                    17.771551                
50.24       -124.97      8.13                 29.35                  4.580047                       0.000000                        4.814858                 13.775071                   23.169976                
49.77       -124.53      8.80                 30.54                  4.536858                       0.000000                        4.984073                 14.374059                   23.894990                
49.39       -124.51      9.42                 31.60                  4.521200                       0.000000                        5.058551                 15.175743                   24.755495                
48.89       -124.43      9.66                 32.01                  4.519305                       0.000000                        5.082151                 16.079353                   25.680809                
48.29       -124.53      9.08                 31.03                  4.481381                       0.000000                        5.017536                 15.688504                   25.187420                
48.06       -124.54      8.90                 30.72                  4.475782                       0.000000                        4.996116                 15.464788                   24.936686                
====================Subduction_Zone_80====================
-12.06      170.59       70.59                86.52                  4.357626                       0.000000                        8.312118                 7.029267                    19.699011                
-12.23      170.27       70.99                86.76                  4.386317                       0.000000                        8.324624                 8.470509                    21.181449                
-12.41      169.72       62.96                81.71                  4.400383                       0.000000                        7.606694                 9.026542                    21.033618                
-12.58      169.17       56.88                77.67                  4.410205                       0.000000                        7.607264                 11.135970                   23.153439                
-12.56      169.05       57.05                77.78                  4.420895                       0.000000                        7.605733                 11.135970                   23.162599                
-12.59      168.93       55.67                76.84                  4.411821                       0.000000                        7.608783                 11.135970                   23.156574                
-12.65      168.35       51.79                74.11                  4.467541                       0.000000                        7.623317                 11.677570                   23.768429                
-12.71      167.91       48.55                71.75                  4.503626                       0.000000                        7.662371                 13.158505                   25.324501                
-12.79      167.37       43.19                67.68                  4.503955                       0.000000                        7.719909                 17.706386                   29.930250                
-12.86      166.82       37.72                63.25                  4.605271                       0.000000                        7.466574                 19.877623                   31.949469                
-12.83      166.58       42.66                67.26                  4.672669                       0.000000                        7.714590                 24.726945                   37.114205                
-12.63      165.94       39.46                64.68                  4.895725                       0.669996                        7.547173                 31.756261                   44.869156                
-12.54      165.73       33.34                59.46                  5.094926                       2.542612                        6.650188                 32.401637                   46.689364                
-12.24      165.38       27.53                54.03                  6.069636                       4.292758                        6.619989                 32.995462                   49.977844                
-12.02      165.10       22.44                48.78                  5.658592                       2.446544                        6.361600                 26.598289                   41.065025                
-11.74      164.65       48.20                71.49                  4.255774                       0.000000                        7.521102                 20.208452                   31.985327                
-11.37      164.09       43.65                68.03                  4.167893                       0.000000                        7.599539                 16.709097                   28.476528                
-11.19      163.82       50.86                73.44                  4.175652                       0.000000                        7.601249                 13.337470                   25.114370                
-11.08      163.74       47.57                71.03                  4.138003                       0.000000                        7.629176                 12.426242                   24.193421                
-11.00      163.64       64.89                82.96                  4.107592                       0.000000                        7.620963                 10.988218                   22.716773                
-10.89      163.38       63.35                81.96                  4.070715                       0.000000                        7.896280                 10.033260                   22.000255                
-10.82      163.10       75.34                89.38                  4.020824                       0.000000                        9.099873                 6.391813                    19.512509                
-10.42      162.43       89.22                97.27                  4.052781                       0.000000                        9.280671                 2.739142                    16.072594                
-10.15      161.96       88.81                97.05                  4.061759                       0.000000                        9.285235                 2.282472                    15.629466                
-9.85       161.33       85.98                95.49                  4.047131                       0.000000                        9.237244                 3.742185                    17.026560                
-9.45       160.94       91.66                98.59                  4.018245                       0.000000                        9.244614                 3.089968                    16.352827                
-9.13       160.67       89.71                97.54                  4.030079                       0.000000                        9.235050                 2.617006                    15.882134                
-8.32       159.71       90.91                98.19                  4.186591                       0.000000                        9.150446                 4.140963                    17.478000                
-7.88       159.14       87.25                96.19                  4.170252                       0.000000                        9.239838                 3.517488                    16.927579                
-7.45       158.58       76.95                90.33                  4.241517                       0.000000                        9.015714                 5.651574                    18.908805                
-7.15       158.24       67.00                84.29                  4.322779                       0.000000                        8.043780                 9.842121                    22.208680                
-6.75       157.31       58.79                78.96                  4.461802                       0.000000                        7.644738                 13.639069                   25.745609                
-6.36       156.38       59.24                79.26                  4.747019                       0.000000                        7.620779                 10.178840                   22.546638                
-5.96       155.45       75.72                89.61                  4.504365                       0.000000                        8.880952                 4.449928                    17.835246                
-5.33       154.56       94.78                100.25                 4.309893                       0.000000                        9.215527                 5.515612                    19.041032                
-4.69       153.68       101.09               103.54                 4.089525                       0.000000                        8.886099                 6.612989                    19.588613                
-4.22       153.27       103.50               104.76                 4.078189                       0.000000                        8.679290                 7.441851                    20.199330                
-3.90       152.64       98.00                101.95                 4.055896                       0.000000                        9.072158                 4.741587                    17.869641                
-3.81       151.86       85.52                95.23                  4.049767                       0.000000                        9.241363                 2.708203                    15.999333                
====================Subduction_Zone_81====================
-12.06      170.59       70.59                86.52                  4.357626                       0.000000                        8.312118                 7.029267                    19.699011                
-13.02      171.58       61.67                80.87                  4.264275                       0.000000                        7.622591                 9.389327                    21.276193                
-13.55      172.03       41.22                66.11                  4.201219                       0.000000                        7.248134                 20.632337                   32.081690                
-14.09      172.48       14.68                39.45                  4.169266                       0.000000                        5.506332                 29.840419                   39.516017                
-14.89      172.92       17.86                43.52                  4.342868                       0.000000                        5.736679                 32.161755                   42.241303                
-15.26      173.27       26.62                53.13                  4.489349                       0.000000                        6.071201                 33.076927                   43.637478                
====================Subduction_Zone_82====================
-15.20      174.42       25.87                52.38                  4.797626                       0.000000                        6.745057                 34.166632                   45.709315                
-15.34      174.95       25.88                52.39                  4.401839                       0.000000                        6.360151                 36.304873                   47.066863                
-15.49      175.48       27.26                53.76                  4.358869                       0.000000                        6.158588                 3.122975                    13.640432                
-15.72      176.28       21.69                47.96                  4.397298                       0.000000                        6.306693                 36.209662                   46.913652                
-15.96      177.08       20.38                46.49                  4.525423                       0.000000                        5.806225                 32.549760                   42.881409                
-16.03      177.94       0.83                 10.00                  3.967040                       0.000000                        2.471009                 1.213638                    7.651686                 
-16.12      178.54       0.91                 10.00                  3.964450                       0.000000                        2.545530                 1.375818                    7.885798                 
-16.22      179.14       0.83                 10.00                  3.963258                       0.000000                        2.219364                 1.265530                    7.448152                 
-16.32      -179.53      43.25                67.72                  4.080162                       0.000000                        7.684196                 29.157847                   40.922204                
-16.81      -178.76      76.32                89.96                  4.271619                       0.000000                        8.860516                 12.287727                   25.419862                
-17.50      -178.37      83.70                94.21                  4.274615                       0.000000                        9.276377                 1.888140                    15.439132                
-18.44      -177.86      83.23                93.94                  4.101822                       0.000000                        9.314195                 1.974375                    15.390393                
-18.95      -177.81      82.39                93.47                  4.092309                       0.000000                        9.317047                 2.591582                    16.000938                
-19.47      -177.77      81.21                92.80                  4.078691                       0.000000                        9.345553                 3.459132                    16.883376                
-20.15      -178.03      81.05                92.71                  4.112091                       0.000000                        9.273342                 3.856431                    17.241864                
-20.70      -177.94      78.07                90.99                  4.228886                       0.000000                        9.227112                 3.601292                    17.057290                
-21.25      -177.84      80.53                92.41                  4.223216                       0.000000                        9.224341                 3.195319                    16.642876                
-22.20      -177.76      83.72                94.22                  4.635899                       0.000000                        9.286908                 1.955365                    15.878172                
-23.14      -177.68      81.89                93.19                  4.280243                       0.000000                        9.258867                 2.365317                    15.904427                
-23.92      -177.76      76.46                90.04                  4.431172                       0.000000                        9.014915                 3.923392                    17.369480                
-24.69      -177.84      74.11                88.65                  4.286780                       0.000000                        9.024365                 3.692400                    17.003545                
-25.47      -177.92      75.48                89.47                  4.281939                       0.000000                        8.874361                 3.639278                    16.795578                
-26.16      -177.84      73.62                88.36                  4.238639                       0.000000                        8.819102                 3.632228                    16.689969                
-26.85      -177.77      74.66                88.98                  4.199964                       0.000000                        8.764005                 3.436282                    16.400251                
-27.68      -177.56      72.21                87.51                  4.199102                       0.000000                        8.430585                 3.518979                    16.148666                
-28.51      -177.29      78.63                91.31                  4.181604                       0.000000                        9.225395                 3.596619                    17.003618                
-29.33      -177.03      86.19                95.61                  3.964527                       0.000000                        9.194848                 2.163986                    15.323360                
====================Subduction_Zone_83====================
-39.58      -180.00      114.38               110.13                 3.730246                       0.000000                        8.768360                 4.866410                    17.365016                
-38.85      -179.59      113.85               109.88                 3.730200                       0.000000                        8.683185                 4.793431                    17.206815                
-38.12      -179.17      113.33               109.63                 3.730151                       0.000000                        8.596296                 4.834795                    17.161242                
-37.38      -178.76      112.81               109.37                 3.730101                       0.000000                        8.512290                 5.079291                    17.321682                
-36.80      -178.59      106.28               106.16                 3.741510                       0.000000                        8.371675                 6.438427                    18.551613                
-36.21      -178.42      96.71                101.27                 3.770343                       0.000000                        9.138401                 6.299887                    19.208632                
-35.97      -178.25      94.10                99.89                  3.785447                       0.000000                        9.239383                 5.806879                    18.831709                
-35.46      -178.10      85.73                95.35                  3.826458                       0.000000                        9.242024                 2.651493                    15.719975                
-34.95      -177.96      77.40                90.60                  3.887235                       0.000000                        9.093006                 2.793401                    15.773643                
-34.27      -177.79      64.08                82.44                  4.011435                       0.000000                        7.865796                 5.542601                    17.419832                
-33.59      -177.62      68.63                85.31                  3.999126                       0.000000                        8.375116                 5.019205                    17.393447                
-32.74      -177.50      73.24                88.13                  3.987724                       0.000000                        9.030555                 4.043610                    17.061889                
-31.89      -177.38      79.59                91.87                  3.980315                       0.000000                        9.293812                 2.363686                    15.637814                
-31.03      -177.26      81.78                93.12                  3.965500                       0.000000                        9.240907                 2.080168                    15.286575                
-30.18      -177.15      85.97                95.48                  3.966136                       0.000000                        9.213233                 2.008840                    15.188209                
-29.33      -177.03      86.19                95.61                  3.964527                       0.000000                        9.194848                 2.163986                    15.323360                
====================Subduction_Zone_84====================
-43.95      178.18       117.27               111.52                 3.730199                       0.000000                        9.134332                 84.870931                   97.735463                
-43.77      178.40       117.28               111.52                 3.730247                       0.000000                        9.137080                 73.506065                   86.373391                
-43.59      178.51       117.16               111.46                 3.730216                       0.000000                        9.137386                 6.280766                    19.148368                
-43.37      178.64       116.99               111.38                 3.730227                       0.000000                        9.111414                 6.169541                    19.011182                
-43.20      178.74       116.87               111.33                 3.730195                       0.000000                        9.112123                 6.148348                    18.990665                
-42.97      178.88       116.71               111.25                 3.730183                       0.000000                        9.096697                 6.140070                    18.966950                
-42.63      179.08       116.46               111.13                 3.730186                       0.000000                        9.057655                 5.986495                    18.774337                
-42.21      179.20       116.18               111.00                 3.730196                       0.000000                        9.025147                 5.736822                    18.492165                
-41.64      179.38       115.79               110.81                 3.730209                       0.000000                        8.976856                 5.423232                    18.130297                
-40.96      179.58       115.32               110.59                 3.730203                       0.000000                        8.931214                 5.160498                    17.821915                
====================Subduction_Zone_85====================
20.90       -105.98      2.95                 17.68                  4.009189                       0.000000                        3.720650                 4.616235                    12.346074                
20.98       -106.06      2.84                 17.37                  4.093303                       0.000000                        3.681377                 4.616235                    12.390915                
21.38       -106.80      0.53                 10.00                  4.200046                       0.000000                        2.289286                 1.433189                    7.922522                 
21.89       -107.73      2.34                 15.77                  4.235978                       0.000000                        3.497413                 4.035449                    11.768840                
22.38       -108.38      3.51                 19.29                  4.354844                       0.000000                        3.907418                 6.269794                    14.532056                
22.88       -109.04      4.54                 21.93                  4.125190                       0.000000                        4.196459                 7.657584                    15.979233                
23.79       -109.89      5.42                 23.97                  4.141548                       0.000000                        4.410333                 9.594843                    18.146723                
24.70       -110.74      6.21                 25.66                  4.083734                       0.000000                        4.600676                 11.143231                   19.827640                
25.44       -111.48      6.86                 26.96                  4.101930                       0.000000                        4.725835                 12.045050                   20.872816                
26.18       -112.21      7.07                 27.38                  4.164934                       0.000000                        4.734891                 12.068894                   20.968719                
26.97       -112.73      7.03                 27.30                  4.043195                       0.000000                        4.719288                 11.673069                   20.435552                
27.24       -112.85      6.88                 27.01                  4.016976                       0.000000                        4.694287                 11.565732                   20.276995                
27.58       -113.01      6.59                 26.44                  3.997403                       0.000000                        4.648957                 11.005535                   19.651896                
28.10       -113.28      6.45                 26.15                  4.010355                       0.000000                        4.621634                 11.071821                   19.703811                
28.56       -113.53      6.68                 26.62                  4.028470                       0.000000                        4.665170                 11.560817                   20.254457                
====================Subduction_Zone_86====================
52.36       -129.07      6.49                 26.23                  7.764450                       5.169858                        4.629472                 10.982368                   28.546148                
52.26       -128.90      6.25                 25.74                  7.270170                       5.093859                        4.583015                 9.810796                    26.757840                
52.16       -128.64      5.98                 25.19                  7.106075                       5.062759                        4.530081                 9.118313                    25.817228                
52.02       -128.37      5.59                 24.35                  7.058592                       5.051310                        4.171642                 8.876762                    25.158306                
51.85       -128.05      4.65                 22.21                  5.537095                       3.488976                        4.039814                 7.214207                    20.280092                
====================Subduction_Zone_87====================
61.74       -142.26      33.67                59.75                  3.943665                       0.000000                        7.153246                 31.193000                   42.289912                
61.38       -143.26      34.84                60.78                  3.919067                       0.000000                        7.239134                 28.648387                   39.806588                
61.02       -144.26      35.84                61.65                  3.898392                       0.000000                        7.313258                 26.051802                   37.263452                
60.66       -145.26      36.80                62.47                  3.881339                       0.000000                        7.389932                 23.341749                   34.613020                
60.31       -146.25      37.67                63.20                  3.866952                       0.000000                        7.459260                 21.184994                   32.511206                
59.95       -147.25      38.43                63.84                  3.854587                       0.000000                        7.522666                 19.235132                   30.612386                
59.59       -148.25      38.94                64.26                  3.859368                       0.000000                        7.563203                 18.566726                   29.989297                
59.17       -149.11      39.42                64.66                  3.853954                       0.000000                        7.599921                 17.958051                   29.411926                
58.76       -149.97      39.92                65.06                  3.837401                       0.000000                        7.634574                 16.954762                   28.426737                
58.34       -150.84      40.22                65.31                  3.837087                       0.000000                        7.655454                 16.816052                   28.308593                
57.93       -151.70      40.03                65.15                  3.879268                       0.000000                        7.641713                 17.095427                   28.616407                
57.51       -152.56      38.02                63.49                  4.331821                       0.000000                        7.491832                 20.558426                   32.382079                
57.08       -153.43      36.94                62.59                  4.475554                       0.000000                        7.399983                 24.226032                   36.101569                
56.70       -154.14      36.09                61.87                  4.489526                       0.000000                        7.333081                 26.089308                   37.911915                
56.56       -154.67      35.95                61.75                  4.498467                       0.000000                        7.322213                 27.869476                   39.690155                
56.41       -155.20      35.82                61.63                  4.507682                       0.000000                        7.312039                 27.301192                   39.120913                
56.16       -155.86      35.46                61.32                  4.531907                       0.000000                        7.284580                 30.253195                   42.069683                
55.84       -156.65      34.94                60.87                  4.566929                       0.000000                        7.246803                 28.006497                   39.820230                
55.52       -157.54      34.50                60.49                  4.611964                       0.000000                        7.215277                 30.410150                   42.237391                
55.31       -158.22      34.26                60.28                  4.621770                       0.000000                        7.198028                 30.474580                   42.294378                
55.11       -159.08      34.29                60.30                  4.628101                       0.000000                        7.199724                 31.773012                   43.600837                
54.92       -159.94      34.33                60.34                  4.560188                       0.000000                        7.199834                 30.632680                   42.392703                
54.72       -160.80      36.67                62.36                  4.324296                       0.000000                        7.377881                 26.774908                   38.477084                
54.53       -161.66      36.44                62.17                  4.316950                       0.000000                        7.360196                 26.166630                   37.843775                
54.33       -162.53      36.24                62.00                  4.319919                       0.000000                        7.344619                 26.892011                   38.556550                
54.15       -163.41      35.98                61.77                  4.329988                       0.000000                        7.324348                 26.887883                   38.542219                
53.96       -164.30      35.68                61.51                  4.337437                       0.000000                        7.301050                 28.974585                   40.613073                
53.78       -165.19      35.35                61.23                  4.325230                       0.000000                        7.277028                 30.526414                   42.128673                
53.60       -166.08      35.05                60.97                  4.308132                       0.000000                        7.254868                 29.706927                   41.269928                
53.42       -166.97      34.76                60.72                  4.301588                       0.000000                        7.233906                 31.747248                   43.282741                
53.23       -167.86      34.46                60.45                  4.296507                       0.000000                        7.212001                 29.662008                   41.170516                
53.06       -168.78      37.10                62.73                  4.304770                       0.000000                        7.483004                 23.380916                   35.168690                
52.89       -169.69      37.17                62.78                  4.290304                       0.000000                        7.444111                 23.313521                   35.047936                
52.71       -170.61      37.02                62.66                  4.284721                       0.000000                        7.406336                 24.727062                   36.418119                
52.54       -171.53      36.25                62.00                  4.285048                       0.000000                        7.344975                 27.013590                   38.643613                
52.36       -172.44      35.78                61.60                  4.284852                       0.000000                        7.309233                 28.718387                   40.312472                
52.30       -173.33      35.11                61.02                  4.274893                       0.000000                        7.258977                 28.948407                   40.482276                
52.24       -174.21      34.43                60.43                  4.260223                       0.000000                        7.233494                 30.446991                   41.940707                
52.18       -175.10      33.76                59.84                  4.255326                       0.000000                        7.162487                 32.415661                   43.833474                
52.12       -175.98      33.40                59.51                  4.281055                       0.000000                        7.136584                 33.205037                   44.622676                
52.05       -176.87      33.54                59.64                  4.699718                       0.000000                        7.145639                 32.712382                   44.557739                
51.99       -177.75      34.13                60.16                  4.417923                       0.000000                        7.177960                 32.316811                   43.912694                
51.93       -178.64      33.94                59.99                  4.221192                       0.000000                        7.175299                 32.972707                   44.369198                
52.13       178.73       37.55                63.11                  4.808560                       0.000000                        7.449593                 25.017542                   37.275695                
52.22       177.95       39.63                64.83                  4.694826                       0.000000                        7.614267                 20.509331                   32.818424                
52.31       177.18       41.70                66.50                  4.416524                       0.000000                        7.728999                 17.595534                   29.741057                
52.41       176.40       42.75                67.33                  4.425371                       0.000000                        7.753511                 16.922790                   29.101672                
52.50       175.63       44.36                68.59                  4.429305                       0.000000                        7.748437                 15.656650                   27.834392                
52.74       174.81       46.10                69.92                  4.408649                       0.000000                        7.707431                 13.302375                   25.418455                
52.98       174.00       79.91                92.05                  4.057580                       0.000000                        9.210633                 3.425592                    16.693805                
53.21       173.18       94.75                100.24                 4.009774                       0.000000                        9.235798                 5.247625                    18.493197                
53.45       172.37       94.06                99.87                  3.991304                       0.000000                        9.264069                 4.742259                    17.997632                
53.68       171.55       93.02                99.32                  3.990671                       0.000000                        9.285553                 4.538005                    17.814229                
54.02       170.70       91.86                98.70                  3.993275                       0.000000                        9.300858                 3.908117                    17.202251                
54.35       169.84       74.30                88.77                  4.062699                       0.000000                        9.281513                 2.690241                    16.034453                
====================Subduction_Zone_88====================
54.35       169.84       74.30                88.77                  4.062699                       0.000000                        9.281513                 2.690241                    16.034453                
54.29       169.46       75.16                89.27                  4.122026                       0.000000                        8.828522                 5.319044                    18.269592                
54.24       168.81       71.73                87.22                  4.156037                       0.000000                        8.449297                 5.590671                    18.196006                
54.20       168.16       68.17                85.02                  4.194789                       0.000000                        8.186130                 5.278892                    17.659811                
54.23       167.25       71.08                86.82                  4.126062                       0.000000                        8.341332                 5.405614                    17.873008                
54.16       166.26       80.47                92.38                  4.016165                       0.000000                        9.280293                 3.203854                    16.500312                
54.08       165.26       89.65                97.50                  3.943579                       0.000000                        9.253141                 3.950692                    17.147412                
54.01       164.27       92.39                98.98                  3.898874                       0.000000                        9.301280                 4.130267                    17.330421                
53.94       163.28       92.21                98.89                  3.896494                       0.000000                        9.301620                 4.053516                    17.251630                
53.87       162.29       91.06                98.27                  3.903664                       0.000000                        9.270265                 3.250588                    16.424517                
53.79       161.60       88.76                97.02                  3.915142                       0.000000                        9.213069                 3.970106                    17.098316                
53.71       160.91       86.12                95.57                  3.930880                       0.000000                        9.241095                 4.250332                    17.422308                
53.64       160.22       86.39                95.72                  3.939538                       0.000000                        9.240079                 3.130615                    16.310232                
====================Subduction_Zone_89====================
53.64       160.22       86.39                95.72                  3.939538                       0.000000                        9.240079                 3.130615                    16.310232                
53.34       159.92       87.90                96.55                  3.914587                       0.000000                        9.228082                 3.346524                    16.489192                
52.43       159.03       92.64                99.11                  3.899760                       0.000000                        9.295600                 4.458676                    17.654036                
51.63       158.03       93.50                99.57                  3.900237                       0.000000                        9.282219                 4.835152                    18.017609                
51.16       157.27       93.82                99.74                  3.917762                       0.000000                        9.271026                 5.141124                    18.329912                
50.70       156.52       95.16                100.45                 4.083768                       0.000000                        9.210731                 5.427271                    18.721770                
50.23       155.76       95.59                100.68                 4.091851                       0.000000                        9.189233                 5.919837                    19.200922                
49.76       155.00       96.01                100.90                 4.102153                       0.000000                        9.174667                 5.973261                    19.250081                
49.19       154.34       96.70                101.27                 4.110821                       0.000000                        9.139576                 6.469753                    19.720149                
48.63       153.68       97.44                101.65                 4.110243                       0.000000                        9.096332                 6.830360                    20.036934                
47.95       153.01       98.01                101.95                 4.095939                       0.000000                        9.075041                 7.286939                    20.457919                
47.31       152.04       95.11                100.43                 4.102393                       0.000000                        9.195482                 5.477362                    18.775237                
46.66       151.07       99.23                102.58                 3.901247                       0.000000                        8.988891                 7.886294                    20.776432                
46.31       150.24       103.82               104.93                 3.863383                       0.000000                        8.629173                 8.791475                    21.284031                
45.96       149.41       109.28               107.65                 4.553416                       0.908237                        8.249351                 7.506948                    21.217952                
45.57       148.70       110.52               108.26                 6.298335                       3.639745                        8.277654                 5.553079                    23.768813                
45.18       147.99       110.07               108.04                 4.164904                       0.274562                        8.240409                 5.058538                    17.738413                
44.78       147.25       113.05               109.49                 3.832068                       0.000000                        8.551405                 5.075931                    17.459403                
44.38       146.50       113.23               109.58                 3.830767                       0.000000                        8.579744                 5.037418                    17.447929                
44.00       145.80       113.39               109.66                 3.829570                       0.000000                        8.606744                 4.944139                    17.380453                
43.62       145.10       112.17               109.07                 4.321683                       0.841005                        8.509707                 5.630422                    19.302817                
43.23       144.40       110.63               108.31                 4.877088                       1.894232                        8.242114                 6.599132                    21.612567                
42.96       143.83       109.41               107.71                 4.878536                       1.894232                        8.186627                 7.455029                    22.414424                
42.68       143.27       108.15               107.09                 4.880076                       1.894232                        8.210517                 9.240025                    24.224850                
42.14       142.56       106.74               106.39                 4.881455                       1.909266                        8.269051                 9.871427                    24.931200                
41.60       141.84       105.21               105.62                 4.886475                       1.924300                        8.494970                 10.021069                   25.326814                
41.45       141.64       105.26               105.65                 4.886537                       1.924300                        8.509165                 10.021069                   25.341070                
====================Subduction_Zone_90====================
21.67       144.77       120.44               113.01                 3.870070                       0.000000                        9.291068                 9.415771                    22.576909                
22.31       144.77       120.06               112.84                 3.870227                       0.000000                        9.283424                 9.066303                    22.219954                
23.31       144.72       118.88               112.28                 3.870790                       0.000000                        9.241738                 8.065284                    21.177812                
23.81       144.79       118.41               112.06                 3.871208                       0.000000                        9.214756                 7.337376                    20.423340                
24.31       144.86       117.76               111.75                 3.891694                       0.000000                        9.173548                 6.965999                    20.031241                
25.31       144.80       116.15               110.98                 3.950419                       0.000000                        9.021909                 6.330681                    19.303009                
26.29       144.36       114.55               110.22                 3.951777                       0.000000                        8.846400                 4.924350                    17.722527                
27.28       144.01       115.19               110.52                 3.964893                       0.000000                        8.867128                 5.877712                    18.709733                
28.27       143.66       116.12               110.97                 3.965653                       0.000000                        8.988697                 5.709879                    18.664229                
29.26       143.51       114.79               110.33                 3.932871                       0.000000                        8.833398                 5.088650                    17.854918                
30.25       143.35       113.32               109.62                 3.932904                       0.000000                        8.594467                 4.952613                    17.479984                
31.25       143.29       111.45               108.71                 4.081536                       0.000000                        8.322518                 5.704619                    18.108673                
32.25       143.23       109.45               107.73                 4.081204                       0.000000                        8.187371                 7.536435                    19.805010                
33.07       143.06       107.71               106.87                 4.081023                       0.000000                        8.237045                 9.240603                    21.558670                
33.89       142.90       105.98               106.01                 4.080844                       0.000000                        8.402684                 10.041553                   22.525081                
34.79       142.80       104.16               105.10                 4.080614                       0.000000                        8.621274                 10.062547                   22.764435                
35.68       142.70       102.35               104.18                 4.080396                       0.000000                        8.810825                 9.735421                    22.626643                
36.45       142.56       103.55               104.79                 3.968735                       0.000000                        8.692423                 9.653675                    22.314834                
37.23       142.43       102.83               104.43                 3.915702                       0.000000                        8.772261                 9.180673                    21.868637                
38.11       142.39       101.02               103.50                 3.870672                       0.000000                        8.910485                 8.111265                    20.892422                
38.99       142.36       112.64               109.29                 3.767807                       0.000000                        8.499910                 5.300798                    17.568515                
39.81       142.12       109.33               107.67                 4.868938                       1.864165                        8.193766                 7.159669                    22.086539                
40.63       141.88       105.58               105.81                 4.882132                       1.911422                        8.442283                 9.340574                    24.576410                
41.45       141.64       105.26               105.65                 4.886537                       1.924300                        8.509165                 10.021069                   25.341070                
====================Subduction_Zone_91====================
8.17        143.31       127.20               116.14                 4.222871                       0.000000                        9.481326                 5.890899                    19.595096                
8.35        143.98       133.59               119.02                 4.241914                       0.000000                        9.758492                 5.381436                    19.381842                
8.53        144.66       134.93               119.62                 4.222373                       0.000000                        9.821214                 4.404633                    18.448220                
8.96        145.33       135.80               120.00                 4.197399                       0.000000                        9.859767                 4.341233                    18.398399                
9.40        146.00       136.58               120.35                 4.177730                       0.000000                        9.892574                 4.043268                    18.113572                
9.83        146.67       137.28               120.65                 4.178856                       0.000000                        9.918896                 3.649269                    17.747022                
10.62       147.14       137.02               120.54                 4.180644                       0.000000                        9.909325                 3.824699                    17.914668                
11.41       147.62       136.75               120.42                 4.182835                       0.000000                        9.899279                 4.039861                    18.121975                
12.34       147.77       135.88               120.04                 4.162004                       0.000000                        9.863510                 4.316381                    18.341895                
13.28       147.92       135.22               119.75                 4.118296                       0.000000                        9.833330                 4.348580                    18.300207                
13.92       148.03       134.64               119.49                 4.092940                       0.000000                        9.807426                 4.438578                    18.338945                
14.56       148.14       133.93               119.18                 4.070066                       0.000000                        9.774554                 4.806357                    18.650976                
15.16       148.24       133.42               118.95                 4.096055                       0.000000                        9.749817                 5.144896                    18.990769                
15.75       148.33       132.59               118.58                 4.088129                       0.000000                        9.710290                 6.020366                    19.818785                
16.27       148.27       131.59               118.13                 4.049869                       0.000000                        9.663702                 6.579798                    20.293369                
16.78       148.21       130.52               117.65                 4.015079                       0.000000                        9.615422                 7.674780                    21.305280                
17.34       147.91       129.22               117.06                 3.991990                       0.000000                        9.559531                 8.398836                    21.950357                
17.89       147.61       128.10               116.55                 3.991765                       0.000000                        9.514324                 10.754587                   24.260676                
18.47       147.12       126.80               115.96                 3.990919                       0.000000                        9.465609                 12.507771                   25.964299                
19.06       146.63       125.50               115.37                 3.990099                       0.000000                        9.421723                 13.618249                   27.030071                
19.63       146.24       124.30               114.81                 3.989626                       0.000000                        9.385632                 12.980975                   26.356233                
20.20       145.85       123.11               114.26                 3.989170                       0.000000                        9.354031                 12.207563                   25.550764                
20.77       145.46       121.91               113.70                 3.990112                       0.000000                        9.350810                 11.016361                   24.357284                
21.34       145.07       120.97               113.26                 3.870436                       0.000000                        9.311939                 9.468586                    22.650962                
21.67       144.77       120.44               113.01                 3.870070                       0.000000                        9.291068                 9.415771                    22.576909                
====================Subduction_Zone_92====================
8.17        143.31       127.20               116.14                 4.222871                       0.000000                        9.481326                 5.890899                    19.595096                
8.29        143.43       131.94               118.29                 4.246202                       0.000000                        9.666654                 7.042607                    20.955463                
====================Subduction_Zone_93====================
8.29        143.43       131.94               118.29                 4.246202                       0.000000                        9.666654                 7.042607                    20.955463                
7.84        144.35       135.25               119.76                 4.249020                       0.000000                        9.835779                 4.562610                    18.647408                
7.40        145.26       138.14               121.03                 4.301600                       0.000000                        9.948508                 3.170759                    17.420867                
6.95        146.18       142.50               122.93                 4.510674                       0.000000                        10.026851                2.011059                    16.548584                
6.51        147.09       144.26               123.69                 3.989036                       0.000000                        10.025650                2.160976                    16.175662                
6.06        148.01       142.14               122.77                 3.917231                       0.000000                        10.016223                2.410631                    16.344085                
5.61        148.93       137.08               120.57                 3.926489                       0.000000                        9.910147                 4.987348                    18.823984                
5.17        149.84       132.22               118.41                 3.936062                       0.000000                        9.695083                 7.407301                    21.038446                
5.15        150.57       142.49               122.92                 3.987071                       0.000000                        10.014950                3.452110                    17.454131                
5.13        151.29       153.34               125.00                 4.048206                       0.000000                        9.524369                 1.332483                    14.905057                
====================Subduction_Zone_94====================
-3.81       151.86       85.52                95.23                  4.049767                       0.000000                        9.241363                 2.708203                    15.999333                
-2.92       151.91       76.76                90.22                  4.047987                       0.000000                        8.480638                 3.451487                    15.980112                
-2.04       151.96       112.03               109.00                 4.061960                       0.000000                        10.028831                7.259429                    21.350220                
-1.15       152.01       138.62               121.24                 4.063180                       0.000000                        9.937326                 2.948156                    16.948663                
-0.30       151.90       142.08               122.75                 4.187221                       0.000000                        9.991564                 2.920240                    17.099026                
0.54        151.78       125.34               115.29                 4.204460                       0.000000                        9.421600                 5.338088                    18.964147                
1.39        151.66       118.43               112.07                 4.260861                       0.000000                        9.151762                 5.347361                    18.759984                
2.24        151.54       117.06               111.42                 4.352912                       0.000000                        9.030196                 5.528451                    18.911560                
3.09        151.42       124.41               114.86                 4.591260                       0.000000                        9.397679                 10.285500                   24.274439                
3.94        151.31       136.54               120.33                 4.292749                       0.000000                        9.877762                 4.730863                    18.901374                
4.53        151.30       146.54               124.66                 4.170854                       0.000000                        9.989539                 2.153493                    16.313887                
5.13        151.29       153.34               125.00                 4.048206                       0.000000                        9.524369                 1.332483                    14.905057                
====================Subduction_Zone_95====================
-62.80      -63.06       10.71                33.71                  5.289464                       3.036856                        5.193884                 17.968943                   31.489147                
-62.59      -62.17       11.34                34.68                  4.916871                       1.952022                        5.254133                 19.304818                   31.427844                
-62.38      -61.29       11.71                35.24                  4.799513                       0.000000                        5.288351                 20.374620                   30.462485                
-62.18      -60.40       12.09                35.80                  4.704457                       0.000000                        5.322724                 20.623202                   30.650382                
-61.97      -59.52       13.11                37.29                  4.577274                       0.000000                        5.413721                 22.313456                   32.304451                
-61.83      -58.73       14.20                38.81                  4.519095                       0.000000                        5.477568                 26.084319                   36.080982                
-61.69      -57.95       15.44                40.46                  4.553811                       0.000000                        5.597918                 29.154389                   39.306119                
====================Subduction_Zone_96====================
-64.16      -68.64       5.19                 23.45                  4.112987                       0.000000                        4.352347                 8.813891                    17.279224                
-64.09      -68.39       4.69                 22.30                  4.098140                       0.000000                        4.252557                 8.247515                    16.598212                
-63.92      -67.51       3.39                 18.97                  4.348076                       0.000000                        3.865049                 5.980226                    14.193351                
-63.76      -66.63       3.23                 18.50                  4.512770                       0.000000                        3.823980                 6.248037                    14.584788                
-63.59      -65.74       3.62                 19.58                  5.969081                       3.439333                        4.909044                 11.433897                   25.751356                
-63.43      -65.19       10.15                32.80                  4.628558                       0.087709                        5.264836                 12.601332                   22.582435                
-63.27      -64.65       9.78                 32.20                  6.780003                       4.942595                        5.137528                 17.499855                   34.359981                
-63.09      -64.04       10.22                32.91                  5.373957                       3.200692                        5.169561                 17.400060                   31.144270                
-62.90      -63.44       10.78                33.81                  5.168217                       2.730725                        5.200480                 17.912394                   31.011816                
-62.81      -63.03       10.96                34.09                  5.077837                       2.503023                        5.217524                 17.968943                   30.767328                
====================Subduction_Zone_97====================
-58.13      -68.32       2.90                 17.54                  4.270453                       0.000000                        3.706451                 16.871009                   24.847913                
-58.09      -68.46       2.90                 17.54                  4.270972                       0.000000                        3.706451                 14.062250                   22.039673                
-58.01      -68.73       2.90                 17.54                  4.302505                       0.000000                        3.708308                 8.148783                    16.159596                
-57.96      -68.98       2.90                 17.54                  4.260913                       0.000000                        3.706451                 4.867084                    12.834448                
-57.90      -69.26       2.90                 17.54                  4.257485                       0.000000                        3.706451                 4.867084                    12.831020                
====================Subduction_Zone_98====================
26.17       56.25        98.81                102.36                 4.438083                       0.000000                        9.064321                 11.045807                   24.548211                
25.92       57.00        97.19                101.52                 4.570662                       0.000000                        9.115103                 11.045807                   24.731572                
25.56       57.90        82.19                93.36                  4.722705                       0.000000                        9.332545                 6.808763                    20.864013                
25.20       58.80        80.00                92.11                  4.800415                       0.000000                        9.324885                 8.981184                    23.106484                
25.05       59.43        79.73                91.95                  4.939366                       2.100161                        9.260282                 11.086344                   27.386152                
24.90       60.05        77.92                90.90                  4.999279                       2.278499                        9.194413                 12.113299                   28.585490                
24.76       60.60        78.06                90.98                  5.045854                       2.417702                        9.103661                 12.113299                   28.680516                
24.62       61.14        77.71                90.78                  5.016507                       2.184249                        9.082593                 12.588751                   28.872100                
24.67       61.66        76.80                90.25                  5.000690                       2.124715                        9.135510                 12.588751                   28.849665                
24.72       62.17        77.90                90.89                  4.902319                       1.217262                        9.108215                 12.588751                   27.816548                
24.77       62.82        77.30                90.54                  4.978259                       2.086233                        9.196641                 12.588751                   28.849884                
24.82       63.47        76.61                90.13                  5.028697                       2.309139                        9.108451                 12.588751                   29.035038                
24.82       63.55        77.66                90.75                  5.017672                       2.191691                        9.079729                 12.588751                   28.877842                
====================Subduction_Zone_99====================
-56.35      -34.00       19.41                45.36                  5.567597                       3.598402                        5.996677                 11.326845                   26.489521                
-56.35      -34.00       19.41                45.36                  5.567597                       3.598402                        5.996677                 11.326845                   26.489521                
====================Subduction_Zone_100====================
-60.98      -32.92       22.30                48.63                  5.074708                       2.316241                        5.833804                 28.044205                   41.268959                
-60.81      -32.58       21.08                47.28                  4.749239                       0.135820                        5.911080                 27.677263                   38.473402                
-60.22      -31.98       43.98                68.29                  6.019743                       4.250008                        7.752016                 19.306966                   37.328733                
-59.75      -31.52       51.15                73.65                  27.229223                      5.693158                        7.619501                 13.419240                   53.961123                
-59.02      -31.37       51.90                74.19                  10.459833                      5.414894                        7.615062                 14.318697                   37.808486                
-58.25      -31.72       37.27                62.87                  7.704311                       5.168491                        7.395801                 29.707684                   49.976288                
-58.00      -31.83       34.43                60.43                  7.394555                       5.122599                        7.209211                 34.770081                   54.496446                
-57.57      -32.32       25.90                52.41                  6.335032                       4.870080                        6.442407                 34.314941                   51.962460                
-57.13      -32.80       23.52                49.95                  6.336629                       4.880998                        6.575466                 34.167326                   51.960419                
-56.68      -33.40       23.16                49.56                  6.012379                       4.255260                        6.269320                 27.232502                   43.769461                
-56.35      -34.00       19.41                45.36                  5.567597                       3.598402                        5.996677                 11.326845                   26.489521                
====================Subduction_Zone_101====================
18.06       -102.47      8.20                 29.50                  3.934697                       0.000000                        4.871000                 13.436645                   22.242341                
18.30       -102.86      7.65                 28.48                  3.936599                       0.000000                        4.826220                 12.930272                   21.693091                
18.72       -103.55      7.12                 27.47                  3.961417                       0.000000                        4.740639                 11.567213                   20.269269                
19.23       -104.04      6.89                 27.03                  4.130552                       0.000000                        4.658798                 11.376814                   20.166164                
19.54       -104.43      4.66                 22.24                  3.871564                       0.000000                        4.237592                 9.419783                    17.528939                
19.95       -104.82      4.61                 22.11                  3.848214                       0.000000                        4.208701                 7.339133                    15.396048                
20.56       -104.90      4.27                 21.29                  3.820993                       0.000000                        4.126729                 7.004755                    14.952477                
20.96       -104.89      4.85                 22.69                  3.828874                       0.000000                        4.277346                 6.423584                    14.529804                
21.55       -104.77      3.75                 19.93                  3.829461                       0.000000                        4.261517                 5.430666                    13.521644                
21.76       -104.91      3.48                 19.20                  3.829124                       0.000000                        4.272731                 4.616235                    12.718089                
====================Subduction_Zone_102====================
-2.53       124.58       42.28                66.96                  4.618574                       0.000000                        7.463792                 31.542659                   43.625025                
-1.89       124.93       49.26                72.28                  4.616932                       0.000000                        7.356898                 31.542659                   43.516488                
-0.98       125.72       41.32                66.19                  4.609826                       0.000000                        7.462021                 31.542659                   43.614506                
-0.31       125.89       35.70                61.53                  4.611165                       0.000000                        7.347321                 31.884431                   43.842918                
0.36        126.06       49.50                72.45                  4.513519                       0.000000                        7.337100                 14.625663                   26.476283                
0.95        126.28       99.39                102.66                 4.540275                       0.000000                        9.052488                 7.631134                    21.223897                
1.53        126.51       97.64                101.75                 4.599640                       0.000000                        9.118370                 7.228100                    20.946109                
====================Subduction_Zone_103====================
1.53        126.51       97.64                101.75                 4.599640                       0.000000                        9.118370                 7.228100                    20.946109                
0.98        127.19       97.31                101.58                 4.599998                       0.000000                        9.134820                 7.228100                    20.962918                
0.43        127.88       96.98                101.41                 4.601799                       0.000000                        9.125787                 6.469500                    20.197086                
-0.20       128.82       96.07                100.94                 4.789854                       0.000000                        9.333665                 3.658237                    17.781756                
-0.84       129.75       83.79                94.26                  4.723372                       0.000000                        9.284005                 2.999820                    17.007197                
-1.74       129.68       85.01                94.95                  4.708392                       0.000000                        9.232939                 2.999820                    16.941152                
-2.65       129.60       84.62                94.73                  4.713521                       0.000000                        9.250358                 2.999820                    16.963699                
-3.55       129.53       84.81                94.84                  4.710122                       0.000000                        9.238678                 2.999820                    16.948620                
-4.26       129.61       15.21                40.16                  5.592548                       3.627304                        5.623878                 17.063569                   31.907298                
====================Subduction_Zone_104====================
-8.07       102.91       80.99                92.68                  4.282894                       0.000000                        9.335057                 3.469802                    17.087753                
-8.16       103.36       84.84                94.85                  4.279773                       0.000000                        9.235481                 2.537649                    16.052903                
-8.26       104.34       93.86                99.76                  4.248194                       0.000000                        9.264607                 5.161927                    18.674727                
-8.35       105.32       98.82                102.37                 4.207884                       0.000000                        9.036025                 7.596635                    20.840543                
-8.43       105.85       99.50                102.72                 4.208772                       0.000000                        9.002057                 8.043281                    21.254110                
-8.48       106.21       99.97                102.96                 4.210125                       0.000000                        8.977264                 8.055449                    21.242838                
====================Subduction_Zone_105====================
9.24        90.40        75.91                89.72                  3.975995                       0.000000                        8.798587                 4.341601                    17.116183                
8.45        90.50        73.42                88.24                  3.973238                       0.000000                        8.569893                 4.486016                    17.029147                
7.67        90.60        72.07                87.42                  3.972372                       0.000000                        8.436354                 5.259708                    17.668433                
6.88        90.70        71.06                86.81                  3.971172                       0.000000                        8.311437                 5.643416                    17.926025                
6.04        91.19        69.27                85.71                  3.969744                       0.000000                        8.242952                 6.247928                    18.460624                
5.19        91.67        65.31                83.22                  3.970934                       0.000000                        7.600072                 9.973580                    21.544586                
4.35        92.16        57.02                77.76                  3.972035                       0.000000                        7.608338                 11.749407                   23.329780                
3.36        92.97        51.44                73.86                  4.037891                       0.000000                        7.614013                 11.482787                   23.134691                
2.36        93.78        49.97                72.79                  4.036709                       0.000000                        7.623815                 11.445524                   23.106048                
1.37        94.58        47.60                71.04                  3.968092                       0.000000                        7.666563                 11.860496                   23.495151                
0.58        95.19        44.36                68.58                  3.953409                       0.000000                        7.748815                 14.933751                   26.635975                
-0.21       95.79        41.85                66.62                  4.026442                       0.000000                        7.732936                 17.579288                   29.338665                
-1.00       96.40        38.98                64.29                  4.083468                       0.000000                        7.565825                 21.146463                   32.795756                
-1.79       97.00        34.34                60.35                  4.003016                       0.000000                        7.304221                 29.527278                   40.834516                
-2.67       97.70        41.00                65.94                  3.951366                       0.000000                        7.707744                 21.665331                   33.324441                
-3.55       98.39        45.28                69.29                  3.830917                       0.000000                        7.729721                 14.368908                   25.929546                
-4.42       99.09        46.24                70.02                  3.831484                       0.000000                        7.703675                 13.192224                   24.727383                
-5.32       99.94        56.37                77.31                  4.109566                       0.000000                        7.727753                 10.553364                   22.390683                
-6.21       100.78       67.84                84.82                  4.324363                       0.000000                        8.179585                 6.864807                    19.368755                
-6.79       101.23       69.80                86.04                  4.322852                       0.000000                        8.276228                 5.795087                    18.394167                
-7.43       102.07       72.05                87.41                  4.320052                       0.000000                        8.396392                 5.026511                    17.742955                
-8.07       102.91       80.99                92.68                  4.282894                       0.000000                        9.335057                 3.469802                    17.087753                
====================Subduction_Zone_106====================
36.58       11.08        223.15               125.00                 28.933395                      5.716615                        10.601262                77.508448                   122.759720               
36.59       11.07        223.14               125.00                 28.945174                      5.716615                        10.601214                77.508448                   122.771452               
36.55       10.67        227.26               125.00                 29.113813                      5.716615                        10.621965                77.508448                   122.960841               
36.29       10.09        226.09               125.00                 24.445278                      5.655335                        10.630013                38.769020                   79.499646                
36.17       9.69         189.28               125.00                 5.793684                       4.033672                        9.885140                 38.662361                   58.374858                
35.94       9.43         182.59               125.00                 5.597637                       3.660430                        9.591889                 38.662361                   57.512317                
35.64       8.63         178.24               125.00                 5.546006                       3.558377                        9.296494                 38.662361                   57.063239                
35.84       7.92         6.02                 25.26                  3.989035                       0.000000                        4.537622                 9.820218                    18.346876                
35.49       7.02         5.34                 23.80                  3.994958                       0.000000                        4.392484                 8.529475                    16.916918                
35.43       6.33         4.68                 22.27                  4.003714                       0.000000                        4.232278                 8.007190                    16.243182                
35.20       5.89         4.34                 21.45                  4.007481                       0.000000                        4.143875                 6.803666                    14.955022                
35.28       5.14         7.13                 27.49                  4.041500                       0.000000                        4.962703                 6.049390                    15.053593                
35.23       4.29         2.97                 17.76                  4.026224                       0.000000                        3.835568                 5.520414                    13.382206                
35.17       3.45         1.11                 10.86                  4.069659                       0.000000                        3.328764                 2.887099                    10.285523                
34.95       2.65         0.74                 10.00                  4.072339                       0.000000                        3.382248                 0.756839                    8.211426                 
35.07       2.10         2.05                 14.74                  4.143377                       0.000000                        3.581119                 1.199109                    8.923605                 
35.03       1.26         6.03                 25.28                  4.182422                       0.000000                        4.537037                 8.965575                    17.685034                
34.99       0.41         13.59                37.96                  4.227002                       0.000000                        5.119076                 17.603175                   26.949253                
35.06       -0.44        18.55                44.35                  4.237031                       0.000000                        5.766504                 30.506515                   40.510050                
34.73       -1.26        28.33                54.81                  4.273411                       0.000000                        6.700447                 43.721192                   54.695051                
34.52       -1.81        34.78                60.73                  4.301124                       0.000000                        7.240726                 51.488842                   63.030692                
34.30       -2.37        41.17                66.08                  4.343968                       0.000000                        7.683837                 55.530498                   67.558303                
33.98       -3.04        50.66                73.29                  4.370718                       0.000000                        7.706503                 55.238022                   67.315244                
33.67       -3.70        53.98                75.66                  4.396536                       0.000000                        7.618593                 55.238022                   67.253152                
33.62       -4.66        70.05                86.19                  4.492049                       0.000000                        8.302774                 27.655633                   40.450456                
33.58       -5.62        89.14                97.23                  4.612548                       0.000000                        9.225994                 23.858184                   37.696725                
33.58       -6.14        93.65                99.66                  4.705457                       0.000000                        8.926477                 18.949113                   32.581046                
33.58       -6.66        104.71               105.38                 4.826442                       0.498552                        8.484794                 25.402123                   39.211911                
34.43       -7.18        121.96               113.73                 4.969521                       2.193084                        9.320551                 50.860395                   67.343551                
35.28       -7.71        136.39               120.27                 5.487959                       3.445497                        9.979794                 74.282616                   93.195866                
35.57       -7.01        138.19               121.06                 5.270740                       3.001260                        9.948153                 62.135899                   80.356052                
35.85       -6.31        79.05                91.56                  5.140765                       2.673208                        9.701551                 52.950996                   70.466519                
36.13       -5.61        60.55                80.13                  4.444946                       0.000000                        7.607073                 42.569945                   54.621964                
36.37       -4.84        47.47                70.95                  4.383710                       0.000000                        7.676413                 25.904525                   37.964648                
36.62       -4.06        41.89                66.65                  4.346169                       0.000000                        7.442559                 53.568794                   65.357522                
36.86       -3.28        28.39                54.87                  4.287099                       0.000000                        6.030508                 47.235535                   57.553142                
37.30       -2.51        8.30                 29.67                  4.220963                       0.000000                        4.915874                 11.992661                   21.129499                
37.74       -1.74        5.97                 25.16                  4.207889                       0.000000                        4.527553                 9.989193                    18.724635                
====================Subduction_Zone_107====================
43.71       6.07         12.67                36.65                  7.309960                       4.879190                        5.165747                 17.129461                   34.484359                
43.67       6.17         14.83                39.65                  8.663256                       5.189277                        5.259256                 17.129461                   36.241250                
43.64       6.62         14.39                39.06                  6.499497                       4.513376                        5.079606                 17.129461                   33.221941                
43.63       6.97         13.35                37.63                  8.584469                       5.164356                        5.209889                 17.129461                   36.088175                
43.49       7.33         13.97                38.49                  8.109322                       5.050373                        5.228466                 17.129461                   35.517622                
43.57       7.57         12.02                35.70                  8.951575                       5.268466                        5.375910                 17.129461                   36.725413                
43.58       7.89         12.83                36.88                  7.838159                       5.088221                        5.247693                 17.129461                   35.303533                
43.32       8.40         11.51                34.94                  9.181682                       5.315162                        5.354026                 17.129461                   36.980332                
43.27       8.92         12.35                36.19                  6.439908                       4.901886                        5.344391                 16.023660                   32.709846                
43.14       9.36         12.93                37.02                  6.538517                       4.928022                        5.407164                 16.023660                   32.897363                
42.70       9.82         11.14                34.36                  6.427305                       4.892471                        5.215658                 16.023660                   32.559094                
42.12       10.58        230.15               125.00                 29.570687                      5.716615                        10.615746                120.785757                  166.688805               
41.55       10.73        225.98               125.00                 29.628008                      5.716615                        10.615626                120.785757                  166.746007               
41.06       11.07        226.35               125.00                 29.607688                      5.716615                        10.612079                120.785757                  166.722139               
40.78       11.40        225.69               125.00                 29.764344                      5.716615                        10.614146                120.785757                  166.880862               
40.12       11.88        227.86               125.00                 29.651144                      5.716615                        10.614026                120.785757                  166.767542               
39.56       12.50        225.95               125.00                 29.666689                      5.716615                        10.615444                120.785757                  166.784505               
38.97       12.80        227.08               125.00                 29.434074                      5.716615                        10.621084                136.806862                  182.578635               
38.49       12.82        226.34               125.00                 29.677800                      5.716615                        10.612025                148.265613                  194.272053               
38.12       12.80        225.32               125.00                 29.712965                      5.716615                        10.612297                149.600295                  195.642172               
37.87       12.65        223.39               125.00                 20.790936                      5.609742                        10.597226                149.600295                  186.598200               
37.57       12.47        219.22               125.00                 6.117900                       4.371498                        10.581246                219.019639                  240.090282               
37.27       12.19        218.01               125.00                 6.102411                       4.356432                        10.581606                234.676438                  255.716886               
36.99       11.89        215.31               125.00                 8.228668                       5.085798                        10.569903                234.676438                  258.560806               
36.79       11.47        220.24               125.00                 8.238995                       5.034049                        10.586689                101.008962                  124.868695               
36.58       11.08        223.16               125.00                 28.921938                      5.716615                        10.601311                77.508448                   122.748313               
36.58       11.08        223.15               125.00                 28.933395                      5.716615                        10.601262                77.508448                   122.759720               
====================Subduction_Zone_108====================
42.31       142.78       107.50               106.77                 4.881493                       1.909266                        8.267761                 9.513944                    24.572464                
42.16       142.58       106.82               106.43                 4.881337                       1.909266                        8.262816                 9.871427                    24.924847                
====================Subduction_Zone_109====================
28.21       126.87       75.50                89.48                  4.896353                       1.434431                        8.755779                 3.935137                    19.021701                
28.40       127.04       75.82                89.67                  4.950159                       1.741603                        8.938296                 4.001598                    19.631656                
28.93       127.55       70.86                86.69                  4.077887                       0.000000                        8.414894                 5.310733                    17.803514                
29.46       128.05       65.24                83.18                  3.977111                       0.000000                        8.010559                 7.404273                    19.391943                
30.12       129.00       64.39                82.63                  3.960594                       0.000000                        7.864186                 8.835342                    20.660122                
30.78       129.95       53.72                75.48                  3.894315                       0.000000                        7.628059                 12.844670                   24.367045                
31.22       130.63       42.21                66.90                  3.919825                       0.000000                        7.736280                 13.386391                   25.042497                
31.67       131.30       38.71                64.07                  3.953703                       0.000000                        7.446470                 19.384082                   30.784255                
32.15       132.06       26.69                53.20                  4.005358                       0.000000                        6.548607                 32.978704                   43.532669                
32.57       132.82       22.89                49.27                  4.031641                       0.000000                        6.079900                 34.929897                   45.041438                
32.99       133.54       14.75                39.55                  4.095667                       0.000000                        5.446744                 25.422727                   34.965138                
33.51       134.42       11.37                34.73                  4.601745                       0.000000                        5.259159                 19.733459                   29.594363                
34.05       135.37       11.16                34.40                  4.279151                       0.000000                        5.189968                 18.222148                   27.691267                
34.42       136.08       11.40                34.77                  4.199209                       0.000000                        5.259652                 19.060668                   28.519529                
34.61       136.45       12.41                36.28                  4.331873                       0.000000                        5.351554                 19.288890                   28.972317                
34.80       136.83       12.56                36.49                  4.331806                       0.000000                        5.364393                 22.963862                   32.660061                
34.99       137.23       13.79                38.24                  4.331795                       0.000000                        5.470139                 23.197434                   32.999368                
35.17       137.63       14.64                39.40                  3.753669                       0.000000                        5.538512                 24.436458                   33.728639                
35.41       138.15       14.88                39.72                  3.754692                       0.000000                        5.556954                 24.877023                   34.188669                
35.69       138.77       14.95                39.82                  3.772170                       0.000000                        6.536220                 25.032690                   35.341080                
36.06       139.47       40.15                65.25                  3.816186                       0.000000                        7.632368                 17.303613                   28.752167                
36.47       140.19       54.67                76.14                  3.841205                       0.000000                        7.816447                 11.296599                   22.954251                
36.86       140.64       69.76                86.01                  3.833347                       0.000000                        8.287537                 6.433819                    18.554703                
37.35       141.16       77.94                90.91                  3.846342                       0.000000                        9.252701                 4.836932                    17.935974                
38.11       141.65       89.55                97.45                  3.845367                       0.000000                        9.231151                 4.181342                    17.257861                
38.91       141.93       112.42               109.18                 3.930975                       0.000000                        8.599185                 5.209776                    17.739936                
39.71       142.23       109.98               108.00                 4.868247                       1.864165                        8.210215                 5.817193                    20.759821                
40.31       142.35       107.24               106.64                 4.874617                       1.886304                        8.275414                 8.346849                    23.383184                
40.92       142.48       105.18               105.61                 4.886419                       1.924300                        8.495497                 9.989142                    25.295358                
41.68       142.61       106.22               106.13                 4.884175                       1.923949                        8.399175                 9.961342                    25.168642                
42.31       142.78       107.50               106.77                 4.881493                       1.909266                        8.267761                 9.513944                    24.572464                
====================Subduction_Zone_110====================
42.78       4.11         12.32                36.14                  6.627109                       4.919007                        5.216755                 17.129461                   33.892334                
42.86       3.76         11.59                35.06                  6.345822                       4.585454                        5.114714                 17.129461                   33.175452                
42.98       3.65         11.81                35.38                  6.648245                       4.939232                        5.287172                 17.129461                   34.004110                
43.17       3.63         12.04                35.74                  6.664218                       4.943928                        5.312343                 17.129461                   34.049950                
43.64       3.51         11.27                34.58                  7.798063                       4.921642                        5.168666                 17.129461                   35.017832                
43.85       3.50         11.61                35.08                  6.506317                       4.716260                        5.180323                 17.129461                   33.532362                
44.77       4.37         12.23                36.02                  6.581741                       4.872940                        5.131544                 17.129461                   33.715686                
44.87       4.45         15.69                40.80                  6.668177                       4.872392                        5.251208                 17.129461                   33.921238                
45.02       4.44         14.84                39.67                  6.699397                       4.863206                        5.242333                 17.129461                   33.934398                
45.33       4.80         11.08                34.27                  6.732065                       4.970658                        5.332178                 17.129461                   34.164362                
45.62       5.41         13.69                38.11                  6.277431                       4.401344                        5.062123                 17.129461                   32.870360                
45.68       5.71         13.19                37.39                  7.917904                       4.991290                        5.204716                 17.129461                   35.243371                
45.81       5.90         16.55                41.90                  7.511274                       4.803424                        5.132045                 17.129461                   34.576205                
45.89       6.08         16.95                42.40                  7.517045                       4.900501                        5.177014                 17.129461                   34.724021                
45.93       6.25         12.55                36.48                  7.083951                       4.856900                        5.147897                 17.129461                   34.218209                
46.03       6.40         13.54                37.90                  6.170655                       4.387575                        5.056773                 17.129461                   32.744465                
46.24       7.02         14.29                38.93                  6.442536                       4.502311                        5.076355                 17.129461                   33.150663                
46.45       7.64         15.00                39.88                  6.712026                       4.610357                        5.097960                 17.129461                   33.549805                
46.67       8.06         15.85                41.00                  7.061406                       4.736317                        5.128224                 17.129461                   34.055409                
46.75       8.57         11.76                35.32                  8.884772                       5.251889                        5.349121                 17.129461                   36.615244                
46.83       9.09         16.44                41.76                  7.422425                       4.798747                        5.139918                 17.129461                   34.490552                
46.88       9.68         16.77                42.17                  7.473390                       4.865394                        5.165036                 17.129461                   34.633282                
46.92       10.28        13.27                37.51                  7.526268                       4.937391                        5.188536                 17.129461                   34.781656                
47.04       10.67        16.05                41.26                  6.596418                       4.789913                        5.213539                 17.129461                   33.729331                
47.08       11.24        15.59                40.66                  6.893050                       4.708847                        5.118034                 17.129461                   33.849393                
47.11       11.81        11.11                34.32                  6.572815                       4.700654                        5.095289                 17.129461                   33.498219                
47.18       12.75        12.73                36.74                  6.584933                       4.938463                        5.395128                 16.023660                   32.942183                
47.35       13.60        13.59                37.96                  6.564417                       4.935697                        5.454573                 16.023660                   32.978346                
47.64       14.19        13.67                38.07                  6.418758                       4.901898                        5.417590                 16.023660                   32.761905                
47.89       14.44        11.52                34.95                  6.424722                       4.892721                        5.239831                 16.023660                   32.580934                
48.35       15.16        12.90                36.98                  6.549601                       4.930517                        5.405614                 16.023660                   32.909392                
48.59       15.55        12.75                36.78                  6.594787                       4.940837                        5.397037                 16.023660                   32.956321                
48.87       16.37        13.44                37.75                  6.454293                       4.908916                        5.406242                 16.023660                   32.793111                
48.96       17.06        230.98               125.00                 28.595678                      5.716615                        10.638108                89.239591                   134.189993               
49.04       17.75        226.56               125.00                 28.452232                      5.716615                        10.633725                89.239591                   134.042163               
49.06       18.42        226.92               125.00                 28.552938                      5.716615                        10.634846                89.239591                   134.143991               
49.07       19.10        227.28               125.00                 28.507356                      5.716615                        10.635109                89.239591                   134.098672               
49.09       19.77        226.89               125.00                 28.461389                      5.716615                        10.635656                89.239591                   134.053252               
48.67       20.63        227.03               125.00                 28.563464                      5.716615                        10.635354                89.239591                   134.155024               
48.26       21.48        227.16               125.00                 28.518309                      5.716615                        10.634888                89.239591                   134.109403               
47.80       22.04        226.67               125.00                 28.501879                      5.716615                        10.633051                89.239591                   134.091136               
47.34       22.60        230.78               125.00                 28.478415                      5.716615                        10.638397                89.239591                   134.073018               
46.63       23.26        229.98               125.00                 28.508712                      5.716615                        10.633911                87.818844                   132.678082               
45.93       23.92        230.39               125.00                 27.950640                      5.716615                        10.637470                55.456556                   99.761281                
45.42       23.94        229.52               125.00                 27.450641                      5.716615                        10.633140                55.456556                   99.256953                
44.65       23.96        230.16               125.00                 26.935147                      5.716615                        10.627233                39.095825                   82.374820                
44.38       23.40        230.62               125.00                 27.121894                      5.716615                        10.629155                45.283143                   88.750807                
44.12       22.85        229.12               125.00                 27.311822                      5.716615                        10.631232                50.559922                   94.219591                
44.04       22.24        230.07               125.00                 27.667784                      5.716615                        10.625442                55.456556                   99.466398                
43.95       21.64        230.14               125.00                 28.027540                      5.716615                        10.636265                55.456556                   99.836976                
44.02       21.08        229.74               125.00                 28.485978                      5.716615                        10.633327                67.673631                   112.509552               
44.09       20.52        228.52               125.00                 28.502055                      5.716615                        10.635838                89.239591                   134.094099               
====================Subduction_Zone_111====================
39.67       17.46        229.36               125.00                 27.952185                      5.716615                        10.632426                55.456556                   99.757782                
39.12       17.54        230.60               125.00                 27.519914                      5.716615                        10.638509                55.456556                   99.331595                
38.58       17.62        230.65               125.00                 27.109807                      5.716615                        10.629331                44.720357                   88.176110                
37.71       18.31        229.11               125.00                 26.252782                      5.716615                        10.631154                39.048785                   81.649337                
36.98       18.18        228.34               125.00                 25.780705                      5.716615                        10.627382                40.378076                   82.502778                
36.25       18.12        228.05               125.00                 25.511112                      5.716615                        10.625971                42.683706                   84.537405                
35.72       18.25        225.12               125.00                 24.134946                      5.702277                        10.610830                51.577918                   92.025971                
35.22       18.57        222.15               125.00                 22.348370                      5.555391                        10.595076                109.375952                  147.874788               
34.71       19.14        222.41               125.00                 19.475796                      5.611600                        10.597315                166.929447                  202.614158               
34.19       19.71        222.66               125.00                 23.395741                      5.687150                        10.598845                145.479124                  185.160859               
33.88       20.35        221.52               125.00                 19.790179                      5.633801                        10.598647                135.890055                  171.912682               
33.53       21.14        220.62               125.00                 7.952334                       4.701269                        10.588362                188.526814                  211.768778               
33.28       22.13        214.56               125.00                 6.071826                       4.320596                        10.564624                135.318611                  156.275657               
33.23       22.71        212.56               125.00                 5.964711                       4.182989                        10.547140                107.877792                  128.572632               
33.17       23.30        214.83               125.00                 5.687048                       3.783804                        10.560686                102.703642                  122.735179               
33.06       23.65        225.60               125.00                 5.797199                       3.950785                        10.613538                104.675497                  125.037019               
33.10       24.35        242.32               125.00                 5.994448                       4.230742                        10.877267                117.012265                  138.114723               
33.19       24.92        256.15               125.00                 6.229912                       4.683682                        10.732602                132.886460                  154.532656               
33.44       25.74        281.56               125.00                 7.399628                       5.122459                        3.739111                 124.696209                  140.957408               
33.66       26.61        296.86               125.00                 8.014828                       5.204274                        4.200470                 119.891363                  137.310935               
33.74       27.44        312.57               125.00                 7.893070                       5.186208                        3.267243                 122.767664                  139.114186               
33.82       28.27        318.99               125.00                 7.893899                       5.186208                        7.686773                 135.811047                  156.577928               
33.88       29.20        326.38               125.00                 7.894418                       5.186208                        8.058184                 139.442418                  160.581228               
33.95       30.14        324.91               125.00                 7.970785                       5.195762                        7.032192                 139.929951                  160.128690               
34.24       31.13        328.83               125.00                 8.022434                       5.217646                        5.374635                 139.929951                  158.544666               
34.53       32.13        126.31               115.74                 7.979670                       5.199826                        6.728835                 139.929951                  159.838283               
====================Subduction_Zone_112====================
43.85       5.69         16.54                41.88                  7.439149                       4.819063                        5.147909                 17.129461                   34.535583                
43.85       5.65         15.35                40.35                  6.892665                       4.655113                        5.109510                 17.129461                   33.786750                
44.02       5.77         13.27                37.52                  8.615193                       5.174599                        5.206362                 17.129461                   36.125615                
44.24       6.00         13.72                38.14                  6.182965                       4.423610                        5.058783                 17.129461                   32.794820                
44.42       6.26         15.48                40.52                  7.041561                       4.654463                        5.107935                 17.129461                   33.933420                
44.28       6.91         12.84                36.90                  7.792981                       4.956852                        5.193650                 17.129461                   35.072945                
44.19       7.22         13.52                37.86                  6.916311                       4.969394                        5.136117                 17.129461                   34.151284                
44.16       7.65         13.61                37.99                  6.650252                       4.923053                        5.277190                 17.129461                   33.979957                
44.12       8.19         11.24                34.53                  9.058882                       5.287827                        5.339906                 17.129461                   36.816076                
44.20       8.70         13.00                37.13                  7.961555                       5.134381                        5.270994                 17.129461                   35.496391                
44.37       8.98         12.06                35.77                  8.965553                       5.271006                        5.378162                 17.129461                   36.744183                
44.58       9.66         12.26                36.05                  6.541708                       4.925465                        5.282576                 16.462274                   33.212022                
44.65       10.08        12.31                36.14                  6.395303                       4.887713                        5.292175                 16.023660                   32.598850                
44.68       10.40        13.99                38.51                  6.476292                       4.915711                        5.438216                 16.023660                   32.853878                
44.96       10.90        11.81                35.39                  6.534709                       4.924582                        5.328955                 16.023660                   32.811907                
44.54       11.49        12.64                36.61                  6.507626                       4.917123                        5.307551                 16.023660                   32.755960                
44.10       12.07        225.51               125.00                 29.643498                      5.716615                        10.613263                120.785757                  166.759133               
43.94       12.16        226.06               125.00                 29.601223                      5.716615                        10.615998                120.785757                  166.719593               
43.02       12.28        226.19               125.00                 29.577213                      5.716615                        10.611301                120.785757                  166.690885               
42.22       12.80        225.88               125.00                 29.634635                      5.716615                        10.609731                120.785757                  166.746738               
41.85       13.24        226.17               125.00                 29.628205                      5.716615                        10.611159                120.785757                  166.741737               
41.57       14.07        228.07               125.00                 29.376930                      5.716615                        10.622508                120.785757                  166.501810               
41.29       14.90        226.67               125.00                 28.521077                      5.716615                        10.636029                89.239591                   134.113313               
41.25       15.60        226.75               125.00                 28.418821                      5.716615                        10.633593                89.239591                   134.008621               
41.01       16.22        226.66               125.00                 28.527431                      5.716615                        10.633674                89.239591                   134.117311               
40.86       16.42        226.91               125.00                 29.651315                      5.716615                        10.611056                120.785757                  166.764743               
40.45       17.00        228.56               125.00                 28.419368                      5.716615                        10.633744                89.239591                   134.009318               
40.08       17.16        230.29               125.00                 28.472853                      5.716615                        10.635622                67.673631                   112.498721               
39.67       17.46        229.36               125.00                 27.952185                      5.716615                        10.632426                55.456556                   99.757782                
====================Subduction_Zone_113====================
43.85       5.69         16.54                41.88                  7.439149                       4.819063                        5.147909                 17.129461                   34.535583                
43.85       5.72         12.40                36.27                  7.985832                       4.983658                        5.186094                 17.129461                   35.285046                
====================Subduction_Zone_114====================
-36.46      171.02       26.51                53.03                  5.139974                       2.675774                        6.517910                 36.927111                   51.260768                
-36.50      171.81       26.43                52.94                  5.120161                       2.630879                        6.506413                 37.210641                   51.468093                
-36.63      172.40       26.05                52.56                  5.130817                       2.645912                        6.388950                 37.210641                   51.376320                
-36.75      172.99       25.83                52.33                  4.464164                       0.029542                        6.043013                 36.233134                   46.769852                
-36.98      173.84       20.51                46.63                  4.357910                       0.000000                        5.872957                 33.359207                   43.590074                
-37.26      174.61       18.26                44.00                  4.226931                       0.000000                        5.755312                 31.236235                   41.218479                
-37.73      175.26       18.38                44.15                  4.580346                       0.000000                        5.765591                 31.402997                   41.748933                
-38.17      175.58       20.96                47.15                  4.516631                       0.000000                        5.902560                 32.809952                   43.229144                
-38.49      175.90       19.98                46.03                  4.517180                       0.000000                        5.877696                 29.717008                   40.111884                
====================Subduction_Zone_115====================
-43.95      178.18       117.27               111.52                 3.730199                       0.000000                        9.134332                 84.870931                   97.735463                
-43.77      178.40       117.28               111.52                 3.730247                       0.000000                        9.137080                 73.506065                   86.373391                
-43.59      178.51       117.16               111.46                 3.730216                       0.000000                        9.137386                 6.280766                    19.148368                
-43.37      178.64       116.99               111.38                 3.730227                       0.000000                        9.111414                 6.169541                    19.011182                
-43.20      178.74       116.87               111.33                 3.730195                       0.000000                        9.112123                 6.148348                    18.990665                
-42.97      178.88       116.71               111.25                 3.730183                       0.000000                        9.096697                 6.140070                    18.966950                
-42.63      179.08       116.46               111.13                 3.730186                       0.000000                        9.057655                 5.986495                    18.774337                
-42.21      179.20       116.18               111.00                 3.730196                       0.000000                        9.025147                 5.736822                    18.492165                
-41.64      179.38       115.79               110.81                 3.730209                       0.000000                        8.976856                 5.423232                    18.130297                
-40.96      179.58       115.32               110.59                 3.730203                       0.000000                        8.931214                 5.160498                    17.821915                
====================Subduction_Zone_116====================
52.14       -128.60      5.94                 25.09                  6.993744                       5.041455                        4.520602                 9.116403                    25.672204                
52.02       -128.37      5.59                 24.35                  7.058592                       5.051310                        4.171642                 8.876762                    25.158306                
51.55       -127.46      3.96                 20.50                  4.890981                       1.685749                        4.035915                 6.195821                    16.808465                
51.15       -126.80      3.08                 18.06                  4.379012                       0.000000                        3.766154                 4.900543                    13.045709                
50.79       -125.84      5.68                 24.53                  4.662459                       0.000000                        4.465706                 8.643385                    17.771551                
50.24       -124.97      8.13                 29.35                  4.580047                       0.000000                        4.814858                 13.775071                   23.169976                
49.77       -124.53      8.80                 30.54                  4.536858                       0.000000                        4.984073                 14.374059                   23.894990                
49.39       -124.51      9.42                 31.60                  4.521200                       0.000000                        5.058551                 15.175743                   24.755495                
48.89       -124.43      9.66                 32.01                  4.519305                       0.000000                        5.082151                 16.079353                   25.680809                
48.29       -124.53      9.08                 31.03                  4.481381                       0.000000                        5.017536                 15.688504                   25.187420                
48.06       -124.54      8.90                 30.72                  4.475782                       0.000000                        4.996116                 15.464788                   24.936686                
====================Subduction_Zone_117====================
39.49       -121.60      11.05                34.24                  4.614923                       0.000000                        5.158922                 17.241868                   27.015713                
40.09       -121.95      9.42                 31.60                  4.628309                       0.000000                        5.046733                 15.373642                   25.048684                
41.08       -122.50      7.84                 28.83                  4.669903                       0.000000                        4.756153                 10.337439                   19.763495                
41.79       -122.90      6.75                 26.75                  4.688410                       0.000000                        4.675589                 10.142844                   19.506843                
42.05       -123.04      6.24                 25.73                  4.656286                       0.000000                        4.587573                 10.179700                   19.423559                
42.22       -123.03      6.31                 25.88                  4.662722                       0.000000                        4.600205                 10.179700                   19.442627                
42.39       -123.07      6.14                 25.52                  4.631969                       0.000000                        4.562305                 10.179700                   19.373975                
42.54       -123.10      6.35                 25.95                  4.503926                       0.000000                        4.602674                 11.361378                   20.467978                
42.69       -123.07      6.42                 26.09                  4.506021                       0.000000                        4.615671                 11.361378                   20.483070                
42.76       -122.99      7.09                 27.43                  4.312019                       0.000000                        4.808265                 11.361378                   20.481662                
42.90       -122.99      7.87                 28.90                  4.352923                       0.000000                        4.857276                 11.361378                   20.571577                
42.96       -123.06      7.42                 28.06                  4.315151                       0.000000                        4.850264                 11.361378                   20.526792                
43.26       -123.11      8.49                 30.00                  4.378781                       0.000000                        4.943175                 13.145864                   22.467820                
43.45       -123.12      8.44                 29.91                  4.384603                       0.000000                        4.936775                 13.476012                   22.797390                
43.54       -123.18      8.42                 29.89                  4.334286                       0.000000                        4.935035                 13.476012                   22.745333                
43.66       -123.24      8.64                 30.28                  4.380662                       0.000000                        4.963998                 13.809936                   23.154597                
43.82       -123.33      8.64                 30.27                  4.298697                       0.000000                        4.962382                 14.651288                   23.912367                
44.13       -123.36      8.75                 30.47                  4.254836                       0.000000                        4.978341                 14.591716                   23.824894                
44.32       -123.35      8.81                 30.57                  4.250380                       0.000000                        4.986068                 14.709659                   23.946108                
44.40       -123.33      8.86                 30.65                  4.248575                       0.000000                        4.991409                 14.794121                   24.034105                
44.46       -123.27      9.00                 30.89                  4.247112                       0.000000                        5.008368                 14.911067                   24.166548                
44.72       -123.30      8.97                 30.85                  4.241251                       0.000000                        5.005390                 15.008995                   24.255637                
44.92       -123.31      8.97                 30.84                  4.236785                       0.000000                        5.005078                 15.079240                   24.321102                
45.06       -123.33      8.99                 30.88                  4.237328                       0.000000                        5.008397                 15.046023                   24.291748                
45.12       -123.39      8.91                 30.73                  4.239598                       0.000000                        4.998016                 14.894015                   24.131629                
45.27       -123.41      9.01                 30.91                  4.238287                       0.000000                        5.012485                 15.047337                   24.298110                
45.49       -123.42      9.22                 31.28                  4.235983                       0.000000                        5.035281                 15.351059                   24.622323                
45.86       -123.53      9.18                 31.20                  4.254613                       0.000000                        5.030068                 15.375743                   24.660423                
46.33       -123.71      10.03                32.62                  4.370950                       0.000000                        5.096359                 15.805189                   25.272498                
46.67       -123.86      9.85                 32.31                  4.414895                       0.000000                        5.104751                 16.157467                   25.677113                
47.02       -123.99      9.69                 32.05                  4.423961                       0.000000                        5.077099                 16.407083                   25.908143                
47.34       -124.14      9.47                 31.69                  4.457393                       0.000000                        5.063754                 16.088901                   25.610048                
47.71       -124.26      9.39                 31.56                  4.472168                       0.000000                        5.054695                 15.792016                   25.318879                
48.06       -124.54      8.90                 30.72                  4.475782                       0.000000                        4.996116                 15.464788                   24.936686                
====================Subduction_Zone_118====================
16.19       -98.52       11.52                34.95                  3.958462                       0.000000                        5.270639                 19.580704                   28.809805                
16.29       -98.71       11.35                34.69                  3.958833                       0.000000                        5.254804                 18.927224                   28.140860                
16.50       -99.21       10.87                33.95                  3.959599                       0.000000                        5.209182                 18.511706                   27.680487                
16.82       -100.00      10.17                32.85                  3.943910                       0.000000                        5.139711                 16.916129                   25.999749                
17.14       -100.69      9.66                 32.01                  3.929792                       0.000000                        5.084743                 16.014174                   25.028709                
17.46       -101.38      9.08                 31.02                  3.929970                       0.000000                        4.987835                 14.933092                   23.850897                
17.88       -102.17      8.43                 29.90                  3.933305                       0.000000                        4.903056                 14.298247                   23.134608                
18.30       -102.86      7.65                 28.48                  3.936599                       0.000000                        4.826220                 12.930272                   21.693091                
18.72       -103.55      7.12                 27.47                  3.961417                       0.000000                        4.740639                 11.567213                   20.269269                
19.23       -104.04      6.89                 27.03                  4.130552                       0.000000                        4.658798                 11.376814                   20.166164                
19.54       -104.43      4.66                 22.24                  3.871564                       0.000000                        4.237592                 9.419783                    17.528939                
19.95       -104.82      4.61                 22.11                  3.848214                       0.000000                        4.208701                 7.339133                    15.396048                
20.56       -104.90      4.27                 21.29                  3.820993                       0.000000                        4.126729                 7.004755                    14.952477                
20.96       -104.89      4.85                 22.69                  3.828874                       0.000000                        4.277346                 6.423584                    14.529804                
21.55       -104.77      3.75                 19.93                  3.829461                       0.000000                        4.261517                 5.430666                    13.521644                
21.76       -104.91      3.48                 19.20                  3.829124                       0.000000                        4.272731                 4.616235                    12.718089                
====================Subduction_Zone_119====================
49.52       154.72       96.30                101.05                 4.104029                       0.000000                        9.152896                 6.114594                    19.371520                
49.07       154.20       96.85                101.34                 4.110868                       0.000000                        9.124996                 6.480871                    19.716735                
48.63       153.68       97.44                101.65                 4.110243                       0.000000                        9.096332                 6.830360                    20.036934                
47.95       153.01       98.01                101.95                 4.095939                       0.000000                        9.075041                 7.286939                    20.457919                
47.31       152.04       95.11                100.43                 4.102393                       0.000000                        9.195482                 5.477362                    18.775237                
46.66       151.07       99.23                102.58                 3.901247                       0.000000                        8.988891                 7.886294                    20.776432                
46.31       150.24       103.82               104.93                 3.863383                       0.000000                        8.629173                 8.791475                    21.284031                
45.96       149.41       109.28               107.65                 4.553416                       0.908237                        8.249351                 7.506948                    21.217952                
45.57       148.70       110.52               108.26                 6.298335                       3.639745                        8.277654                 5.553079                    23.768813                
45.18       147.99       110.07               108.04                 4.164904                       0.274562                        8.240409                 5.058538                    17.738413                
44.78       147.25       113.05               109.49                 3.832068                       0.000000                        8.551405                 5.075931                    17.459403                
44.38       146.50       113.23               109.58                 3.830767                       0.000000                        8.579744                 5.037418                    17.447929                
44.00       145.80       113.39               109.66                 3.829570                       0.000000                        8.606744                 4.944139                    17.380453                
43.62       145.10       112.17               109.07                 4.321683                       0.841005                        8.509707                 5.630422                    19.302817                
43.23       144.40       110.63               108.31                 4.877088                       1.894232                        8.242114                 6.599132                    21.612567                
42.96       143.83       109.41               107.71                 4.878536                       1.894232                        8.186627                 7.455029                    22.414424                
42.68       143.27       108.15               107.09                 4.880076                       1.894232                        8.210517                 9.240025                    24.224850                
42.16       142.58       106.82               106.43                 4.881337                       1.909266                        8.262816                 9.871427                    24.924847                
====================Subduction_Zone_120====================
36.35       -118.68      16.27                41.53                  4.519231                       0.000000                        5.652661                 26.899068                   37.070960                
36.99       -119.54      15.82                40.96                  4.458649                       0.000000                        5.661096                 27.701361                   37.821106                
37.57       -120.17      15.74                40.85                  4.661073                       0.000000                        5.562868                 15.441261                   25.665202                
38.42       -120.84      1.83                 13.92                  4.051399                       0.000000                        3.061138                 11.272929                   18.385465                
====================Subduction_Zone_121====================
-39.86      -74.65       24.96                51.45                  4.118317                       0.000000                        6.345071                 36.481870                   46.945259                
-39.84      -74.64       25.07                51.56                  4.130160                       0.000000                        6.355979                 36.462697                   46.948836                
-39.61      -74.55       29.16                55.61                  5.160306                       1.124779                        6.410629                 34.645550                   47.341264                
====================Subduction_Zone_122====================
-4.00       -81.15       30.51                56.88                  3.811367                       0.000000                        6.924031                 32.648226                   43.383624                
-4.57       -81.25       30.25                56.64                  3.812171                       0.000000                        6.897538                 32.747887                   43.457595                
-5.13       -81.35       29.99                56.40                  3.812561                       0.000000                        6.880228                 32.840191                   43.532980                
-5.92       -81.31       29.80                56.21                  3.813732                       0.000000                        6.840911                 32.976779                   43.631422                
-6.71       -81.27       29.54                55.97                  3.814820                       0.000000                        6.823233                 33.091949                   43.730001                
-7.50       -81.23       29.41                55.84                  3.816088                       0.000000                        6.823164                 33.196921                   43.836174                
-8.29       -81.19       29.21                55.65                  3.817362                       0.000000                        6.804854                 30.424313                   41.046529                
-9.08       -80.86       41.24                66.13                  4.199342                       0.000000                        7.707063                 18.879629                   30.786034                
-9.86       -80.52       41.36                66.23                  4.229388                       0.000000                        7.715948                 16.594731                   28.540067                
-10.65      -80.19       41.49                66.33                  4.219973                       0.000000                        7.723083                 13.839638                   25.782694                
-11.55      -79.61       47.28                70.81                  4.193107                       0.000000                        7.674772                 11.132709                   23.000589                
-12.44      -79.03       48.00                71.34                  4.326276                       0.000000                        7.657127                 10.957864                   22.941267                
-13.34      -78.45       48.87                71.99                  4.379403                       0.000000                        7.639677                 10.742769                   22.761849                
-14.23      -77.87       49.77                72.65                  4.398836                       0.000000                        7.626254                 10.688463                   22.713553                
-15.13      -77.29       50.71                73.33                  4.419237                       0.000000                        7.617631                 10.815693                   22.852561                
-16.07      -76.39       52.71                74.77                  4.447687                       0.000000                        7.613590                 11.093679                   23.154955                
-17.02      -75.49       63.72                82.20                  4.480463                       0.000000                        7.785950                 9.423627                    21.690039                
-17.75      -74.62       66.28                83.84                  4.543422                       0.000000                        8.055403                 6.286516                    18.885342                
-18.49      -73.75       69.07                85.58                  4.599647                       0.000000                        8.220259                 5.523638                    18.343544                
-19.09      -73.07       71.39                87.01                  4.634364                       0.000000                        8.338254                 4.688035                    17.660653                
-19.79      -72.42       73.72                88.42                  4.692650                       0.000000                        8.615238                 3.756648                    17.064536                
-20.33      -72.03       81.79                93.13                  4.318435                       0.000000                        9.206289                 2.312162                    15.836886                
-20.73      -71.69       87.24                96.19                  4.185684                       0.000000                        9.185434                 2.036180                    15.407298                
-21.16      -71.52       88.43                96.84                  4.185994                       0.000000                        9.205209                 1.817220                    15.208422                
-21.91      -71.36       90.40                97.91                  4.186156                       0.000000                        9.271796                 2.533139                    15.991091                
-22.77      -71.36       84.92                94.89                  4.379655                       0.000000                        9.241239                 2.498244                    16.119138                
-23.63      -71.35       77.14                90.44                  4.785284                       0.000000                        9.116476                 3.513189                    17.414950                
-24.60      -71.43       75.57                89.52                  5.025568                       2.362233                        8.901826                 3.512895                    19.802522                
-25.58      -71.51       74.40                88.82                  5.242251                       2.912976                        8.694427                 3.852882                    20.702537                
-26.56      -71.59       72.84                87.89                  5.514402                       3.490936                        8.490129                 4.602565                    22.098032                
-27.53      -71.67       71.81                87.26                  5.151886                       2.691798                        8.366236                 4.924551                    21.134471                
-28.35      -71.84       68.90                85.48                  5.415002                       3.295323                        8.220630                 5.531508                    22.462462                
-29.17      -72.02       65.92                83.61                  5.592952                       3.630152                        8.037462                 6.035194                    23.295759                
-30.00      -72.19       62.99                81.73                  5.732389                       3.855383                        7.707639                 9.010278                    26.305688                
-30.82      -72.37       60.08                79.82                  5.802218                       3.970704                        7.572026                 10.082848                   27.427796                
-31.75      -72.60       57.10                77.81                  4.757171                       0.000000                        7.607082                 11.042094                   23.406347                
-32.69      -72.84       53.07                75.02                  4.673747                       0.000000                        7.615064                 11.101223                   23.390034                
-33.62      -73.07       50.33                73.05                  4.601711                       0.000000                        7.620581                 10.832103                   23.054396                
-34.56      -73.30       48.62                71.81                  4.704719                       0.813236                        7.659013                 10.963976                   24.140944                
-35.50      -73.54       44.97                69.06                  4.946869                       2.118573                        7.736183                 13.388264                   28.189888                
-36.43      -73.77       41.01                65.95                  4.929098                       1.869393                        7.741077                 17.340910                   31.880479                
-37.37      -74.00       36.15                61.92                  4.350608                       0.000000                        7.322876                 25.737902                   37.411386                
-38.12      -74.19       34.22                60.24                  4.517167                       0.000000                        7.185252                 30.990537                   42.692956                
-38.86      -74.37       32.72                58.90                  4.461976                       0.000000                        6.983065                 32.340562                   43.785603                
-39.61      -74.55       29.16                55.61                  5.160306                       1.124779                        6.410629                 34.645550                   47.341264                
====================Subduction_Zone_123====================
-4.00       -81.15       30.51                56.88                  3.811367                       0.000000                        6.924031                 32.648226                   43.383624                
-3.61       -81.10       30.68                57.04                  3.811181                       0.000000                        6.932839                 32.568085                   43.312105                
-3.32       -81.07       30.79                57.14                  3.810906                       0.000000                        6.942012                 32.510426                   43.263344                
-3.07       -81.05       30.89                57.23                  3.810663                       0.000000                        6.949728                 32.420056                   43.180447                
-2.85       -81.01       30.99                57.33                  3.810462                       0.000000                        6.957989                 32.420056                   43.188507                
====================Subduction_Zone_124====================
-62.80      -63.06       10.71                33.71                  5.289464                       3.036856                        5.193884                 17.968943                   31.489147                
-62.59      -62.17       11.34                34.68                  4.916871                       1.952022                        5.254133                 19.304818                   31.427844                
-62.38      -61.29       11.71                35.24                  4.799513                       0.000000                        5.288351                 20.374620                   30.462485                
-62.18      -60.40       12.09                35.80                  4.704457                       0.000000                        5.322724                 20.623202                   30.650382                
-61.97      -59.52       13.11                37.29                  4.577274                       0.000000                        5.413721                 22.313456                   32.304451                
-61.83      -58.73       14.20                38.81                  4.519095                       0.000000                        5.477568                 26.084319                   36.080982                
-61.69      -57.95       15.44                40.46                  4.553811                       0.000000                        5.597918                 29.154389                   39.306119                
====================Subduction_Zone_125====================
-58.13      -68.32       2.90                 17.54                  4.270453                       0.000000                        3.706451                 16.871009                   24.847913                
-58.09      -68.46       2.90                 17.54                  4.270972                       0.000000                        3.706451                 14.062250                   22.039673                
-58.01      -68.73       2.90                 17.54                  4.302505                       0.000000                        3.708308                 8.148783                    16.159596                
-57.96      -68.98       2.90                 17.54                  4.260913                       0.000000                        3.706451                 4.867084                    12.834448                
-57.89      -69.27       2.90                 17.54                  4.257365                       0.000000                        3.706451                 4.867084                    12.830900                
-57.82      -69.54       2.90                 17.54                  4.324833                       0.000000                        3.707606                 4.867084                    12.899523                
-57.70      -69.95       2.90                 17.54                  4.245153                       0.000000                        3.706451                 5.269428                    13.221032                
-57.59      -70.39       2.96                 17.72                  4.308485                       0.000000                        3.729704                 5.933819                    13.972008                
-57.42      -71.00       4.22                 21.15                  4.338791                       0.000000                        4.008279                 6.521220                    14.868289                
-57.30      -71.46       5.12                 23.31                  4.338025                       0.000000                        4.249683                 8.844287                    17.431995                
-57.13      -71.89       6.10                 25.42                  4.338811                       0.000000                        4.472563                 10.858672                   19.670046                
-57.03      -72.07       6.55                 26.35                  4.403627                       0.000000                        4.641616                 10.858672                   19.903915                
-56.95      -72.25       7.04                 27.32                  4.397182                       0.000000                        4.647137                 11.161886                   20.206205                
-56.82      -72.53       7.84                 28.83                  4.451877                       0.000000                        4.853825                 12.131776                   21.437478                
-56.71      -72.77       8.28                 29.63                  4.468826                       0.000000                        4.879722                 13.838845                   23.187393                
-56.56      -73.11       8.73                 30.42                  4.472519                       0.000000                        4.992663                 14.572310                   24.037491                
-56.39      -73.44       9.57                 31.85                  4.498467                       0.000000                        5.074520                 15.734785                   25.307772                
-56.25      -73.74       9.51                 31.76                  4.573316                       0.000000                        5.113789                 16.880663                   26.567768                
-56.11      -74.05       9.92                 32.44                  4.681526                       0.000000                        5.156146                 17.185779                   27.023451                
-55.96      -74.33       10.26                32.99                  4.861824                       1.290701                        5.189612                 17.625631                   28.967769                
-55.86      -74.50       10.43                33.26                  4.981203                       2.227861                        5.203649                 17.859229                   30.271942                
-55.60      -74.96       10.57                33.48                  4.884206                       1.914454                        5.179600                 18.406067                   30.384327                
-55.22      -75.56       10.59                33.51                  4.705988                       0.000000                        5.181358                 17.815383                   27.702729                
-54.99      -75.90       10.54                33.44                  4.643260                       0.000000                        5.219962                 17.928067                   27.791289                
-54.62      -76.21       10.15                32.81                  4.524472                       0.000000                        5.137112                 16.848511                   26.510095                
-54.55      -76.24       10.05                32.65                  4.511708                       0.000000                        5.127266                 16.815992                   26.454967                
-54.18      -76.36       9.61                 31.93                  4.467814                       0.000000                        5.079540                 15.720036                   25.267389                
-53.82      -76.43       9.20                 31.23                  4.442036                       0.000000                        5.032668                 15.849626                   25.324330                
-53.45      -76.48       8.83                 30.60                  4.427972                       0.000000                        4.988171                 14.913883                   24.330027                
-53.12      -76.53       8.54                 30.09                  4.414302                       0.000000                        4.950019                 14.606286                   23.970607                
-52.95      -76.54       8.35                 29.75                  4.405730                       0.000000                        4.925810                 14.606286                   23.937826                
-52.64      -76.63       8.13                 29.36                  4.388132                       0.000000                        4.896146                 13.941252                   23.225530                
-52.49      -76.71       8.11                 29.33                  4.379452                       0.000000                        4.893349                 14.022798                   23.295598                
====================Subduction_Zone_126====================
36.47       40.67        101.24               103.62                 4.740371                       0.000000                        8.958967                 8.426869                    22.126207                
35.94       41.28        101.43               103.71                 4.729558                       0.000000                        8.929983                 8.426869                    22.086409                
====================Subduction_Zone_127====================
36.47       40.67        101.24               103.62                 4.740371                       0.000000                        8.958967                 8.426869                    22.126207                
35.84       41.38        101.51               103.75                 4.753511                       0.000000                        8.953063                 8.426869                    22.133443                
35.21       42.10        101.42               103.71                 4.752255                       0.000000                        8.978915                 8.426869                    22.158039                
34.63       42.89        101.37               103.68                 4.748897                       0.000000                        8.972727                 8.426869                    22.148492                
34.04       43.68        101.31               103.65                 4.745545                       0.000000                        8.966586                 8.667195                    22.379326                
33.46       44.48        101.43               103.71                 4.742197                       0.000000                        8.960493                 9.107235                    22.809925                
32.86       45.37        100.28               103.12                 4.850536                       0.000000                        9.025072                 8.899282                    22.774889                
32.25       46.27        99.00                102.46                 5.057928                       2.450830                        9.087913                 7.162282                    23.758953                
31.85       46.97        98.57                102.24                 5.196870                       2.819215                        9.105558                 7.383900                    24.505542                
31.44       47.68        98.41                102.16                 5.235204                       2.913221                        9.110906                 7.411266                    24.670596                
31.03       48.38        98.46                102.18                 5.253107                       2.951554                        9.109496                 6.702364                    24.016521                
30.34       49.13        97.65                101.76                 5.204207                       2.844545                        9.092820                 6.247682                    23.389254                
29.65       49.88        97.89                101.89                 4.934307                       2.078865                        9.121175                 9.446340                    25.580687                
28.96       50.64        98.20                102.05                 4.760322                       0.000000                        9.105480                 10.659384                   24.525185                
28.48       51.42        99.55                102.75                 4.639588                       0.000000                        9.039401                 9.930391                    23.609380                
28.00       52.21        100.15               103.05                 4.540777                       0.000000                        8.967614                 8.784953                    22.293344                
27.52       52.99        100.78               103.38                 4.383953                       0.000000                        8.934754                 11.759220                   25.077927                
27.16       53.81        99.28                102.61                 4.239636                       0.000000                        8.991529                 8.156866                    21.388030                
26.79       54.63        98.35                102.12                 4.417277                       0.000000                        9.057024                 8.220414                    21.694715                
26.43       55.46        98.60                102.26                 4.487708                       0.000000                        9.069874                 8.220414                    21.777996                
26.18       56.23        98.85                102.39                 4.418203                       0.000000                        9.055489                 11.045807                   24.519499                
25.92       57.00        97.19                101.52                 4.570662                       0.000000                        9.115103                 11.045807                   24.731572                
25.56       57.90        82.19                93.36                  4.722705                       0.000000                        9.332545                 6.808763                    20.864013                
25.20       58.80        80.00                92.11                  4.800415                       0.000000                        9.324885                 8.981184                    23.106484                
25.05       59.43        79.73                91.95                  4.939366                       2.100161                        9.260282                 11.086344                   27.386152                
24.90       60.05        77.92                90.90                  4.999279                       2.278499                        9.194413                 12.113299                   28.585490                
24.76       60.60        78.06                90.98                  5.045854                       2.417702                        9.103661                 12.113299                   28.680516                
24.62       61.14        77.71                90.78                  5.016507                       2.184249                        9.082593                 12.588751                   28.872100                
24.67       61.66        76.80                90.25                  5.000690                       2.124715                        9.135510                 12.588751                   28.849665                
24.72       62.17        77.90                90.89                  4.902319                       1.217262                        9.108215                 12.588751                   27.816548                
24.77       62.82        77.30                90.54                  4.978259                       2.086233                        9.196641                 12.588751                   28.849884                
24.82       63.47        76.61                90.13                  5.028697                       2.309139                        9.108451                 12.588751                   29.035038                
24.82       63.55        77.66                90.75                  5.017672                       2.191691                        9.079729                 12.588751                   28.877842                
====================Subduction_Zone_128====================
-2.85       -81.01       30.99                57.33                  3.810462                       0.000000                        6.957989                 32.420056                   43.188507                
-2.79       -80.99       31.02                57.35                  3.810410                       0.000000                        6.960154                 32.414680                   43.185243                
-2.41       -80.94       31.18                57.50                  3.810085                       0.000000                        6.972594                 32.340031                   43.122710                
-2.20       -80.90       31.27                57.59                  3.809881                       0.000000                        6.980314                 32.310537                   43.100732                
-1.96       -80.88       31.37                57.68                  3.808979                       0.000000                        6.987626                 32.310116                   43.106720                
-1.56       -80.76       31.59                57.88                  3.808548                       0.000000                        7.004750                 32.283746                   43.097044                
-1.22       -80.67       31.78                58.05                  3.808203                       0.000000                        7.019225                 32.124175                   42.951603                
-0.94       -80.54       32.00                58.25                  4.052359                       0.254009                        7.037574                 32.027256                   43.371197                
-0.49       -80.35       33.40                59.51                  5.195793                       2.811282                        7.136477                 31.304353                   46.447906                
-0.14       -80.22       35.05                60.97                  5.199294                       2.822413                        7.255032                 23.067676                   38.344416                
0.18        -80.07       36.74                62.41                  5.275620                       2.993369                        7.391265                 22.569069                   38.229323                
0.59        -79.89       43.04                67.56                  4.198722                       0.000000                        7.750473                 16.066202                   28.015397                
0.93        -79.66       43.88                68.21                  4.191115                       0.000000                        7.754871                 14.669360                   26.615347                
1.27        -79.46       44.65                68.81                  4.188729                       0.000000                        7.743516                 14.224897                   26.157142                
1.47        -79.31       45.18                69.22                  4.187312                       0.000000                        7.731876                 13.238940                   25.158128                
1.82        -79.05       46.06                69.89                  4.185015                       0.000000                        7.697459                 13.926080                   25.808554                
2.20        -78.77       41.62                66.44                  4.070817                       0.000000                        5.605150                 14.186074                   23.862041                
2.52        -78.51       14.74                39.54                  4.037298                       0.000000                        5.519129                 24.008168                   33.564595                
2.73        -78.27       14.60                39.35                  4.018684                       0.000000                        5.509286                 23.615258                   33.143227                
3.04        -78.06       14.28                38.92                  4.004289                       0.000000                        5.510517                 23.444556                   32.959362                
3.20        -77.89       14.18                38.78                  3.992145                       0.000000                        5.502364                 23.437865                   32.932374                
3.43        -77.86       13.87                38.35                  3.985711                       0.000000                        5.476799                 22.895505                   32.358016                
3.55        -77.73       13.81                38.27                  3.972793                       0.000000                        5.447641                 22.844890                   32.265325                
====================Subduction_Zone_129====================
7.58        -80.33       6.41                 26.07                  4.803537                       0.939877                        4.611448                 8.298857                    18.653720                
7.07        -79.85       5.46                 24.07                  4.342526                       0.246494                        4.394669                 8.298857                    17.282546                
6.44        -79.19       4.97                 22.96                  4.117401                       0.000000                        4.328672                 8.173508                    16.619581                
5.98        -78.74       5.33                 23.78                  4.121014                       0.000000                        4.390719                 9.772951                    18.284684                
5.36        -78.08       9.16                 31.17                  4.019083                       0.000000                        5.020963                 16.395586                   25.435633                
4.47        -77.67       12.58                36.52                  3.955996                       0.000000                        5.366228                 20.155416                   29.477640                
3.55        -77.73       13.81                38.27                  3.972793                       0.000000                        5.447641                 22.844890                   32.265325                
====================Subduction_Zone_130====================
8.01        -77.13       130.13               117.47                 3.931099                       0.000000                        9.598337                 9.073520                    22.602956                
8.02        -77.11       130.14               117.48                 3.931192                       0.000000                        9.598928                 9.073520                    22.603640                
8.55        -76.72       130.67               117.72                 3.932249                       0.000000                        9.635932                 9.156057                    22.724239                
9.08        -76.33       131.53               118.10                 3.935250                       0.000000                        9.661307                 8.647552                    22.244110                
9.78        -75.80       132.70               118.63                 3.938945                       0.000000                        9.715915                 7.838973                    21.493833                
10.48       -75.27       133.89               119.16                 3.942620                       0.000000                        9.772520                 7.234378                    20.949518                
11.33       -74.45       135.41               119.83                 3.948836                       0.000000                        9.842941                 6.689866                    20.481643                
====================Subduction_Zone_131====================
-6.89       101.36       70.15                86.25                  4.322388                       0.000000                        8.263606                 5.707396                    18.293390                
-7.48       102.14       72.22                87.51                  4.319848                       0.000000                        8.415830                 5.026511                    17.762189                
-8.07       102.91       80.99                92.68                  4.282894                       0.000000                        9.335057                 3.469802                    17.087753                
====================Subduction_Zone_132====================
-8.07       102.91       80.99                92.68                  4.282894                       0.000000                        9.335057                 3.469802                    17.087753                
-8.16       103.36       84.84                94.85                  4.279773                       0.000000                        9.235481                 2.537649                    16.052903                
-8.26       104.34       93.86                99.76                  4.248194                       0.000000                        9.264607                 5.161927                    18.674727                
-8.35       105.32       98.82                102.37                 4.207884                       0.000000                        9.036025                 7.596635                    20.840543                
-8.43       105.85       99.50                102.72                 4.208772                       0.000000                        9.002057                 8.043281                    21.254110                
-8.53       106.52       100.39               103.18                 4.211413                       0.000000                        8.953673                 8.512158                    21.677245                
-8.65       107.44       101.60               103.80                 4.194310                       0.000000                        8.873089                 9.646145                    22.713544                
-8.68       108.06       102.25               104.13                 4.104536                       0.000000                        8.819977                 9.862582                    22.787095                
-8.70       108.39       102.53               104.27                 4.098517                       0.000000                        8.794465                 9.986020                    22.879002                
-8.71       108.66       102.65               104.33                 4.100124                       0.000000                        8.783131                 10.025161                   22.908416                
-8.72       108.90       102.75               104.39                 4.101829                       0.000000                        8.773329                 10.091763                   22.966921                
-8.74       109.22       102.89               104.46                 4.104165                       0.000000                        8.759735                 10.104585                   22.968485                
-8.76       109.62       103.07               104.55                 4.107183                       0.000000                        8.741829                 10.193956                   23.042968                
-8.78       110.13       103.30               104.66                 4.111059                       0.000000                        8.718241                 10.274135                   23.103434                
-8.78       110.44       103.40               104.71                 4.113489                       0.000000                        8.707224                 10.381201                   23.201915                
-8.77       110.88       103.55               104.79                 4.117199                       0.000000                        8.690455                 10.502343                   23.309997                
-8.77       111.29       103.70               104.87                 4.120542                       0.000000                        8.673685                 10.554333                   23.348560                
-8.77       111.43       103.76               104.89                 4.121712                       0.000000                        8.667793                 10.620228                   23.409733                
-8.75       112.39       104.12               105.08                 4.129834                       0.000000                        8.626624                 10.804984                   23.561441                
-8.75       112.52       104.16               105.10                 4.130943                       0.000000                        8.621644                 10.808118                   23.560704                
====================Subduction_Zone_133====================
-8.75       112.52       104.16               105.10                 4.130943                       0.000000                        8.621644                 10.808118                   23.560704                
-8.88       113.30       112.15               109.06                 4.141984                       0.000000                        8.413983                 6.548426                    19.104394                
-8.87       114.27       113.80               109.85                 4.145700                       0.000000                        8.692158                 6.489214                    19.327072                
-8.87       115.24       118.02               111.87                 4.155417                       0.000000                        9.189448                 7.736093                    21.080958                
-8.87       116.21       119.78               112.70                 4.174114                       0.000000                        9.271367                 9.406019                    22.851501                
-8.86       117.18       122.18               113.83                 4.516499                       0.000000                        9.332392                 11.749333                   25.598223                
-8.91       118.07       124.97               115.12                 4.502939                       0.000000                        9.367855                 13.140895                   27.011689                
-8.97       118.96       127.10               116.10                 4.297160                       0.000000                        9.495368                 15.217190                   29.009718                
-9.02       119.85       128.76               116.85                 4.297611                       0.000000                        9.562074                 16.037979                   29.897664                
====================Subduction_Zone_134====================
-2.45       -80.99       31.11                57.44                  3.810110                       0.000000                        6.967823                 32.340031                   43.117964                
-3.01       -81.10       30.86                57.20                  3.810590                       0.000000                        6.947300                 32.420056                   43.177945                
-3.57       -81.18       30.61                56.97                  3.811124                       0.000000                        6.927268                 32.564916                   43.303308                
-4.52       -81.18       30.40                56.78                  3.812076                       0.000000                        6.888291                 32.732994                   43.433362                
-5.47       -81.18       29.87                56.28                  3.813129                       0.000000                        6.847317                 32.864595                   43.525040                
-6.41       -81.18       29.59                56.02                  3.814362                       0.000000                        6.822291                 33.023854                   43.660508                
-7.36       -81.17       29.45                55.88                  3.815810                       0.000000                        6.814566                 33.170567                   43.800943                
-8.30       -81.17       29.22                55.67                  3.817400                       0.000000                        6.806602                 29.918254                   40.542256                
-9.11       -80.83       41.27                66.16                  4.198156                       0.000000                        7.710832                 18.879629                   30.788618                
-9.91       -80.50       41.38                66.25                  4.231596                       0.000000                        7.716944                 16.594731                   28.543271                
-10.71      -80.16       41.51                66.35                  4.158684                       0.000000                        7.730605                 13.131774                   25.021063                
-11.60      -79.59       47.28                70.81                  4.195881                       0.000000                        7.674881                 11.119281                   22.990042                
-12.49      -79.02       47.96                71.32                  4.334681                       0.000000                        7.657853                 10.957864                   22.950398                
-13.38      -78.45       48.81                71.94                  4.380022                       0.000000                        7.640691                 10.738173                   22.758886                
-14.26      -77.88       49.69                72.59                  4.399282                       0.000000                        7.627330                 10.690345                   22.716958                
-15.15      -77.31       50.60                73.25                  4.419488                       0.000000                        7.618401                 10.800066                   22.837955                
-15.67      -76.84       51.62                73.99                  4.432492                       0.000000                        7.613760                 10.892710                   22.938962                
-15.90      -76.63       52.76                74.80                  4.438550                       0.000000                        7.613282                 11.057913                   23.109745                
-16.77      -75.73       55.29                76.57                  4.454565                       0.000000                        7.675462                 9.926143                    22.056171                
-17.65      -74.76       65.83                83.55                  4.535488                       0.000000                        8.009468                 7.005112                    19.550068                
====================Subduction_Zone_135====================
-34.37      -73.17       48.71                71.87                  4.565542                       0.000000                        7.636779                 10.793892                   22.996214                
-34.85      -73.26       47.60                71.04                  4.760329                       0.893629                        7.667182                 11.206968                   24.528107                
-35.55      -73.45       45.23                69.26                  4.951609                       2.138477                        7.730142                 13.388264                   28.208493                
-36.26      -73.64       42.51                67.14                  4.828189                       1.535442                        7.744317                 16.064423                   30.172371                
-36.97      -73.83       36.61                62.31                  4.489561                       0.000000                        7.378882                 22.919463                   34.787905                
-37.66      -74.04       35.77                61.59                  4.393570                       0.000000                        7.282212                 27.704934                   39.380716                
-38.35      -74.25       33.21                59.35                  4.444818                       0.000000                        7.113315                 31.964966                   43.523099                
-38.86      -74.38       32.60                58.80                  4.460796                       0.000000                        6.975804                 32.340562                   43.777162                
-39.28      -74.44       32.48                58.69                  4.659311                       0.398273                        7.019857                 33.196191                   45.273632                
====================Subduction_Zone_136====================
-34.37      -73.17       48.71                71.87                  4.565542                       0.000000                        7.636779                 10.793892                   22.996214                
-34.13      -73.10       49.32                72.32                  4.566959                       0.000000                        7.632430                 10.712256                   22.911645                
-34.12      -73.10       49.35                72.34                  4.567561                       0.000000                        7.632086                 10.712256                   22.911903                
====================Subduction_Zone_137====================
-34.12      -73.10       49.35                72.34                  4.567561                       0.000000                        7.632086                 10.712256                   22.911903                
-33.22      -72.90       51.70                74.04                  4.629798                       0.000000                        7.613714                 11.024270                   23.267783                
-32.31      -72.71       54.43                75.98                  4.706201                       0.000000                        7.619225                 11.182321                   23.507748                
-31.41      -72.51       57.66                78.19                  4.801010                       0.000000                        7.598273                 10.600708                   22.999992                
-30.51      -72.31       61.14                80.52                  5.809134                       3.975984                        7.586387                 9.687291                    27.058796                
-29.61      -72.13       64.31                82.58                  5.657555                       3.741428                        7.855334                 7.349404                    24.603722                
-28.70      -71.95       67.43                84.56                  5.473063                       3.414664                        8.160028                 5.818885                    22.866640                
-27.79      -71.77       70.70                86.59                  5.189078                       2.797482                        8.290690                 5.265449                    21.542699                
-26.89      -71.59       72.46                87.66                  5.571060                       3.604795                        8.306350                 4.908861                    22.391066                
-26.69      -71.58       72.71                87.81                  5.503394                       3.472703                        8.505294                 4.746090                    22.227481                
====================Subduction_Zone_138====================
6.07        -78.83       5.17                 23.42                  4.116306                       0.000000                        4.352708                 9.132536                    17.601550                
5.98        -78.74       5.33                 23.78                  4.121014                       0.000000                        4.390719                 9.772951                    18.284684                
5.36        -78.08       9.16                 31.17                  4.019083                       0.000000                        5.020963                 16.395586                   25.435633                
4.52        -77.69       12.49                36.39                  3.955990                       0.000000                        5.358379                 20.205374                   29.519743                
