4890.5270   12.1152   -0.2585
4901.8915   12.2146    0.5597
4901.8915   12.1020   -0.3670
4901.8915   12.1337   -0.1058
4901.8915   12.1940    0.3908
4901.8915   12.1913    0.3681
4901.8915   12.0938   -0.4348
4901.8915   12.1347   -0.0978
4901.8915   12.1602    0.1121
4901.8915   12.1678    0.1745
4901.8915   12.0883   -0.4795
4890.5270   12.1428   -0.0309
4894.4444   12.1263   -0.1671
4894.4444   12.1750    0.2337
4900.8028   12.2097    0.5198
4894.4444   12.1354   -0.0921
4900.8028   12.1065   -0.3297
4894.4444   12.1570    0.0854
4900.8028   12.1220   -0.2022
4894.4444   12.1640    0.1433
4900.8028   12.1486    0.0163
4900.8028   12.1812    0.2853
4904.7450   12.1287   -0.1470
4904.7450   12.1055   -0.3384
4904.7450   12.0943   -0.4301
4904.7450   12.1293   -0.1421
4900.8028   12.1297   -0.1387
4904.7450   12.1281   -0.1517
4904.7450   12.1518    0.0430
4900.8028   12.1261   -0.1683
4904.7450   12.1855    0.3203
4904.7450   12.1501    0.0290
4900.8028   12.1153   -0.2577
4904.7450   12.1660    0.1597
4904.7450   12.0956   -0.4197
4900.8028   12.1563    0.0798
4900.8028   12.1439   -0.0220
4894.4444   12.1502    0.0299
4894.4444   12.1123   -0.2825
4894.4444   12.1627    0.1328
4894.4444   12.1393   -0.0599
4894.4444   12.0873   -0.4879
4891.5845   12.1873    0.3352
4891.5845   12.1627    0.1328
4893.3607   12.1184   -0.2321
4898.2591   12.1901    0.3581
4897.2849   12.1268   -0.1632
4901.0969   12.1446   -0.0159
4897.2849   12.2007    0.4457
4898.2591   12.1455   -0.0086
4901.0969   12.1277   -0.1554
4891.5845   12.1250   -0.1773
4893.3607   12.1549    0.0686
4897.2849   12.1826    0.2969
4901.0969   12.1264   -0.1662
4897.2849   12.1168   -0.2449
4898.2591   12.2161    0.5722
4901.0969   12.1382   -0.0692
4891.5845   12.1625    0.1313
4893.3607   12.2129    0.5462
4898.2591   12.1945    0.3950
4897.2849   12.2314    0.6981
4901.0969   12.1233   -0.1918
4897.2849   12.1460   -0.0049
4901.0969   12.1825    0.2958
4891.5845   12.1535    0.0567
4893.3607   12.1624    0.1300
4898.2591   12.1576    0.0906
4897.2849   12.1689    0.1840
4901.0969   12.1621    0.1277
4897.2849   12.1635    0.1393
4901.0969   12.1479    0.0109
4893.3607   12.1799    0.2746
4897.2849   12.1612    0.1201
4901.0969   12.1471    0.0043
4897.2849   12.2173    0.5820
4901.0969   12.2000    0.4400
4903.9736   12.1249   -0.1784
4903.6545   12.1136   -0.2715
4903.6545   12.1417   -0.0404
4903.9736   12.2005    0.4443
4904.7450   12.1116   -0.2882
4903.9736   12.0509   -0.7878
4903.9736   12.1581    0.0950
4903.9736   12.1978    0.4221
4903.6545   12.1428   -0.0314
4903.9736   12.1452   -0.0113
4904.7450   12.1452   -0.0117
4903.9736   12.1422   -0.0363
4903.6545   12.1083   -0.3153
4903.9736   12.1422   -0.0359
4904.7450   12.1243   -0.1834
4903.6545   12.1746    0.2304
4901.0969   12.1376   -0.0741
4903.6545   12.1581    0.0952
4901.0969   12.1662    0.1618
4903.9736   12.1379   -0.0716
4903.6545   12.1736    0.2224
4903.6545   12.1621    0.1280
4903.9736   12.1256   -0.1729
4904.7450   12.1504    0.0312
4903.9736   12.1320   -0.1197
4903.9736   12.1412   -0.0441
4904.7450   12.1590    0.1026
4903.6545   12.1580    0.0941
4901.0969   12.1757    0.2398
4903.6545   12.1359   -0.0876
4901.0969   12.1483    0.0140
4903.9736   12.1352   -0.0937
4903.6545   12.1453   -0.0108
4903.6545   12.1327   -0.1143
4903.9736   12.1629    0.1345
4904.7450   12.1866    0.3295
4903.9736   12.1354   -0.0919
4903.9736   12.1807    0.2812
4904.7450   12.2339    0.7190
4903.6545   12.1172   -0.2415
4901.0969   12.0913   -0.4550
4903.6545   12.1382   -0.0693
4901.0969   12.1603    0.1130
4903.9736   12.1490    0.0197
4903.6545   12.1607    0.1162
4903.6545   12.1300   -0.1366
4903.9736   12.2220    0.6212
4904.7450   12.1510    0.0362
4903.9736   12.1466    0.0006
4903.9736   12.1327   -0.1141
4904.7450   12.1106   -0.2963
4903.6545   12.1419   -0.0382
4901.0969   12.1513    0.0387
4903.6545   12.1285   -0.1490
4901.0969   12.1666    0.1648
4904.7450   12.2167    0.5776
4903.6545   12.1255   -0.1732
4901.0969   12.1398   -0.0556
4903.6545   12.1567    0.0836
4901.0969   12.1249   -0.1786
4898.2591   12.1345   -0.0996
4897.2849   12.1206   -0.2142
4897.2849   12.1300   -0.1365
4898.2591   12.1190   -0.2267
4893.3607   12.1369   -0.0800
4891.5845   12.1647    0.1490
4891.5845   12.1024   -0.3636
4897.2849   12.1499    0.0277
4893.3607   12.1611    0.1198
4891.5845   12.1635    0.1397
4897.2849   12.1448   -0.0149
4898.2591   12.1819    0.2910
4897.2849   12.1419   -0.0387
4897.2849   12.1420   -0.0377
4898.2591   12.1538    0.0597
4893.3607   12.1364   -0.0839
4891.5845   12.1195   -0.2227
4897.2849   12.1340   -0.1038
4897.2849   12.1518    0.0432
4898.2591   12.1102   -0.2994
4893.3607   12.1461   -0.0042
4891.5845   12.1207   -0.2130
4897.2849   12.1621    0.1279
4897.2849   12.1697    0.1905
4893.3607   12.1868    0.3309
4890.7964   12.1390   -0.0624
4890.7964   12.1336   -0.1066
4891.2374   12.1425   -0.0335
4892.8318   12.1215   -0.2067
4892.2346   12.1390   -0.0624
4893.6384   12.1457   -0.0068
4892.2346   12.0864   -0.4951
4892.8318   12.1247   -0.1798
4893.6384   12.1150   -0.2597
4896.3004   12.1317   -0.1227
4895.7006   12.1088   -0.3110
4897.6359   12.1489    0.0190
4900.1714   12.1838    0.3064
4899.6476   12.1075   -0.3216
4901.4436   12.1551    0.0704
4899.2469   12.1526    0.0495
4899.0429   12.1892    0.3509
4900.8778   12.1838    0.3069
4895.7006   12.0861   -0.4982
4896.3004   12.1522    0.0467
4897.6359   12.0971   -0.4075
4899.0429   12.1757    0.2402
4899.2469   12.2031    0.4652
4900.8778   12.1848    0.3151
4899.6476   12.1107   -0.2956
4900.1714   12.1299   -0.1373
4901.4436   12.1104   -0.2977
4895.1733   12.1414   -0.0423
4895.1733   12.1205   -0.2144
4897.0832   12.1174   -0.2405
4890.7964   12.1145   -0.2638
4891.2374   12.1244   -0.1824
4892.2346   12.0923   -0.4465
4893.6384   12.0504   -0.7915
4892.2346   12.1854    0.3193
4892.8318   12.1416   -0.0410
4893.6384   12.1753    0.2362
4895.7006   12.1638    0.1418
4897.6359   12.1408   -0.0478
4899.6476   12.1367   -0.0809
4901.4436   12.1257   -0.1719
4899.2469   12.1395   -0.0586
4899.0429   12.1151   -0.2589
4900.8778   12.1271   -0.1604
4895.7006   12.1289   -0.1456
4896.3004   12.1794    0.2701
4897.6359   12.1742    0.2271
4899.0429   12.1262   -0.1676
4899.2469   12.1353   -0.0930
4900.8778   12.1240   -0.1857
4899.6476   12.1442   -0.0199
4900.1714   12.1639    0.1428
4901.4436   12.1366   -0.0822
4895.1733   12.1416   -0.0413
4895.1733   12.1418   -0.0389
4897.0832   12.1300   -0.1366
4890.7964   12.1435   -0.0257
4891.2374   12.1136   -0.2711
4892.8318   12.1295   -0.1404
4892.2346   12.1192   -0.2258
4893.6384   12.1796    0.2721
4892.2346   12.1371   -0.0779
4893.6384   12.1692    0.1859
4896.3004   12.1369   -0.0794
4895.7006   12.1232   -0.1928
4897.6359   12.1337   -0.1056
4900.1714   12.1325   -0.1158
4899.6476   12.1048   -0.3439
4901.4436   12.1359   -0.0876
4899.2469   12.1501    0.0287
4899.0429   12.1540    0.0610
4900.8778   12.1433   -0.0271
4895.7006   12.2321    0.7045
4897.6359   12.1933    0.3844
4899.0429   12.1679    0.1760
4899.2469   12.1166   -0.2469
4900.8778   12.1267   -0.1633
4899.6476   12.1297   -0.1387
4901.4436   12.1447   -0.0158
4895.1733   12.1460   -0.0051
4895.1733   12.1365   -0.0833
4897.0832   12.1726    0.2143
4890.7964   12.1757    0.2400
4891.2374   12.1741    0.2270
4892.8318   12.0524   -0.7750
4892.2346   12.1919    0.3731
4893.6384   12.1015   -0.3714
4892.2346   12.1785    0.2625
4893.6384   12.1604    0.1138
4896.3004   12.1203   -0.2165
4895.7006   12.1499    0.0273
4897.6359   12.1498    0.0265
4900.1714   12.1703    0.1954
4899.6476   12.1600    0.1104
4901.4436   12.1661    0.1605
4899.2469   12.1663    0.1626
4899.0429   12.1749    0.2332
4900.8778   12.1640    0.1431
4895.7006   12.1388   -0.0636
4897.6359   12.1201   -0.2176
4899.0429   12.1642    0.1449
4899.2469   12.1954    0.4019
4900.8778   12.1517    0.0419
4899.6476   12.1774    0.2536
4901.4436   12.1586    0.0989
4895.1733   12.1211   -0.2100
4895.1733   12.1464   -0.0017
4897.0832   12.1526    0.0493
4891.2374   12.1533    0.0552
4892.2346   12.1456   -0.0077
4893.6384   12.1720    0.2096
4892.2346   12.1303   -0.1338
4893.6384   12.1497    0.0255
4895.7006   12.2210    0.6130
4897.6359   12.1427   -0.0319
4899.6476   12.1815    0.2875
4901.4436   12.1977    0.4211
4899.2469   12.1621    0.1274
4899.0429   12.1651    0.1526
4900.8778   12.1179   -0.2358
4895.7006   12.1495    0.0245
4897.6359   12.2172    0.5813
4899.0429   12.2054    0.4843
4899.2469   12.2327    0.7094
4900.8778   12.1695    0.1892
4899.6476   12.1210   -0.2104
4901.4436   12.1985    0.4273
4895.1733   12.1534    0.0562
4895.1733   12.1421   -0.0369
4897.0832   12.2205    0.6084
4903.0647   12.1861    0.3254
4902.7494   12.1749    0.2332
4902.5173   12.1697    0.1900
4902.3921   12.1361   -0.0860
4903.8017   12.1029   -0.3596
4904.5484   12.1178   -0.2373
4904.4655   12.0948   -0.4259
4902.3921   12.1871    0.3335
4902.5173   12.1746    0.2308
4902.7494   12.1481    0.0125
4903.0647   12.1374   -0.0758
4903.8017   12.1429   -0.0304
4904.4655   12.1415   -0.0418
4904.5484   12.1624    0.1305
4904.7450   12.0979   -0.4010
4904.5484   12.1075   -0.3214
4904.5481   12.1054   -0.3389
4904.7450   12.1435   -0.0251
4904.5481   12.1491    0.0210
4904.5484   12.1549    0.0684
4903.9531   12.1208   -0.2124
4903.0647   12.0898   -0.4672
4903.0647   12.1134   -0.2728
4904.4649   12.1307   -0.1303
4903.6249   12.1562    0.0789
4904.4649   12.1374   -0.0752
4903.0647   12.1556    0.0744
4902.7494   12.1098   -0.3029
4904.5484   12.1404   -0.0508
4903.8017   12.1010   -0.3750
4904.4655   12.0987   -0.3938
4902.5173   12.0825   -0.5273
4902.3921   12.1382   -0.0690
4904.5484   12.1447   -0.0155
4904.7450   12.1510    0.0362
4904.5481   12.1497    0.0254
4903.0647   12.1304   -0.1332
4903.9531   12.1321   -0.1193
4903.0647   12.1444   -0.0179
4904.5481   12.1248   -0.1793
4904.7450   12.1590    0.1022
4904.5484   12.1599    0.1099
4902.3921   12.1399   -0.0548
4902.5173   12.1372   -0.0769
4904.4655   12.1379   -0.0713
4903.8017   12.1570    0.0860
4904.5484   12.1375   -0.0744
4902.7494   12.1428   -0.0309
4903.0647   12.1368   -0.0806
4903.6249   12.1630    0.1355
4904.4649   12.1350   -0.0951
4904.4649   12.1417   -0.0402
4903.9531   12.1512    0.0385
4904.5481   12.1080   -0.3177
4904.7450   12.0860   -0.4984
4904.5481   12.1492    0.0219
4904.7450   12.1495    0.0244
4904.4655   12.1221   -0.2017
4903.8017   12.1466    0.0005
4902.7494   12.0842   -0.5136
4901.4436   12.0695   -0.6343
4902.5173   12.1480    0.0117
4902.3921   12.1203   -0.2164
4900.8778   12.1511    0.0371
4904.4655   12.1352   -0.0939
4903.8017   12.1503    0.0307
4902.3921   12.1398   -0.0560
4902.5173   12.1271   -0.1605
4900.8778   12.1295   -0.1409
4902.7494   12.1546    0.0662
4901.4436   12.1621    0.1276
4904.4649   12.1580    0.0938
4904.4649   12.1242   -0.1838
4903.6249   12.1375   -0.0746
4903.0647   12.1865    0.3284
4902.7494   12.1954    0.4021
4902.5173   12.1624    0.1305
4902.3921   12.1295   -0.1402
4903.8017   12.2330    0.7115
4904.5484   12.1557    0.0751
4904.4655   12.1326   -0.1147
4902.3921   12.1440   -0.0212
4902.5173   12.1136   -0.2715
4902.7494   12.1600    0.1102
4903.0647   12.1692    0.1863
4903.8017   12.1864    0.3283
4904.4655   12.1203   -0.2164
4904.5484   12.1374   -0.0757
4904.7450   12.1352   -0.0940
4904.5484   12.1008   -0.3769
4904.5481   12.1127   -0.2792
4904.7450   12.1723    0.2119
4904.5481   12.1097   -0.3038
4904.5484   12.1476    0.0086
4903.9531   12.1201   -0.2181
4903.0647   12.1526    0.0498
4903.0647   12.1347   -0.0980
4904.4649   12.1457   -0.0072
4903.6249   12.0840   -0.5151
4904.4649   12.1299   -0.1375
4903.9531   12.2061    0.4901
4904.5481   12.1343   -0.1007
4904.7450   12.1493    0.0224
4904.5481   12.1349   -0.0959
4904.7450   12.1416   -0.0408
4904.4655   12.1416   -0.0408
4903.8017   12.1387   -0.0646
4902.7494   12.1602    0.1120
4901.4436   12.1617    0.1246
4902.5173   12.1456   -0.0079
4902.3921   12.1452   -0.0114
4900.8778   12.1556    0.0741
4904.4655   12.1581    0.0949
4903.8017   12.1334   -0.1083
4902.3921   12.1380   -0.0704
4902.5173   12.1321   -0.1192
4900.8778   12.1541    0.0618
4902.7494   12.1208   -0.2125
4901.4436   12.1087   -0.3121
4904.4649   12.1500    0.0281
4904.4649   12.1648    0.1503
4903.6249   12.1523    0.0471
4903.0647   12.1666    0.1647
4902.7494   12.1209   -0.2112
4902.5173   12.1536    0.0583
4902.3921   12.1291   -0.1442
4903.8017   12.1288   -0.1466
4904.5484   12.1745    0.2300
4904.4655   12.1367   -0.0811
4902.3921   12.1367   -0.0816
4902.5173   12.1689    0.1835
4902.7494   12.1575    0.0900
4903.0647   12.1458   -0.0067
4903.8017   12.1726    0.2146
4904.4655   12.1490    0.0201
4904.5484   12.1604    0.1136
4904.7450   12.1995    0.4355
4904.5484   12.1462   -0.0030
4904.5481   12.1674    0.1712
4904.7450   12.1696    0.1899
4904.5481   12.1983    0.4256
4904.5484   12.1470    0.0038
4903.9531   12.1270   -0.1609
4903.0647   12.1550    0.0695
4903.0647   12.1911    0.3666
4904.4649   12.1354   -0.0919
4903.6249   12.1257   -0.1717
4904.4649   12.1496    0.0250
4903.9531   12.1119   -0.2852
4904.5481   12.1683    0.1791
4904.7450   12.1364   -0.0839
4904.5481   12.1232   -0.1921
4904.7450   12.1476    0.0086
4904.4655   12.1374   -0.0753
4903.8017   12.1667    0.1654
4902.7494   12.1728    0.2161
4901.4436   12.1836    0.3052
4902.5173   12.1532    0.0547
4902.3921   12.1222   -0.2005
4900.8778   12.0928   -0.4426
4904.4655   12.2180    0.5885
4903.8017   12.1640    0.1432
4902.3921   12.0962   -0.4146
4902.5173   12.1431   -0.0288
4900.8778   12.1218   -0.2039
4902.7494   12.1294   -0.1413
4901.4436   12.1624    0.1301
4904.4649   12.1510    0.0365
4904.4649   12.0988   -0.3931
4903.6249   12.1070   -0.3261
4903.0647   12.1830    0.3001
4902.7494   12.1634    0.1385
4902.5173   12.1601    0.1113
4902.3921   12.1423   -0.0351
4903.8017   12.1474    0.0071
4904.5484   12.1453   -0.0107
4904.4655   12.1393   -0.0602
4902.3921   12.1639    0.1427
4902.5173   12.2067    0.4953
4902.7494   12.1725    0.2137
4903.0647   12.2032    0.4659
4903.8017   12.1949    0.3981
4904.4655   12.1448   -0.0143
4904.5484   12.2059    0.4887
4904.7450   12.1545    0.0653
4904.5484   12.1679    0.1753
4904.5481   12.1399   -0.0547
4904.7450   12.0892   -0.4721
4904.5481   12.1082   -0.3163
4904.5484   12.1529    0.0519
4903.9531   12.1408   -0.0476
4903.0647   12.1147   -0.2620
4903.0647   12.0951   -0.4238
4904.4649   12.1474    0.0067
4903.6249   12.1752    0.2356
4904.4649   12.1387   -0.0644
4903.9531   12.1859    0.3238
4904.5481   12.1391   -0.0616
4904.7450   12.1581    0.0953
4904.5481   12.1623    0.1292
4904.7450   12.1387   -0.0649
4904.4655   12.1694    0.1881
4903.8017   12.1535    0.0573
4902.7494   12.1242   -0.1845
4901.4436   12.1495    0.0243
4902.5173   12.1291   -0.1441
4902.3921   12.1146   -0.2632
4900.8778   12.1779    0.2583
4904.4655   12.1279   -0.1535
4903.8017   12.1037   -0.3527
4902.3921   12.1608    0.1170
4902.5173   12.1382   -0.0690
4900.8778   12.1701    0.1935
4902.7494   12.1589    0.1014
4901.4436   12.1811    0.2845
4904.4649   12.1215   -0.2066
4904.4649   12.1190   -0.2272
4903.6249   12.1133   -0.2738
4903.9531   12.1571    0.0867
4904.5481   12.1615    0.1226
4904.7450   12.1328   -0.1132
4904.5481   12.1750    0.2340
4904.7450   12.1867    0.3300
4904.4655   12.1461   -0.0042
4903.8017   12.1506    0.0335
4902.7494   12.1373   -0.0762
4901.4436   12.1587    0.0997
4902.5173   12.1443   -0.0191
4902.3921   12.1607    0.1160
4900.8778   12.1338   -0.1054
4904.4655   12.1521    0.0458
4903.8017   12.1376   -0.0736
4902.3921   12.1494    0.0235
4902.5173   12.1475    0.0075
4900.8778   12.0995   -0.3877
4902.7494   12.1659    0.1589
4901.4436   12.0767   -0.5754
4904.4649   12.1810    0.2832
4904.4649   12.1465   -0.0008
4903.6249   12.1485    0.0156
4900.1714   12.1281   -0.1519
4899.6476   12.1469    0.0023
4899.2469   12.1832    0.3019
4899.0429   12.1437   -0.0233
4897.6359   12.1449   -0.0134
4896.3004   12.1513    0.0393
4895.7006   12.1209   -0.2116
4899.0429   12.1430   -0.0296
4899.2469   12.1534    0.0559
4899.6476   12.1150   -0.2601
4900.1714   12.1121   -0.2840
4897.6359   12.1245   -0.1816
4895.7006   12.1284   -0.1497
4896.3004   12.1629    0.1348
4893.6384   12.1194   -0.2236
4892.8318   12.1698    0.1911
4892.2346   12.1376   -0.0743
4893.6384   12.1074   -0.3222
4892.2346   12.1076   -0.3211
4892.8318   12.0884   -0.4788
4891.2374   12.1213   -0.2082
4890.7964   12.1580    0.0943
4890.7964   12.1476    0.0088
4895.1733   12.1287   -0.1473
4897.0832   12.1740    0.2257
4895.1733   12.1351   -0.0944
4899.6476   12.1493    0.0228
4897.6359   12.1727    0.2150
4895.7006   12.1430   -0.0294
4899.2469   12.1538    0.0596
4899.0429   12.1392   -0.0608
4893.6384   12.1576    0.0909
4892.2346   12.1699    0.1923
4891.2374   12.1740    0.2254
4890.7964   12.1647    0.1491
4892.2346   12.1705    0.1967
4893.6384   12.1389   -0.0635
4892.8318   12.1517    0.0425
4899.0429   12.1537    0.0590
4899.2469   12.1608    0.1170
4895.7006   12.1510    0.0364
4897.6359   12.1612    0.1205
4896.3004   12.1715    0.2051
4899.6476   12.1513    0.0392
4900.1714   12.1615    0.1229
4897.0832   12.1581    0.0948
4895.1733   12.1738    0.2246
4895.1733   12.1633    0.1377
4899.6476   12.1248   -0.1792
4899.2469   12.1647    0.1489
4899.0429   12.1270   -0.1610
4897.6359   12.1536    0.0575
4895.7006   12.1326   -0.1149
4899.0429   12.1394   -0.0591
4899.2469   12.1222   -0.2003
4899.6476   12.1304   -0.1330
4900.1714   12.1783    0.2614
4897.6359   12.1094   -0.3058
4895.7006   12.1245   -0.1821
4896.3004   12.1410   -0.0459
4893.6384   12.1030   -0.3590
4892.2346   12.1198   -0.2202
4893.6384   12.1392   -0.0608
4892.2346   12.1250   -0.1777
4892.8318   12.1404   -0.0508
4891.2374   12.1278   -0.1547
4890.7964   12.1695    0.1888
4895.1733   12.1284   -0.1497
4897.0832   12.1384   -0.0673
4895.1733   12.1185   -0.2311
4899.6476   12.1707    0.1989
4899.2469   12.1215   -0.2068
4899.0429   12.1283   -0.1507
4897.6359   12.1292   -0.1431
4895.7006   12.1418   -0.0391
4899.0429   12.1530    0.0531
4899.2469   12.1396   -0.0577
4899.6476   12.1732    0.2194
4900.1714   12.1168   -0.2454
4897.6359   12.1434   -0.0258
4895.7006   12.1479    0.0112
4896.3004   12.0788   -0.5575
4893.6384   12.1593    0.1045
4892.2346   12.1574    0.0888
4893.6384   12.1540    0.0613
4892.2346   12.1053   -0.3395
4892.8318   12.1338   -0.1055
4891.2374   12.1623    0.1296
4890.7964   12.1412   -0.0443
4895.1733   12.1353   -0.0927
4897.0832   12.1316   -0.1229
4895.1733   12.1296   -0.1399
4899.6476   12.1734    0.2212
4899.2469   12.1813    0.2856
4899.0429   12.1574    0.0894
4897.6359   12.1517    0.0425
4895.7006   12.1592    0.1040
4899.0429   12.1654    0.1547
4899.2469   12.1602    0.1119
4899.6476   12.1983    0.4262
4897.6359   12.1698    0.1913
4895.7006   12.1603    0.1134
4893.6384   12.1616    0.1233
4892.2346   12.1734    0.2206
4893.6384   12.1808    0.2819
4892.2346   12.1681    0.1774
4891.2374   12.1661    0.1606
4895.1733   12.1627    0.1331
4897.0832   12.1560    0.0776
4895.1733   12.1700    0.1927
4890.5947   12.1122   -0.2832
4890.5947   12.1331   -0.1107
4890.7045   12.1347   -0.0978
4891.1284   12.1983    0.4261
4890.9510   12.1096   -0.3043
4891.3247   12.1706    0.1980
4890.9510   12.0824   -0.5280
4891.1284   12.1517    0.0424
4891.3247   12.1218   -0.2042
4892.1558   12.1915    0.3697
4891.8458   12.1292   -0.1432
4892.4586   12.1058   -0.3359
4893.5995   12.1487    0.0178
4893.1786   12.1639    0.1431
4893.9791   12.1483    0.0146
4892.8893   12.1381   -0.0697
4892.7430   12.1582    0.0958
4893.4305   12.1304   -0.1328
4891.8458   12.1331   -0.1112
4892.1558   12.1645    0.1475
4892.4586   12.1388   -0.0640
4892.7430   12.1371   -0.0781
4892.8893   12.1204   -0.2154
4893.4305   12.0981   -0.3989
4893.1786   12.1219   -0.2030
4893.5995   12.2001    0.4405
4893.9791   12.1509    0.0356
4891.6728   12.1341   -0.1026
4891.6728   12.1266   -0.1647
4892.1520   12.1267   -0.1636
4895.3504   12.1497    0.0257
4895.0229   12.1683    0.1785
4895.9574   12.1122   -0.2830
4897.2761   12.1632    0.1370
4896.9338   12.1421   -0.0372
4897.9162   12.1577    0.0917
4896.6579   12.0977   -0.4020
4896.4608   12.1882    0.3431
4897.4241   12.1943    0.3929
4899.2304   12.1432   -0.0279
4898.9364   12.1833    0.3026
4899.8895   12.1805    0.2791
4901.0642   12.1415   -0.0421
4900.8074   12.1824    0.2951
4901.6568   12.1659    0.1587
4900.5737   12.2254    0.6493
4900.3740   12.1942    0.3920
4901.2557   12.1996    0.4369
4898.2699   12.1471    0.0043
4898.1527   12.1485    0.0163
4899.1180   12.1081   -0.3169
4900.1957   12.2413    0.7795
4900.0688   12.1948    0.3968
4900.9701   12.1965    0.4111
4899.9798   12.2019    0.4556
4899.9336   12.1886    0.3462
4900.8217   12.1725    0.2138
4898.4256   12.1688    0.1827
4898.6515   12.1615    0.1229
4899.4214   12.1852    0.3177
4895.0229   12.1180   -0.2351
4895.3504   12.0895   -0.4697
4895.9574   12.1169   -0.2439
4896.4608   12.0453   -0.8339
4896.6579   12.0717   -0.6161
4897.4241   12.1218   -0.2042
4896.9338   12.0956   -0.4196
4897.2761   12.1944    0.3939
4897.9162   12.1026   -0.3617
4898.1527   12.0968   -0.4094
4898.2699   12.1868    0.3310
4899.1180   12.2321    0.7045
4899.9336   12.1457   -0.0075
4899.9798   12.1720    0.2092
4900.8217   12.1567    0.0835
4900.0688   12.1523    0.0475
4900.1957   12.1651    0.1525
4900.9701   12.1491    0.0205
4898.9364   12.1529    0.0523
4899.2304   12.1319   -0.1204
4899.8895   12.1440   -0.0209
4900.3740   12.1489    0.0193
4900.5737   12.1337   -0.1058
4901.2557   12.1644    0.1468
4900.8074   12.1414   -0.0423
4901.0642   12.1224   -0.1992
4901.6568   12.1277   -0.1555
4898.6515   12.0833   -0.5208
4898.4256   12.1431   -0.0285
4899.4214   12.1549    0.0688
4894.6275   12.1030   -0.3587
4894.3549   12.0834   -0.5204
4894.2167   12.0888   -0.4757
4895.3802   12.0958   -0.4182
4896.2051   12.1827    0.2972
4894.2167   12.1399   -0.0546
4894.3549   12.1240   -0.1856
4894.6275   12.1854    0.3195
4895.3802   12.1628    0.1336
4896.2051   12.2040    0.4730
4897.1339   12.1316   -0.1234
4898.0570   12.2640    0.9665
4897.1339   12.1777    0.2563
4898.0570   12.1610    0.1184
4899.0042   12.1369   -0.0793
4896.0961   12.1460   -0.0046
4895.1082   12.0864   -0.4952
4896.0961   12.1503    0.0311
4890.5947   12.1415   -0.0420
4890.7045   12.1290   -0.1447
4890.9510   12.1133   -0.2736
4891.3247   12.1227   -0.1965
4890.9510   12.1138   -0.2694
4891.1284   12.0733   -0.6032
4891.3247   12.1204   -0.2154
4891.8458   12.1314   -0.1251
4892.4586   12.1187   -0.2291
4893.1786   12.1459   -0.0059
4893.9791   12.1784    0.2619
4892.8893   12.1305   -0.1326
4892.7430   12.1198   -0.2205
4893.4305   12.1048   -0.3443
4891.8458   12.1201   -0.2178
4892.1558   12.1132   -0.2744
4892.4586   12.1635    0.1392
4892.7430   12.1762    0.2435
4892.8893   12.1749    0.2331
4893.4305   12.1451   -0.0122
4893.1786   12.1839    0.3075
4893.5995   12.1542    0.0627
4893.9791   12.1579    0.0929
4891.6728   12.1791    0.2682
4891.6728   12.1138   -0.2699
4892.1520   12.1343   -0.1007
4895.0229   12.1398   -0.0558
4895.9574   12.2068    0.4957
4896.9338   12.1697    0.1901
4897.9162   12.1582    0.0960
4896.6579   12.1727    0.2151
4896.4608   12.1731    0.2181
4897.4241   12.1882    0.3431
4898.9364   12.1527    0.0505
4899.8895   12.1088   -0.3110
4900.8074   12.0878   -0.4841
4901.6568   12.0937   -0.4352
4900.5737   12.1662    0.1620
4900.3740   12.1493    0.0225
4901.2557   12.1309   -0.1289
4898.2699   12.1461   -0.0035
4898.1527   12.1722    0.2111
4899.1180   12.1008   -0.3768
4900.1957   12.1248   -0.1791
4900.0688   12.0930   -0.4407
4900.9701   12.1138   -0.2694
4899.9798   12.0971   -0.4071
4899.9336   12.1082   -0.3161
4900.8217   12.1118   -0.2864
4898.4256   12.0937   -0.4351
4898.6515   12.1577    0.0915
4899.4214   12.1547    0.0665
4895.0229   12.1243   -0.1837
4895.3504   12.1526    0.0500
4895.9574   12.1615    0.1229
4896.4608   12.1160   -0.2515
4896.6579   12.1672    0.1695
4897.4241   12.1433   -0.0267
4896.9338   12.2054    0.4843
4897.2761   12.2030    0.4645
4897.9162   12.1925    0.3784
4898.1527   12.1006   -0.3787
4898.2699   12.1267   -0.1635
4899.1180   12.1311   -0.1273
4899.9336   12.1454   -0.0097
4899.9798   12.1432   -0.0279
4900.8217   12.1248   -0.1790
4900.0688   12.1326   -0.1151
4900.1957   12.1455   -0.0090
4900.9701   12.1207   -0.2131
4898.9364   12.1766    0.2475
4899.2304   12.1805    0.2795
4899.8895   12.1495    0.0242
4900.3740   12.1404   -0.0511
4900.5737   12.1473    0.0063
4901.2557   12.1182   -0.2334
4900.8074   12.1297   -0.1388
4901.0642   12.1792    0.2685
4901.6568   12.1157   -0.2542
4898.6515   12.1588    0.1003
4898.4256   12.1403   -0.0515
4899.4214   12.1479    0.0110
4894.6275   12.1397   -0.0567
4894.3549   12.1663    0.1624
4894.2167   12.1327   -0.1141
4895.3802   12.1214   -0.2069
4896.2051   12.1343   -0.1014
4894.2167   12.1357   -0.0893
4894.3549   12.1330   -0.1120
4894.6275   12.1234   -0.1910
4895.3802   12.1409   -0.0468
4896.2051   12.1721    0.2102
4897.1339   12.1238   -0.1872
4898.0570   12.1189   -0.2282
4897.1339   12.1271   -0.1601
4898.0570   12.1278   -0.1542
4899.0042   12.1287   -0.1468
4896.0961   12.1439   -0.0224
4895.1082   12.1388   -0.0641
4896.0961   12.1416   -0.0407
4890.5947   12.1439   -0.0220
4890.7045   12.1429   -0.0298
4891.1284   12.1412   -0.0441
4890.9510   12.1831    0.3004
4891.3247   12.1595    0.1065
4890.9510   12.1347   -0.0977
4891.3247   12.1454   -0.0094
4892.1558   12.1300   -0.1364
4891.8458   12.0971   -0.4076
4892.4586   12.1309   -0.1290
4893.5995   12.1219   -0.2030
4893.1786   12.1237   -0.1886
4893.9791   12.2538    0.8831
4892.8893   12.1537    0.0584
4892.7430   12.1616    0.1235
4893.4305   12.1137   -0.2705
4891.8458   12.1767    0.2477
4892.4586   12.2246    0.6427
4892.7430   12.1299   -0.1373
4892.8893   12.1448   -0.0149
4893.4305   12.1053   -0.3396
4893.1786   12.1628    0.1339
4893.9791   12.1756    0.2388
4891.6728   12.1291   -0.1440
4891.6728   12.1057   -0.3368
4892.1520   12.1428   -0.0312
4895.3504   12.1822    0.2936
4895.0229   12.1586    0.0990
4895.9574   12.1776    0.2554
4897.2761   12.1514    0.0400
4896.9338   12.0960   -0.4162
4897.9162   12.0594   -0.7179
4896.6579   12.1240   -0.1862
4896.4608   12.1472    0.0050
4897.4241   12.1293   -0.1424
4899.2304   12.1656    0.1564
4898.9364   12.0507   -0.7890
4899.8895   12.0790   -0.5565
4901.0642   12.1498    0.0265
4900.8074   12.1336   -0.1065
4901.6568   12.1774    0.2542
4900.5737   12.1020   -0.3673
4900.3740   12.1134   -0.2732
4901.2557   12.1108   -0.2945
4898.2699   12.1662    0.1616
4898.1527   12.1312   -0.1266
4899.1180   12.2042    0.4744
4900.1957   12.0589   -0.7214
4900.0688   12.0912   -0.4557
4900.9701   12.0989   -0.3928
4899.9798   12.1325   -0.1160
4899.9336   12.1520    0.0446
4900.8217   12.1596    0.1075
4898.4256   12.1293   -0.1420
4898.6515   12.0950   -0.4245
4899.4214   12.1712    0.2027
4895.0229   12.1339   -0.1043
4895.9574   12.1403   -0.0513
4896.4608   12.1404   -0.0506
4896.6579   12.2020    0.4565
4897.4241   12.1600    0.1103
4896.9338   12.1141   -0.2676
4897.9162   12.1742    0.2278
4898.1527   12.1683    0.1791
4898.2699   12.1680    0.1767
4899.1180   12.1678    0.1748
4899.9336   12.1807    0.2807
4899.9798   12.1389   -0.0630
4900.8217   12.1590    0.1022
4900.0688   12.1254   -0.1743
4900.1957   12.1151   -0.2590
4900.9701   12.0917   -0.4516
4898.9364   12.2290    0.6784
4899.8895   12.1571    0.0869
4900.3740   12.1967    0.4127
4900.5737   12.1751    0.2346
4901.2557   12.1647    0.1493
4900.8074   12.1681    0.1771
4901.6568   12.1717    0.2073
4898.6515   12.1118   -0.2865
4898.4256   12.1680    0.1767
4899.4214   12.1574    0.0891
4894.6275   12.1851    0.3173
4894.3549   12.1351   -0.0941
4894.2167   12.1679    0.1755
4895.3802   12.1418   -0.0391
4896.2051   12.1557    0.0753
4894.2167   12.1411   -0.0450
4894.3549   12.1819    0.2905
4894.6275   12.2313    0.6979
4895.3802   12.1964    0.4100
4896.2051   12.2303    0.6889
4897.1339   12.2100    0.5221
4898.0570   12.1793    0.2693
4897.1339   12.1700    0.1931
4898.0570   12.1463   -0.0024
4899.0042   12.1640    0.1434
4896.0961   12.1419   -0.0382
4895.1082   12.1194   -0.2240
4896.0961   12.1306   -0.1316
4890.5947   12.1328   -0.1136
4890.7045   12.1037   -0.3527
4891.1284   12.1587    0.1001
4890.9510   12.1778    0.2570
4891.3247   12.1693    0.1874
4890.9510   12.1197   -0.2215
4891.3247   12.2064    0.4926
4892.1558   12.1244   -0.1827
4891.8458   12.1247   -0.1797
4892.4586   12.1901    0.3582
4893.5995   12.1559    0.0765
4893.1786   12.1653    0.1542
4893.9791   12.1623    0.1298
4892.8893   12.1915    0.3701
4892.7430   12.1153   -0.2574
4893.4305   12.1832    0.3020
4891.8458   12.1222   -0.2005
4892.4586   12.1187   -0.2297
4892.7430   12.1805    0.2793
4892.8893   12.1349   -0.0965
4893.4305   12.1846    0.3133
4893.1786   12.1308   -0.1299
4893.9791   12.1431   -0.0283
4891.6728   12.2182    0.5897
4891.6728   12.2104    0.5255
4892.1520   12.1943    0.3928
4895.3504   12.1135   -0.2722
4895.0229   12.1063   -0.3316
4895.9574   12.1429   -0.0299
4897.2761   12.1269   -0.1622
4896.9338   12.1442   -0.0197
4897.9162   12.1551    0.0706
4896.6579   12.1360   -0.0866
4896.4608   12.1246   -0.1809
4897.4241   12.1503    0.0306
4899.2304   12.1648    0.1502
4898.9364   12.1644    0.1471
4899.8895   12.1705    0.1972
4901.0642   12.1855    0.3205
4900.8074   12.1704    0.1964
4901.6568   12.1725    0.2132
4900.5737   12.1641    0.1446
4900.3740   12.1525    0.0484
4901.2557   12.1616    0.1240
4898.2699   12.1981    0.4241
4898.1527   12.1827    0.2974
4899.1180   12.1761    0.2428
4900.1957   12.1588    0.1006
4900.0688   12.1657    0.1572
4900.9701   12.1701    0.1938
4899.9798   12.1808    0.2822
4899.9336   12.1863    0.3267
4900.8217   12.1580    0.0945
4898.4256   12.1721    0.2099
4898.6515   12.1444   -0.0180
4899.4214   12.1613    0.1214
4895.0229   12.1784    0.2621
4895.9574   12.1567    0.0831
4896.4608   12.1767    0.2480
4896.6579   12.2176    0.5848
4897.4241   12.1150   -0.2603
4896.9338   12.2137    0.5524
4897.9162   12.1624    0.1304
4898.1527   12.1688    0.1827
4898.2699   12.1899    0.3571
4899.1180   12.1994    0.4353
4899.9336   12.1656    0.1568
4899.9798   12.1580    0.0943
4900.8217   12.1496    0.0252
4900.0688   12.1721    0.2104
4900.1957   12.1546    0.0663
4900.9701   12.1626    0.1322
4898.9364   12.1163   -0.2492
4899.8895   12.1074   -0.3228
4900.3740   12.1647    0.1492
4900.5737   12.1070   -0.3258
4901.2557   12.1252   -0.1758
4900.8074   12.0682   -0.6452
4901.6568   12.2187    0.5936
4898.6515   12.0685   -0.6424
4898.4256   12.1701    0.1939
4899.4214   12.1684    0.1800
4894.6275   12.1369   -0.0796
4894.3549   12.1078   -0.3193
4894.2167   12.1119   -0.2857
4895.3802   12.0974   -0.4046
4896.2051   12.1789    0.2665
4894.2167   12.1516    0.0417
4894.3549   12.1704    0.1963
4894.6275   12.1795    0.2714
4895.3802   12.1392   -0.0608
4896.2051   12.1427   -0.0321
4897.1339   12.1309   -0.1290
4898.0570   12.1983    0.4259
4897.1339   12.1756    0.2389
4898.0570   12.1757    0.2401
4899.0042   12.1876    0.3377
4896.0961   12.1177   -0.2381
4895.1082   12.1670    0.1679
4896.0961   12.1954    0.4019
4890.7045   12.1592    0.1044
4890.9510   12.1386   -0.0658
4891.3247   12.1317   -0.1223
4890.9510   12.2135    0.5509
4891.3247   12.1433   -0.0269
4891.8458   12.1401   -0.0529
4892.4586   12.1524    0.0478
4893.1786   12.1527    0.0505
4893.9791   12.1667    0.1660
4892.8893   12.1669    0.1676
4892.7430   12.1410   -0.0460
4893.4305   12.1823    0.2943
4891.8458   12.1694    0.1877
4892.4586   12.1439   -0.0219
4892.7430   12.1408   -0.0473
4892.8893   12.1290   -0.1447
4893.4305   12.1661    0.1604
4893.1786   12.1086   -0.3129
4893.9791   12.1638    0.1417
4891.6728   12.1294   -0.1413
4891.6728   12.1642    0.1451
4892.1520   12.1319   -0.1210
4895.0229   12.1498    0.0267
4895.9574   12.1788    0.2650
4896.9338   12.1703    0.1957
4897.9162   12.1834    0.3036
4896.6579   12.1958    0.4051
4896.4608   12.1210   -0.2104
4897.4241   12.1895    0.3535
4898.9364   12.1648    0.1501
4899.8895   12.1964    0.4099
4900.8074   12.1983    0.4259
4901.6568   12.1954    0.4018
4900.5737   12.1679    0.1757
4900.3740   12.1614    0.1218
4901.2557   12.1663    0.1622
4898.2699   12.1544    0.0648
4898.1527   12.1710    0.2009
4899.1180   12.1443   -0.0184
4900.1957   12.1482    0.0138
4900.0688   12.1451   -0.0118
4900.9701   12.1255   -0.1738
4899.9798   12.1245   -0.1819
4899.9336   12.0552   -0.7519
4900.8217   12.1153   -0.2573
4898.4256   12.1546    0.0664
4898.6515   12.1636    0.1401
4899.4214   12.1697    0.1902
4895.0229   12.1539    0.0602
4895.9574   12.1514    0.0396
4896.4608   12.1697    0.1903
4896.6579   12.1943    0.3928
4897.4241   12.1772    0.2522
4896.9338   12.1510    0.0364
4897.9162   12.1333   -0.1096
4898.1527   12.1744    0.2293
4898.2699   12.2254    0.6493
4899.1180   12.1243   -0.1835
4899.9336   12.1336   -0.1070
4899.9798   12.1565    0.0815
4900.8217   12.1600    0.1107
4900.0688   12.0850   -0.5070
4900.1957   12.1790    0.2668
4900.9701   12.1785    0.2628
4898.9364   12.1556    0.0745
4899.8895   12.1668    0.1667
4900.3740   12.1468    0.0020
4900.5737   12.1524    0.0480
4901.2557   12.1980    0.4236
4900.8074   12.1891    0.3498
4901.6568   12.2154    0.5665
4898.6515   12.1456   -0.0079
4898.4256   12.2118    0.5374
4899.4214   12.1671    0.1686
4894.6275   12.1280   -0.1532
4894.3549   12.1513    0.0392
4894.2167   12.1378   -0.0724
4895.3802   12.1543    0.0634
4896.2051   12.1780    0.2585
4894.2167   12.1962    0.4087
4894.3549   12.2409    0.7768
4894.6275   12.1939    0.3900
4895.3802   12.2056    0.4861
4896.2051   12.1391   -0.0615
4897.1339   12.1850    0.3166
4898.0570   12.1859    0.3238
4897.1339   12.2071    0.4982
4898.0570   12.1860    0.3244
4899.0042   12.1821    0.2924
4896.0961   12.2557    0.8982
4895.1082   12.1619    0.1260
4896.0961   12.1522    0.0466
4902.5059   12.1610    0.1190
4902.3057   12.1534    0.0561
4902.1245   12.1424   -0.0345
4901.9668   12.2099    0.5216
4902.9015   12.1960    0.4065
4903.5571   12.1662    0.1618
4903.4242   12.1686    0.1816
4901.8357   12.1420   -0.0375
4901.7348   12.1513    0.0393
4901.6656   12.1351   -0.0946
4901.6292   12.2005    0.4441
4902.4440   12.1251   -0.1768
4903.1278   12.1316   -0.1235
4903.0728   12.1084   -0.3139
4903.8854   12.1216   -0.2058
4904.3061   12.1169   -0.2445
4904.2415   12.1271   -0.1605
4903.7242   12.0992   -0.3902
4904.1798   12.1276   -0.1563
4904.1225   12.0672   -0.6534
4904.5075   12.1459   -0.0054
4904.6956   12.1551    0.0704
4904.6747   12.1559    0.0769
4903.3167   12.1347   -0.0978
4902.6239   12.1728    0.2163
4903.2173   12.1277   -0.1551
4901.6292   12.1972    0.4168
4901.6656   12.1216   -0.2058
4901.7348   12.1359   -0.0877
4901.8357   12.1513    0.0388
4902.4440   12.1749    0.2332
4903.0728   12.1880    0.3413
4903.1278   12.1808    0.2818
4901.9668   12.1750    0.2341
4902.1245   12.1506    0.0330
4902.3057   12.1377   -0.0729
4902.5059   12.1604    0.1136
4902.9015   12.1569    0.0850
4903.4242   12.1731    0.2183
4903.5571   12.1718    0.2076
4903.7242   12.1729    0.2170
4904.1225   12.1431   -0.0285
4904.1798   12.1461   -0.0042
4903.8854   12.1925    0.3782
4904.2415   12.1885    0.3454
4904.3061   12.1402   -0.0526
4904.5075   12.1416   -0.0406
4904.6747   12.1203   -0.2161
4904.6956   12.1153   -0.2571
4903.2173   12.1845    0.3122
4902.6239   12.2201    0.6054
4903.3167   12.2144    0.5580
4904.7450   12.1084   -0.3146
4904.6956   12.1150   -0.2596
4904.6956   12.1017   -0.3697
4904.7450   12.1270   -0.1608
4904.6955   12.0877   -0.4849
4904.6955   12.1162   -0.2500
4904.5470   12.0740   -0.5972
4904.3061   12.0830   -0.5231
4904.3058   12.0794   -0.5528
4904.7450   12.1056   -0.3372
4904.6955   12.0850   -0.5073
4904.6955   12.1399   -0.0551
4904.7450   12.1654    0.1553
4904.6956   12.1298   -0.1382
4904.6956   12.1401   -0.0536
4904.5470   12.1677    0.1742
4904.3058   12.1411   -0.0449
4904.3061   12.1768    0.2485
4903.9583   12.0833   -0.5206
4903.5571   12.0540   -0.7624
4903.5443   12.0610   -0.7041
4903.9583   12.1343   -0.1009
4903.5443   12.1078   -0.3190
4903.5571   12.1356   -0.0901
4903.0536   12.0891   -0.4733
4902.5059   12.0904   -0.4621
4902.5059   12.1006   -0.3787
4904.2980   12.1130   -0.2762
4904.5468   12.1210   -0.2106
4904.2980   12.1346   -0.0983
4904.6746   12.1186   -0.2302
4904.4634   12.1011   -0.3743
4904.1218   12.1614    0.1217
4904.6745   12.1236   -0.1895
4904.6745   12.1350   -0.0950
4903.6323   12.1247   -0.1801
4903.0544   12.1303   -0.1336
4902.3761   12.1971    0.4160
4903.0544   12.1852    0.3181
4903.6323   12.2030    0.4647
4904.6745   12.1227   -0.1966
4904.6745   12.1435   -0.0252
4904.1218   12.1787    0.2642
4904.4634   12.1548    0.0677
4904.6746   12.1605    0.1144
4904.4630   12.1436   -0.0248
4904.1106   12.1326   -0.1149
4904.1106   12.1385   -0.0661
4902.5059   12.1194   -0.2237
4902.3057   12.0729   -0.6068
4903.5571   12.1910    0.3662
4902.9015   12.1325   -0.1161
4903.4242   12.0999   -0.3842
4902.1245   12.1304   -0.1332
4901.9668   12.1276   -0.1559
4904.3061   12.1532    0.0546
4903.8854   12.1159   -0.2527
4904.2415   12.1596    0.1071
4904.6956   12.0972   -0.4062
4904.5075   12.1380   -0.0707
4904.6747   12.1317   -0.1223
4904.1798   12.1054   -0.3392
4903.7242   12.1038   -0.3522
4904.1225   12.0945   -0.4290
4901.8357   12.1673    0.1704
4901.7348   12.1570    0.0855
4903.1278   12.1164   -0.2481
4902.4440   12.1259   -0.1698
4903.0728   12.1118   -0.2861
4901.6656   12.1542    0.0624
4901.6292   12.0955   -0.4206
4902.6239   12.0964   -0.4129
4903.3167   12.0704   -0.6271
4903.2173   12.1079   -0.3185
4904.6956   12.1330   -0.1115
4904.7450   12.1529    0.0521
4904.6956   12.1547    0.0666
4904.3061   12.1419   -0.0388
4904.5470   12.1602    0.1119
4904.3058   12.1554    0.0728
4904.6955   12.1660    0.1600
4904.7450   12.1309   -0.1287
4904.6955   12.1502    0.0300
4903.5571   12.1273   -0.1590
4903.9583   12.1497    0.0257
4903.5443   12.1391   -0.0613
4902.5059   12.1407   -0.0480
4903.0536   12.1346   -0.0988
4902.5059   12.1442   -0.0199
4903.5443   12.1416   -0.0407
4903.9583   12.1341   -0.1029
4903.5571   12.1469    0.0030
4904.6955   12.1420   -0.0373
4904.7450   12.1511    0.0377
4904.6955   12.1551    0.0703
4904.3058   12.1378   -0.0723
4904.5470   12.1498    0.0269
4904.3061   12.1601    0.1113
4904.6956   12.1566    0.0828
4904.7450   12.1460   -0.0048
4904.6956   12.1521    0.0455
4904.5468   12.1364   -0.0841
4904.2980   12.1437   -0.0240
4904.2980   12.1369   -0.0799
4901.6292   12.0949   -0.4256
4901.6656   12.1184   -0.2322
4903.0728   12.1555    0.0737
4902.4440   12.1564    0.0808
4903.1278   12.1582    0.0958
4901.7348   12.1138   -0.2699
4901.8357   12.1475    0.0080
4904.1225   12.1405   -0.0496
4903.7242   12.1561    0.0783
4904.1798   12.1589    0.1012
4904.6747   12.1129   -0.2771
4904.5075   12.1393   -0.0602
4904.6956   12.1223   -0.1996
4904.2415   12.1586    0.0992
4903.8854   12.1601    0.1115
4904.3061   12.1651    0.1528
4901.9668   12.1375   -0.0743
4902.1245   12.0958   -0.4181
4903.4242   12.1478    0.0105
4902.9015   12.1249   -0.1786
4903.5571   12.1271   -0.1601
4902.3057   12.1018   -0.3685
4902.5059   12.1592    0.1036
4902.6239   12.1658    0.1584
4903.2173   12.1692    0.1859
4903.3167   12.1686    0.1816
4902.3761   12.1107   -0.2953
4903.0544   12.1479    0.0107
4903.6323   12.1118   -0.2863
4903.0544   12.1576    0.0909
4903.6323   12.1273   -0.1590
4904.1218   12.1059   -0.3350
4904.4634   12.1181   -0.2340
4904.6746   12.1000   -0.3830
4904.6745   12.1298   -0.1380
4904.6745   12.1453   -0.0107
4904.1218   12.1368   -0.0807
4904.4634   12.1097   -0.3036
4904.6745   12.1428   -0.0308
4904.6745   12.1188   -0.2287
4904.6746   12.1085   -0.3135
4904.1106   12.1568    0.0842
4904.1106   12.1292   -0.1432
4904.4630   12.1340   -0.1033
4903.0536   12.1771    0.2515
4903.5443   12.1769    0.2498
4903.9583   12.1645    0.1474
4903.5443   12.1724    0.2126
4903.9583   12.1633    0.1376
4904.3058   12.1144   -0.2647
4904.5470   12.1245   -0.1818
4904.6956   12.1184   -0.2317
4904.7450   12.0930   -0.4408
4904.6955   12.1094   -0.3059
4904.6955   12.1205   -0.2149
4904.7450   12.0991   -0.3905
4904.3058   12.1627    0.1326
4904.5470   12.1441   -0.0203
4904.6955   12.1328   -0.1134
4904.6955   12.1562    0.0796
4904.7450   12.1357   -0.0893
4904.6956   12.1387   -0.0646
4904.7450   12.0766   -0.5759
4904.2980   12.1367   -0.0809
4904.2980   12.1539    0.0607
4904.5468   12.1521    0.0458
4904.6747   12.1039   -0.3512
4904.5075   12.1191   -0.2262
4904.2415   12.1152   -0.2581
4903.8854   12.1108   -0.2941
4904.1798   12.1267   -0.1637
4904.1225   12.1454   -0.0098
4903.7242   12.1651    0.1525
4903.4242   12.0423   -0.8586
4902.9015   12.0724   -0.6106
4902.3057   12.0700   -0.6303
4901.6568   12.0726   -0.6086
4902.1245   12.0573   -0.7347
4901.9668   12.1010   -0.3750
4901.2557   12.0993   -0.3893
4903.1278   12.1508    0.0346
4903.0728   12.1446   -0.0162
4902.4440   12.1324   -0.1170
4901.8357   12.1273   -0.1590
4901.7348   12.1489    0.0195
4900.9701   12.1476    0.0088
4901.6656   12.1369   -0.0793
4901.6292   12.1316   -0.1232
4900.8217   12.1440   -0.0208
4903.2173   12.1492    0.0215
4903.3167   12.0882   -0.4805
4902.6239   12.1054   -0.3386
4904.6747   12.1049   -0.3428
4904.5075   12.1248   -0.1790
4904.1225   12.1510    0.0368
4904.1798   12.1403   -0.0514
4903.7242   12.1483    0.0146
4904.2415   12.1363   -0.0849
4903.8854   12.1357   -0.0899
4903.0728   12.1485    0.0161
4903.1278   12.1439   -0.0217
4902.4440   12.1487    0.0178
4901.6292   12.1335   -0.1077
4901.6656   12.1304   -0.1335
4900.8217   12.1303   -0.1340
4901.7348   12.1333   -0.1096
4901.8357   12.1682    0.1777
4900.9701   12.1506    0.0333
4903.4242   12.1285   -0.1484
4902.9015   12.1320   -0.1196
4901.9668   12.1712    0.2031
4902.1245   12.1602    0.1121
4901.2557   12.1643    0.1456
4902.3057   12.1500    0.0282
4901.6568   12.1465   -0.0004
4903.3167   12.1393   -0.0595
4903.2173   12.1588    0.1003
4902.6239   12.1635    0.1391
4904.6746   12.1120   -0.2844
4904.6745   12.1258   -0.1712
4904.6745   12.1315   -0.1239
4904.4634   12.1696    0.1898
4904.1218   12.1496    0.0251
4904.6745   12.1168   -0.2454
4904.6745   12.1178   -0.2373
4904.6746   12.0894   -0.4704
4904.4634   12.1243   -0.1831
4904.1218   12.1435   -0.0251
4903.6323   12.1333   -0.1093
4903.0544   12.1310   -0.1285
4903.6323   12.1483    0.0139
4903.0544   12.1274   -0.1577
4902.3761   12.1224   -0.1989
4904.1106   12.1405   -0.0497
4904.4630   12.1243   -0.1834
4904.1106   12.1229   -0.1948
4902.5059   12.2287    0.6758
4902.3057   12.1819    0.2911
4902.1245   12.1469    0.0027
4901.9668   12.1549    0.0685
4902.9015   12.2134    0.5502
4903.5571   12.1933    0.3848
4903.4242   12.1799    0.2747
4901.8357   12.1242   -0.1845
4901.7348   12.1293   -0.1423
4901.6656   12.1467    0.0007
4901.6292   12.1718    0.2080
4902.4440   12.1612    0.1205
4903.1278   12.1278   -0.1544
4903.0728   12.1461   -0.0043
4903.8854   12.1896    0.3543
4904.3061   12.1340   -0.1038
4904.2415   12.1736    0.2228
4903.7242   12.2084    0.5091
4904.1798   12.2178    0.5867
4904.1225   12.2268    0.6607
4904.5075   12.1054   -0.3392
4904.6956   12.1376   -0.0738
4904.6747   12.1644    0.1471
4903.3167   12.2227    0.6263
4902.6239   12.2013    0.4506
4903.2173   12.2029    0.4638
4901.6292   12.1446   -0.0159
4901.6656   12.0729   -0.6064
4901.7348   12.0838   -0.5171
4901.8357   12.0956   -0.4199
4902.4440   12.1676    0.1727
4903.0728   12.1640    0.1435
4903.1278   12.1672    0.1700
4901.9668   12.1706    0.1982
4902.1245   12.2027    0.4620
4902.3057   12.1605    0.1143
4902.5059   12.1899    0.3565
4902.9015   12.1494    0.0233
4903.4242   12.1809    0.2829
4903.5571   12.1534    0.0566
4903.7242   12.1640    0.1434
4904.1225   12.1500    0.0280
4904.1798   12.1299   -0.1368
4903.8854   12.1444   -0.0180
4904.2415   12.1507    0.0340
4904.3061   12.1082   -0.3158
4904.5075   12.1089   -0.3099
4904.6747   12.1197   -0.2214
4904.6956   12.1262   -0.1681
4903.2173   12.1644    0.1465
4902.6239   12.1512    0.0379
4903.3167   12.1775    0.2543
4904.7450   12.1834    0.3031
4904.6956   12.1124   -0.2812
4904.6956   12.1424   -0.0347
4904.7450   12.1578    0.0923
4904.6955   12.1409   -0.0468
4904.6955   12.1161   -0.2510
4904.5470   12.1281   -0.1517
4904.3061   12.1135   -0.2719
4904.3058   12.0867   -0.4933
4904.7450   12.1572    0.0876
4904.6955   12.1229   -0.1949
4904.6955   12.1419   -0.0383
4904.7450   12.1363   -0.0845
4904.6956   12.1764    0.2456
4904.6956   12.1647    0.1496
4904.5470   12.1617    0.1248
4904.3058   12.1590    0.1020
4904.3061   12.1465   -0.0004
4903.9583   12.1215   -0.2068
4903.5571   12.1308   -0.1301
4903.5443   12.1592    0.1041
4903.9583   12.1269   -0.1618
4903.5443   12.1321   -0.1191
4903.5571   12.1286   -0.1476
4903.0536   12.1732    0.2191
4902.5059   12.1454   -0.0096
4902.5059   12.1687    0.1822
4904.2980   12.1199   -0.2193
4904.5468   12.1126   -0.2795
4904.2980   12.1195   -0.2231
4904.6746   12.1515    0.0407
4904.4634   12.1973    0.4178
4904.1218   12.1644    0.1465
4904.6745   12.1688    0.1829
4904.6745   12.1516    0.0415
4903.6323   12.1461   -0.0035
4903.0544   12.1119   -0.2854
4902.3761   12.1408   -0.0475
4903.0544   12.1573    0.0885
4903.6323   12.1320   -0.1201
4904.6745   12.1710    0.2007
4904.6745   12.1762    0.2442
4904.1218   12.1299   -0.1371
4904.4634   12.1254   -0.1745
4904.6746   12.1397   -0.0568
4904.4630   12.0950   -0.4247
4904.1106   12.1320   -0.1199
4904.1106   12.1464   -0.0015
4903.0536   12.1471    0.0042
4903.5443   12.1773    0.2531
4903.9583   12.1772    0.2521
4903.5443   12.1801    0.2758
4903.9583   12.1848    0.3151
4904.3058   12.1449   -0.0138
4904.5470   12.1154   -0.2563
4904.6956   12.1089   -0.3102
4904.7450   12.1041   -0.3496
4904.6955   12.1382   -0.0692
4904.6955   12.1387   -0.0648
4904.7450   12.1508    0.0348
4904.3058   12.1563    0.0801
4904.5470   12.1197   -0.2209
4904.6955   12.1495    0.0245
4904.6955   12.1438   -0.0227
4904.7450   12.1576    0.0905
4904.6956   12.1170   -0.2431
4904.7450   12.1062   -0.3325
4904.2980   12.1621    0.1282
4904.2980   12.1771    0.2515
4904.5468   12.1418   -0.0391
4904.6747   12.1241   -0.1849
4904.5075   12.1064   -0.3304
4904.2415   12.1452   -0.0112
4903.8854   12.1431   -0.0288
4904.1798   12.1225   -0.1979
4904.1225   12.1421   -0.0366
4903.7242   12.1592    0.1041
4903.4242   12.1493    0.0221
4902.9015   12.1613    0.1214
4902.3057   12.1635    0.1395
4901.6568   12.1621    0.1276
4902.1245   12.1647    0.1494
4901.9668   12.1650    0.1513
4901.2557   12.1724    0.2130
4903.1278   12.1606    0.1153
4903.0728   12.1690    0.1850
4902.4440   12.1498    0.0268
4901.8357   12.1507    0.0341
4901.7348   12.1594    0.1055
4900.9701   12.1601    0.1113
4901.6656   12.1457   -0.0075
4901.6292   12.1503    0.0303
4900.8217   12.1565    0.0821
4903.2173   12.1473    0.0061
4903.3167   12.1567    0.0834
4902.6239   12.1425   -0.0332
4904.6747   12.1365   -0.0832
4904.5075   12.1482    0.0136
4904.1225   12.1469    0.0028
4904.1798   12.1537    0.0587
4903.7242   12.1534    0.0566
4904.2415   12.1559    0.0771
4903.8854   12.1268   -0.1625
4903.0728   12.1194   -0.2238
4903.1278   12.1099   -0.3018
4902.4440   12.1550    0.0696
4901.6292   12.1648    0.1503
4901.6656   12.1414   -0.0426
4900.8217   12.1437   -0.0235
4901.7348   12.1646    0.1481
4901.8357   12.1375   -0.0747
4900.9701   12.1711    0.2020
4903.4242   12.1312   -0.1264
4902.9015   12.1236   -0.1892
4901.9668   12.1103   -0.2983
4902.1245   12.1109   -0.2937
4901.2557   12.1286   -0.1482
4902.3057   12.1316   -0.1233
4901.6568   12.1114   -0.2895
4903.3167   12.1216   -0.2054
4903.2173   12.1187   -0.2294
4902.6239   12.1117   -0.2874
4904.6746   12.1435   -0.0256
4904.6745   12.1572    0.0877
4904.6745   12.1488    0.0183
4904.4634   12.1301   -0.1354
4904.1218   12.1318   -0.1217
4904.6745   12.1438   -0.0230
4904.6745   12.1784    0.2618
4904.6746   12.1416   -0.0405
4904.4634   12.1567    0.0836
4904.1218   12.1746    0.2306
4903.6323   12.1166   -0.2468
4903.0544   12.1306   -0.1312
4903.6323   12.1670    0.1683
4903.0544   12.1349   -0.0961
4902.3761   12.1631    0.1361
4904.1106   12.1445   -0.0168
4904.4630   12.1487    0.0179
4904.1106   12.1612    0.1203
4902.5059   12.1657    0.1571
4902.3057   12.2172    0.5814
4902.1245   12.1295   -0.1407
4901.9668   12.1362   -0.0850
4902.9015   12.0975   -0.4039
4903.5571   12.1356   -0.0907
4903.4242   12.0855   -0.5024
4901.8357   12.1489    0.0190
4901.7348   12.1573    0.0884
4901.6656   12.1365   -0.0829
4901.6292   12.1330   -0.1117
4902.4440   12.1437   -0.0240
4903.1278   12.1401   -0.0536
4903.0728   12.1295   -0.1403
4903.8854   12.1167   -0.2460
4904.3061   12.1166   -0.2469
4904.2415   12.1392   -0.0607
4903.7242   12.1451   -0.0120
4904.1798   12.1343   -0.1014
4904.1225   12.1430   -0.0290
4904.5075   12.1516    0.0416
4904.6956   12.1623    0.1291
4904.6747   12.1759    0.2417
4903.3167   12.1350   -0.0955
4902.6239   12.1422   -0.0360
4903.2173   12.1409   -0.0464
4901.6292   12.1292   -0.1432
4901.6656   12.1480    0.0119
4901.7348   12.1739    0.2248
4901.8357   12.1794    0.2703
4902.4440   12.1401   -0.0531
4903.0728   12.1268   -0.1628
4903.1278   12.1383   -0.0678
4901.9668   12.1696    0.1893
4902.1245   12.1558    0.0757
4902.3057   12.1540    0.0609
4902.5059   12.1558    0.0758
4902.9015   12.1475    0.0077
4903.4242   12.1540    0.0613
4903.5571   12.1497    0.0259
4903.7242   12.1597    0.1085
4904.1225   12.1518    0.0432
4904.1798   12.1643    0.1462
4903.8854   12.1665    0.1639
4904.2415   12.1738    0.2241
4904.3061   12.1714    0.2045
4904.5075   12.1569    0.0850
4904.6747   12.1335   -0.1075
4904.6956   12.1408   -0.0479
4903.2173   12.1747    0.2316
4902.6239   12.1701    0.1937
4903.3167   12.1639    0.1427
4904.7450   12.1507    0.0338
4904.6956   12.1188   -0.2289
4904.6956   12.1718    0.2076
4904.7450   12.1801    0.2758
4904.6955   12.1989    0.4307
4904.6955   12.1814    0.2864
4904.5470   12.1982    0.4247
4904.3061   12.1208   -0.2121
4904.3058   12.1522    0.0464
4904.7450   12.1709    0.2005
4904.6955   12.1934    0.3859
4904.6955   12.2170    0.5798
4904.7450   12.1648    0.1501
4904.6956   12.1839    0.3073
4904.6956   12.1618    0.1250
4904.5470   12.1956    0.4039
4904.3058   12.2081    0.5066
4904.3061   12.1990    0.4314
4903.9583   12.1607    0.1160
4903.5571   12.1368   -0.0804
4903.5443   12.1816    0.2886
4903.9583   12.1497    0.0258
4903.5443   12.1964    0.4104
4903.5571   12.2078    0.5040
4903.0536   12.2141    0.5563
4902.5059   12.1867    0.3301
4902.5059   12.1999    0.4393
4904.2980   12.1669    0.1675
4904.5468   12.1883    0.3437
4904.2980   12.2203    0.6071
4904.6746   12.1343   -0.1007
4904.4634   12.1466    0.0001
4904.1218   12.1501    0.0292
4904.6745   12.1564    0.0810
4904.6745   12.1621    0.1276
4903.6323   12.1446   -0.0161
4903.0544   12.1254   -0.1746
4902.3761   12.1281   -0.1520
4903.0544   12.1281   -0.1523
4903.6323   12.1273   -0.1584
4904.6745   12.1618    0.1252
4904.6745   12.1503    0.0305
4904.1218   12.1316   -0.1232
4904.4634   12.1468    0.0023
4904.6746   12.1436   -0.0245
4904.4630   12.1283   -0.1507
4904.1106   12.1385   -0.0663
4904.1106   12.1158   -0.2533
4903.0536   12.1200   -0.2190
4903.5443   12.0689   -0.6392
4903.9583   12.0992   -0.3897
4903.5443   12.1171   -0.2425
4903.9583   12.1188   -0.2287
4904.3058   12.1358   -0.0889
4904.5470   12.1077   -0.3199
4904.6956   12.1284   -0.1496
4904.7450   12.1650    0.1514
4904.6955   12.1573    0.0885
4904.6955   12.1570    0.0855
4904.7450   12.1632    0.1371
4904.3058   12.1333   -0.1092
4904.5470   12.0657   -0.6654
4904.6955   12.1667    0.1656
4904.6955   12.1817    0.2888
4904.7450   12.1558    0.0761
4904.6956   12.1179   -0.2362
4904.7450   12.1789    0.2660
4904.2980   12.1332   -0.1100
4904.2980   12.1196   -0.2222
4904.5468   12.1708    0.1997
4904.6747   12.1485    0.0155
4904.5075   12.1375   -0.0744
4904.2415   12.1373   -0.0762
4903.8854   12.1675    0.1722
4904.1798   12.1478    0.0102
4904.1225   12.1828    0.2983
4903.7242   12.1526    0.0497
4903.4242   12.1766    0.2471
4902.9015   12.1777    0.2562
4902.3057   12.2015    0.4523
4901.6568   12.1638    0.1416
4902.1245   12.1337   -0.1060
4901.9668   12.1168   -0.2450
4901.2557   12.1466    0.0004
4903.1278   12.1684    0.1795
4903.0728   12.1390   -0.0622
4902.4440   12.1474    0.0069
4901.8357   12.1226   -0.1974
4901.7348   12.1220   -0.2024
4900.9701   12.1160   -0.2515
4901.6656   12.1576    0.0910
4901.6292   12.1413   -0.0435
4900.8217   12.1369   -0.0793
4903.2173   12.1744    0.2294
4903.3167   12.1800    0.2749
4902.6239   12.1492    0.0218
4904.6747   12.1644    0.1471
4904.5075   12.1772    0.2521
4904.1225   12.1840    0.3079
4904.1798   12.1727    0.2154
4903.7242   12.1829    0.2993
4904.2415   12.1406   -0.0491
4903.8854   12.1596    0.1071
4903.0728   12.1218   -0.2036
4903.1278   12.1550    0.0695
4902.4440   12.1170   -0.2431
4901.6292   12.1385   -0.0667
4901.6656   12.1164   -0.2482
4900.8217   12.0929   -0.4417
4901.7348   12.1326   -0.1147
4901.8357   12.1486    0.0170
4900.9701   12.1481    0.0129
4903.4242   12.1553    0.0721
4902.9015   12.1231   -0.1930
4901.9668   12.1266   -0.1643
4902.1245   12.1241   -0.1851
4901.2557   12.1450   -0.0129
4902.3057   12.1522    0.0467
4901.6568   12.1487    0.0172
4903.3167   12.1592    0.1043
4903.2173   12.1659    0.1593
4902.6239   12.1395   -0.0581
4904.6746   12.1554    0.0724
4904.6745   12.1727    0.2152
4904.6745   12.1538    0.0595
4904.4634   12.1842    0.3097
4904.1218   12.1422   -0.0357
4904.6745   12.1764    0.2455
4904.6745   12.1188   -0.2288
4904.6746   12.1455   -0.0090
4904.4634   12.1657    0.1576
4904.1218   12.1590    0.1021
4903.6323   12.1323   -0.1173
4903.0544   12.1147   -0.2622
4903.6323   12.0716   -0.6176
4903.0544   12.1017   -0.3696
4902.3761   12.1189   -0.2281
4904.1106   12.1779    0.2582
4904.4630   12.1320   -0.1200
4904.1106   12.1364   -0.0837
4902.5059   12.1760    0.2420
4902.3057   12.1910    0.3655
4902.1245   12.1570    0.0855
4901.9668   12.1832    0.3014
4902.9015   12.1662    0.1620
4903.5571   12.1551    0.0702
4903.4242   12.1444   -0.0182
4901.8357   12.1427   -0.0319
4901.7348   12.1207   -0.2131
4901.6656   12.1612    0.1207
4901.6292   12.2122    0.5403
4902.4440   12.1534    0.0561
4903.1278   12.1644    0.1464
4903.0728   12.1679    0.1754
4903.8854   12.1343   -0.1013
4904.3061   12.1338   -0.1053
4904.2415   12.1338   -0.1055
4903.7242   12.1504    0.0318
4904.1798   12.1264   -0.1665
4904.1225   12.1451   -0.0124
4904.5075   12.1386   -0.0656
4904.6956   12.1588    0.1010
4904.6747   12.1492    0.0214
4903.3167   12.1315   -0.1239
4902.6239   12.1134   -0.2735
4903.2173   12.1545    0.0649
4901.6292   12.1378   -0.0719
4901.6656   12.1090   -0.3095
4901.7348   12.1777    0.2564
4901.8357   12.1571    0.0867
4902.4440   12.1473    0.0061
4903.0728   12.1677    0.1738
4903.1278   12.1787    0.2641
4901.9668   12.1543    0.0633
4902.1245   12.2385    0.7565
4902.3057   12.2326    0.7084
4902.5059   12.1674    0.1712
4902.9015   12.2690    1.0078
4903.4242   12.2501    0.8527
4903.5571   12.2258    0.6526
4903.7242   12.1728    0.2160
4904.1225   12.1492    0.0215
4904.1798   12.1793    0.2691
4903.8854   12.2020    0.4562
4904.2415   12.2052    0.4830
4904.3061   12.1750    0.2339
4904.5075   12.1978    0.4218
4904.6747   12.1076   -0.3206
4904.6956   12.1664    0.1635
4903.2173   12.1982    0.4246
4902.6239   12.2045    0.4772
4903.3167   12.1903    0.3602
4904.7450   12.1675    0.1725
4904.6956   12.1670    0.1678
4904.6956   12.1608    0.1174
4904.7450   12.1737    0.2233
4904.6955   12.1678    0.1746
4904.6955   12.1535    0.0569
4904.5470   12.1531    0.0535
4904.3061   12.1571    0.0863
4904.3058   12.1434   -0.0259
4904.7450   12.0949   -0.4256
4904.6955   12.1167   -0.2456
4904.6955   12.0966   -0.4116
4904.7450   12.1105   -0.2970
4904.6956   12.0964   -0.4133
4904.6956   12.1107   -0.2953
4904.5470   12.1191   -0.2262
4904.3058   12.1200   -0.2185
4904.3061   12.1358   -0.0884
4903.9583   12.1588    0.1004
4903.5571   12.1324   -0.1169
4903.5443   12.1335   -0.1074
4903.9583   12.1400   -0.0542
4903.5443   12.1138   -0.2695
4903.5571   12.1278   -0.1545
4903.0536   12.0912   -0.4560
4902.5059   12.0817   -0.5337
4902.5059   12.0730   -0.6058
4904.2980   12.1553    0.0722
4904.5468   12.1244   -0.1829
4904.2980   12.1348   -0.0970
4904.6746   12.1522    0.0461
4904.4634   12.1329   -0.1127
4904.1218   12.1511    0.0371
4904.6745   12.1645    0.1475
4904.6745   12.1544    0.0645
4903.6323   12.1499    0.0278
4903.0544   12.2041    0.4739
4902.3761   12.1692    0.1860
4903.0544   12.2081    0.5066
4903.6323   12.2075    0.5018
4904.6745   12.1508    0.0347
4904.6745   12.0848   -0.5088
4904.1218   12.1496    0.0246
4904.4634   12.1264   -0.1662
4904.6746   12.1061   -0.3334
4904.4630   12.1984    0.4266
4904.1106   12.1480    0.0117
4904.1106   12.1679    0.1757
4903.0536   12.1525    0.0486
4903.5443   12.1814    0.2870
4903.9583   12.1742    0.2273
4903.5443   12.1622    0.1289
4903.9583   12.1737    0.2230
4904.3058   12.1463   -0.0025
4904.5470   12.1315   -0.1244
4904.6956   12.1546    0.0659
4904.7450   12.1808    0.2821
4904.6955   12.1227   -0.1961
4904.6955   12.1365   -0.0828
4904.7450   12.1019   -0.3676
4904.3058   12.1700    0.1928
4904.5470   12.1593    0.1048
4904.6955   12.1434   -0.0261
4904.6955   12.1469    0.0028
4904.7450   12.1116   -0.2883
4904.6956   12.1482    0.0131
4904.7450   12.1385   -0.0662
4904.2980   12.1849    0.3152
4904.2980   12.1736    0.2225
4904.5468   12.1589    0.1018
4904.6747   12.1747    0.2312
4904.5075   12.1617    0.1242
4904.2415   12.1685    0.1807
4903.8854   12.1483    0.0142
4904.1798   12.1588    0.1009
4904.1225   12.1387   -0.0645
4903.7242   12.1578    0.0924
4903.4242   12.1292   -0.1433
4902.9015   12.1147   -0.2626
4902.3057   12.1200   -0.2184
4901.6568   12.1265   -0.1651
4902.1245   12.1422   -0.0357
4901.9668   12.1450   -0.0128
4901.2557   12.1638    0.1418
4903.1278   12.1129   -0.2774
4903.0728   12.1115   -0.2890
4902.4440   12.1441   -0.0207
4901.8357   12.1420   -0.0374
4901.7348   12.1529    0.0519
4900.9701   12.1676    0.1730
4901.6656   12.1464   -0.0015
4901.6292   12.1393   -0.0599
4900.8217   12.1684    0.1798
4903.2173   12.1311   -0.1276
4903.3167   12.1297   -0.1391
4902.6239   12.1255   -0.1732
4904.6747   12.1542    0.0631
4904.5075   12.1825    0.2956
4904.1225   12.0755   -0.5851
4904.1798   12.0734   -0.6028
4903.7242   12.0827   -0.5260
4904.2415   12.1609    0.1178
4903.8854   12.1569    0.0847
4903.0728   12.1547    0.0673
4903.1278   12.1360   -0.0873
4902.4440   12.1578    0.0922
4901.6292   12.1516    0.0417
4901.6656   12.1588    0.1003
4900.8217   12.1612    0.1206
4901.7348   12.1670    0.1684
4901.8357   12.1579    0.0936
4900.9701   12.1671    0.1692
4903.4242   12.1889    0.3481
4902.9015   12.2069    0.4968
4901.9668   12.1659    0.1591
4902.1245   12.1660    0.1598
4901.2557   12.1732    0.2191
4902.3057   12.2231    0.6301
4901.6568   12.1709    0.2003
4903.3167   12.1437   -0.0232
4903.2173   12.0788   -0.5578
4902.6239   12.1245   -0.1813
4904.6746   12.1348   -0.0973
4904.6745   12.1312   -0.1263
4904.6745   12.0884   -0.4790
4904.4634   12.1128   -0.2783
4904.1218   12.1173   -0.2410
4904.6745   12.0917   -0.4521
4904.6745   12.1452   -0.0112
4904.6746   12.1804    0.2789
4904.4634   12.1879    0.3400
4904.1218   12.0973   -0.4060
4903.6323   12.1269   -0.1616
4903.0544   12.1311   -0.1275
4903.6323   12.0940   -0.4324
4903.0544   12.1145   -0.2643
4902.3761   12.1151   -0.2589
4904.1106   12.0997   -0.3857
4904.4630   12.0922   -0.4476
4904.1106   12.0964   -0.4131
4903.0536   12.1827    0.2972
4903.5443   12.1768    0.2493
4903.9583   12.1659    0.1592
4903.5443   12.1639    0.1426
4903.9583   12.1704    0.1960
4904.3058   12.1900    0.3572
4904.5470   12.2021    0.4574
4904.6956   12.1320   -0.1201
4904.7450   12.1298   -0.1384
4904.6955   12.1522    0.0466
4904.6955   12.1756    0.2393
4904.7450   12.1639    0.1427
4904.3058   12.2081    0.5065
4904.5470   12.1413   -0.0432
4904.6955   12.1755    0.2380
4904.6955   12.1642    0.1452
4904.7450   12.1747    0.2312
4904.6956   12.1954    0.4017
4904.7450   12.1985    0.4277
4904.2980   12.1316   -0.1234
4904.2980   12.1953    0.4009
4904.5468   12.1436   -0.0243
4904.6747   12.1331   -0.1111
4904.5075   12.1403   -0.0514
4904.2415   12.1622    0.1290
4903.8854   12.1475    0.0074
4904.1798   12.1376   -0.0735
4904.1225   12.1335   -0.1079
4903.7242   12.1480    0.0118
4903.4242   12.1483    0.0143
4902.9015   12.1352   -0.0939
4902.3057   12.1513    0.0389
4901.6568   12.1494    0.0230
4902.1245   12.1564    0.0807
4901.9668   12.1443   -0.0189
4901.2557   12.1541    0.0620
4903.1278   12.1227   -0.1961
4903.0728   12.1347   -0.0974
4902.4440   12.1506    0.0334
4901.8357   12.1297   -0.1390
4901.7348   12.1238   -0.1879
4900.9701   12.1387   -0.0648
4901.6656   12.1413   -0.0431
4901.6292   12.1361   -0.0865
4900.8217   12.1384   -0.0671
4903.2173   12.1199   -0.2200
4903.3167   12.1335   -0.1077
4902.6239   12.1219   -0.2032
4904.6747   12.1281   -0.1519
4904.5075   12.1709    0.2001
4904.1225   12.1545    0.0651
4904.1798   12.1459   -0.0059
4903.7242   12.1711    0.2023
4904.2415   12.1439   -0.0219
4903.8854   12.1373   -0.0766
4903.0728   12.1582    0.0954
4903.1278   12.1603    0.1127
4902.4440   12.1478    0.0102
4901.6292   12.1482    0.0137
4901.6656   12.1367   -0.0812
4900.8217   12.1355   -0.0912
4901.7348   12.1163   -0.2494
4901.8357   12.1372   -0.0770
4900.9701   12.1368   -0.0806
4903.4242   12.1325   -0.1161
4902.9015   12.1185   -0.2308
4901.9668   12.1564    0.0806
4902.1245   12.1253   -0.1750
4901.2557   12.1576    0.0910
4902.3057   12.0780   -0.5643
4901.6568   12.0620   -0.6963
4903.3167   12.1592    0.1043
4903.2173   12.1577    0.0916
4902.6239   12.1562    0.0789
4904.6746   12.2064    0.4927
4904.6745   12.1855    0.3207
4904.6745   12.2032    0.4661
4904.4634   12.1561    0.0788
4904.1218   12.1303   -0.1340
4904.6745   12.1637    0.1412
4904.6745   12.1670    0.1684
4904.6746   12.1404   -0.0507
4904.4634   12.1398   -0.0554
4904.1218   12.1561    0.0781
4903.6323   12.1418   -0.0392
4903.0544   12.1594    0.1053
4903.6323   12.1488    0.0186
4903.0544   12.1443   -0.0183
4902.3761   12.1512    0.0383
4904.1106   12.1953    0.4012
4904.4630   12.1721    0.2102
4904.1106   12.1415   -0.0415
4901.0642   12.1406   -0.0490
4900.8074   12.1327   -0.1140
4900.5737   12.1569    0.0847
4900.3740   12.1657    0.1578
4899.8895   12.1256   -0.1725
4899.2304   12.1273   -0.1588
4898.9364   12.1372   -0.0773
4900.1957   12.1849    0.3160
4900.0688   12.1571    0.0866
4899.9798   12.1501    0.0291
4899.9336   12.1368   -0.0809
4899.1180   12.1616    0.1238
4898.2699   12.1472    0.0050
4898.1527   12.1412   -0.0444
4897.9162   12.1394   -0.0587
4897.2761   12.1455   -0.0091
4896.9338   12.1388   -0.0639
4897.4241   12.1405   -0.0504
4896.6579   12.1381   -0.0698
4896.4608   12.1115   -0.2885
4895.9574   12.1185   -0.2314
4895.3504   12.1500    0.0284
4895.0229   12.1389   -0.0628
4898.6515   12.1509    0.0353
4899.4214   12.1745    0.2298
4898.4256   12.1737    0.2232
4899.9336   12.1568    0.0839
4899.9798   12.1336   -0.1070
4900.0688   12.1672    0.1697
4900.1957   12.1626    0.1321
4899.1180   12.1715    0.2049
4898.1527   12.1698    0.1912
4898.2699   12.1465   -0.0006
4900.3740   12.1299   -0.1375
4900.5737   12.0852   -0.5049
4900.8074   12.0743   -0.5947
4901.0642   12.1143   -0.2657
4899.8895   12.0865   -0.4949
4898.9364   12.0889   -0.4747
4899.2304   12.1073   -0.3234
4897.4241   12.1302   -0.1347
4896.4608   12.1230   -0.1942
4896.6579   12.1273   -0.1588
4897.9162   12.1162   -0.2499
4896.9338   12.1475    0.0077
4897.2761   12.1708    0.1995
4895.9574   12.1507    0.0337
4895.0229   12.1278   -0.1548
4895.3504   12.1407   -0.0481
4898.4256   12.1288   -0.1466
4899.4214   12.1316   -0.1234
4898.6515   12.1118   -0.2860
4893.9791   12.1604    0.1141
4893.5995   12.1416   -0.0407
4893.1786   12.1342   -0.1016
4893.4305   12.1326   -0.1151
4892.8893   12.1208   -0.2125
4892.7430   12.1269   -0.1623
4892.4586   12.1704    0.1964
4892.1558   12.1699    0.1917
4891.8458   12.1515    0.0409
4893.4305   12.1296   -0.1399
4892.7430   12.1224   -0.1993
4892.8893   12.1079   -0.3186
4893.9791   12.1069   -0.3262
4893.1786   12.1100   -0.3010
4893.5995   12.0722   -0.6124
4892.4586   12.1137   -0.2710
4891.8458   12.1046   -0.3456
4892.1558   12.0969   -0.4088
4891.3247   12.1218   -0.2043
4891.1284   12.1652    0.1533
4890.9510   12.1072   -0.3243
4891.3247   12.1022   -0.3649
4890.9510   12.1320   -0.1196
4891.1284   12.1369   -0.0797
4890.7045   12.1229   -0.1951
4890.5947   12.1537    0.0591
4890.5947   12.1530    0.0530
4891.6728   12.1205   -0.2148
4892.1520   12.1213   -0.2084
4891.6728   12.1095   -0.3053
4894.6275   12.1464   -0.0013
4895.3802   12.1043   -0.3482
4896.2051   12.1070   -0.3255
4894.3549   12.1357   -0.0892
4894.2167   12.1572    0.0871
4897.1339   12.1381   -0.0701
4898.0570   12.1465   -0.0003
4899.0042   12.1407   -0.0481
4898.0570   12.1648    0.1500
4897.1339   12.1545    0.0656
4894.2167   12.1549    0.0685
4894.3549   12.1219   -0.2027
4896.2051   12.1290   -0.1444
4895.3802   12.1307   -0.1304
4894.6275   12.1197   -0.2214
4895.1082   12.1557    0.0755
4896.0961   12.1688    0.1828
4896.0961   12.1490    0.0197
4900.8074   12.1465   -0.0007
4899.8895   12.1406   -0.0495
4898.9364   12.1377   -0.0731
4900.5737   12.1544    0.0643
4900.3740   12.1487    0.0177
4897.9162   12.1473    0.0062
4896.9338   12.1546    0.0659
4895.9574   12.1481    0.0130
4895.0229   12.1446   -0.0166
4896.6579   12.1552    0.0713
4897.4241   12.1614    0.1220
4896.4608   12.1540    0.0613
4900.1957   12.1615    0.1227
4900.0688   12.1375   -0.0747
4898.2699   12.1468    0.0016
4899.1180   12.1475    0.0075
4898.1527   12.1570    0.0862
4899.9798   12.1435   -0.0253
4899.9336   12.1454   -0.0096
4899.4214   12.1624    0.1301
4898.6515   12.1543    0.0635
4898.4256   12.1684    0.1794
4893.9791   12.1518    0.0427
4893.1786   12.1509    0.0359
4892.4586   12.1661    0.1605
4891.8458   12.1542    0.0632
4892.8893   12.1569    0.0850
4893.4305   12.1593    0.1045
4892.7430   12.1548    0.0676
4891.3247   12.1694    0.1880
4890.9510   12.1721    0.2104
4890.7045   12.1666    0.1648
4890.5947   12.1596    0.1075
4890.9510   12.1706    0.1979
4891.3247   12.1695    0.1888
4891.1284   12.1421   -0.0371
4892.7430   12.1673    0.1704
4893.4305   12.1582    0.0959
4892.8893   12.1566    0.0829
4891.8458   12.1583    0.0963
4892.4586   12.1405   -0.0497
4892.1558   12.1629    0.1346
4893.1786   12.1439   -0.0223
4893.9791   12.1505    0.0321
4893.5995   12.1544    0.0643
4892.1520   12.1721    0.2104
4891.6728   12.1688    0.1830
4891.6728   12.1730    0.2178
4899.9336   12.1268   -0.1632
4899.9798   12.1382   -0.0693
4898.1527   12.1488    0.0187
4899.1180   12.1399   -0.0550
4898.2699   12.1418   -0.0391
4900.0688   12.1249   -0.1784
4900.1957   12.1416   -0.0412
4896.4608   12.1611    0.1196
4897.4241   12.1487    0.0176
4896.6579   12.1563    0.0803
4895.0229   12.1580    0.0943
4895.9574   12.1629    0.1348
4895.3504   12.1749    0.2329
4896.9338   12.1643    0.1462
4897.9162   12.1733    0.2200
4897.2761   12.1632    0.1373
4900.3740   12.1283   -0.1506
4900.5737   12.1153   -0.2575
4898.9364   12.1753    0.2368
4899.8895   12.1546    0.0657
4899.2304   12.1958    0.4056
4900.8074   12.1208   -0.2125
4901.0642   12.1278   -0.1549
4899.4214   12.1557    0.0754
4898.4256   12.1651    0.1526
4898.6515   12.1625    0.1315
4899.0042   12.1514    0.0400
4898.0570   12.1601    0.1115
4897.1339   12.1525    0.0487
4898.0570   12.1616    0.1234
4897.1339   12.1541    0.0620
4896.2051   12.1727    0.2149
4895.3802   12.1764    0.2453
4894.6275   12.1606    0.1154
4894.3549   12.1739    0.2246
4894.2167   12.1684    0.1796
4896.2051   12.1677    0.1738
4895.3802   12.1577    0.0920
4894.2167   12.1552    0.0710
4894.3549   12.1393   -0.0596
4894.6275   12.1489    0.0192
4896.0961   12.1680    0.1767
4896.0961   12.1595    0.1066
4895.1082   12.1704    0.1965
4900.8074   12.1234   -0.1906
4900.5737   12.1168   -0.2451
4900.3740   12.1394   -0.0594
4899.8895   12.1161   -0.2505
4898.9364   12.1203   -0.2161
4900.1957   12.1663    0.1624
4900.0688   12.1684    0.1798
4899.9798   12.1554    0.0724
4899.9336   12.1369   -0.0793
4899.1180   12.1499    0.0275
4898.2699   12.1567    0.0834
4898.1527   12.1370   -0.0790
4897.9162   12.1356   -0.0900
4896.9338   12.1707    0.1989
4897.4241   12.1431   -0.0286
4896.6579   12.1363   -0.0843
4896.4608   12.1407   -0.0485
4895.9574   12.1511    0.0375
4895.0229   12.1197   -0.2211
4898.6515   12.1311   -0.1272
4899.4214   12.1496    0.0251
4898.4256   12.1629    0.1348
4899.9336   12.1236   -0.1891
4899.9798   12.1418   -0.0394
4900.0688   12.1479    0.0106
4900.1957   12.1579    0.0934
4899.1180   12.1326   -0.1152
4898.1527   12.1437   -0.0232
4898.2699   12.1278   -0.1543
4900.3740   12.1627    0.1331
4900.5737   12.1334   -0.1087
4900.8074   12.1652    0.1535
4901.0642   12.1666    0.1649
4899.8895   12.1487    0.0178
4898.9364   12.1446   -0.0165
4899.2304   12.1584    0.0975
4897.4241   12.1192   -0.2253
4896.4608   12.1265   -0.1651
4896.6579   12.1244   -0.1828
4897.9162   12.1272   -0.1599
4896.9338   12.1171   -0.2426
4897.2761   12.1347   -0.0975
4895.9574   12.1299   -0.1370
4895.0229   12.1380   -0.0705
4895.3504   12.1318   -0.1216
4898.4256   12.0968   -0.4097
4899.4214   12.1249   -0.1787
4898.6515   12.1105   -0.2968
4893.9791   12.0887   -0.4763
4893.1786   12.0799   -0.5485
4893.4305   12.1072   -0.3239
4892.8893   12.0984   -0.3964
4892.7430   12.1068   -0.3278
4892.4586   12.1050   -0.3424
4891.8458   12.1075   -0.3221
4893.4305   12.1322   -0.1182
4892.7430   12.1461   -0.0035
4892.8893   12.1704    0.1963
4893.9791   12.1410   -0.0455
4893.1786   12.1533    0.0555
4893.5995   12.1452   -0.0111
4892.4586   12.1626    0.1323
4891.8458   12.0741   -0.5963
4892.1558   12.1291   -0.1436
4891.3247   12.1241   -0.1851
4890.9510   12.1479    0.0107
4891.3247   12.1600    0.1102
4890.9510   12.1660    0.1603
4891.1284   12.1761    0.2427
4890.7045   12.1582    0.0954
4890.5947   12.1595    0.1065
4891.6728   12.1448   -0.0145
4892.1520   12.1390   -0.0622
4891.6728   12.1399   -0.0552
4894.6275   12.1115   -0.2889
4895.3802   12.1227   -0.1964
4896.2051   12.1371   -0.0778
4894.3549   12.1185   -0.2313
4894.2167   12.1311   -0.1277
4897.1339   12.1350   -0.0949
4898.0570   12.1216   -0.2059
4899.0042   12.1224   -0.1991
4898.0570   12.1519    0.0439
4897.1339   12.1533    0.0552
4894.2167   12.1150   -0.2597
4894.3549   12.1106   -0.2963
4896.2051   12.1417   -0.0405
4895.3802   12.1409   -0.0470
4894.6275   12.1354   -0.0922
4895.1082   12.1295   -0.1407
4896.0961   12.1387   -0.0650
4896.0961   12.1358   -0.0885
4900.8074   12.1706    0.1979
4900.5737   12.1686    0.1817
4900.3740   12.1582    0.0961
4899.8895   12.1770    0.2502
4898.9364   12.1580    0.0938
4900.1957   12.1281   -0.1521
4900.0688   12.1251   -0.1768
4899.9798   12.0995   -0.3876
4899.9336   12.1015   -0.3708
4899.1180   12.1097   -0.3038
4898.2699   12.1177   -0.2378
4898.1527   12.1113   -0.2905
4897.9162   12.1435   -0.0252
4896.9338   12.1353   -0.0927
4897.4241   12.1081   -0.3164
4896.6579   12.1143   -0.2658
4896.4608   12.1128   -0.2781
4895.9574   12.1444   -0.0182
4895.0229   12.1477    0.0092
4898.6515   12.1330   -0.1121
4899.4214   12.1428   -0.0313
4898.4256   12.1236   -0.1889
4899.9336   12.1574    0.0890
4899.9798   12.1693    0.1871
4900.0688   12.1164   -0.2487
4900.1957   12.1522    0.0464
4899.1180   12.1817    0.2896
4898.1527   12.1454   -0.0100
4898.2699   12.1689    0.1835
4900.3740   12.1972    0.4167
4900.5737   12.1823    0.2941
4900.8074   12.1667    0.1658
4901.0642   12.1337   -0.1061
4899.8895   12.1477    0.0094
4898.9364   12.1379   -0.0717
4899.2304   12.1138   -0.2696
4897.4241   12.1469    0.0027
4896.4608   12.1429   -0.0301
4896.6579   12.1430   -0.0296
4897.9162   12.1450   -0.0129
4896.9338   12.1280   -0.1525
4897.2761   12.1132   -0.2744
4895.9574   12.1463   -0.0025
4895.0229   12.1254   -0.1740
4895.3504   12.0877   -0.4845
4898.4256   12.1456   -0.0076
4899.4214   12.1275   -0.1570
4898.6515   12.1361   -0.0862
4893.9791   12.1598    0.1088
4893.1786   12.1365   -0.0831
4893.4305   12.1345   -0.0991
4892.8893   12.1380   -0.0710
4892.7430   12.1436   -0.0244
4892.4586   12.1389   -0.0628
4891.8458   12.1406   -0.0491
4893.4305   12.1642    0.1448
4892.7430   12.1182   -0.2340
4892.8893   12.1242   -0.1839
4893.9791   12.1203   -0.2165
4893.1786   12.1276   -0.1563
4893.5995   12.1138   -0.2702
4892.4586   12.1307   -0.1308
4891.8458   12.1403   -0.0515
4892.1558   12.1221   -0.2013
4891.3247   12.1595    0.1067
4890.9510   12.1842    0.3098
4891.3247   12.1574    0.0892
4890.9510   12.1769    0.2495
4891.1284   12.1344   -0.1005
4890.7045   12.1638    0.1417
4890.5947   12.1453   -0.0104
4891.6728   12.1397   -0.0569
4892.1520   12.1427   -0.0321
4891.6728   12.1369   -0.0798
4894.6275   12.1443   -0.0187
4895.3802   12.1600    0.1104
4896.2051   12.1134   -0.2734
4894.3549   12.1440   -0.0208
4894.2167   12.1159   -0.2523
4897.1339   12.1347   -0.0981
4898.0570   12.1289   -0.1453
4899.0042   12.1376   -0.0738
4898.0570   12.1460   -0.0044
4897.1339   12.1548    0.0677
4894.2167   12.1372   -0.0771
4894.3549   12.1461   -0.0039
4896.2051   12.1255   -0.1732
4895.3802   12.1464   -0.0017
4894.6275   12.1627    0.1330
4895.1082   12.1389   -0.0631
4896.0961   12.1104   -0.2974
4896.0961   12.1264   -0.1663
4900.8074   12.1336   -0.1067
4900.5737   12.1717    0.2066
4900.3740   12.1804    0.2786
4899.8895   12.1322   -0.1183
4898.9364   12.1614    0.1217
4900.1957   12.1944    0.3938
4900.0688   12.1727    0.2148
4899.9798   12.1672    0.1699
4899.9336   12.1624    0.1301
4899.1180   12.1718    0.2080
4898.2699   12.1667    0.1656
4898.1527   12.1575    0.0901
4897.9162   12.1576    0.0907
4896.9338   12.1458   -0.0063
4897.4241   12.1683    0.1790
4896.6579   12.1634    0.1386
4896.4608   12.1657    0.1572
4895.9574   12.1447   -0.0158
4895.0229   12.1332   -0.1098
4898.6515   12.1828    0.2982
4899.4214   12.1913    0.3682
4898.4256   12.1746    0.2310
4899.9336   12.1717    0.2069
4899.9798   12.1777    0.2561
4900.0688   12.1703    0.1954
4900.1957   12.1590    0.1022
4899.1180   12.1680    0.1767
4898.1527   12.1674    0.1718
4898.2699   12.1696    0.1894
4900.3740   12.1673    0.1703
4900.5737   12.1753    0.2366
4900.8074   12.1627    0.1327
4899.8895   12.1867    0.3302
4898.9364   12.2019    0.4556
4897.4241   12.1644    0.1469
4896.4608   12.1593    0.1050
4896.6579   12.1599    0.1093
4897.9162   12.1743    0.2281
4896.9338   12.1597    0.1081
4895.9574   12.1602    0.1123
4895.0229   12.1667    0.1659
4898.4256   12.1703    0.1957
4899.4214   12.1779    0.2580
4898.6515   12.1940    0.3901
4893.9791   12.1458   -0.0066
4893.1786   12.1582    0.0957
4893.4305   12.1806    0.2804
4892.8893   12.1729    0.2167
4892.7430   12.1887    0.3467
4892.4586   12.1638    0.1421
4891.8458   12.1686    0.1817
4893.4305   12.1869    0.3317
4892.7430   12.1778    0.2574
4892.8893   12.1776    0.2558
4893.9791   12.1732    0.2189
4893.1786   12.1622    0.1287
4892.4586   12.1625    0.1309
4891.8458   12.1608    0.1171
4891.3247   12.1642    0.1448
4890.9510   12.1472    0.0049
4891.3247   12.1607    0.1166
4890.9510   12.1213   -0.2082
4890.7045   12.1659    0.1592
4891.6728   12.1727    0.2150
4892.1520   12.1810    0.2831
4891.6728   12.1706    0.1980
4894.6275   12.1541    0.0622
4895.3802   12.1643    0.1463
4896.2051   12.1639    0.1430
4894.3549   12.1565    0.0815
4894.2167   12.1655    0.1562
4897.1339   12.1629    0.1347
4898.0570   12.1569    0.0851
4899.0042   12.1578    0.0925
4898.0570   12.1558    0.0764
4897.1339   12.1527    0.0502
4894.2167   12.1713    0.2040
4894.3549   12.1838    0.3064
4896.2051   12.1612    0.1207
4895.3802   12.1643    0.1463
4894.6275   12.1730    0.2174
4895.1082   12.1585    0.0982
4896.0961   12.1591    0.1029
4896.0961   12.1564    0.0807
4890.5439   12.1190   -0.2267
4890.5439   12.1343   -0.1010
4890.5714   12.1182   -0.2340
4890.6790   12.1407   -0.0483
4890.6328   12.1236   -0.1892
4890.7275   12.1315   -0.1243
4890.6328   12.1135   -0.2719
4890.6790   12.1366   -0.0821
4890.7275   12.1346   -0.0984
4890.9465   12.1923    0.3764
4890.8570   12.1305   -0.1325
4891.0175   12.1774    0.2537
4891.3414   12.1752    0.2353
4891.2103   12.1992    0.4331
4891.4333   12.1791    0.2678
4891.1222   12.1425   -0.0333
4891.0780   12.1445   -0.0173
4891.2592   12.1427   -0.0315
4890.8570   12.1302   -0.1346
4890.9465   12.1520    0.0446
4891.0175   12.1338   -0.1054
4891.0780   12.0804   -0.5449
4891.1222   12.1090   -0.3096
4891.2592   12.0903   -0.4630
4891.2103   12.1429   -0.0302
4891.3414   12.1358   -0.0885
4891.4333   12.1227   -0.1967
4890.8110   12.1292   -0.1427
4890.8110   12.1405   -0.0502
4890.9282   12.1037   -0.3533
4891.8564   12.1764    0.2453
4891.6988   12.1718    0.2073
4891.9813   12.1550    0.0696
4892.4815   12.1578    0.0921
4892.2917   12.1150   -0.2601
4892.6270   12.1120   -0.2850
4892.1389   12.1163   -0.2492
4892.0247   12.1431   -0.0283
4892.3275   12.1291   -0.1437
4893.2050   12.1705    0.1973
4892.9906   12.1266   -0.1641
4893.3725   12.1772    0.2520
4894.0133   12.1615    0.1230
4893.7758   12.1653    0.1539
4894.1968   12.1407   -0.0483
4893.5690   12.1545    0.0653
4893.3949   12.1476    0.0085
4893.7925   12.1468    0.0023
4892.5493   12.1182   -0.2335
4892.4744   12.1495    0.0242
4892.7978   12.1510    0.0363
4893.2529   12.1272   -0.1592
4893.1466   12.1406   -0.0489
4893.5174   12.0916   -0.4523
4893.0750   12.1827    0.2977
4893.0389   12.1277   -0.1558
4893.3782   12.1269   -0.1620
4892.6591   12.1386   -0.0655
4892.8067   12.1486    0.0163
4893.0161   12.1470    0.0034
4891.6988   12.1616    0.1239
4891.8564   12.1619    0.1264
4891.9813   12.1737    0.2231
4892.0247   12.0717   -0.6166
4892.1389   12.1285   -0.1487
4892.3275   12.0356   -0.9138
4892.2917   12.1618    0.1254
4892.4815   12.1534    0.0564
4892.6270   12.1421   -0.0365
4892.4744   12.1299   -0.1373
4892.5493   12.0932   -0.4396
4892.7978   12.1516    0.0412
4893.0389   12.1254   -0.1745
4893.0750   12.1208   -0.2122
4893.3782   12.1206   -0.2140
4893.1466   12.1364   -0.0839
4893.2529   12.1276   -0.1561
4893.5174   12.0875   -0.4861
4892.9906   12.1256   -0.1728
4893.2050   12.1649    0.1508
4893.3725   12.1549    0.0682
4893.3949   12.1294   -0.1413
4893.5690   12.1579    0.0931
4893.7925   12.0924   -0.4457
4893.7758   12.1453   -0.0106
4894.0133   12.1823    0.2944
4894.1968   12.1438   -0.0227
4892.8067   12.1689    0.1838
4892.6591   12.1165   -0.2479
4893.0161   12.1198   -0.2202
4891.5693   12.1040   -0.3507
4891.4823   12.1277   -0.1552
4891.4387   12.1627    0.1328
4891.7383   12.1255   -0.1732
4891.9386   12.1000   -0.3833
4891.4387   12.1494    0.0230
4891.4823   12.1196   -0.2220
4891.5693   12.1593    0.1050
4891.7383   12.1417   -0.0399
4891.9386   12.1529    0.0518
4892.1726   12.1203   -0.2161
4892.4334   12.1188   -0.2285
4892.1726   12.1182   -0.2335
4892.4334   12.1202   -0.2175
4892.7232   12.1379   -0.0717
4891.8967   12.1314   -0.1246
4891.6512   12.1315   -0.1243
4891.8967   12.1256   -0.1728
4894.8908   12.1375   -0.0743
4894.7203   12.1404   -0.0510
4895.1749   12.1501    0.0290
4895.8210   12.1367   -0.0811
4895.6424   12.1380   -0.0710
4896.1185   12.1219   -0.2034
4895.4849   12.1276   -0.1565
4895.3504   12.1372   -0.0775
4895.8179   12.1076   -0.3207
4896.7862   12.1355   -0.0910
4896.6075   12.1397   -0.0564
4897.0961   12.1386   -0.0659
4897.7679   12.1685    0.1807
4897.5885   12.1390   -0.0624
4898.0802   12.1909    0.3651
4897.4244   12.1227   -0.1962
4897.2773   12.1250   -0.1780
4897.7678   12.1531    0.0540
4896.1755   12.1006   -0.3785
4896.0715   12.1301   -0.1359
4896.5491   12.1287   -0.1469
4897.1455   12.1286   -0.1484
4897.0338   12.1633    0.1378
4897.5211   12.1560    0.0773
4896.9403   12.1969    0.4141
4896.8661   12.1432   -0.0279
4897.3452   12.1863    0.3271
4896.2981   12.0785   -0.5601
4896.4426   12.1230   -0.1939
4896.7860   12.1137   -0.2710
4898.7473   12.1728    0.2156
4898.5924   12.1883    0.3433
4899.0774   12.1890    0.3497
4899.7058   12.1308   -0.1299
4899.5567   12.1536    0.0576
4900.0258   12.2006    0.4444
4899.4172   12.1746    0.2307
4899.2889   12.1691    0.1853
4899.7632   12.1695    0.1886
4900.6249   12.1490    0.0202
4900.4883   12.1657    0.1579
4900.9323   12.1523    0.0472
4901.4870   12.1584    0.0975
4901.3614   12.1626    0.1321
4901.7718   12.1753    0.2365
4901.2408   12.1753    0.2361
4901.1265   12.1784    0.2622
4901.5473   12.1570    0.0855
4900.1166   12.1804    0.2785
4900.0100   12.1711    0.2017
4900.4693   12.2317    0.7005
4901.0168   12.2053    0.4837
4900.9160   12.2146    0.5597
4901.3462   12.1757    0.2400
4900.8224   12.2282    0.6722
4900.7371   12.2182    0.5898
4901.1725   12.1514    0.0398
4900.2306   12.1909    0.3651
4900.3550   12.1902    0.3593
4900.6864   12.1962    0.4087
4897.7772   12.1803    0.2776
4897.7147   12.1415   -0.0415
4898.2035   12.1138   -0.2696
4898.7607   12.1402   -0.0526
4898.6920   12.1234   -0.1908
4899.1759   12.1271   -0.1606
4898.6370   12.1092   -0.3076
4898.5964   12.1308   -0.1297
4899.0737   12.1405   -0.0501
4899.7260   12.1750    0.2341
4899.6582   12.1657    0.1575
4900.1269   12.2201    0.6051
4900.6534   12.2123    0.5411
4900.5854   12.2155    0.5677
4901.0293   12.1769    0.2497
4900.5260   12.2152    0.5648
4900.4762   12.2286    0.6757
4900.9195   12.1904    0.3612
4899.5150   12.1680    0.1765
4899.4896   12.1835    0.3037
4899.9510   12.1953    0.4008
4900.4348   12.2022    0.4580
4900.4042   12.2254    0.6490
4900.8451   12.1689    0.1836
4900.3832   12.1894    0.3522
4900.3723   12.1820    0.2916
4900.8076   12.1978    0.4221
4899.5497   12.1596    0.1070
4899.5976   12.1742    0.2277
4900.0186   12.2105    0.5262
4897.8421   12.1928    0.3808
4897.9252   12.2023    0.4589
4898.0255   12.1618    0.1254
4898.3398   12.1705    0.1967
4898.8336   12.1296   -0.1397
4898.1449   12.1638    0.1417
4898.2785   12.1563    0.0801
4898.4283   12.1613    0.1214
4898.7872   12.1708    0.1998
4899.1533   12.1991    0.4322
4899.3274   12.1940    0.3901
4899.8081   12.2142    0.5571
4899.5283   12.1746    0.2310
4899.9032   12.1866    0.3292
4900.2795   12.2268    0.6608
4898.9265   12.1675    0.1727
4898.5309   12.1760    0.2420
4899.0335   12.2006    0.4447
4894.7203   12.2013    0.4507
4894.8908   12.1961    0.4076
4895.1749   12.1852    0.3178
4895.3504   12.1280   -0.1532
4895.4849   12.1179   -0.2364
4895.8179   12.0704   -0.6274
4895.6424   12.0858   -0.5001
4895.8210   12.1327   -0.1139
4896.1185   12.0882   -0.4807
4896.0715   12.0842   -0.5137
4896.1755   12.1306   -0.1317
4896.5491   12.0984   -0.3967
4896.8661   12.2019    0.4555
4896.9403   12.1301   -0.1353
4897.3452   12.1212   -0.2090
4897.0338   12.1067   -0.3279
4897.1455   12.1151   -0.2595
4897.5211   12.1465   -0.0003
4896.6075   12.1042   -0.3491
4896.7862   12.1735    0.2217
4897.0961   12.1071   -0.3250
4897.2773   12.0180   -1.0584
4897.4244   12.0904   -0.4628
4897.7678   12.0549   -0.7544
4897.5885   12.1462   -0.0033
4897.7679   12.1576    0.0907
4898.0802   12.0982   -0.3983
4896.4426   12.1025   -0.3631
4896.2981   12.0185   -1.0542
4896.7860   12.0755   -0.5850
4897.7147   12.2051    0.4814
4897.7772   12.2155    0.5673
4898.2035   12.1317   -0.1225
4898.5964   12.1535    0.0566
4898.6370   12.1647    0.1489
4899.0737   12.1741    0.2270
4898.6920   12.2071    0.4983
4898.7607   12.2003    0.4422
4899.1759   12.2041    0.4736
4899.4896   12.1365   -0.0832
4899.5150   12.1748    0.2322
4899.9510   12.1470    0.0035
4900.3723   12.1846    0.3134
4900.3832   12.1555    0.0733
4900.8076   12.2001    0.4407
4900.4042   12.1925    0.3780
4900.4348   12.2148    0.5614
4900.8451   12.1319   -0.1210
4899.6582   12.1910    0.3658
4899.7260   12.1926    0.3787
4900.1269   12.1587    0.1002
4900.4762   12.1855    0.3201
4900.5260   12.1618    0.1251
4900.9195   12.1703    0.1950
4900.5854   12.1484    0.0153
4900.6534   12.1424   -0.0344
4901.0293   12.1400   -0.0540
4899.5976   12.1585    0.0982
4899.5497   12.1986    0.4287
4900.0186   12.1511    0.0370
4898.5924   12.1302   -0.1347
4898.7473   12.1445   -0.0174
4899.0774   12.1418   -0.0396
4899.2889   12.1041   -0.3499
4899.4172   12.1657    0.1575
4899.7632   12.1159   -0.2522
4899.5567   12.1161   -0.2505
4899.7058   12.1083   -0.3151
4900.0258   12.1514    0.0397
4900.0100   12.1024   -0.3637
4900.1166   12.1261   -0.1687
4900.4693   12.1426   -0.0327
4900.7371   12.1639    0.1424
4900.8224   12.1508    0.0351
4901.1725   12.1745    0.2298
4900.9160   12.1483    0.0139
4901.0168   12.1271   -0.1605
4901.3462   12.1511    0.0369
4900.4883   12.1394   -0.0587
4900.6249   12.1344   -0.1004
4900.9323   12.1514    0.0395
4901.1265   12.1332   -0.1104
4901.2408   12.1264   -0.1660
4901.5473   12.1237   -0.1879
4901.3614   12.1144   -0.2645
4901.4870   12.1188   -0.2290
4901.7718   12.1084   -0.3145
4900.3550   12.1468    0.0015
4900.2306   12.1142   -0.2665
4900.6864   12.1292   -0.1430
4898.4283   12.1152   -0.2581
4898.2785   12.0665   -0.6595
4898.1449   12.0954   -0.4217
4898.7872   12.1079   -0.3181
4899.1533   12.1107   -0.2955
4898.0255   12.1087   -0.3121
4897.9252   12.1404   -0.0506
4897.8421   12.1185   -0.2307
4898.3398   12.1921    0.3746
4898.8336   12.1203   -0.2160
4899.5283   12.1436   -0.0245
4899.9032   12.1311   -0.1274
4899.3274   12.1477    0.0096
4899.8081   12.1415   -0.0419
4900.2795   12.1747    0.2315
4899.0335   12.1590    0.1026
4898.5309   12.1242   -0.1838
4898.9265   12.1308   -0.1296
4894.4902   12.1309   -0.1292
4894.2896   12.1143   -0.2659
4894.1207   12.1277   -0.1557
4894.8108   12.0973   -0.4060
4895.1553   12.1020   -0.3674
4893.9827   12.1119   -0.2852
4893.8795   12.1166   -0.2471
4893.8099   12.1365   -0.0830
4893.7747   12.1034   -0.3552
4894.2698   12.1185   -0.2313
4894.7526   12.1228   -0.1961
4894.6840   12.0744   -0.5941
4895.5266   12.1499    0.0272
4895.9140   12.1704    0.1965
4895.2622   12.1813    0.2863
4895.7835   12.1055   -0.3382
4895.6815   12.1654    0.1548
4896.3202   12.1467    0.0011
4896.7408   12.1395   -0.0586
4894.9921   12.0868   -0.4922
4894.4755   12.1191   -0.2260
4894.8574   12.0911   -0.4568
4893.7747   12.1036   -0.3541
4893.8099   12.1105   -0.2972
4893.8795   12.1140   -0.2679
4893.9827   12.1480    0.0119
4894.2698   12.1457   -0.0072
4894.6840   12.1060   -0.3340
4894.7526   12.1164   -0.2486
4894.1207   12.1396   -0.0573
4894.2896   12.1206   -0.2137
4894.4902   12.1296   -0.1400
4894.8108   12.1623    0.1298
4895.1553   12.1403   -0.0517
4895.2622   12.1511    0.0369
4895.6815   12.1596    0.1071
4895.7835   12.1874    0.3365
4895.5266   12.1292   -0.1432
4895.9140   12.1114   -0.2893
4896.3202   12.1764    0.2458
4896.7408   12.1383   -0.0684
4894.8574   12.1642    0.1455
4894.4755   12.1757    0.2398
4894.9921   12.1979    0.4228
4897.1971   12.1707    0.1985
4897.6412   12.1080   -0.3179
4897.0959   12.1546    0.0658
4897.5918   12.1259   -0.1703
4897.5671   12.1279   -0.1538
4898.0939   12.1688    0.1831
4898.5500   12.1991    0.4322
4897.0959   12.1532    0.0544
4897.5671   12.1165   -0.2475
4897.5918   12.1415   -0.0416
4897.1971   12.1724    0.2130
4897.6412   12.1329   -0.1126
4898.0939   12.1678    0.1746
4898.5500   12.1902    0.3595
4899.0139   12.1822    0.2936
4899.4709   12.1270   -0.1615
4899.0139   12.1680    0.1762
4899.4709   12.1613    0.1209
4899.9254   12.1960    0.4073
4898.5298   12.2519    0.8668
4898.0457   12.2176    0.5847
4898.5298   12.1565    0.0820
4896.6624   12.1768    0.2486
4896.1363   12.1796    0.2715
4895.6251   12.1110   -0.2926
4896.6097   12.1559    0.0769
4896.5832   12.0979   -0.4010
4895.1245   12.1302   -0.1348
4894.6505   12.1033   -0.3564
4894.1988   12.1085   -0.3133
4894.6505   12.1373   -0.0766
4895.1245   12.1287   -0.1468
4896.5832   12.1137   -0.2710
4896.6097   12.1723    0.2118
4895.6251   12.1376   -0.0737
4896.1363   12.1555    0.0738
4896.6624   12.1680    0.1763
4896.0814   12.1301   -0.1357
4895.5932   12.1284   -0.1493
4895.5932   12.1449   -0.0136
4890.5439   12.1515    0.0402
4890.5714   12.1371   -0.0776
4890.6328   12.1111   -0.2922
4890.7275   12.1385   -0.0663
4890.6328   12.1351   -0.0947
4890.6790   12.1403   -0.0516
4890.7275   12.1391   -0.0613
4890.8570   12.1523    0.0472
4891.0175   12.1617    0.1246
4891.2103   12.1176   -0.2387
4891.4333   12.1362   -0.0856
4891.1222   12.1315   -0.1243
4891.0780   12.1236   -0.1893
4891.2592   12.1301   -0.1354
4890.8570   12.1061   -0.3335
4890.9465   12.0736   -0.6009
4891.0175   12.1025   -0.3627
4891.0780   12.1351   -0.0942
4891.1222   12.1259   -0.1702
4891.2592   12.1225   -0.1985
4891.2103   12.1100   -0.3013
4891.3414   12.1040   -0.3506
4891.4333   12.1165   -0.2473
4890.8110   12.1180   -0.2349
4890.8110   12.1221   -0.2018
4890.9282   12.1101   -0.3001
4891.6988   12.1535    0.0567
4891.9813   12.1443   -0.0189
4892.2917   12.1298   -0.1379
4892.6270   12.1121   -0.2839
4892.1389   12.1296   -0.1398
4892.0247   12.1095   -0.3049
4892.3275   12.1279   -0.1538
4892.9906   12.1248   -0.1790
4893.3725   12.1684    0.1795
4893.7758   12.1648    0.1504
4894.1968   12.1743    0.2282
4893.5690   12.1541    0.0623
4893.3949   12.0855   -0.5026
4893.7925   12.1084   -0.3142
4892.5493   12.1066   -0.3292
4892.4744   12.1069   -0.3262
4892.7978   12.1206   -0.2139
4893.2529   12.0911   -0.4563
4893.1466   12.1125   -0.2807
4893.5174   12.0567   -0.7398
4893.0750   12.1217   -0.2048
4893.0389   12.1420   -0.0374
4893.3782   12.1307   -0.1310
4892.6591   12.1423   -0.0355
4892.8067   12.1331   -0.1107
4893.0161   12.1229   -0.1951
4891.6988   12.1255   -0.1738
4891.8564   12.1417   -0.0401
4891.9813   12.1217   -0.2051
4892.0247   12.1599    0.1097
4892.1389   12.1354   -0.0920
4892.3275   12.1750    0.2341
4892.2917   12.1337   -0.1059
4892.4815   12.1424   -0.0347
4892.6270   12.1625    0.1313
4892.4744   12.1880    0.3414
4892.5493   12.1805    0.2793
4892.7978   12.1913    0.3683
4893.0389   12.1643    0.1458
4893.0750   12.1669    0.1676
4893.3782   12.1721    0.2101
4893.1466   12.1624    0.1307
4893.2529   12.1892    0.3506
4893.5174   12.1757    0.2395
4892.9906   12.1671    0.1692
4893.2050   12.1487    0.0176
4893.3725   12.1608    0.1173
4893.3949   12.1763    0.2448
4893.5690   12.1630    0.1353
4893.7925   12.1715    0.2049
4893.7758   12.1483    0.0143
4894.0133   12.1181   -0.2347
4894.1968   12.1347   -0.0981
4892.8067   12.1822    0.2930
4892.6591   12.1683    0.1785
4893.0161   12.1948    0.3968
4891.5693   12.1178   -0.2369
4891.4823   12.1522    0.0464
4891.4387   12.1303   -0.1343
4891.7383   12.1665    0.1638
4891.9386   12.1714    0.2042
4891.4387   12.1124   -0.2813
4891.4823   12.1339   -0.1041
4891.5693   12.1236   -0.1889
4891.7383   12.1249   -0.1784
4891.9386   12.0918   -0.4508
4892.1726   12.1777    0.2565
4892.4334   12.1589    0.1013
4892.1726   12.1083   -0.3152
4892.4334   12.1275   -0.1570
4892.7232   12.1534    0.0565
4891.8967   12.1461   -0.0035
4891.6512   12.1246   -0.1809
4891.8967   12.1245   -0.1821
4894.7203   12.1474    0.0071
4895.1749   12.1515    0.0404
4895.6424   12.1415   -0.0419
4896.1185   12.2022    0.4578
4895.4849   12.1642    0.1453
4895.3504   12.1278   -0.1548
4895.8179   12.1773    0.2528
4896.6075   12.1958    0.4056
4897.0961   12.1567    0.0833
4897.5885   12.1757    0.2395
4898.0802   12.1349   -0.0961
4897.4244   12.2034    0.4675
4897.2773   12.2006    0.4445
4897.7678   12.1341   -0.1024
4896.1755   12.1725    0.2136
4896.0715   12.1617    0.1245
4896.5491   12.1464   -0.0016
4897.1455   12.1439   -0.0221
4897.0338   12.1622    0.1284
4897.5211   12.1460   -0.0049
4896.9403   12.1772    0.2525
4896.8661   12.2163    0.5739
4897.3452   12.1864    0.3278
4896.2981   12.1617    0.1244
4896.4426   12.2195    0.6002
4896.7860   12.1534    0.0560
4898.5924   12.1251   -0.1766
4899.0774   12.1385   -0.0667
4899.5567   12.0896   -0.4688
4900.0258   12.0668   -0.6566
4899.4172   12.1319   -0.1206
4899.2889   12.1460   -0.0049
4899.7632   12.1353   -0.0926
4900.4883   12.1115   -0.2890
4900.9323   12.1075   -0.3213
4901.3614   12.0921   -0.4483
4901.7718   12.1092   -0.3079
4901.2408   12.1206   -0.2139
4901.1265   12.1086   -0.3129
4901.5473   12.1171   -0.2426
4900.1166   12.1361   -0.0859
4900.0100   12.1332   -0.1098
4900.4693   12.1369   -0.0799
4901.0168   12.1373   -0.0760
4900.9160   12.1578    0.0924
4901.3462   12.1220   -0.2022
4900.8224   12.1350   -0.0949
4900.7371   12.1397   -0.0565
4901.1725   12.1416   -0.0408
4900.2306   12.1529    0.0521
4900.3550   12.0882   -0.4803
4900.6864   12.1407   -0.0483
4897.7772   12.1666    0.1647
4897.7147   12.1784    0.2618
4898.2035   12.1832    0.3016
4898.7607   12.1569    0.0851
4898.6920   12.1378   -0.0726
4899.1759   12.1298   -0.1383
4898.6370   12.1283   -0.1504
4898.5964   12.1075   -0.3217
4899.0737   12.1034   -0.3553
4899.7260   12.1054   -0.3388
4899.6582   12.1170   -0.2432
4900.1269   12.1112   -0.2915
4900.6534   12.1041   -0.3499
4900.5854   12.0928   -0.4427
4901.0293   12.1225   -0.1981
4900.5260   12.0971   -0.4073
4900.4762   12.0925   -0.4451
4900.9195   12.1236   -0.1895
4899.5150   12.1085   -0.3131
4899.4896   12.1148   -0.2613
4899.9510   12.1060   -0.3340
4900.4348   12.1133   -0.2739
4900.4042   12.1195   -0.2228
4900.8451   12.1331   -0.1111
4900.3832   12.1194   -0.2236
4900.3723   12.1026   -0.3616
4900.8076   12.1139   -0.2690
4899.5497   12.0908   -0.4588
4899.5976   12.1075   -0.3219
4900.0186   12.0894   -0.4708
4897.8421   12.1796    0.2718
4897.9252   12.1550    0.0692
4898.0255   12.1304   -0.1333
4898.3398   12.1490    0.0203
4898.8336   12.1849    0.3154
4898.1449   12.1484    0.0147
4898.2785   12.1818    0.2899
4898.4283   12.1720    0.2092
4898.7872   12.1722    0.2108
4899.1533   12.1392   -0.0609
4899.3274   12.1653    0.1538
4899.8081   12.1498    0.0264
4899.5283   12.1231   -0.1934
4899.9032   12.1351   -0.0942
4900.2795   12.1193   -0.2243
4898.9265   12.1746    0.2306
4898.5309   12.1169   -0.2439
4899.0335   12.1708    0.1993
4894.7203   12.1359   -0.0882
4894.8908   12.1576    0.0905
4895.1749   12.1547    0.0673
4895.3504   12.1329   -0.1123
4895.4849   12.1464   -0.0017
4895.8179   12.1518    0.0430
4895.6424   12.1506    0.0334
4895.8210   12.1687    0.1821
4896.1185   12.1678    0.1749
4896.0715   12.1054   -0.3393
4896.1755   12.1415   -0.0416
4896.5491   12.1442   -0.0196
4896.8661   12.1146   -0.2632
4896.9403   12.1228   -0.1960
4897.3452   12.1236   -0.1893
4897.0338   12.1462   -0.0027
4897.1455   12.1736    0.2223
4897.5211   12.1574    0.0888
4896.6075   12.1842    0.3099
4896.7862   12.1858    0.3231
4897.0961   12.2067    0.4953
4897.2773   12.1921    0.3751
4897.4244   12.1940    0.3901
4897.7678   12.1824    0.2950
4897.5885   12.2024    0.4594
4897.7679   12.2124    0.5418
4898.0802   12.2055    0.4854
4896.4426   12.1661    0.1607
4896.2981   12.1657    0.1574
4896.7860   12.1924    0.3774
4897.7147   12.1057   -0.3368
4897.7772   12.1108   -0.2945
4898.2035   12.1054   -0.3390
4898.5964   12.1159   -0.2526
4898.6370   12.1186   -0.2307
4899.0737   12.1314   -0.1253
4898.6920   12.1147   -0.2625
4898.7607   12.1160   -0.2517
4899.1759   12.1286   -0.1478
4899.4896   12.1437   -0.0233
4899.5150   12.1438   -0.0225
4899.9510   12.1390   -0.0621
4900.3723   12.1237   -0.1881
4900.3832   12.1423   -0.0351
4900.8076   12.1071   -0.3246
4900.4042   12.1280   -0.1533
4900.4348   12.1367   -0.0816
4900.8451   12.1192   -0.2252
4899.6582   12.1497    0.0256
4899.7260   12.1568    0.0845
4900.1269   12.1378   -0.0722
4900.4762   12.1404   -0.0510
4900.5260   12.1327   -0.1145
4900.9195   12.1320   -0.1197
4900.5854   12.1376   -0.0738
4900.6534   12.1449   -0.0138
4901.0293   12.1343   -0.1009
4899.5976   12.1445   -0.0174
4899.5497   12.1493    0.0224
4900.0186   12.1408   -0.0477
4898.5924   12.2045    0.4772
4898.7473   12.1976    0.4199
4899.0774   12.1818    0.2898
4899.2889   12.1668    0.1666
4899.4172   12.1708    0.1995
4899.7632   12.1567    0.0837
4899.5567   12.1725    0.2139
4899.7058   12.1695    0.1887
4900.0258   12.1755    0.2380
4900.0100   12.1384   -0.0676
4900.1166   12.1513    0.0387
4900.4693   12.1390   -0.0620
4900.7371   12.1348   -0.0968
4900.8224   12.1308   -0.1301
4901.1725   12.1286   -0.1478
4900.9160   12.1305   -0.1321
4901.0168   12.1240   -0.1858
4901.3462   12.1118   -0.2866
4900.4883   12.1470    0.0031
4900.6249   12.1667    0.1659
4900.9323   12.1456   -0.0081
4901.1265   12.1169   -0.2439
4901.2408   12.1190   -0.2268
4901.5473   12.1192   -0.2257
4901.3614   12.1529    0.0521
4901.4870   12.1461   -0.0038
4901.7718   12.1437   -0.0239
4900.3550   12.1612    0.1208
4900.2306   12.1574    0.0889
4900.6864   12.1429   -0.0302
4898.4283   12.1789    0.2665
4898.2785   12.1767    0.2479
4898.1449   12.1797    0.2724
4898.7872   12.1778    0.2567
4899.1533   12.1643    0.1461
4898.0255   12.1575    0.0904
4897.9252   12.1426   -0.0326
4897.8421   12.1230   -0.1943
4898.3398   12.1303   -0.1339
4898.8336   12.1283   -0.1501
4899.5283   12.1384   -0.0670
4899.9032   12.1443   -0.0189
4899.3274   12.1368   -0.0804
4899.8081   12.1428   -0.0314
4900.2795   12.1404   -0.0509
4899.0335   12.1433   -0.0269
4898.5309   12.1575    0.0899
4898.9265   12.1315   -0.1237
4894.4902   12.1478    0.0102
4894.2896   12.1540    0.0614
4894.1207   12.1666    0.1647
4894.8108   12.1218   -0.2042
4895.1553   12.1234   -0.1909
4893.9827   12.1803    0.2775
4893.8795   12.1510    0.0362
4893.8099   12.1593    0.1050
4893.7747   12.1488    0.0183
4894.2698   12.1549    0.0684
4894.7526   12.1569    0.0851
4894.6840   12.1348   -0.0965
4895.5266   12.1104   -0.2979
4895.9140   12.1065   -0.3295
4895.2622   12.1338   -0.1048
4895.7835   12.1271   -0.1606
4895.6815   12.1364   -0.0837
4896.3202   12.1130   -0.2763
4896.7408   12.1283   -0.1506
4894.9921   12.1287   -0.1469
4894.4755   12.1557    0.0754
4894.8574   12.1404   -0.0510
4893.7747   12.1503    0.0305
4893.8099   12.1297   -0.1387
4893.8795   12.1131   -0.2753
4893.9827   12.0890   -0.4741
4894.2698   12.1432   -0.0276
4894.6840   12.1403   -0.0520
4894.7526   12.1566    0.0823
4894.1207   12.0757   -0.5836
4894.2896   12.1198   -0.2204
4894.4902   12.1734    0.2205
4894.8108   12.1708    0.1991
4895.1553   12.1480    0.0119
4895.2622   12.1798    0.2739
4895.6815   12.1438   -0.0227
4895.7835   12.1609    0.1182
4895.5266   12.1571    0.0863
4895.9140   12.1661    0.1605
4896.3202   12.1775    0.2545
4896.7408   12.2038    0.4712
4894.8574   12.1645    0.1478
4894.4755   12.1331   -0.1105
4894.9921   12.1392   -0.0611
4897.1971   12.1142   -0.2668
4897.6412   12.1197   -0.2211
4897.0959   12.1222   -0.2003
4897.5918   12.1182   -0.2333
4897.5671   12.1299   -0.1372
4898.0939   12.0985   -0.3960
4898.5500   12.1170   -0.2432
4897.0959   12.1239   -0.1870
4897.5671   12.1376   -0.0743
4897.5918   12.1147   -0.2624
4897.1971   12.1543    0.0634
4897.6412   12.1319   -0.1206
4898.0939   12.1062   -0.3322
4898.5500   12.1170   -0.2432
4899.0139   12.1245   -0.1818
4899.4709   12.1375   -0.0746
4899.0139   12.1119   -0.2855
4899.4709   12.1152   -0.2580
4899.9254   12.1308   -0.1300
4898.5298   12.1182   -0.2333
4898.0457   12.1347   -0.0977
4898.5298   12.1231   -0.1930
4896.6624   12.1237   -0.1884
4896.1363   12.1404   -0.0507
4895.6251   12.1459   -0.0059
4896.6097   12.1234   -0.1907
4896.5832   12.1242   -0.1839
4895.1245   12.1445   -0.0174
4894.6505   12.1200   -0.2187
4894.1988   12.1332   -0.1104
4894.6505   12.1321   -0.1194
4895.1245   12.1359   -0.0878
4896.5832   12.1232   -0.1928
4896.6097   12.1303   -0.1343
4895.6251   12.1364   -0.0838
4896.1363   12.1393   -0.0596
4896.6624   12.1531    0.0538
4896.0814   12.1390   -0.0623
4895.5932   12.1468    0.0023
4895.5932   12.1448   -0.0148
4890.5439   12.1204   -0.2156
4890.5714   12.1102   -0.2991
4890.6790   12.1376   -0.0738
4890.6328   12.1326   -0.1152
4890.7275   12.1355   -0.0908
4890.6328   12.1066   -0.3289
4890.7275   12.1338   -0.1052
4890.9465   12.1337   -0.1057
4890.8570   12.1494    0.0229
4891.0175   12.1648    0.1501
4891.3414   12.1632    0.1368
4891.2103   12.1687    0.1824
4891.4333   12.1643    0.1464
4891.1222   12.1710    0.2008
4891.0780   12.1373   -0.0765
4891.2592   12.1588    0.1010
4890.8570   12.1321   -0.1189
4891.0175   12.1695    0.1884
4891.0780   12.1268   -0.1628
4891.1222   12.1489    0.0190
4891.2592   12.1160   -0.2521
4891.2103   12.1685    0.1809
4891.4333   12.1974    0.4188
4890.8110   12.1571    0.0870
4890.8110   12.1610    0.1185
4890.9282   12.1665    0.1639
4891.8564   12.1337   -0.1060
4891.6988   12.1333   -0.1095
4891.9813   12.1031   -0.3579
4892.4815   12.1337   -0.1058
4892.2917   12.0922   -0.4473
4892.6270   12.1436   -0.0249
4892.1389   12.0981   -0.3990
4892.0247   12.0978   -0.4017
4892.3275   12.1008   -0.3766
4893.2050   12.1564    0.0811
4892.9906   12.1153   -0.2575
4893.3725   12.1567    0.0832
4894.0133   12.1703    0.1955
4893.7758   12.1995    0.4356
4894.1968   12.1944    0.3939
4893.5690   12.2051    0.4819
4893.3949   12.1666    0.1651
4893.7925   12.1798    0.2734
4892.5493   12.1389   -0.0630
4892.4744   12.1467    0.0012
4892.7978   12.1503    0.0307
4893.2529   12.1597    0.1082
4893.1466   12.1422   -0.0357
4893.5174   12.1588    0.1007
4893.0750   12.1452   -0.0114
4893.0389   12.1647    0.1492
4893.3782   12.1469    0.0024
4892.6591   12.1305   -0.1324
4892.8067   12.1550    0.0697
4893.0161   12.1470    0.0036
4891.6988   12.1694    0.1876
4891.9813   12.1925    0.3778
4892.0247   12.1621    0.1275
4892.1389   12.2150    0.5631
4892.3275   12.1819    0.2912
4892.2917   12.2012    0.4496
4892.6270   12.1763    0.2445
4892.4744   12.1517    0.0421
4892.5493   12.1522    0.0459
4892.7978   12.1241   -0.1846
4893.0389   12.1551    0.0700
4893.0750   12.1040   -0.3504
4893.3782   12.1506    0.0332
4893.1466   12.1285   -0.1490
4893.2529   12.1448   -0.0147
4893.5174   12.1398   -0.0559
4892.9906   12.1503    0.0306
4893.3725   12.1761    0.2428
4893.3949   12.1435   -0.0250
4893.5690   12.1467    0.0007
4893.7925   12.1856    0.3216
4893.7758   12.1411   -0.0449
4894.1968   12.1420   -0.0377
4892.8067   12.1793    0.2694
4892.6591   12.2025    0.4605
4893.0161   12.1534    0.0560
4891.5693   12.1554    0.0730
4891.4823   12.1485    0.0158
4891.4387   12.1186   -0.2303
4891.7383   12.1475    0.0079
4891.9386   12.1199   -0.2196
4891.4387   12.1145   -0.2643
4891.4823   12.1298   -0.1381
4891.5693   12.1003   -0.3813
4891.7383   12.1351   -0.0944
4891.9386   12.1229   -0.1949
4892.1726   12.1392   -0.0607
4892.4334   12.1488    0.0188
4892.1726   12.1525    0.0484
4892.4334   12.1619    0.1262
4892.7232   12.1509    0.0357
4891.8967   12.1232   -0.1925
4891.6512   12.1073   -0.3236
4891.8967   12.1503    0.0307
4894.8908   12.1638    0.1422
4894.7203   12.1781    0.2596
4895.1749   12.1945    0.3946
4895.8210   12.1404   -0.0509
4895.6424   12.1690    0.1850
4896.1185   12.1929    0.3812
4895.4849   12.1806    0.2802
4895.3504   12.1305   -0.1326
4895.8179   12.1376   -0.0741
4896.7862   12.1573    0.0879
4896.6075   12.1147   -0.2628
4897.0961   12.1242   -0.1838
4897.7679   12.1591    0.1029
4897.5885   12.1196   -0.2218
4898.0802   12.1275   -0.1573
4897.4244   12.0861   -0.4981
4897.2773   12.1087   -0.3117
4897.7678   12.0824   -0.5279
4896.1755   12.1141   -0.2674
4896.0715   12.1587    0.0995
4896.5491   12.1252   -0.1757
4897.1455   12.1025   -0.3629
4897.0338   12.0901   -0.4649
4897.5211   12.1123   -0.2824
4896.9403   12.1296   -0.1394
4896.8661   12.1841    0.3091
4897.3452   12.1444   -0.0183
4896.2981   12.1378   -0.0724
4896.4426   12.1292   -0.1428
4896.7860   12.1113   -0.2901
4898.7473   12.1638    0.1419
4898.5924   12.1172   -0.2420
4899.0774   12.1284   -0.1498
4899.7058   12.1300   -0.1365
4899.5567   12.1641    0.1443
4900.0258   12.1328   -0.1135
4899.4172   12.1095   -0.3054
4899.2889   12.0833   -0.5210
4899.7632   12.0969   -0.4092
4900.6249   12.1411   -0.0450
4900.4883   12.1200   -0.2189
4900.9323   12.1185   -0.2312
4901.4870   12.1607    0.1161
4901.3614   12.1502    0.0302
4901.7718   12.1906    0.3623
4901.2408   12.1374   -0.0756
4901.1265   12.1083   -0.3154
4901.5473   12.1427   -0.0316
4900.1166   12.0896   -0.4692
4900.0100   12.1055   -0.3381
4900.4693   12.0575   -0.7336
4901.0168   12.1421   -0.0371
4900.9160   12.1126   -0.2798
4901.3462   12.1487    0.0179
4900.8224   12.0797   -0.5509
4900.7371   12.1105   -0.2972
4901.1725   12.0971   -0.4071
4900.2306   12.0938   -0.4341
4900.3550   12.1072   -0.3239
4900.6864   12.1151   -0.2587
4897.7772   12.1832    0.3016
4897.7147   12.1354   -0.0923
4898.2035   12.1202   -0.2168
4898.7607   12.1442   -0.0197
4898.6920   12.1547    0.0672
4899.1759   12.1672    0.1696
4898.6370   12.1710    0.2008
4898.5964   12.1216   -0.2056
4899.0737   12.1798    0.2740
4899.7260   12.0950   -0.4244
4899.6582   12.1702    0.1943
4900.1269   12.0254   -0.9972
4900.6534   12.0867   -0.4927
4900.5854   12.1099   -0.3023
4901.0293   12.1037   -0.3533
4900.5260   12.1150   -0.2601
4900.4762   12.1259   -0.1701
4900.9195   12.1099   -0.3021
4899.5150   12.1456   -0.0084
4899.4896   12.1517    0.0421
4899.9510   12.1352   -0.0938
4900.4348   12.1573    0.0883
4900.4042   12.1473    0.0059
4900.8451   12.1618    0.1256
4900.3832   12.1458   -0.0067
4900.3723   12.1701    0.1938
4900.8076   12.1595    0.1064
4899.5497   12.1465   -0.0009
4899.5976   12.1402   -0.0528
4900.0186   12.1199   -0.2197
4897.8421   12.1553    0.0722
4897.9252   12.1530    0.0528
4898.0255   12.1972    0.4169
4898.3398   12.2127    0.5445
4898.8336   12.1356   -0.0905
4898.1449   12.1284   -0.1495
4898.2785   12.0583   -0.7263
4898.4283   12.0821   -0.5305
4898.7872   12.0624   -0.6929
4899.1533   12.0821   -0.5309
4899.3274   12.1337   -0.1058
4899.8081   12.0953   -0.4223
4899.5283   12.1367   -0.0816
4899.9032   12.1178   -0.2372
4900.2795   12.0884   -0.4792
4898.9265   12.1643    0.1463
4898.5309   12.1211   -0.2093
4899.0335   12.1240   -0.1855
4894.7203   12.1538    0.0597
4895.1749   12.1542    0.0627
4895.3504   12.1808    0.2818
4895.4849   12.1519    0.0440
4895.8179   12.1940    0.3902
4895.6424   12.1722    0.2109
4896.1185   12.1221   -0.2015
4896.0715   12.2286    0.6756
4896.1755   12.2040    0.4731
4896.5491   12.1941    0.3916
4896.8661   12.1859    0.3239
4896.9403   12.1863    0.3269
4897.3452   12.1567    0.0835
4897.0338   12.1771    0.2513
4897.1455   12.1589    0.1015
4897.5211   12.1790    0.2673
4896.6075   12.1210   -0.2108
4897.0961   12.1292   -0.1431
4897.2773   12.1606    0.1156
4897.4244   12.1639    0.1429
4897.7678   12.1861    0.3257
4897.5885   12.1705    0.1967
4898.0802   12.1928    0.3810
4896.4426   12.1645    0.1472
4896.2981   12.2222    0.6229
4896.7860   12.1564    0.0811
4897.7147   12.1724    0.2122
4897.7772   12.1351   -0.0943
4898.2035   12.1522    0.0461
4898.5964   12.1576    0.0909
4898.6370   12.1504    0.0312
4899.0737   12.1880    0.3414
4898.6920   12.1500    0.0279
4898.7607   12.1430   -0.0294
4899.1759   12.1433   -0.0268
4899.4896   12.1764    0.2458
4899.5150   12.1506    0.0330
4899.9510   12.1810    0.2838
4900.3723   12.1611    0.1200
4900.3832   12.1834    0.3029
4900.8076   12.1489    0.0193
4900.4042   12.1781    0.2593
4900.4348   12.1657    0.1574
4900.8451   12.1594    0.1059
4899.6582   12.1401   -0.0532
4899.7260   12.1418   -0.0395
4900.1269   12.1196   -0.2217
4900.4762   12.1442   -0.0192
4900.5260   12.0980   -0.3998
4900.9195   12.1498    0.0263
4900.5854   12.1037   -0.3532
4900.6534   12.1510    0.0361
4901.0293   12.1599    0.1096
4899.5976   12.1506    0.0331
4899.5497   12.1376   -0.0735
4900.0186   12.1508    0.0345
4898.5924   12.1811    0.2839
4899.0774   12.1392   -0.0604
4899.2889   12.1908    0.3643
4899.4172   12.1468    0.0019
4899.7632   12.1555    0.0733
4899.5567   12.1746    0.2305
4900.0258   12.1634    0.1386
4900.0100   12.1700    0.1926
4900.1166   12.1548    0.0677
4900.4693   12.1434   -0.0264
4900.7371   12.1894    0.3523
4900.8224   12.1758    0.2405
4901.1725   12.1498    0.0267
4900.9160   12.1640    0.1432
4901.0168   12.1719    0.2089
4901.3462   12.1530    0.0528
4900.4883   12.1647    0.1494
4900.9323   12.1437   -0.0234
4901.1265   12.1598    0.1086
4901.2408   12.1939    0.3893
4901.5473   12.1635    0.1391
4901.3614   12.1333   -0.1090
4901.7718   12.2030    0.4645
4900.3550   12.1651    0.1526
4900.2306   12.1769    0.2495
4900.6864   12.2140    0.5548
4898.4283   12.1712    0.2028
4898.2785   12.1695    0.1890
4898.1449   12.1547    0.0673
4898.7872   12.1630    0.1356
4899.1533   12.1354   -0.0924
4898.0255   12.1905    0.3618
4897.9252   12.1403   -0.0518
4897.8421   12.1413   -0.0433
4898.3398   12.1392   -0.0609
4898.8336   12.1247   -0.1801
4899.5283   12.1316   -0.1236
4899.9032   12.1498    0.0270
4899.3274   12.1243   -0.1838
4899.8081   12.0851   -0.5059
4900.2795   12.1354   -0.0924
4899.0335   12.1451   -0.0120
4898.5309   12.1247   -0.1799
4898.9265   12.1321   -0.1190
4894.4902   12.1517    0.0418
4894.2896   12.1639    0.1429
4894.1207   12.1848    0.3143
4894.8108   12.1517    0.0419
4895.1553   12.1751    0.2348
4893.9827   12.1669    0.1672
4893.8795   12.1204   -0.2158
4893.8099   12.1431   -0.0288
4893.7747   12.1862    0.3263
4894.2698   12.1557    0.0753
4894.7526   12.1436   -0.0241
4894.6840   12.1400   -0.0543
4895.5266   12.2085    0.5102
4895.9140   12.1778    0.2571
4895.2622   12.1294   -0.1413
4895.7835   12.1603    0.1133
4895.6815   12.1445   -0.0172
4896.3202   12.1611    0.1200
4896.7408   12.1598    0.1086
4894.9921   12.1394   -0.0591
4894.4755   12.1691    0.1856
4894.8574   12.1783    0.2613
4893.7747   12.1637    0.1408
4893.8099   12.1290   -0.1447
4893.8795   12.1530    0.0527
4893.9827   12.2045    0.4770
4894.2698   12.1466    0.0005
4894.6840   12.1413   -0.0436
4894.7526   12.1627    0.1326
4894.1207   12.2066    0.4946
4894.2896   12.2433    0.7964
4894.4902   12.2128    0.5455
4894.8108   12.1930    0.3821
4895.1553   12.1744    0.2292
4895.2622   12.1191   -0.2264
4895.6815   12.1699    0.1918
4895.7835   12.1665    0.1644
4895.5266   12.1706    0.1977
4895.9140   12.2396    0.7660
4896.3202   12.2120    0.5387
4896.7408   12.1854    0.3196
4894.8574   12.1799    0.2741
4894.4755   12.2353    0.7305
4894.9921   12.2180    0.5878
4897.1971   12.1801    0.2763
4897.6412   12.1828    0.2979
4897.0959   12.1688    0.1827
4897.5918   12.1705    0.1968
4897.5671   12.1609    0.1183
4898.0939   12.1763    0.2444
4898.5500   12.1284   -0.1497
4897.0959   12.1596    0.1073
4897.5671   12.1409   -0.0470
4897.5918   12.1569    0.0850
4897.1971   12.1787    0.2647
4897.6412   12.1488    0.0181
4898.0939   12.1144   -0.2651
4898.5500   12.1125   -0.2801
4899.0139   12.1446   -0.0161
4899.4709   12.1343   -0.1011
4899.0139   12.1532    0.0549
4899.4709   12.1239   -0.1865
4899.9254   12.1558    0.0762
4898.5298   12.1576    0.0907
4898.0457   12.1732    0.2194
4898.5298   12.1524    0.0482
4896.6624   12.2012    0.4499
4896.1363   12.1679    0.1752
4895.6251   12.1682    0.1779
4896.6097   12.1713    0.2037
4896.5832   12.1350   -0.0956
4895.1245   12.1560    0.0776
4894.6505   12.1571    0.0870
4894.1988   12.1388   -0.0641
4894.6505   12.1247   -0.1805
4895.1245   12.1179   -0.2360
4896.5832   12.1655    0.1558
4896.6097   12.1316   -0.1229
4895.6251   12.1184   -0.2317
4896.1363   12.1717    0.2071
4896.6624   12.1959    0.4058
4896.0814   12.1413   -0.0435
4895.5932   12.1589    0.1015
4895.5932   12.1140   -0.2684
4890.5439   12.1339   -0.1045
4890.5714   12.1135   -0.2720
4890.6790   12.1445   -0.0169
4890.6328   12.1063   -0.3314
4890.7275   12.1475    0.0073
4890.6328   12.1129   -0.2772
4890.7275   12.1135   -0.2726
4890.9465   12.1826    0.2965
4890.8570   12.1541    0.0623
4891.0175   12.1541    0.0624
4891.3414   12.1430   -0.0292
4891.2103   12.1414   -0.0423
4891.4333   12.1588    0.1004
4891.1222   12.1869    0.3321
4891.0780   12.2086    0.5105
4891.2592   12.2062    0.4913
4890.8570   12.1348   -0.0972
4891.0175   12.1386   -0.0652
4891.0780   12.1385   -0.0665
4891.1222   12.1720    0.2092
4891.2592   12.2009    0.4473
4891.2103   12.1687    0.1823
4891.4333   12.1733    0.2204
4890.8110   12.1261   -0.1687
4890.8110   12.1592    0.1040
4890.9282   12.1439   -0.0221
4891.8564   12.1127   -0.2788
4891.6988   12.1622    0.1290
4891.9813   12.1429   -0.0305
4892.4815   12.0739   -0.5987
4892.2917   12.1442   -0.0195
4892.6270   12.1358   -0.0884
4892.1389   12.1586    0.0993
4892.0247   12.1698    0.1913
4892.3275   12.1709    0.2005
4893.2050   12.1122   -0.2829
4892.9906   12.1099   -0.3017
4893.3725   12.1321   -0.1195
4894.0133   12.1776    0.2554
4893.7758   12.1741    0.2269
4894.1968   12.1673    0.1708
4893.5690   12.1589    0.1014
4893.3949   12.1379   -0.0716
4893.7925   12.1504    0.0316
4892.5493   12.1541    0.0620
4892.4744   12.1613    0.1209
4892.7978   12.1305   -0.1323
4893.2529   12.1445   -0.0170
4893.1466   12.1413   -0.0436
4893.5174   12.1397   -0.0567
4893.0750   12.1223   -0.1997
4893.0389   12.1446   -0.0165
4893.3782   12.1919    0.3734
4892.6591   12.1510    0.0366
4892.8067   12.1349   -0.0957
4893.0161   12.1413   -0.0438
4891.6988   12.1415   -0.0419
4891.9813   12.1402   -0.0527
4892.0247   12.1642    0.1450
4892.1389   12.1353   -0.0925
4892.3275   12.1690    0.1844
4892.2917   12.1141   -0.2675
4892.6270   12.1056   -0.3375
4892.4744   12.1353   -0.0928
4892.5493   12.1552    0.0712
4892.7978   12.1644    0.1466
4893.0389   12.1559    0.0767
4893.0750   12.1533    0.0555
4893.3782   12.1808    0.2820
4893.1466   12.1726    0.2146
4893.2529   12.1421   -0.0370
4893.5174   12.1562    0.0796
4892.9906   12.1125   -0.2805
4893.3725   12.1193   -0.2243
4893.3949   12.1547    0.0668
4893.5690   12.1082   -0.3160
4893.7925   12.1279   -0.1535
4893.7758   12.1186   -0.2300
4894.1968   12.1523    0.0472
4892.8067   12.1228   -0.1954
4892.6591   12.1368   -0.0801
4893.0161   12.1513    0.0391
4891.5693   12.1702    0.1943
4891.4823   12.2190    0.5963
4891.4387   12.2179    0.5876
4891.7383   12.1520    0.0444
4891.9386   12.2063    0.4917
4891.4387   12.1801    0.2764
4891.4823   12.2054    0.4846
4891.5693   12.1624    0.1307
4891.7383   12.1751    0.2346
4891.9386   12.1753    0.2361
4892.1726   12.1780    0.2585
4892.4334   12.1524    0.0476
4892.1726   12.2148    0.5619
4892.4334   12.1383   -0.0678
4892.7232   12.1635    0.1397
4891.8967   12.1537    0.0586
4891.6512   12.2066    0.4941
4891.8967   12.1657    0.1575
4894.8908   12.1448   -0.0147
4894.7203   12.1442   -0.0196
4895.1749   12.1201   -0.2176
4895.8210   12.1168   -0.2452
4895.6424   12.1142   -0.2667
4896.1185   12.1434   -0.0260
4895.4849   12.1001   -0.3825
4895.3504   12.1106   -0.2964
4895.8179   12.1379   -0.0716
4896.7862   12.1381   -0.0694
4896.6075   12.1535    0.0569
4897.0961   12.1484    0.0150
4897.7679   12.1382   -0.0691
4897.5885   12.1418   -0.0389
4898.0802   12.1576    0.0910
4897.4244   12.1440   -0.0215
4897.2773   12.1462   -0.0031
4897.7678   12.1453   -0.0101
4896.1755   12.1377   -0.0727
4896.0715   12.1490    0.0197
4896.5491   12.1358   -0.0887
4897.1455   12.1521    0.0452
4897.0338   12.1351   -0.0942
4897.5211   12.1482    0.0132
4896.9403   12.1356   -0.0901
4896.8661   12.1468    0.0022
4897.3452   12.1577    0.0912
4896.2981   12.1496    0.0250
4896.4426   12.1493    0.0226
4896.7860   12.1482    0.0138
4898.7473   12.1617    0.1244
4898.5924   12.1604    0.1139
4899.0774   12.1639    0.1424
4899.7058   12.1687    0.1823
4899.5567   12.1678    0.1745
4900.0258   12.1700    0.1931
4899.4172   12.1688    0.1832
4899.2889   12.1634    0.1385
4899.7632   12.1674    0.1716
4900.6249   12.1774    0.2536
4900.4883   12.1719    0.2084
4900.9323   12.1798    0.2738
4901.4870   12.1988    0.4303
4901.3614   12.1816    0.2885
4901.7718   12.1849    0.3157
4901.2408   12.1740    0.2254
4901.1265   12.1688    0.1826
4901.5473   12.1687    0.1822
4900.1166   12.1610    0.1192
4900.0100   12.1550    0.0697
4900.4693   12.1559    0.0769
4901.0168   12.1702    0.1946
4900.9160   12.1612    0.1202
4901.3462   12.1648    0.1497
4900.8224   12.1561    0.0787
4900.7371   12.1531    0.0535
4901.1725   12.1586    0.0992
4900.2306   12.1674    0.1715
4900.3550   12.1691    0.1853
4900.6864   12.1663    0.1622
4897.7772   12.1775    0.2548
4897.7147   12.1715    0.2050
4898.2035   12.1812    0.2853
4898.7607   12.1839    0.3073
4898.6920   12.1799    0.2743
4899.1759   12.1678    0.1746
4898.6370   12.1792    0.2688
4898.5964   12.1627    0.1329
4899.0737   12.1749    0.2331
4899.7260   12.1558    0.0759
4899.6582   12.1600    0.1109
4900.1269   12.1636    0.1402
4900.6534   12.1605    0.1148
4900.5854   12.1671    0.1688
4901.0293   12.1691    0.1856
4900.5260   12.1695    0.1889
4900.4762   12.1697    0.1907
4900.9195   12.1695    0.1889
4899.5150   12.1825    0.2954
4899.4896   12.1953    0.4013
4899.9510   12.1827    0.2972
4900.4348   12.1732    0.2195
4900.4042   12.1655    0.1557
4900.8451   12.1625    0.1314
4900.3832   12.1673    0.1704
4900.3723   12.1614    0.1223
4900.8076   12.1540    0.0612
4899.5497   12.1756    0.2390
4899.5976   12.1590    0.1021
4900.0186   12.1735    0.2215
4897.8421   12.1685    0.1808
4897.9252   12.1672    0.1699
4898.0255   12.1573    0.0880
4898.3398   12.1762    0.2436
4898.8336   12.1694    0.1876
4898.1449   12.1448   -0.0142
4898.2785   12.1470    0.0034
4898.4283   12.1609    0.1181
4898.7872   12.1583    0.0968
4899.1533   12.1617    0.1247
4899.3274   12.1590    0.1025
4899.8081   12.1526    0.0495
4899.5283   12.1585    0.0982
4899.9032   12.1546    0.0661
4900.2795   12.1536    0.0581
4898.9265   12.1746    0.2310
4898.5309   12.1463   -0.0023
4899.0335   12.1541    0.0623
4894.7203   12.1678    0.1745
4895.1749   12.1808    0.2814
4895.3504   12.1328   -0.1131
4895.4849   12.1625    0.1314
4895.8179   12.1417   -0.0405
4895.6424   12.1733    0.2203
4896.1185   12.1311   -0.1270
4896.0715   12.1379   -0.0716
4896.1755   12.1663    0.1623
4896.5491   12.1890    0.3495
4896.8661   12.1573    0.0886
4896.9403   12.1516    0.0410
4897.3452   12.1408   -0.0479
4897.0338   12.1744    0.2293
4897.1455   12.1962    0.4087
4897.5211   12.1375   -0.0751
4896.6075   12.1935    0.3867
4897.0961   12.2013    0.4507
4897.2773   12.1760    0.2424
4897.4244   12.1769    0.2499
4897.7678   12.1527    0.0503
4897.5885   12.1454   -0.0097
4898.0802   12.1741    0.2264
4896.4426   12.1904    0.3605
4896.2981   12.1970    0.4152
4896.7860   12.1947    0.3962
4897.7147   12.1714    0.2047
4897.7772   12.1697    0.1906
4898.2035   12.1636    0.1405
4898.5964   12.1684    0.1798
4898.6370   12.1695    0.1884
4899.0737   12.1765    0.2460
4898.6920   12.2077    0.5036
4898.7607   12.2113    0.5329
4899.1759   12.2043    0.4750
4899.4896   12.1700    0.1926
4899.5150   12.1614    0.1225
4899.9510   12.1561    0.0786
4900.3723   12.1562    0.0795
4900.3832   12.1630    0.1352
4900.8076   12.1519    0.0436
4900.4042   12.1573    0.0884
4900.4348   12.1552    0.0707
4900.8451   12.1482    0.0131
4899.6582   12.2002    0.4416
4899.7260   12.1726    0.2146
4900.1269   12.1602    0.1121
4900.4762   12.1607    0.1166
4900.5260   12.1607    0.1160
4900.9195   12.1599    0.1098
4900.5854   12.1412   -0.0444
4900.6534   12.1562    0.0792
4901.0293   12.1407   -0.0487
4899.5976   12.1940    0.3907
4899.5497   12.1746    0.2304
4900.0186   12.1721    0.2099
4898.5924   12.1613    0.1215
4899.0774   12.1616    0.1237
4899.2889   12.1352   -0.0939
4899.4172   12.1096   -0.3045
4899.7632   12.1483    0.0144
4899.5567   12.1151   -0.2590
4900.0258   12.1093   -0.3066
4900.0100   12.1608    0.1171
4900.1166   12.1253   -0.1752
4900.4693   12.1478    0.0101
4900.7371   12.1703    0.1954
4900.8224   12.1358   -0.0886
4901.1725   12.1406   -0.0493
4900.9160   12.1273   -0.1585
4901.0168   12.1373   -0.0760
4901.3462   12.1162   -0.2499
4900.4883   12.1445   -0.0172
4900.9323   12.1289   -0.1458
4901.1265   12.0987   -0.3944
4901.2408   12.1132   -0.2748
4901.5473   12.1359   -0.0882
4901.3614   12.1737    0.2235
4901.7718   12.2441    0.8025
4900.3550   12.0821   -0.5311
4900.2306   12.0913   -0.4548
4900.6864   12.0737   -0.5997
4898.4283   12.1573    0.0887
4898.2785   12.1570    0.0859
4898.1449   12.1187   -0.2292
4898.7872   12.0747   -0.5917
4899.1533   12.1405   -0.0502
4898.0255   12.1466   -0.0001
4897.9252   12.1399   -0.0548
4897.8421   12.1606    0.1155
4898.3398   12.1852    0.3177
4898.8336   12.1854    0.3195
4899.5283   12.1837    0.3057
4899.9032   12.1780    0.2591
4899.3274   12.1605    0.1146
4899.8081   12.1536    0.0576
4900.2795   12.1726    0.2144
4899.0335   12.1523    0.0475
4898.5309   12.1309   -0.1293
4898.9265   12.1660    0.1603
4894.4902   12.1332   -0.1103
4894.2896   12.1625    0.1310
4894.1207   12.1331   -0.1105
4894.8108   12.1616    0.1238
4895.1553   12.1298   -0.1379
4893.9827   12.1416   -0.0413
4893.8795   12.1719    0.2089
4893.8099   12.1572    0.0872
4893.7747   12.1660    0.1602
4894.2698   12.1271   -0.1600
4894.7526   12.1292   -0.1433
4894.6840   12.1042   -0.3486
4895.5266   12.1288   -0.1466
4895.9140   12.1083   -0.3147
4895.2622   12.0690   -0.6383
4895.7835   12.1163   -0.2489
4895.6815   12.1738    0.2245
4896.3202   12.1799    0.2745
4896.7408   12.1551    0.0704
4894.9921   12.0940   -0.4327
4894.4755   12.1172   -0.2417
4894.8574   12.0883   -0.4798
4893.7747   12.1464   -0.0017
4893.8099   12.0703   -0.6276
4893.8795   12.0866   -0.4939
4893.9827   12.0598   -0.7142
4894.2698   12.1463   -0.0023
4894.6840   12.1417   -0.0405
4894.7526   12.1368   -0.0808
4894.1207   12.1366   -0.0819
4894.2896   12.1641    0.1444
4894.4902   12.1372   -0.0775
4894.8108   12.1499    0.0275
4895.1553   12.1761    0.2434
4895.2622   12.1484    0.0151
4895.6815   12.1619    0.1263
4895.7835   12.1536    0.0577
4895.5266   12.1222   -0.2010
4895.9140   12.1364   -0.0838
4896.3202   12.1336   -0.1067
4896.7408   12.1622    0.1283
4894.8574   12.1229   -0.1948
4894.4755   12.1443   -0.0183
4894.9921   12.1333   -0.1095
4897.1971   12.1468    0.0021
4897.6412   12.1449   -0.0142
4897.0959   12.1449   -0.0136
4897.5918   12.1749    0.2328
4897.5671   12.1887    0.3466
4898.0939   12.1776    0.2558
4898.5500   12.1994    0.4348
4897.0959   12.1687    0.1826
4897.5671   12.1573    0.0885
4897.5918   12.1802    0.2765
4897.1971   12.1749    0.2333
4897.6412   12.1724    0.2127
4898.0939   12.1721    0.2104
4898.5500   12.1717    0.2068
4899.0139   12.1843    0.3106
4899.4709   12.1747    0.2314
4899.0139   12.1901    0.3588
4899.4709   12.1874    0.3360
4899.9254   12.1660    0.1599
4898.5298   12.1838    0.3068
4898.0457   12.1843    0.3107
4898.5298   12.2042    0.4740
4896.6624   12.1409   -0.0466
4896.1363   12.1369   -0.0793
4895.6251   12.1906    0.3628
4896.6097   12.1254   -0.1742
4896.5832   12.1504    0.0314
4895.1245   12.1678    0.1747
4894.6505   12.1568    0.0841
4894.1988   12.1516    0.0416
4894.6505   12.1321   -0.1192
4895.1245   12.1571    0.0869
4896.5832   12.1745    0.2295
4896.6097   12.1641    0.1440
4895.6251   12.1566    0.0825
4896.1363   12.1531    0.0541
4896.6624   12.1578    0.0921
4896.0814   12.1743    0.2283
4895.5932   12.1754    0.2375
4895.5932   12.1843    0.3105
4890.5714   12.1542    0.0627
4890.6328   12.1520    0.0445
4890.7275   12.1551    0.0705
4890.6328   12.1672    0.1697
4890.7275   12.1881    0.3420
4890.8570   12.1106   -0.2961
4891.0175   12.0994   -0.3887
4891.2103   12.1075   -0.3216
4891.4333   12.1270   -0.1610
4891.1222   12.1269   -0.1617
4891.0780   12.1433   -0.0266
4891.2592   12.1611    0.1199
4890.8570   12.2076    0.5025
4891.0175   12.1722    0.2113
4891.0780   12.1832    0.3019
4891.1222   12.1514    0.0400
4891.2592   12.1684    0.1794
4891.2103   12.1333   -0.1089
4891.4333   12.1628    0.1336
4890.8110   12.2121    0.5396
4890.8110   12.1337   -0.1061
4890.9282   12.1664    0.1635
4891.6988   12.1477    0.0093
4891.9813   12.1251   -0.1764
4892.2917   12.1326   -0.1152
4892.6270   12.1494    0.0237
4892.1389   12.1495    0.0243
4892.0247   12.1190   -0.2271
4892.3275   12.1478    0.0098
4892.9906   12.1599    0.1101
4893.3725   12.1310   -0.1286
4893.7758   12.1512    0.0379
4894.1968   12.1384   -0.0671
4893.5690   12.1612    0.1202
4893.3949   12.1532    0.0547
4893.7925   12.1677    0.1740
4892.5493   12.1617    0.1247
4892.4744   12.1368   -0.0803
4892.7978   12.1723    0.2121
4893.2529   12.1858    0.3227
4893.1466   12.1829    0.2991
4893.5174   12.1798    0.2732
4893.0750   12.1915    0.3696
4893.0389   12.1760    0.2424
4893.3782   12.1898    0.3558
4892.6591   12.1357   -0.0895
4892.8067   12.1606    0.1153
4893.0161   12.1506    0.0336
4891.6988   12.1638    0.1417
4891.9813   12.1230   -0.1939
4892.0247   12.1571    0.0870
4892.1389   12.1414   -0.0427
4892.3275   12.1462   -0.0031
4892.2917   12.1082   -0.3157
4892.6270   12.0898   -0.4672
4892.4744   12.1182   -0.2337
4892.5493   12.1369   -0.0793
4892.7978   12.1313   -0.1253
4893.0389   12.1516    0.0411
4893.0750   12.1551    0.0698
4893.3782   12.1488    0.0182
4893.1466   12.1486    0.0166
4893.2529   12.1473    0.0057
4893.5174   12.1289   -0.1453
4892.9906   12.0845   -0.5113
4893.3725   12.1236   -0.1889
4893.3949   12.1293   -0.1418
4893.5690   12.1412   -0.0445
4893.7925   12.1556    0.0740
4893.7758   12.1628    0.1332
4894.1968   12.1592    0.1038
4892.8067   12.1152   -0.2583
4892.6591   12.1171   -0.2428
4893.0161   12.1208   -0.2124
4891.5693   12.1450   -0.0130
4891.4823   12.1571    0.0869
4891.4387   12.1638    0.1422
4891.7383   12.1345   -0.0990
4891.9386   12.1331   -0.1113
4891.4387   12.1613    0.1210
4891.4823   12.1497    0.0260
4891.5693   12.1188   -0.2286
4891.7383   12.1172   -0.2417
4891.9386   12.1201   -0.2176
4892.1726   12.1113   -0.2904
4892.4334   12.1320   -0.1196
4892.1726   12.1256   -0.1727
4892.4334   12.1263   -0.1667
4892.7232   12.1578    0.0927
4891.8967   12.1195   -0.2227
4891.6512   12.1723    0.2119
4891.8967   12.1455   -0.0091
4894.7203   12.1471    0.0042
4895.1749   12.1495    0.0238
4895.6424   12.1690    0.1849
4896.1185   12.1764    0.2456
4895.4849   12.1605    0.1151
4895.3504   12.1672    0.1695
4895.8179   12.2004    0.4429
4896.6075   12.1862    0.3266
4897.0961   12.1862    0.3259
4897.5885   12.1947    0.3959
4898.0802   12.2077    0.5031
4897.4244   12.1850    0.3166
4897.2773   12.1464   -0.0015
4897.7678   12.1487    0.0178
4896.1755   12.2095    0.5177
4896.0715   12.1745    0.2296
4896.5491   12.1480    0.0115
4897.1455   12.1665    0.1643
4897.0338   12.1554    0.0729
4897.5211   12.1562    0.0791
4896.9403   12.1403   -0.0516
4896.8661   12.1443   -0.0187
4897.3452   12.1755    0.2382
4896.2981   12.1963    0.4093
4896.4426   12.1696    0.1893
4896.7860   12.1859    0.3235
4898.5924   12.1985    0.4278
4899.0774   12.1637    0.1414
4899.5567   12.1745    0.2301
4900.0258   12.1684    0.1797
4899.4172   12.1707    0.1987
4899.2889   12.1777    0.2566
4899.7632   12.1960    0.4072
4900.4883   12.1909    0.3647
4900.9323   12.1885    0.3448
4901.3614   12.1813    0.2862
4901.7718   12.1658    0.1580
4901.2408   12.1968    0.4139
4901.1265   12.2106    0.5275
4901.5473   12.2099    0.5213
4900.1166   12.1635    0.1394
4900.0100   12.1528    0.0514
4900.4693   12.1691    0.1856
4901.0168   12.1942    0.3922
4900.9160   12.2014    0.4510
4901.3462   12.1937    0.3880
4900.8224   12.1976    0.4204
4900.7371   12.1753    0.2367
4901.1725   12.1453   -0.0102
4900.2306   12.1895    0.3534
4900.3550   12.1981    0.4240
4900.6864   12.1847    0.3139
4897.7772   12.1633    0.1375
4897.7147   12.1752    0.2356
4898.2035   12.1625    0.1308
4898.7607   12.1704    0.1966
4898.6920   12.1700    0.1931
4899.1759   12.1447   -0.0150
4898.6370   12.1828    0.2984
4898.5964   12.1654    0.1547
4899.0737   12.1749    0.2331
4899.7260   12.1392   -0.0605
4899.6582   12.1504    0.0312
4900.1269   12.1548    0.0680
4900.6534   12.1438   -0.0225
4900.5854   12.1325   -0.1158
4901.0293   12.1293   -0.1425
4900.5260   12.1117   -0.2873
4900.4762   12.1077   -0.3202
4900.9195   12.0948   -0.4266
4899.5150   12.1337   -0.1061
4899.4896   12.1264   -0.1661
4899.9510   12.0723   -0.6119
4900.4348   12.0816   -0.5350
4900.4042   12.1102   -0.2991
4900.8451   12.0721   -0.6130
4900.3832   12.0935   -0.4366
4900.3723   12.1230   -0.1944
4900.8076   12.1277   -0.1556
4899.5497   12.1646    0.1486
4899.5976   12.1354   -0.0921
4900.0186   12.1542    0.0631
4897.8421   12.1753    0.2364
4897.9252   12.1825    0.2956
4898.0255   12.1374   -0.0754
4898.3398   12.1518    0.0431
4898.8336   12.1479    0.0108
4898.1449   12.1513    0.0393
4898.2785   12.1698    0.1912
4898.4283   12.1843    0.3110
4898.7872   12.1737    0.2235
4899.1533   12.1690    0.1847
4899.3274   12.1588    0.1010
4899.8081   12.1194   -0.2238
4899.5283   12.1825    0.2956
4899.9032   12.1552    0.0707
4900.2795   12.1568    0.0839
4898.9265   12.1432   -0.0278
4898.5309   12.1543    0.0632
4899.0335   12.1698    0.1914
4894.7203   12.1716    0.2064
4895.1749   12.1428   -0.0312
4895.3504   12.1706    0.1980
4895.4849   12.1522    0.0464
4895.8179   12.1438   -0.0229
4895.6424   12.1178   -0.2370
4896.1185   12.1559    0.0771
4896.0715   12.1480    0.0120
4896.1755   12.1418   -0.0393
4896.5491   12.1582    0.0956
4896.8661   12.2057    0.4865
4896.9403   12.1516    0.0415
4897.3452   12.1477    0.0097
4897.0338   12.2039    0.4720
4897.1455   12.2043    0.4750
4897.5211   12.2078    0.5039
4896.6075   12.1301   -0.1355
4897.0961   12.1454   -0.0098
4897.2773   12.1856    0.3215
4897.4244   12.1432   -0.0279
4897.7678   12.1431   -0.0284
4897.5885   12.1348   -0.0965
4898.0802   12.1428   -0.0312
4896.4426   12.1679    0.1757
4896.2981   12.1730    0.2180
4896.7860   12.1683    0.1786
4897.7147   12.2193    0.5984
4897.7772   12.2060    0.4889
4898.2035   12.1906    0.3623
4898.5964   12.1846    0.3133
4898.6370   12.1719    0.2082
4899.0737   12.1519    0.0442
4898.6920   12.1913    0.3685
4898.7607   12.2333    0.7143
4899.1759   12.1338   -0.1053
4899.4896   12.1160   -0.2515
4899.5150   12.1532    0.0546
4899.9510   12.1495    0.0241
4900.3723   12.1514    0.0396
4900.3832   12.1659    0.1591
4900.8076   12.1609    0.1179
4900.4042   12.2052    0.4827
4900.4348   12.1545    0.0656
4900.8451   12.1541    0.0622
4899.6582   12.1753    0.2362
4899.7260   12.1770    0.2508
4900.1269   12.1792    0.2684
4900.4762   12.1449   -0.0139
4900.5260   12.1500    0.0282
4900.9195   12.1877    0.3385
4900.5854   12.1871    0.3333
4900.6534   12.1963    0.4092
4901.0293   12.1890    0.3492
4899.5976   12.1542    0.0631
4899.5497   12.1506    0.0328
4900.0186   12.1324   -0.1164
4898.5924   12.1609    0.1182
4899.0774   12.1620    0.1268
4899.2889   12.1287   -0.1472
4899.4172   12.1612    0.1205
4899.7632   12.1353   -0.0926
4899.5567   12.1695    0.1886
4900.0258   12.1704    0.1962
4900.0100   12.1494    0.0230
4900.1166   12.1247   -0.1799
4900.4693   12.1520    0.0444
4900.7371   12.1723    0.2120
4900.8224   12.1682    0.1780
4901.1725   12.1871    0.3339
4900.9160   12.1880    0.3408
4901.0168   12.1826    0.2965
4901.3462   12.1974    0.4182
4900.4883   12.1799    0.2741
4900.9323   12.1873    0.3351
4901.1265   12.2047    0.4789
4901.2408   12.2056    0.4860
4901.5473   12.2109    0.5295
4901.3614   12.2023    0.4587
4901.7718   12.2049    0.4803
4900.3550   12.1792    0.2689
4900.2306   12.1651    0.1529
4900.6864   12.1724    0.2123
4898.4283   12.1279   -0.1536
4898.2785   12.1509    0.0354
4898.1449   12.1677    0.1735
4898.7872   12.1423   -0.0349
4899.1533   12.1253   -0.1750
4898.0255   12.2001    0.4406
4897.9252   12.2100    0.5220
4897.8421   12.1501    0.0293
4898.3398   12.2241    0.6380
4898.8336   12.2401    0.7703
4899.5283   12.1481    0.0123
4899.9032   12.1515    0.0409
4899.3274   12.2019    0.4556
4899.8081   12.2150    0.5633
4900.2795   12.1686    0.1810
4899.0335   12.1713    0.2037
4898.5309   12.2043    0.4756
4898.9265   12.1743    0.2285
4894.4902   12.1729    0.2166
4894.2896   12.1485    0.0160
4894.1207   12.1409   -0.0465
4894.8108   12.1583    0.0969
4895.1553   12.1423   -0.0352
4893.9827   12.1402   -0.0525
4893.8795   12.1573    0.0885
4893.8099   12.1802    0.2768
4893.7747   12.1610    0.1191
4894.2698   12.1378   -0.0723
4894.7526   12.1301   -0.1358
4894.6840   12.1324   -0.1165
4895.5266   12.1150   -0.2596
4895.9140   12.1861    0.3253
4895.2622   12.2066    0.4944
4895.7835   12.1474    0.0064
4895.6815   12.1721    0.2103
4896.3202   12.1823    0.2938
4896.7408   12.2048    0.4792
4894.9921   12.1420   -0.0374
4894.4755   12.1435   -0.0252
4894.8574   12.1737    0.2231
4893.7747   12.1830    0.3002
4893.8099   12.2022    0.4581
4893.8795   12.2133    0.5498
4893.9827   12.2098    0.5208
4894.2698   12.2219    0.6200
4894.6840   12.1660    0.1603
4894.7526   12.2306    0.6918
4894.1207   12.1869    0.3324
4894.2896   12.1892    0.3512
4894.4902   12.1589    0.1013
4894.8108   12.1722    0.2113
4895.1553   12.2151    0.5641
4895.2622   12.1766    0.2471
4895.6815   12.1263   -0.1667
4895.7835   12.1509    0.0357
4895.5266   12.1975    0.4190
4895.9140   12.1529    0.0522
4896.3202   12.1546    0.0659
4896.7408   12.1240   -0.1862
4894.8574   12.2285    0.6742
4894.4755   12.2116    0.5353
4894.9921   12.1927    0.3800
4897.1971   12.2447    0.8076
4897.6412   12.1991    0.4321
4897.0959   12.2136    0.5519
4897.5918   12.1971    0.4164
4897.5671   12.2436    0.7990
4898.0939   12.1539    0.0603
4898.5500   12.1730    0.2178
4897.0959   12.2082    0.5070
4897.5671   12.1435   -0.0250
4897.5918   12.2071    0.4983
4897.1971   12.1761    0.2430
4897.6412   12.1853    0.3187
4898.0939   12.1834    0.3034
4898.5500   12.1598    0.1086
4899.0139   12.1484    0.0151
4899.4709   12.1525    0.0486
4899.0139   12.1655    0.1556
4899.4709   12.1161   -0.2505
4899.9254   12.1211   -0.2097
4898.5298   12.2051    0.4818
4898.0457   12.1736    0.2226
4898.5298   12.1991    0.4322
4896.6624   12.2203    0.6068
4896.1363   12.2340    0.7197
4895.6251   12.1392   -0.0604
4896.6097   12.1772    0.2522
4896.5832   12.2202    0.6060
4895.1245   12.1387   -0.0652
4894.6505   12.1247   -0.1803
4894.1988   12.1673    0.1706
4894.6505   12.1633    0.1376
4895.1245   12.1092   -0.3078
4896.5832   12.1759    0.2416
4896.6097   12.1757    0.2395
4895.6251   12.1550    0.0697
4896.1363   12.1514    0.0398
4896.6624   12.1904    0.3610
4896.0814   12.1836    0.3047
4895.5932   12.1474    0.0069
4895.5932   12.1625    0.1308
4902.2049   12.1362   -0.0856
4902.0940   12.1484    0.0147
4901.9875   12.1329   -0.1123
4901.8862   12.1278   -0.1548
4902.4041   12.1643    0.1460
4902.7930   12.1766    0.2474
4902.6995   12.1852    0.3183
4901.7902   12.1422   -0.0363
4901.7006   12.1437   -0.0240
4901.6175   12.1696    0.1899
4901.5414   12.1898    0.3562
4902.0430   12.1574    0.0894
4902.4448   12.1702    0.1941
4902.3703   12.1849    0.3158
4902.9819   12.1956    0.4040
4903.3198   12.1925    0.3778
4903.2447   12.1899    0.3568
4902.8238   12.1857    0.3222
4903.1718   12.1664    0.1630
4903.1014   12.1738    0.2246
4903.4900   12.1790    0.2667
4903.7753   12.1487    0.0178
4903.7155   12.1464   -0.0016
4902.6114   12.1781    0.2599
4902.2128   12.1572    0.0871
4902.5263   12.1644    0.1466
4901.4725   12.1276   -0.1566
4901.4117   12.1484    0.0154
4901.3589   12.1547    0.0673
4901.3143   12.1715    0.2055
4901.7819   12.1668    0.1662
4902.1845   12.1644    0.1467
4902.1366   12.1534    0.0561
4901.2783   12.1333   -0.1090
4901.2509   12.1329   -0.1126
4901.2324   12.1825    0.2960
4901.2227   12.2060    0.4894
4901.6437   12.1647    0.1496
4902.0375   12.1354   -0.0921
4902.0198   12.1623    0.1298
4902.4780   12.1346   -0.0988
4902.8323   12.1446   -0.0159
4902.7979   12.1223   -0.1996
4902.4153   12.1185   -0.2311
4902.7684   12.1132   -0.2748
4902.7439   12.1158   -0.2536
4903.0984   12.1029   -0.3591
4903.4023   12.1148   -0.2613
4903.3770   12.1011   -0.3740
4902.0978   12.1366   -0.0822
4901.6966   12.1407   -0.0480
4902.0647   12.1341   -0.1026
4903.9290   12.1235   -0.1898
4904.1508   12.1270   -0.1608
4904.1123   12.1154   -0.2566
4903.8429   12.1259   -0.1703
4904.0745   12.1215   -0.2062
4904.0376   12.1308   -0.1299
4904.2738   12.1148   -0.2615
4904.4389   12.1150   -0.2595
4904.4121   12.1137   -0.2709
4903.7621   12.0983   -0.3971
4904.0018   12.1209   -0.2112
4903.9675   12.1043   -0.3482
4903.6883   12.0916   -0.4522
4903.9346   12.0733   -0.6032
4903.9035   12.1077   -0.3200
4904.1507   12.0993   -0.3895
4904.3345   12.1100   -0.3009
4904.3103   12.0920   -0.4489
4904.5281   12.1279   -0.1538
4904.6341   12.1435   -0.0254
4904.6189   12.1557    0.0755
4904.4866   12.1319   -0.1210
4904.6033   12.1627    0.1331
4904.5872   12.1148   -0.2615
4904.6855   12.1650    0.1515
4904.7326   12.1379   -0.0715
4904.7274   12.1466   -0.0001
4904.3864   12.1362   -0.0851
4904.2104   12.1418   -0.0393
4904.3605   12.1401   -0.0535
4903.6657   12.1436   -0.0243
4903.3692   12.1566    0.0824
4903.0427   12.1715    0.2056
4903.6171   12.1334   -0.1080
4903.5702   12.1189   -0.2276
4902.6844   12.1824    0.2948
4902.3032   12.1900    0.3573
4901.8979   12.1717    0.2069
4902.2412   12.1720    0.2094
4902.5681   12.1642    0.1452
4903.5250   12.1106   -0.2960
4903.4818   12.1308   -0.1299
4902.8807   12.1308   -0.1299
4903.1708   12.1203   -0.2165
4903.4409   12.1017   -0.3698
4903.2655   12.1361   -0.0865
4902.9844   12.1719    0.2085
4902.9303   12.1415   -0.0420
4901.2227   12.1945    0.3948
4901.2324   12.1703    0.1951
4901.2509   12.1425   -0.0339
4901.2783   12.1348   -0.0967
4901.6437   12.1717    0.2070
4902.0198   12.2023    0.4586
4902.0375   12.1647    0.1495
4901.3143   12.1386   -0.0655
4901.3589   12.1568    0.0846
4901.4117   12.1766    0.2472
4901.4725   12.1705    0.1967
4901.7819   12.1569    0.0852
4902.1366   12.1410   -0.0455
4902.1845   12.1401   -0.0534
4902.4153   12.1797    0.2724
4902.7439   12.1799    0.2744
4902.7684   12.1860    0.3245
4902.4780   12.1758    0.2409
4902.7979   12.1884    0.3443
4902.8323   12.1688    0.1831
4903.0984   12.1946    0.3955
4903.3770   12.1839    0.3072
4903.4023   12.1807    0.2811
4902.0647   12.1477    0.0090
4901.6966   12.1517    0.0423
4902.0978   12.1619    0.1263
4901.5414   12.1619    0.1259
4901.6175   12.1996    0.4366
4901.7006   12.2025    0.4604
4901.7902   12.1721    0.2102
4902.0430   12.1516    0.0413
4902.3703   12.1497    0.0260
4902.4448   12.1416   -0.0410
4901.8862   12.1605    0.1144
4901.9875   12.1690    0.1843
4902.0940   12.1465   -0.0006
4902.2049   12.1737    0.2231
4902.4041   12.1737    0.2232
4902.6995   12.1521    0.0452
4902.7930   12.1665    0.1642
4902.8238   12.1465   -0.0007
4903.1014   12.1733    0.2204
4903.1718   12.1572    0.0877
4902.9819   12.1487    0.0179
4903.2447   12.1512    0.0384
4903.3198   12.1409   -0.0467
4903.4900   12.1707    0.1989
4903.7155   12.1847    0.3142
4903.7753   12.2001    0.4406
4902.5263   12.1590    0.1020
4902.2128   12.1493    0.0224
4902.6114   12.1380   -0.0707
4903.6883   12.1689    0.1839
4903.9035   12.1483    0.0139
4903.9346   12.1559    0.0769
4903.7621   12.1607    0.1164
4903.9675   12.1523    0.0468
4904.0018   12.1617    0.1242
4904.1507   12.1288   -0.1459
4904.3103   12.1452   -0.0109
4904.3345   12.1458   -0.0062
4903.8429   12.1580    0.0942
4904.0376   12.1636    0.1403
4904.0745   12.2176    0.5846
4903.9290   12.2135    0.5511
4904.1123   12.1899    0.3564
4904.1508   12.1690    0.1848
4904.2738   12.1822    0.2937
4904.4121   12.1486    0.0167
4904.4389   12.1443   -0.0185
4904.4866   12.1239   -0.1864
4904.5872   12.1112   -0.2911
4904.6033   12.1170   -0.2437
4904.5281   12.1514    0.0399
4904.6189   12.1401   -0.0529
4904.6341   12.1302   -0.1349
4904.6855   12.1236   -0.1888
4904.7274   12.1302   -0.1348
4904.7326   12.1011   -0.3746
4904.3605   12.1473    0.0063
4904.2104   12.1690    0.1849
4904.3864   12.1492    0.0218
4903.4409   12.1499    0.0272
4903.1708   12.1787    0.2645
4902.8807   12.1598    0.1090
4903.4818   12.1817    0.2893
4903.5250   12.1464   -0.0013
4902.5681   12.1822    0.2935
4902.2412   12.1704    0.1963
4901.8979   12.1538    0.0597
4902.3032   12.1817    0.2895
4902.6844   12.1881    0.3418
4903.5702   12.1852    0.3177
4903.6171   12.2024    0.4592
4903.0427   12.1933    0.3848
4903.3692   12.2056    0.4863
4903.6657   12.1946    0.3955
4903.2655   12.1899    0.3565
4902.9303   12.2149    0.5626
4902.9844   12.2264    0.6575
4904.7450   12.1329   -0.1128
4904.7326   12.1168   -0.2454
4904.7326   12.1153   -0.2574
4904.7450   12.1045   -0.3465
4904.7326   12.1088   -0.3109
4904.7326   12.1010   -0.3754
4904.6955   12.1071   -0.3249
4904.6341   12.1081   -0.3166
4904.6341   12.1041   -0.3498
4904.7450   12.1013   -0.3728
4904.7326   12.0905   -0.4613
4904.7326   12.1095   -0.3050
4904.7450   12.1340   -0.1038
4904.7326   12.1277   -0.1552
4904.7326   12.1214   -0.2069
4904.6954   12.1070   -0.3258
4904.6339   12.0970   -0.4081
4904.6339   12.1081   -0.3166
4904.5474   12.0943   -0.4304
4904.4389   12.0990   -0.3918
4904.4380   12.0898   -0.4678
4904.5472   12.0804   -0.5447
4904.4379   12.0601   -0.7120
4904.4385   12.1164   -0.2484
4904.3053   12.0737   -0.5997
4904.1508   12.0724   -0.6104
4904.1505   12.0649   -0.6724
4904.6335   12.0871   -0.4898
4904.6955   12.0869   -0.4913
4904.6335   12.0744   -0.5943
4904.7450   12.1039   -0.3514
4904.7326   12.0819   -0.5325
4904.7326   12.1169   -0.2441
4904.7450   12.1314   -0.1247
4904.7326   12.1439   -0.0223
4904.7326   12.1475    0.0081
4904.6954   12.1345   -0.0995
4904.6339   12.1249   -0.1785
4904.6339   12.1445   -0.0172
4904.7450   12.1839    0.3077
4904.7326   12.1406   -0.0489
4904.7326   12.1626    0.1319
4904.7450   12.1333   -0.1096
4904.7326   12.1357   -0.0895
4904.7326   12.1118   -0.2862
4904.6955   12.1334   -0.1082
4904.6341   12.1473    0.0059
4904.6341   12.1443   -0.0189
4904.5472   12.1668    0.1661
4904.4385   12.1489    0.0189
4904.4379   12.1661    0.1607
4904.5474   12.1627    0.1326
4904.4380   12.1688    0.1832
4904.4389   12.1694    0.1881
4904.3053   12.1659    0.1594
4904.1505   12.1597    0.1083
4904.1508   12.1573    0.0886
4904.6335   12.1564    0.0808
4904.6955   12.1273   -0.1583
4904.6335   12.1637    0.1406
4903.9647   12.0602   -0.7113
4903.7753   12.0524   -0.7756
4903.7668   12.0601   -0.7122
4903.9544   12.0828   -0.5252
4903.7610   12.0766   -0.5760
4903.7581   12.1000   -0.3834
4903.5488   12.0693   -0.6361
4903.3198   12.0808   -0.5414
4903.3128   12.0897   -0.4685
4903.9544   12.1430   -0.0292
4903.7581   12.1270   -0.1610
4903.7610   12.1326   -0.1148
4903.9647   12.1549    0.0686
4903.7668   12.1392   -0.0609
4903.7753   12.1424   -0.0344
4903.5488   12.1321   -0.1190
4903.3128   12.0972   -0.4062
4903.3198   12.1260   -0.1693
4903.0564   12.0897   -0.4685
4902.7930   12.0971   -0.4073
4902.7870   12.0785   -0.5606
4903.0564   12.0971   -0.4076
4902.7870   12.0845   -0.5110
4902.7930   12.0942   -0.4309
4902.5022   12.0913   -0.4551
4902.2049   12.0963   -0.4142
4902.2049   12.1090   -0.3092
4903.3077   12.0654   -0.6685
4903.5423   12.0913   -0.4548
4903.3077   12.0908   -0.4590
4904.1438   12.0868   -0.4919
4904.3012   12.0998   -0.3848
4904.4353   12.1192   -0.2252
4904.1393   12.1082   -0.3160
4904.1370   12.0887   -0.4761
4904.5471   12.1293   -0.1426
4904.6334   12.1146   -0.2636
4904.6954   12.1082   -0.3157
4904.6334   12.1014   -0.3721
4904.5471   12.1276   -0.1562
4904.1370   12.1221   -0.2013
4904.1393   12.1344   -0.0999
4904.4353   12.1311   -0.1273
4904.3012   12.1389   -0.0633
4904.1438   12.1430   -0.0293
4904.2973   12.1144   -0.2650
4904.4345   12.1157   -0.2538
4904.4345   12.1385   -0.0663
4904.7274   12.1353   -0.0932
4904.6745   12.1207   -0.2127
4904.5871   12.1061   -0.3333
4904.7274   12.1196   -0.2223
4904.7274   12.1090   -0.3091
4904.4640   12.0872   -0.4891
4904.3089   12.0826   -0.5270
4904.1212   12.1427   -0.0318
4903.9030   12.1279   -0.1538
4904.3087   12.1381   -0.0698
4904.4637   12.1120   -0.2842
4904.3096   12.1400   -0.0542
4904.7274   12.1006   -0.3781
4904.7274   12.1164   -0.2480
4904.5869   12.1066   -0.3294
4904.6744   12.1323   -0.1173
4904.5868   12.1294   -0.1412
4904.7273   12.1444   -0.0179
4904.7273   12.1319   -0.1207
4904.6745   12.1055   -0.3383
4904.5864   12.0909   -0.4587
4904.5863   12.1074   -0.3225
4903.6416   12.1036   -0.3539
4903.3646   12.1062   -0.3320
4903.0608   12.1011   -0.3746
4902.7337   12.1301   -0.1358
4903.3562   12.1249   -0.1788
4903.6268   12.1365   -0.0828
4903.3521   12.1433   -0.0268
4902.3801   12.1454   -0.0099
4902.0111   12.1967    0.4125
4901.6238   12.2003    0.4421
4902.0111   12.2033    0.4670
4902.3801   12.2110    0.5303
4903.3521   12.1892    0.3506
4903.6268   12.1778    0.2573
4903.3562   12.1884    0.3447
4902.7337   12.1936    0.3872
4903.0608   12.1879    0.3400
4903.3646   12.1990    0.4320
4903.6416   12.1886    0.3462
4903.0515   12.1668    0.1665
4902.7263   12.1587    0.0996
4902.7263   12.1943    0.3932
4904.7273   12.1114   -0.2898
4904.7273   12.1016   -0.3700
4904.5868   12.1202   -0.2174
4904.6744   12.1177   -0.2381
4904.5869   12.1317   -0.1227
4904.7274   12.1197   -0.2211
4904.7274   12.1492    0.0216
4904.3096   12.1681    0.1774
4904.4637   12.1456   -0.0076
4904.3087   12.1615    0.1229
4903.9030   12.1452   -0.0110
4904.1212   12.1663    0.1622
4904.3089   12.1548    0.0677
4904.4640   12.1412   -0.0441
4904.7274   12.1490    0.0197
4904.7274   12.1567    0.0834
4904.5871   12.1332   -0.1102
4904.6745   12.1326   -0.1150
4904.7274   12.1440   -0.0212
4904.6745   12.1615    0.1233
4904.5863   12.1469    0.0026
4904.5864   12.1635    0.1397
4904.6744   12.1249   -0.1787
4904.5861   12.1305   -0.1323
4904.4635   12.1283   -0.1502
4904.5861   12.1358   -0.0885
4904.4635   12.1291   -0.1440
4904.3048   12.1320   -0.1201
4904.1152   12.1370   -0.0787
4903.8932   12.1311   -0.1276
4903.8867   12.1398   -0.0559
4903.8834   12.1312   -0.1263
4904.3048   12.1488    0.0185
4904.1152   12.1779    0.2579
4903.8834   12.1473    0.0059
4903.8867   12.1679    0.1753
4903.8932   12.1858    0.3226
4904.3036   12.1249   -0.1786
4904.3036   12.1459   -0.0058
4904.1095   12.1312   -0.1263
4902.2049   12.1103   -0.2989
4902.0940   12.1183   -0.2329
4902.7930   12.1380   -0.0703
4902.4041   12.1136   -0.2714
4902.6995   12.1273   -0.1583
4901.9875   12.0856   -0.5020
4901.8862   12.1034   -0.3554
4903.3198   12.1584    0.0972
4902.9819   12.1399   -0.0547
4903.2447   12.1578    0.0925
4903.7753   12.2114    0.5339
4903.4900   12.1614    0.1223
4903.7155   12.1429   -0.0304
4903.1718   12.1286   -0.1477
4902.8238   12.1307   -0.1309
4903.1014   12.1047   -0.3451
4901.7902   12.1367   -0.0815
4901.7006   12.1168   -0.2454
4902.4448   12.1301   -0.1355
4902.0430   12.1232   -0.1922
4902.3703   12.1184   -0.2319
4901.6175   12.1199   -0.2197
4901.5414   12.1466   -0.0000
4902.2128   12.1183   -0.2329
4902.6114   12.1033   -0.3563
4902.5263   12.1386   -0.0652
4904.1508   12.1845    0.3121
4903.9290   12.1438   -0.0227
4904.1123   12.1318   -0.1220
4904.4389   12.1456   -0.0079
4904.2738   12.1560    0.0776
4904.4121   12.1465   -0.0005
4904.0745   12.1373   -0.0762
4903.8429   12.1223   -0.1996
4904.0376   12.1411   -0.0454
4904.6341   12.1257   -0.1720
4904.5281   12.1587    0.1000
4904.6189   12.1239   -0.1867
4904.7326   12.1025   -0.3631
4904.6855   12.1172   -0.2418
4904.7274   12.1291   -0.1436
4904.6033   12.1261   -0.1689
4904.4866   12.1114   -0.2899
4904.5872   12.1154   -0.2569
4904.0018   12.1109   -0.2933
4903.7621   12.1123   -0.2819
4903.9675   12.0971   -0.4069
4904.3345   12.1098   -0.3027
4904.1507   12.0929   -0.4421
4904.3103   12.1126   -0.2796
4903.9346   12.1004   -0.3801
4903.6883   12.1206   -0.2134
4903.9035   12.1171   -0.2425
4904.2104   12.1354   -0.0921
4904.3864   12.1489    0.0191
4904.3605   12.1269   -0.1620
4901.4725   12.1707    0.1989
4901.4117   12.1437   -0.0237
4902.1845   12.1218   -0.2037
4901.7819   12.1536    0.0578
4902.1366   12.1220   -0.2020
4901.3589   12.1322   -0.1186
4901.3143   12.1525    0.0486
4902.8323   12.0815   -0.5357
4902.4780   12.1088   -0.3114
4902.7979   12.1136   -0.2716
4903.4023   12.1411   -0.0453
4903.0984   12.1113   -0.2900
4903.3770   12.1229   -0.1949
4902.7684   12.1239   -0.1863
4902.4153   12.1443   -0.0191
4902.7439   12.1229   -0.1949
4901.2783   12.1562    0.0794
4901.2509   12.1258   -0.1706
4902.0375   12.1426   -0.0323
4901.6437   12.1129   -0.2770
4902.0198   12.1078   -0.3188
4901.2324   12.1061   -0.3329
4901.2227   12.1029   -0.3595
4901.6966   12.1655    0.1558
4902.0978   12.1331   -0.1107
4902.0647   12.1450   -0.0126
4901.8979   12.1587    0.0999
4902.3032   12.1068   -0.3275
4902.6844   12.1324   -0.1170
4902.2412   12.1211   -0.2100
4902.5681   12.0741   -0.5969
4903.0427   12.0935   -0.4366
4903.3692   12.0998   -0.3852
4903.6657   12.1082   -0.3158
4903.6171   12.0975   -0.4038
4903.5702   12.0582   -0.7277
4902.8807   12.0747   -0.5921
4903.1708   12.1061   -0.3329
4903.5250   12.1030   -0.3583
4903.4818   12.1069   -0.3263
4903.4409   12.1015   -0.3707
4902.9303   12.0974   -0.4047
4902.9844   12.1210   -0.2108
4903.2655   12.1020   -0.3668
4904.7326   12.1121   -0.2841
4904.7450   12.1366   -0.0823
4904.7326   12.1456   -0.0080
4904.6341   12.1391   -0.0613
4904.6955   12.1494    0.0234
4904.6341   12.1520    0.0449
4904.7326   12.1545    0.0653
4904.7450   12.1507    0.0338
4904.7326   12.1567    0.0832
4904.4389   12.1413   -0.0430
4904.5474   12.1514    0.0401
4904.4380   12.1484    0.0152
4904.1508   12.1436   -0.0241
4904.3053   12.1515    0.0402
4904.1505   12.1546    0.0664
4904.4379   12.1585    0.0981
4904.5472   12.1620    0.1274
4904.4385   12.1527    0.0507
4904.7326   12.1618    0.1252
4904.7450   12.1460   -0.0049
4904.7326   12.1502    0.0295
4904.6339   12.1609    0.1181
4904.6954   12.1612    0.1205
4904.6339   12.1529    0.0522
4904.7326   12.1414   -0.0422
4904.7450   12.1378   -0.0720
4904.7326   12.1500    0.0284
4904.6955   12.1632    0.1373
4904.6335   12.1593    0.1049
4904.6335   12.1700    0.1931
4903.7753   12.1364   -0.0834
4903.9647   12.1518    0.0433
4903.7668   12.1399   -0.0546
4903.3198   12.1286   -0.1479
4903.5488   12.1326   -0.1152
4903.3128   12.1345   -0.0993
4903.7610   12.1408   -0.0475
4903.9544   12.1370   -0.0784
4903.7581   12.1370   -0.0787
4902.7930   12.1367   -0.0812
4903.0564   12.1398   -0.0555
4902.7870   12.1366   -0.0824
4902.2049   12.1401   -0.0530
4902.5022   12.1390   -0.0622
4902.2049   12.1330   -0.1115
4902.7870   12.1335   -0.1079
4903.0564   12.1365   -0.0827
4902.7930   12.1413   -0.0434
4903.7581   12.1377   -0.0733
4903.9544   12.1390   -0.0622
4903.7610   12.1436   -0.0245
4903.3128   12.1491    0.0206
4903.5488   12.1435   -0.0250
4903.3198   12.1428   -0.0311
4903.7668   12.1430   -0.0293
4903.9647   12.1381   -0.0695
4903.7753   12.1472    0.0053
4903.5423   12.1375   -0.0745
4903.3077   12.1347   -0.0981
4903.3077   12.1390   -0.0625
4904.7326   12.1492    0.0220
4904.7450   12.1467    0.0013
4904.7326   12.1506    0.0332
4904.6339   12.1329   -0.1128
4904.6954   12.1467    0.0011
4904.6339   12.1370   -0.0792
4904.7326   12.1541    0.0620
4904.7450   12.1591    0.1032
4904.7326   12.1595    0.1063
4904.4385   12.1283   -0.1503
4904.5472   12.1366   -0.0821
4904.4379   12.1417   -0.0403
4904.1505   12.1406   -0.0494
4904.3053   12.1482    0.0136
4904.1508   12.1552    0.0712
4904.4380   12.1539    0.0601
4904.5474   12.1600    0.1105
4904.4389   12.1596    0.1074
4904.7326   12.1630    0.1355
4904.7450   12.1515    0.0405
4904.7326   12.1516    0.0411
4904.6341   12.1599    0.1098
4904.6955   12.1515    0.0403
4904.6341   12.1609    0.1177
4904.7326   12.1542    0.0625
4904.7450   12.1378   -0.0722
4904.7326   12.1388   -0.0640
4904.6955   12.1558    0.0758
4904.6335   12.1516    0.0411
4904.6335   12.1535    0.0568
4904.6954   12.1464   -0.0018
4904.6334   12.1419   -0.0387
4904.5471   12.1364   -0.0834
4904.6334   12.1353   -0.0928
4904.5471   12.1298   -0.1384
4904.4353   12.1432   -0.0280
4904.3012   12.1472    0.0052
4904.1438   12.1508    0.0344
4904.1393   12.1394   -0.0592
4904.1370   12.1358   -0.0888
4904.4353   12.1141   -0.2671
4904.3012   12.1332   -0.1098
4904.1370   12.1336   -0.1071
4904.1393   12.1363   -0.0849
4904.1438   12.1355   -0.0912
4904.4345   12.1396   -0.0577
4904.4345   12.1396   -0.0572
4904.2973   12.1405   -0.0503
4901.2227   12.1066   -0.3289
4901.2324   12.0990   -0.3920
4902.0198   12.1080   -0.3172
4901.6437   12.1147   -0.2628
4902.0375   12.1368   -0.0806
4901.2509   12.1009   -0.3758
4901.2783   12.1196   -0.2218
4902.7439   12.1479    0.0110
4902.4153   12.1385   -0.0664
4902.7684   12.1561    0.0788
4903.3770   12.1394   -0.0589
4903.0984   12.1563    0.0802
4903.4023   12.1491    0.0210
4902.7979   12.1544    0.0647
4902.4780   12.1611    0.1194
4902.8323   12.1394   -0.0589
4901.3143   12.1115   -0.2888
4901.3589   12.1401   -0.0531
4902.1366   12.1563    0.0801
4901.7819   12.1543    0.0633
4902.1845   12.1592    0.1042
4901.4117   12.1356   -0.0899
4901.4725   12.1457   -0.0070
4901.6966   12.1087   -0.3121
4902.0647   12.1498    0.0269
4902.0978   12.1403   -0.0516
4903.9035   12.1310   -0.1279
4903.6883   12.1529    0.0520
4903.9346   12.1483    0.0140
4904.3103   12.1404   -0.0507
4904.1507   12.1524    0.0482
4904.3345   12.1487    0.0177
4903.9675   12.1618    0.1255
4903.7621   12.1535    0.0574
4904.0018   12.1565    0.0815
4904.5872   12.1287   -0.1472
4904.4866   12.1433   -0.0268
4904.6033   12.1310   -0.1283
4904.7274   12.1255   -0.1736
4904.6855   12.1180   -0.2349
4904.7326   12.1187   -0.2298
4904.6189   12.1289   -0.1451
4904.5281   12.1329   -0.1123
4904.6341   12.1385   -0.0668
4904.0376   12.1551    0.0700
4903.8429   12.1576    0.0910
4904.0745   12.1607    0.1166
4904.4121   12.1469    0.0023
4904.2738   12.1587    0.0996
4904.4389   12.1586    0.0989
4904.1123   12.1603    0.1127
4903.9290   12.1554    0.0725
4904.1508   12.1588    0.1010
4904.2104   12.1616    0.1233
4904.3605   12.1571    0.0870
4904.3864   12.1485    0.0158
4901.5414   12.1269   -0.1621
4901.6175   12.1306   -0.1312
4902.3703   12.1358   -0.0884
4902.0430   12.1023   -0.3641
4902.4448   12.1086   -0.3128
4901.7006   12.0919   -0.4501
4901.7902   12.0912   -0.4556
4903.1014   12.1428   -0.0308
4902.8238   12.1447   -0.0154
4903.1718   12.1297   -0.1385
4903.7155   12.1510    0.0367
4903.4900   12.1449   -0.0135
4903.7753   12.1483    0.0146
4903.2447   12.1396   -0.0571
4902.9819   12.1068   -0.3275
4903.3198   12.1299   -0.1376
4901.8862   12.1244   -0.1827
4901.9875   12.1126   -0.2795
4902.6995   12.1029   -0.3592
4902.4041   12.1422   -0.0362
4902.7930   12.1309   -0.1293
4902.0940   12.1422   -0.0363
4902.2049   12.1675    0.1722
4902.2128   12.0850   -0.5072
4902.5263   12.1020   -0.3673
4902.6114   12.1021   -0.3661
4901.8979   12.1301   -0.1357
4902.2412   12.1343   -0.1006
4902.5681   12.1505    0.0323
4902.3032   12.1338   -0.1051
4902.6844   12.1315   -0.1243
4902.8807   12.1886    0.3458
4903.1708   12.1608    0.1175
4903.4409   12.1656    0.1567
4903.4818   12.1599    0.1095
4903.5250   12.1643    0.1460
4903.0427   12.1492    0.0213
4903.3692   12.1508    0.0346
4903.5702   12.1589    0.1017
4903.6171   12.1447   -0.0155
4903.6657   12.1432   -0.0277
4902.9844   12.1584    0.0976
4902.9303   12.1920    0.3743
4903.2655   12.1609    0.1178
4901.6238   12.0963   -0.4138
4902.0111   12.0981   -0.3994
4902.3801   12.1228   -0.1955
4902.0111   12.1000   -0.3833
4902.3801   12.1364   -0.0834
4902.7337   12.1436   -0.0243
4903.0608   12.1220   -0.2026
4903.3646   12.1038   -0.3521
4903.6416   12.1084   -0.3144
4903.3562   12.1215   -0.2064
4903.3521   12.1542    0.0626
4903.6268   12.1235   -0.1897
4902.7337   12.1529    0.0520
4903.0608   12.1598    0.1092
4903.3521   12.1577    0.0917
4903.3562   12.1480    0.0120
4903.6268   12.1492    0.0217
4903.3646   12.1471    0.0044
4903.6416   12.1069   -0.3268
4902.7263   12.1404   -0.0510
4902.7263   12.1511    0.0375
4903.0515   12.1572    0.0875
4903.9030   12.1120   -0.2850
4904.1212   12.1056   -0.3375
4904.3089   12.1175   -0.2395
4904.4640   12.1044   -0.3469
4904.3087   12.1238   -0.1873
4904.3096   12.1371   -0.0783
4904.4637   12.1387   -0.0646
4904.5871   12.1153   -0.2572
4904.6745   12.1115   -0.2888
4904.7274   12.1390   -0.0621
4904.7274   12.1317   -0.1224
4904.7274   12.1311   -0.1271
4904.5869   12.1330   -0.1121
4904.5868   12.1368   -0.0804
4904.6744   12.1537    0.0589
4904.7274   12.1313   -0.1255
4904.7274   12.1368   -0.0803
4904.7273   12.1328   -0.1135
4904.7273   12.1361   -0.0859
4904.5863   12.1235   -0.1898
4904.5864   12.1100   -0.3008
4904.6745   12.1209   -0.2115
4903.9030   12.1381   -0.0700
4904.1212   12.1307   -0.1311
4904.3096   12.1299   -0.1369
4904.3087   12.1248   -0.1790
4904.4637   12.1235   -0.1903
4904.3089   12.1290   -0.1449
4904.4640   12.1267   -0.1636
4904.5868   12.1381   -0.0701
4904.5869   12.1230   -0.1944
4904.6744   12.1332   -0.1101
4904.7273   12.1320   -0.1200
4904.7273   12.1424   -0.0348
4904.7274   12.1428   -0.0312
4904.7274   12.1344   -0.1003
4904.5871   12.1226   -0.1975
4904.6745   12.1070   -0.3255
4904.7274   12.1324   -0.1163
4904.7274   12.1326   -0.1154
4904.7274   12.1304   -0.1333
4904.5864   12.1168   -0.2448
4904.5863   12.1084   -0.3139
4904.6745   12.1103   -0.2983
4903.8932   12.1299   -0.1376
4903.8867   12.1490    0.0197
4903.8834   12.1485    0.0156
4904.1152   12.1369   -0.0795
4904.3048   12.1520    0.0448
4903.8834   12.1296   -0.1396
4903.8867   12.1130   -0.2760
4903.8932   12.1019   -0.3677
4904.1152   12.1136   -0.2714
4904.3048   12.1435   -0.0255
4904.4635   12.1352   -0.0937
4904.5861   12.1329   -0.1127
4904.4635   12.1267   -0.1637
4904.5861   12.1324   -0.1168
4904.6744   12.1272   -0.1593
4904.3036   12.1552    0.0707
4904.1095   12.1547    0.0673
4904.3036   12.1478    0.0099
4902.5022   12.1482    0.0134
4902.7870   12.1671    0.1692
4903.0564   12.1761    0.2429
4902.7870   12.1642    0.1447
4903.0564   12.1870    0.3329
4903.3128   12.1750    0.2339
4903.5488   12.1885    0.3449
4903.7668   12.1545    0.0651
4903.9647   12.1296   -0.1397
4903.7610   12.1764    0.2453
4903.7581   12.1593    0.1048
4903.9544   12.1670    0.1678
4903.3128   12.1906    0.3622
4903.5488   12.1933    0.3850
4903.7581   12.1537    0.0588
4903.7610   12.1595    0.1066
4903.9544   12.1672    0.1695
4903.7668   12.1923    0.3768
4903.9647   12.1830    0.3003
4903.3077   12.1772    0.2523
4903.3077   12.1715    0.2053
4903.5423   12.1665    0.1640
4904.1505   12.1345   -0.0994
4904.3053   12.1155   -0.2555
4904.4380   12.1214   -0.2070
4904.5474   12.1231   -0.1929
4904.4379   12.1235   -0.1903
4904.4385   12.1204   -0.2153
4904.5472   12.1186   -0.2299
4904.6341   12.1272   -0.1599
4904.6955   12.1336   -0.1064
4904.7326   12.1196   -0.2220
4904.7450   12.1100   -0.3012
4904.7326   12.1003   -0.3813
4904.7326   12.0947   -0.4267
4904.7450   12.0895   -0.4698
4904.6339   12.1126   -0.2795
4904.6339   12.1110   -0.2925
4904.6954   12.1091   -0.3087
4904.7326   12.1026   -0.3623
4904.7326   12.0990   -0.3919
4904.7450   12.0854   -0.5039
4904.7326   12.1079   -0.3184
4904.7326   12.1254   -0.1745
4904.7450   12.1067   -0.3279
4904.6335   12.1106   -0.2960
4904.6335   12.1174   -0.2402
4904.6955   12.1123   -0.2821
4904.1505   12.1731    0.2180
4904.3053   12.1636    0.1406
4904.4385   12.1555    0.0739
4904.4379   12.1489    0.0194
4904.5472   12.1557    0.0751
4904.4380   12.1604    0.1135
4904.5474   12.1570    0.0855
4904.6339   12.1343   -0.1012
4904.6339   12.1477    0.0092
4904.6954   12.1457   -0.0074
4904.7326   12.1388   -0.0639
4904.7326   12.1348   -0.0966
4904.7450   12.1287   -0.1471
4904.7326   12.1549    0.0683
4904.7326   12.1541    0.0618
4904.7450   12.1468    0.0023
4904.6341   12.1306   -0.1311
4904.6955   12.1139   -0.2690
4904.7326   12.1409   -0.0468
4904.7326   12.1030   -0.3583
4904.7450   12.1091   -0.3082
4904.7326   12.0932   -0.4394
4904.7450   12.0808   -0.5415
4904.6335   12.1513    0.0387
4904.6335   12.1475    0.0080
4904.6955   12.1478    0.0104
4904.1438   12.1658    0.1587
4904.1393   12.1610    0.1186
4904.1370   12.1457   -0.0074
4904.3012   12.1509    0.0357
4904.4353   12.1432   -0.0275
4904.1370   12.1466    0.0003
4904.1393   12.1544    0.0645
4904.1438   12.1237   -0.1887
4904.3012   12.1154   -0.2567
4904.4353   12.1317   -0.1224
4904.5471   12.1343   -0.1010
4904.6334   12.1376   -0.0736
4904.5471   12.1348   -0.0970
4904.6334   12.1378   -0.0723
4904.6954   12.1369   -0.0797
4904.4345   12.1415   -0.0419
4904.2973   12.1490    0.0196
4904.4345   12.1551    0.0704
4904.7274   12.1019   -0.3678
4904.6855   12.1140   -0.2683
4904.6189   12.1105   -0.2972
4904.5281   12.1221   -0.2011
4904.6033   12.1103   -0.2984
4904.5872   12.1117   -0.2870
4904.4866   12.1118   -0.2861
4904.4121   12.1114   -0.2893
4904.2738   12.0950   -0.4249
4904.1123   12.0864   -0.4954
4903.9290   12.0697   -0.6325
4904.0745   12.1057   -0.3367
4904.0376   12.1224   -0.1991
4903.8429   12.1230   -0.1937
4904.3345   12.1247   -0.1800
4904.3103   12.1369   -0.0799
4904.1507   12.1380   -0.0708
4904.0018   12.1364   -0.0841
4903.9675   12.1522    0.0460
4903.7621   12.1620    0.1268
4903.9346   12.1621    0.1275
4903.9035   12.1702    0.1948
4903.6883   12.1721    0.2105
4904.3605   12.1197   -0.2211
4904.3864   12.1260   -0.1692
4904.2104   12.1241   -0.1848
4903.7155   12.0348   -0.9202
4903.4900   12.0496   -0.7986
4903.2447   12.0588   -0.7226
4902.9819   12.0730   -0.6061
4903.1718   12.0538   -0.7637
4903.1014   12.0683   -0.6443
4902.8238   12.0706   -0.6252
4902.6995   12.0854   -0.5039
4902.4041   12.0886   -0.4777
4902.0940   12.0845   -0.5106
4901.7718   12.0757   -0.5834
4901.9875   12.0790   -0.5564
4901.8862   12.0681   -0.6460
4901.5473   12.0677   -0.6490
4902.4448   12.0698   -0.6321
4902.3703   12.0820   -0.5318
4902.0430   12.0746   -0.5926
4901.7902   12.0597   -0.7148
4901.7006   12.0753   -0.5871
4901.3462   12.0829   -0.5239
4901.6175   12.0935   -0.4370
4901.5414   12.1107   -0.2951
4901.1725   12.1134   -0.2729
4902.5263   12.0624   -0.6926
4902.6114   12.0626   -0.6909
4902.2128   12.0562   -0.7441
4903.4023   12.1570    0.0862
4903.3770   12.1547    0.0671
4903.0984   12.1445   -0.0170
4902.8323   12.1506    0.0329
4902.7979   12.1370   -0.0784
4902.4780   12.1454   -0.0096
4902.7684   12.1369   -0.0794
4902.7439   12.1203   -0.2162
4902.4153   12.1337   -0.1058
4902.1845   12.1373   -0.0762
4902.1366   12.1445   -0.0170
4901.7819   12.1425   -0.0338
4901.4725   12.1396   -0.0573
4901.4117   12.1312   -0.1268
4901.0293   12.1414   -0.0424
4901.3589   12.1476    0.0087
4901.3143   12.1539    0.0607
4900.9195   12.1597    0.1078
4902.0375   12.1287   -0.1472
4902.0198   12.1226   -0.1974
4901.6437   12.1264   -0.1657
4901.2783   12.1448   -0.0148
4901.2509   12.1371   -0.0783
4900.8451   12.1440   -0.0213
4901.2324   12.1347   -0.0980
4901.2227   12.1391   -0.0612
4900.8076   12.1456   -0.0081
4902.0647   12.1317   -0.1222
4902.0978   12.1384   -0.0672
4901.6966   12.1438   -0.0227
4903.4409   12.1580    0.0943
4903.4818   12.1643    0.1459
4903.5250   12.1465   -0.0008
4903.1708   12.1624    0.1299
4902.8807   12.1492    0.0219
4903.5702   12.1239   -0.1869
4903.6171   12.0938   -0.4345
4903.6657   12.0791   -0.5554
4903.3692   12.0584   -0.7258
4903.0427   12.0895   -0.4695
4902.5681   12.1314   -0.1246
4902.2412   12.1221   -0.2013
4902.6844   12.0987   -0.3939
4902.3032   12.1171   -0.2424
4901.8979   12.1214   -0.2076
4902.9303   12.1233   -0.1914
4903.2655   12.1075   -0.3218
4902.9844   12.1070   -0.3256
4904.7274   12.1041   -0.3500
4904.6855   12.1116   -0.2883
4904.5872   12.1128   -0.2784
4904.6033   12.1110   -0.2930
4904.4866   12.1240   -0.1856
4904.6189   12.1200   -0.2190
4904.5281   12.1306   -0.1319
4904.3103   12.1510    0.0361
4904.3345   12.1364   -0.0837
4904.1507   12.1498    0.0269
4903.9035   12.1538    0.0598
4903.9346   12.1540    0.0612
4903.6883   12.1634    0.1384
4903.9675   12.1474    0.0071
4904.0018   12.1412   -0.0442
4903.7621   12.1480    0.0121
4904.4121   12.1388   -0.0638
4904.2738   12.1368   -0.0802
4904.0376   12.1386   -0.0658
4904.0745   12.1343   -0.1011
4903.8429   12.1452   -0.0116
4904.1123   12.1361   -0.0864
4903.9290   12.1399   -0.0552
4904.3864   12.1305   -0.1322
4904.3605   12.1278   -0.1549
4904.2104   12.1344   -0.1004
4903.3770   12.1476    0.0082
4903.4023   12.1352   -0.0932
4903.0984   12.1545    0.0652
4902.7439   12.1383   -0.0680
4902.7684   12.1413   -0.0435
4902.4153   12.1491    0.0210
4902.7979   12.1389   -0.0636
4902.8323   12.1410   -0.0456
4902.4780   12.1353   -0.0930
4902.0198   12.1372   -0.0769
4902.0375   12.1364   -0.0841
4901.6437   12.1350   -0.0949
4901.2227   12.1303   -0.1343
4901.2324   12.1312   -0.1262
4900.8076   12.1250   -0.1777
4901.2509   12.1293   -0.1420
4901.2783   12.1241   -0.1848
4900.8451   12.1283   -0.1506
4902.1366   12.1469    0.0025
4902.1845   12.1714    0.2040
4901.7819   12.1464   -0.0012
4901.3143   12.1308   -0.1299
4901.3589   12.1392   -0.0606
4900.9195   12.1377   -0.0730
4901.4117   12.1621    0.1282
4901.4725   12.1638    0.1421
4901.0293   12.1456   -0.0082
4902.0978   12.1374   -0.0752
4902.0647   12.1413   -0.0430
4901.6966   12.1401   -0.0537
4903.7155   12.1331   -0.1108
4903.4900   12.1264   -0.1660
4903.1014   12.1359   -0.0876
4903.1718   12.1204   -0.2154
4902.8238   12.1456   -0.0080
4903.2447   12.1194   -0.2239
4902.9819   12.1229   -0.1947
4902.3703   12.1663    0.1627
4902.4448   12.1597    0.1085
4902.0430   12.1678    0.1747
4901.5414   12.1741    0.2270
4901.6175   12.1681    0.1775
4901.1725   12.1735    0.2219
4901.7006   12.1612    0.1203
4901.7902   12.1587    0.1001
4901.3462   12.1638    0.1419
4902.6995   12.1413   -0.0437
4902.4041   12.1432   -0.0274
4901.8862   12.1564    0.0806
4901.9875   12.1515    0.0407
4901.5473   12.1533    0.0556
4902.0940   12.1470    0.0037
4901.7718   12.1416   -0.0408
4902.6114   12.1467    0.0007
4902.5263   12.1518    0.0434
4902.2128   12.1563    0.0804
4903.6657   12.1341   -0.1025
4903.6171   12.1368   -0.0804
4903.5702   12.1470    0.0032
4903.3692   12.1309   -0.1292
4903.0427   12.1481    0.0130
4903.5250   12.1527    0.0503
4903.4818   12.1547    0.0665
4903.4409   12.1550    0.0694
4903.1708   12.1601    0.1118
4902.8807   12.1528    0.0510
4902.6844   12.1589    0.1015
4902.3032   12.1674    0.1715
4902.5681   12.1557    0.0755
4902.2412   12.1690    0.1849
4901.8979   12.1709    0.2004
4902.9844   12.1543    0.0639
4903.2655   12.1514    0.0399
4902.9303   12.1619    0.1266
4904.7274   12.0840   -0.5150
4904.7274   12.0850   -0.5067
4904.7274   12.1265   -0.1650
4904.6745   12.1066   -0.3290
4904.5871   12.1231   -0.1936
4904.7274   12.1290   -0.1447
4904.7274   12.1336   -0.1065
4904.7273   12.1397   -0.0565
4904.7273   12.1266   -0.1646
4904.6744   12.1382   -0.0686
4904.5869   12.1504    0.0313
4904.5868   12.1408   -0.0472
4904.4640   12.1510    0.0362
4904.3089   12.1497    0.0258
4904.4637   12.1554    0.0725
4904.3087   12.1641    0.1440
4904.3096   12.1462   -0.0027
4904.1212   12.1535    0.0571
4903.9030   12.1506    0.0329
4904.5864   12.1329   -0.1122
4904.6745   12.1110   -0.2925
4904.5863   12.1485    0.0161
4904.7273   12.1225   -0.1984
4904.7273   12.1048   -0.3439
4904.7274   12.0976   -0.4030
4904.7274   12.0845   -0.5110
4904.6744   12.1126   -0.2798
4904.5868   12.1175   -0.2392
4904.5869   12.1193   -0.2245
4904.7274   12.0850   -0.5067
4904.7274   12.0873   -0.4883
4904.7274   12.0940   -0.4325
4904.6745   12.0982   -0.3983
4904.5871   12.1090   -0.3096
4904.4637   12.1200   -0.2187
4904.3096   12.1239   -0.1870
4904.3087   12.1306   -0.1318
4904.4640   12.1238   -0.1871
4904.3089   12.1313   -0.1255
4904.1212   12.1511    0.0377
4903.9030   12.1653    0.1545
4904.5863   12.1179   -0.2365
4904.6745   12.0936   -0.4364
4904.5864   12.1052   -0.3410
4903.6416   12.1385   -0.0661
4903.3646   12.1423   -0.0349
4903.6268   12.1321   -0.1195
4903.3562   12.1295   -0.1409
4903.3521   12.1280   -0.1533
4903.0608   12.1407   -0.0484
4902.7337   12.1408   -0.0471
4903.6268   12.1384   -0.0673
4903.3521   12.1263   -0.1668
4903.3562   12.1354   -0.0920
4903.6416   12.1617    0.1243
4903.3646   12.1462   -0.0029
4903.0608   12.1365   -0.0829
4902.7337   12.1253   -0.1755
4902.3801   12.1339   -0.1047
4902.0111   12.1185   -0.2308
4902.3801   12.1252   -0.1758
4902.0111   12.1236   -0.1895
4901.6238   12.1305   -0.1320
4902.7263   12.1332   -0.1101
4903.0515   12.1288   -0.1462
4902.7263   12.1287   -0.1470
4903.8932   12.1427   -0.0322
4904.1152   12.1502    0.0295
4904.3048   12.1432   -0.0278
4903.8867   12.1365   -0.0832
4903.8834   12.1471    0.0040
4904.4635   12.1329   -0.1129
4904.5861   12.1285   -0.1487
4904.6744   12.1256   -0.1724
4904.5861   12.1222   -0.2008
4904.4635   12.1229   -0.1945
4903.8834   12.1370   -0.0788
4903.8867   12.1379   -0.0715
4904.3048   12.1230   -0.1941
4904.1152   12.1310   -0.1280
4903.8932   12.1506    0.0335
4904.1095   12.1325   -0.1156
4904.3036   12.1255   -0.1737
4904.3036   12.1249   -0.1780
4902.2049   12.2402    0.7711
4902.0940   12.2208    0.6114
4901.9875   12.1708    0.1996
4901.8862   12.1272   -0.1591
4902.4041   12.2216    0.6178
4902.7930   12.2229    0.6287
4902.6995   12.2277    0.6682
4901.7902   12.1047   -0.3443
4901.7006   12.1485    0.0155
4901.6175   12.1338   -0.1050
4901.5414   12.1426   -0.0331
4902.0430   12.1870    0.3330
4902.4448   12.1830    0.2999
4902.3703   12.1788    0.2651
4902.9819   12.2059    0.4881
4903.3198   12.1902    0.3592
4903.2447   12.1995    0.4358
4902.8238   12.1831    0.3006
4903.1718   12.1892    0.3506
4903.1014   12.2056    0.4861
4903.4900   12.1705    0.1969
4903.7753   12.1787    0.2643
4903.7155   12.1583    0.0969
4902.6114   12.1842    0.3097
4902.2128   12.1727    0.2148
4902.5263   12.1684    0.1799
4901.4725   12.1038   -0.3519
4901.4117   12.1150   -0.2596
4901.3589   12.1123   -0.2819
4901.3143   12.1467    0.0013
4901.7819   12.1431   -0.0286
4902.1845   12.1569    0.0849
4902.1366   12.1413   -0.0432
4901.2783   12.1559    0.0764
4901.2509   12.1490    0.0201
4901.2324   12.1308   -0.1303
4901.2227   12.1622    0.1290
4901.6437   12.1437   -0.0237
4902.0375   12.1544    0.0641
4902.0198   12.1642    0.1455
4902.4780   12.1605    0.1146
4902.8323   12.1490    0.0196
4902.7979   12.1314   -0.1252
4902.4153   12.1667    0.1654
4902.7684   12.1803    0.2778
4902.7439   12.1582    0.0961
4903.0984   12.1314   -0.1246
4903.4023   12.1563    0.0801
4903.3770   12.1561    0.0782
4902.0978   12.1203   -0.2164
4901.6966   12.1390   -0.0626
4902.0647   12.1609    0.1178
4903.9290   12.1588    0.1009
4904.1508   12.1599    0.1097
4904.1123   12.1340   -0.1031
4903.8429   12.1988    0.4301
4904.0745   12.2044    0.4763
4904.0376   12.1713    0.2036
4904.2738   12.1214   -0.2076
4904.4389   12.1294   -0.1411
4904.4121   12.1614    0.1220
4903.7621   12.2305    0.6907
4904.0018   12.2167    0.5770
4903.9675   12.2147    0.5611
4903.6883   12.2013    0.4508
4903.9346   12.2324    0.7064
4903.9035   12.2297    0.6844
4904.1507   12.2321    0.7043
4904.3345   12.1664    0.1636
4904.3103   12.2099    0.5210
4904.5281   12.1211   -0.2100
4904.6341   12.1276   -0.1560
4904.6189   12.1356   -0.0905
4904.4866   12.1888    0.3474
4904.6033   12.1584    0.0973
4904.5872   12.1792    0.2686
4904.6855   12.1531    0.0535
4904.7326   12.1186   -0.2305
4904.7274   12.1484    0.0152
4904.3864   12.1399   -0.0547
4904.2104   12.2035    0.4688
4904.3605   12.1884    0.3440
4903.6657   12.2231    0.6299
4903.3692   12.2055    0.4849
4903.0427   12.2170    0.5800
4903.6171   12.1925    0.3780
4903.5702   12.2398    0.7672
4902.6844   12.2171    0.5810
4902.3032   12.1789    0.2658
4901.8979   12.1254   -0.1746
4902.2412   12.1408   -0.0477
4902.5681   12.1566    0.0827
4903.5250   12.2285    0.6744
4903.4818   12.1989    0.4308
4902.8807   12.1709    0.2006
4903.1708   12.1473    0.0057
4903.4409   12.1655    0.1557
4903.2655   12.2154    0.5664
4902.9844   12.2157    0.5689
4902.9303   12.1884    0.3447
4901.2227   12.1578    0.0921
4901.2324   12.1924    0.3770
4901.2509   12.1305   -0.1322
4901.2783   12.0795   -0.5518
4901.6437   12.1008   -0.3769
4902.0198   12.1467    0.0012
4902.0375   12.1189   -0.2275
4901.3143   12.0774   -0.5698
4901.3589   12.0726   -0.6090
4901.4117   12.1072   -0.3245
4901.4725   12.0771   -0.5719
4901.7819   12.0700   -0.6302
4902.1366   12.1187   -0.2294
4902.1845   12.1149   -0.2610
4902.4153   12.1510    0.0364
4902.7439   12.1837    0.3055
4902.7684   12.1461   -0.0038
4902.4780   12.1676    0.1735
4902.7979   12.1698    0.1915
4902.8323   12.1622    0.1284
4903.0984   12.1631    0.1361
4903.3770   12.1352   -0.0938
4903.4023   12.1518    0.0431
4902.0647   12.0978   -0.4012
4901.6966   12.0941   -0.4321
4902.0978   12.1219   -0.2029
4901.5414   12.1273   -0.1585
4901.6175   12.1168   -0.2454
4901.7006   12.1267   -0.1636
4901.7902   12.1486    0.0164
4902.0430   12.1304   -0.1331
4902.3703   12.1784    0.2623
4902.4448   12.1843    0.3104
4901.8862   12.1555    0.0734
4901.9875   12.1465   -0.0009
4902.0940   12.1721    0.2104
4902.2049   12.1740    0.2259
4902.4041   12.1757    0.2398
4902.6995   12.1487    0.0176
4902.7930   12.1824    0.2952
4902.8238   12.1593    0.1050
4903.1014   12.1512    0.0381
4903.1718   12.1649    0.1513
4902.9819   12.1584    0.0974
4903.2447   12.1689    0.1838
4903.3198   12.1599    0.1098
4903.4900   12.1688    0.1831
4903.7155   12.1518    0.0432
4903.7753   12.1530    0.0527
4902.5263   12.1741    0.2270
4902.2128   12.1682    0.1781
4902.6114   12.1883    0.3434
4903.6883   12.1663    0.1623
4903.9035   12.1775    0.2544
4903.9346   12.1785    0.2632
4903.7621   12.1571    0.0864
4903.9675   12.1367   -0.0817
4904.0018   12.1576    0.0911
4904.1507   12.1272   -0.1598
4904.3103   12.1055   -0.3384
4904.3345   12.1252   -0.1763
4903.8429   12.1732    0.2192
4904.0376   12.1636    0.1398
4904.0745   12.1273   -0.1589
4903.9290   12.1305   -0.1323
4904.1123   12.1035   -0.3548
4904.1508   12.0967   -0.4105
4904.2738   12.1050   -0.3425
4904.4121   12.1137   -0.2709
4904.4389   12.1617    0.1247
4904.4866   12.1133   -0.2738
4904.5872   12.0931   -0.4400
4904.6033   12.1166   -0.2464
4904.5281   12.1041   -0.3497
4904.6189   12.1278   -0.1542
4904.6341   12.1167   -0.2458
4904.6855   12.1183   -0.2324
4904.7274   12.1434   -0.0258
4904.7326   12.1300   -0.1361
4904.3605   12.1079   -0.3181
4904.2104   12.1422   -0.0361
4904.3864   12.1092   -0.3073
4903.4409   12.1550    0.0690
4903.1708   12.1541    0.0616
4902.8807   12.1435   -0.0253
4903.4818   12.1427   -0.0317
4903.5250   12.1426   -0.0324
4902.5681   12.1478    0.0097
4902.2412   12.1209   -0.2111
4901.8979   12.1034   -0.3551
4902.3032   12.1418   -0.0389
4902.6844   12.1342   -0.1014
4903.5702   12.1816    0.2883
4903.6171   12.1810    0.2831
4903.0427   12.1798    0.2737
4903.3692   12.1490    0.0199
4903.6657   12.1722    0.2108
4903.2655   12.1551    0.0702
4902.9303   12.1724    0.2128
4902.9844   12.1649    0.1511
4904.7450   12.1375   -0.0750
4904.7326   12.1213   -0.2076
4904.7326   12.1434   -0.0260
4904.7450   12.1563    0.0800
4904.7326   12.1702    0.1943
4904.7326   12.1427   -0.0320
4904.6955   12.1317   -0.1226
4904.6341   12.1098   -0.3026
4904.6341   12.1206   -0.2139
4904.7450   12.1336   -0.1070
4904.7326   12.1404   -0.0507
4904.7326   12.1276   -0.1565
4904.7450   12.1320   -0.1198
4904.7326   12.1446   -0.0162
4904.7326   12.1438   -0.0226
4904.6954   12.1213   -0.2083
4904.6339   12.1125   -0.2801
4904.6339   12.1101   -0.3005
4904.5474   12.1089   -0.3100
4904.4389   12.1173   -0.2409
4904.4380   12.1112   -0.2908
4904.5472   12.1142   -0.2661
4904.4379   12.1090   -0.3093
4904.4385   12.0969   -0.4090
4904.3053   12.1122   -0.2830
4904.1508   12.1168   -0.2448
4904.1505   12.0897   -0.4682
4904.6335   12.1273   -0.1590
4904.6955   12.1329   -0.1124
4904.6335   12.1277   -0.1554
4904.7450   12.1297   -0.1385
4904.7326   12.1466    0.0006
4904.7326   12.1570    0.0857
4904.7450   12.1678    0.1749
4904.7326   12.1655    0.1559
4904.7326   12.1715    0.2054
4904.6954   12.1160   -0.2516
4904.6339   12.1050   -0.3425
4904.6339   12.1036   -0.3534
4904.7450   12.1500    0.0282
4904.7326   12.1856    0.3214
4904.7326   12.1490    0.0198
4904.7450   12.1628    0.1336
4904.7326   12.1499    0.0278
4904.7326   12.1524    0.0478
4904.6955   12.1428   -0.0308
4904.6341   12.1392   -0.0607
4904.6341   12.1281   -0.1520
4904.5472   12.1324   -0.1169
4904.4385   12.1354   -0.0917
4904.4379   12.1622    0.1289
4904.5474   12.1540    0.0615
4904.4380   12.1737    0.2235
4904.4389   12.1678    0.1746
4904.3053   12.1886    0.3460
4904.1505   12.1254   -0.1746
4904.1508   12.1501    0.0294
4904.6335   12.1405   -0.0503
4904.6955   12.1595    0.1068
4904.6335   12.1420   -0.0378
4903.9647   12.0966   -0.4111
4903.7753   12.1297   -0.1386
4903.7668   12.1427   -0.0320
4903.9544   12.1325   -0.1155
4903.7610   12.1563    0.0797
4903.7581   12.1370   -0.0790
4903.5488   12.1547    0.0669
4903.3198   12.1498    0.0263
4903.3128   12.1611    0.1194
4903.9544   12.1073   -0.3231
4903.7581   12.1428   -0.0309
4903.7610   12.1320   -0.1197
4903.9647   12.1298   -0.1378
4903.7668   12.1267   -0.1639
4903.7753   12.1615    0.1228
4903.5488   12.1226   -0.1973
4903.3128   12.1325   -0.1161
4903.3198   12.1274   -0.1577
4903.0564   12.1605    0.1145
4902.7930   12.1488    0.0187
4902.7870   12.1581    0.0946
4903.0564   12.1628    0.1336
4902.7870   12.1677    0.1740
4902.7930   12.1580    0.0938
4902.5022   12.1642    0.1455
4902.2049   12.1473    0.0063
4902.2049   12.1659    0.1590
4903.3077   12.1625    0.1308
4903.5423   12.1480    0.0116
4903.3077   12.1654    0.1548
4904.1438   12.0790   -0.5564
4904.3012   12.1018   -0.3682
4904.4353   12.1026   -0.3622
4904.1393   12.1116   -0.2882
4904.1370   12.1002   -0.3820
4904.5471   12.1135   -0.2723
4904.6334   12.1100   -0.3011
4904.6954   12.1350   -0.0949
4904.6334   12.1101   -0.3004
4904.5471   12.1153   -0.2571
4904.1370   12.1097   -0.3032
4904.1393   12.0922   -0.4480
4904.4353   12.1138   -0.2701
4904.3012   12.1429   -0.0302
4904.1438   12.1197   -0.2209
4904.2973   12.1110   -0.2926
4904.4345   12.1066   -0.3294
4904.4345   12.1179   -0.2362
4904.7274   12.1571    0.0864
4904.6745   12.1764    0.2460
4904.5871   12.1383   -0.0678
4904.7274   12.1636    0.1400
4904.7274   12.1620    0.1270
4904.4640   12.1802    0.2772
4904.3089   12.1990    0.4316
4904.1212   12.1954    0.4018
4903.9030   12.1776    0.2556
4904.3087   12.1684    0.1798
4904.4637   12.1667    0.1661
4904.3096   12.1298   -0.1379
4904.7274   12.1478    0.0104
4904.7274   12.1667    0.1659
4904.5869   12.1662    0.1619
4904.6744   12.1611    0.1198
4904.5868   12.1422   -0.0357
4904.7273   12.1588    0.1005
4904.7273   12.1576    0.0904
4904.6745   12.1557    0.0751
4904.5864   12.1804    0.2789
4904.5863   12.1903    0.3600
4903.6416   12.1349   -0.0961
4903.3646   12.1442   -0.0192
4903.0608   12.1225   -0.1984
4902.7337   12.1459   -0.0059
4903.3562   12.1010   -0.3750
4903.6268   12.1086   -0.3127
4903.3521   12.0877   -0.4845
4902.3801   12.1250   -0.1772
4902.0111   12.1637    0.1411
4901.6238   12.1733    0.2204
4902.0111   12.1421   -0.0371
4902.3801   12.1267   -0.1639
4903.3521   12.1321   -0.1191
4903.6268   12.1241   -0.1853
4903.3562   12.1523    0.0475
4902.7337   12.1552    0.0711
4903.0608   12.1850    0.3162
4903.3646   12.1209   -0.2116
4903.6416   12.1260   -0.1691
4903.0515   12.1068   -0.3273
4902.7263   12.1317   -0.1223
4902.7263   12.1712    0.2026
4904.7273   12.1350   -0.0950
4904.7273   12.1861    0.3250
4904.5868   12.1316   -0.1234
4904.6744   12.1868    0.3315
4904.5869   12.1828    0.2983
4904.7274   12.1914    0.3687
4904.7274   12.1853    0.3187
4904.3096   12.1386   -0.0656
4904.4637   12.1640    0.1437
4904.3087   12.1433   -0.0272
4903.9030   12.1403   -0.0518
4904.1212   12.1675    0.1720
4904.3089   12.1177   -0.2377
4904.4640   12.1191   -0.2261
4904.7274   12.1654    0.1547
4904.7274   12.1373   -0.0765
4904.5871   12.1291   -0.1442
4904.6745   12.1023   -0.3643
4904.7274   12.1267   -0.1634
4904.6745   12.1582    0.0961
4904.5863   12.1807    0.2811
4904.5864   12.0997   -0.3855
4904.6744   12.1730    0.2172
4904.5861   12.1279   -0.1535
4904.4635   12.1151   -0.2595
4904.5861   12.1408   -0.0476
4904.4635   12.1358   -0.0884
4904.3048   12.1274   -0.1579
4904.1152   12.1266   -0.1641
4903.8932   12.1555    0.0737
4903.8867   12.1500    0.0279
4903.8834   12.1228   -0.1953
4904.3048   12.1387   -0.0646
4904.1152   12.1253   -0.1748
4903.8834   12.1323   -0.1178
4903.8867   12.1151   -0.2594
4903.8932   12.1073   -0.3235
4904.3036   12.1248   -0.1796
4904.3036   12.1010   -0.3749
4904.1095   12.1439   -0.0217
4902.5022   12.2004    0.4434
4902.7870   12.1991    0.4326
4903.0564   12.1773    0.2527
4902.7870   12.1715    0.2050
4903.0564   12.1342   -0.1020
4903.3128   12.1856    0.3217
4903.5488   12.1665    0.1641
4903.7668   12.1626    0.1323
4903.9647   12.1604    0.1143
4903.7610   12.1678    0.1749
4903.7581   12.1827    0.2972
4903.9544   12.1908    0.3638
4903.3128   12.1446   -0.0159
4903.5488   12.1550    0.0697
4903.7581   12.1988    0.4299
4903.7610   12.1874    0.3360
4903.9544   12.2046    0.4779
4903.7668   12.1834    0.3036
4903.9647   12.1948    0.3972
4903.3077   12.1651    0.1526
4903.3077   12.1700    0.1932
4903.5423   12.2101    0.5229
4904.1505   12.1414   -0.0430
4904.3053   12.1511    0.0369
4904.4380   12.1367   -0.0812
4904.5474   12.1243   -0.1832
4904.4379   12.1268   -0.1632
4904.4385   12.1330   -0.1116
4904.5472   12.1233   -0.1913
4904.6341   12.1270   -0.1612
4904.6955   12.1297   -0.1390
4904.7326   12.1304   -0.1330
4904.7450   12.1224   -0.1988
4904.7326   12.1044   -0.3475
4904.7326   12.1216   -0.2059
4904.7450   12.1213   -0.2079
4904.6339   12.1495    0.0238
4904.6339   12.1407   -0.0487
4904.6954   12.1587    0.0998
4904.7326   12.1412   -0.0446
4904.7326   12.1463   -0.0025
4904.7450   12.1487    0.0174
4904.7326   12.1507    0.0336
4904.7326   12.1583    0.0968
4904.7450   12.1627    0.1329
4904.6335   12.1321   -0.1188
4904.6335   12.1102   -0.2995
4904.6955   12.1212   -0.2090
4904.1505   12.1676    0.1732
4904.3053   12.1589    0.1014
4904.4385   12.1508    0.0345
4904.4379   12.1503    0.0311
4904.5472   12.1457   -0.0072
4904.4380   12.1365   -0.0830
4904.5474   12.1579    0.0929
4904.6339   12.1284   -0.1494
4904.6339   12.1324   -0.1171
4904.6954   12.1326   -0.1154
4904.7326   12.1694    0.1876
4904.7326   12.1541    0.0622
4904.7450   12.1712    0.2032
4904.7326   12.1493    0.0223
4904.7326   12.1525    0.0484
4904.7450   12.1673    0.1710
4904.6341   12.1435   -0.0249
4904.6955   12.1215   -0.2061
4904.7326   12.1230   -0.1944
4904.7326   12.1102   -0.2995
4904.7450   12.1290   -0.1447
4904.7326   12.0980   -0.4000
4904.7450   12.1031   -0.3576
4904.6335   12.1119   -0.2857
4904.6335   12.1299   -0.1374
4904.6955   12.1413   -0.0434
4904.1438   12.1692    0.1861
4904.1393   12.1688    0.1831
4904.1370   12.1963    0.4094
4904.3012   12.1473    0.0058
4904.4353   12.1413   -0.0431
4904.1370   12.1841    0.3093
4904.1393   12.1925    0.3782
4904.1438   12.1619    0.1261
4904.3012   12.1721    0.2101
4904.4353   12.1634    0.1384
4904.5471   12.1369   -0.0799
4904.6334   12.1544    0.0647
4904.5471   12.1418   -0.0391
4904.6334   12.1443   -0.0190
4904.6954   12.1519    0.0437
4904.4345   12.1408   -0.0475
4904.2973   12.1723    0.2115
4904.4345   12.1530    0.0532
4904.7274   12.1175   -0.2391
4904.6855   12.1061   -0.3332
4904.6189   12.0989   -0.3923
4904.5281   12.1028   -0.3603
4904.6033   12.1113   -0.2903
4904.5872   12.1423   -0.0355
4904.4866   12.1205   -0.2148
4904.4121   12.1367   -0.0817
4904.2738   12.1366   -0.0825
4904.1123   12.1224   -0.1992
4903.9290   12.1465   -0.0003
4904.0745   12.1293   -0.1419
4904.0376   12.1239   -0.1870
4903.8429   12.1435   -0.0252
4904.3345   12.1125   -0.2802
4904.3103   12.1393   -0.0602
4904.1507   12.1236   -0.1887
4904.0018   12.1258   -0.1712
4903.9675   12.1449   -0.0138
4903.7621   12.1479    0.0113
4903.9346   12.1465   -0.0002
4903.9035   12.1559    0.0765
4903.6883   12.1614    0.1218
4904.3605   12.1294   -0.1411
4904.3864   12.1460   -0.0045
4904.2104   12.1336   -0.1066
4903.7155   12.1453   -0.0108
4903.4900   12.1417   -0.0404
4903.2447   12.1500    0.0284
4902.9819   12.1555    0.0737
4903.1718   12.1635    0.1394
4903.1014   12.1517    0.0421
4902.8238   12.1622    0.1287
4902.6995   12.1560    0.0778
4902.4041   12.1562    0.0797
4902.0940   12.1466    0.0001
4901.7718   12.1536    0.0580
4901.9875   12.1634    0.1382
4901.8862   12.1598    0.1089
4901.5473   12.1657    0.1573
4902.4448   12.1634    0.1387
4902.3703   12.1678    0.1747
4902.0430   12.1653    0.1545
4901.7902   12.1642    0.1451
4901.7006   12.1701    0.1937
4901.3462   12.1696    0.1899
4901.6175   12.1723    0.2121
4901.5414   12.1752    0.2353
4901.1725   12.1786    0.2633
4902.5263   12.1590    0.1024
4902.6114   12.1558    0.0762
4902.2128   12.1565    0.0819
4903.4023   12.1635    0.1391
4903.3770   12.1657    0.1573
4903.0984   12.1738    0.2244
4902.8323   12.1556    0.0744
4902.7979   12.1603    0.1133
4902.4780   12.1379   -0.0717
4902.7684   12.1660    0.1601
4902.7439   12.1494    0.0233
4902.4153   12.1426   -0.0329
4902.1845   12.1472    0.0050
4902.1366   12.1408   -0.0473
4901.7819   12.1525    0.0486
4901.4725   12.1591    0.1029
4901.4117   12.1509    0.0356
4901.0293   12.1607    0.1160
4901.3589   12.1483    0.0139
4901.3143   12.1501    0.0289
4900.9195   12.1619    0.1262
4902.0375   12.1365   -0.0826
4902.0198   12.1482    0.0133
4901.6437   12.1418   -0.0396
4901.2783   12.1489    0.0195
4901.2509   12.1546    0.0663
4900.8451   12.1552    0.0713
4901.2324   12.1532    0.0542
4901.2227   12.1422   -0.0359
4900.8076   12.1369   -0.0793
4902.0647   12.1439   -0.0223
4902.0978   12.1393   -0.0595
4901.6966   12.1432   -0.0277
4903.4409   12.1607    0.1163
4903.4818   12.1526    0.0496
4903.5250   12.1468    0.0021
4903.1708   12.1518    0.0432
4902.8807   12.1457   -0.0074
4903.5702   12.1483    0.0143
4903.6171   12.1533    0.0555
4903.6657   12.1537    0.0586
4903.3692   12.1546    0.0660
4903.0427   12.1543    0.0638
4902.5681   12.1352   -0.0933
4902.2412   12.1472    0.0055
4902.6844   12.1575    0.0896
4902.3032   12.1524    0.0481
4901.8979   12.1581    0.0949
4902.9303   12.1343   -0.1010
4903.2655   12.1488    0.0185
4902.9844   12.1504    0.0313
4904.7274   12.1292   -0.1428
4904.6855   12.1516    0.0414
4904.5872   12.1465   -0.0005
4904.6033   12.1444   -0.0181
4904.4866   12.1455   -0.0091
4904.6189   12.1600    0.1104
4904.5281   12.1574    0.0890
4904.3103   12.1601    0.1110
4904.3345   12.1477    0.0096
4904.1507   12.1369   -0.0795
4903.9035   12.1275   -0.1568
4903.9346   12.1493    0.0223
4903.6883   12.1517    0.0419
4903.9675   12.1631    0.1358
4904.0018   12.1488    0.0186
4903.7621   12.1463   -0.0023
4904.4121   12.1562    0.0793
4904.2738   12.1451   -0.0118
4904.0376   12.1466    0.0004
4904.0745   12.1445   -0.0167
4903.8429   12.1371   -0.0783
4904.1123   12.1411   -0.0454
4903.9290   12.1492    0.0220
4904.3864   12.1523    0.0475
4904.3605   12.1479    0.0109
4904.2104   12.1578    0.0924
4903.3770   12.1201   -0.2181
4903.4023   12.1282   -0.1515
4903.0984   12.1163   -0.2492
4902.7439   12.1328   -0.1137
4902.7684   12.1389   -0.0628
4902.4153   12.1459   -0.0057
4902.7979   12.1368   -0.0803
4902.8323   12.1309   -0.1294
4902.4780   12.1579    0.0932
4902.0198   12.1561    0.0784
4902.0375   12.1441   -0.0207
4901.6437   12.1606    0.1157
4901.2227   12.1423   -0.0348
4901.2324   12.1515    0.0403
4900.8076   12.1424   -0.0341
4901.2509   12.1532    0.0546
4901.2783   12.1470    0.0033
4900.8451   12.1459   -0.0054
4902.1366   12.1595    0.1066
4902.1845   12.1323   -0.1178
4901.7819   12.1550    0.0693
4901.3143   12.1601    0.1111
4901.3589   12.1649    0.1508
4900.9195   12.1664    0.1628
4901.4117   12.1472    0.0054
4901.4725   12.1395   -0.0578
4901.0293   12.1663    0.1622
4902.0978   12.1761    0.2431
4902.0647   12.1571    0.0866
4901.6966   12.1567    0.0832
4903.7155   12.1423   -0.0349
4903.4900   12.1368   -0.0802
4903.1014   12.1289   -0.1457
4903.1718   12.1248   -0.1796
4902.8238   12.1246   -0.1812
4903.2447   12.1310   -0.1286
4902.9819   12.1197   -0.2214
4902.3703   12.1015   -0.3708
4902.4448   12.1140   -0.2682
4902.0430   12.1088   -0.3108
4901.5414   12.1222   -0.2008
4901.6175   12.1186   -0.2302
4901.1725   12.1397   -0.0565
4901.7006   12.1031   -0.3579
4901.7902   12.1037   -0.3532
4901.3462   12.1137   -0.2705
4902.6995   12.1165   -0.2477
4902.4041   12.1247   -0.1804
4901.8862   12.1084   -0.3144
4901.9875   12.1322   -0.1183
4901.5473   12.1185   -0.2310
4902.0940   12.1277   -0.1554
4901.7718   12.1156   -0.2546
4902.6114   12.1171   -0.2426
4902.5263   12.1223   -0.1997
4902.2128   12.1159   -0.2528
4903.6657   12.1294   -0.1410
4903.6171   12.1228   -0.1961
4903.5702   12.1197   -0.2211
4903.3692   12.1296   -0.1400
4903.0427   12.1222   -0.2007
4903.5250   12.1192   -0.2252
4903.4818   12.1328   -0.1137
4903.4409   12.1232   -0.1920
4903.1708   12.1066   -0.3295
4902.8807   12.1343   -0.1014
4902.6844   12.1121   -0.2835
4902.3032   12.1157   -0.2545
4902.5681   12.1163   -0.2492
4902.2412   12.1239   -0.1864
4901.8979   12.1198   -0.2202
4902.9844   12.1198   -0.2201
4903.2655   12.1189   -0.2276
4902.9303   12.1262   -0.1681
4904.7274   12.1157   -0.2540
4904.7274   12.1195   -0.2227
4904.7274   12.1484    0.0149
4904.6745   12.1314   -0.1249
4904.5871   12.1581    0.0952
4904.7274   12.1545    0.0656
4904.7274   12.1654    0.1552
4904.7273   12.1664    0.1630
4904.7273   12.1539    0.0602
4904.6744   12.1636    0.1402
4904.5869   12.1448   -0.0148
4904.5868   12.1552    0.0708
4904.4640   12.1190   -0.2266
4904.3089   12.1168   -0.2449
4904.4637   12.1374   -0.0752
4904.3087   12.1270   -0.1614
4904.3096   12.1399   -0.0550
4904.1212   12.1195   -0.2230
4903.9030   12.1341   -0.1027
4904.5864   12.1432   -0.0278
4904.6745   12.1446   -0.0160
4904.5863   12.1568    0.0844
4904.7273   12.1472    0.0055
4904.7273   12.1516    0.0412
4904.7274   12.1622    0.1283
4904.7274   12.1762    0.2441
4904.6744   12.1662    0.1616
4904.5868   12.1688    0.1827
4904.5869   12.1666    0.1645
4904.7274   12.1538    0.0592
4904.7274   12.1118   -0.2864
4904.7274   12.1075   -0.3219
4904.6745   12.1392   -0.0610
4904.5871   12.1356   -0.0903
4904.4637   12.1635    0.1394
4904.3096   12.1654    0.1550
4904.3087   12.1557    0.0750
4904.4640   12.1502    0.0301
4904.3089   12.1553    0.0721
4904.1212   12.1679    0.1755
4903.9030   12.1674    0.1716
4904.5863   12.1733    0.2198
4904.6745   12.1651    0.1528
4904.5864   12.1430   -0.0294
4903.6416   12.1086   -0.3129
4903.3646   12.1244   -0.1824
4903.6268   12.1282   -0.1516
4903.3562   12.1303   -0.1338
4903.3521   12.1433   -0.0271
4903.0608   12.1253   -0.1754
4902.7337   12.1356   -0.0900
4903.6268   12.1524    0.0477
4903.3521   12.1428   -0.0310
4903.3562   12.1429   -0.0306
4903.6416   12.1657    0.1578
4903.3646   12.1501    0.0293
4903.0608   12.1401   -0.0532
4902.7337   12.1452   -0.0115
4902.3801   12.1555    0.0735
4902.0111   12.1713    0.2040
4902.3801   12.1473    0.0059
4902.0111   12.1564    0.0810
4901.6238   12.1623    0.1296
4902.7263   12.1548    0.0679
4903.0515   12.1440   -0.0211
4902.7263   12.1438   -0.0229
4903.8932   12.1248   -0.1789
4904.1152   12.1350   -0.0956
4904.3048   12.1491    0.0212
4903.8867   12.1290   -0.1448
4903.8834   12.1388   -0.0641
4904.4635   12.1375   -0.0748
4904.5861   12.1372   -0.0775
4904.6744   12.1532    0.0548
4904.5861   12.1551    0.0699
4904.4635   12.1544    0.0642
4903.8834   12.1520    0.0444
4903.8867   12.1555    0.0733
4904.3048   12.1633    0.1379
4904.1152   12.1669    0.1674
4903.8932   12.1799    0.2748
4904.1095   12.1398   -0.0556
4904.3036   12.1355   -0.0908
4904.3036   12.1500    0.0279
4902.2049   12.1737    0.2238
4902.0940   12.1926    0.3786
4901.9875   12.1970    0.4149
4901.8862   12.1799    0.2747
4902.4041   12.1583    0.0967
4902.7930   12.1802    0.2765
4902.6995   12.1750    0.2344
4901.7902   12.1654    0.1549
4901.7006   12.1361   -0.0864
4901.6175   12.1326   -0.1147
4901.5414   12.1400   -0.0541
4902.0430   12.1401   -0.0535
4902.4448   12.1345   -0.0991
4902.3703   12.1382   -0.0687
4902.9819   12.1235   -0.1901
4903.3198   12.1546    0.0658
4903.2447   12.1110   -0.2929
4902.8238   12.1040   -0.3504
4903.1718   12.1003   -0.3808
4903.1014   12.0908   -0.4589
4903.4900   12.1130   -0.2765
4903.7753   12.1463   -0.0025
4903.7155   12.1048   -0.3439
4902.6114   12.1241   -0.1848
4902.2128   12.1448   -0.0149
4902.5263   12.1114   -0.2896
4901.4725   12.1465   -0.0006
4901.4117   12.1620    0.1272
4901.3589   12.1642    0.1453
4901.3143   12.1588    0.1010
4901.7819   12.1567    0.0835
4902.1845   12.1573    0.0886
4902.1366   12.1587    0.0996
4901.2783   12.1470    0.0033
4901.2509   12.1443   -0.0183
4901.2324   12.1401   -0.0536
4901.2227   12.1384   -0.0672
4901.6437   12.1328   -0.1138
4902.0375   12.1321   -0.1193
4902.0198   12.1276   -0.1564
4902.4780   12.1485    0.0158
4902.8323   12.1452   -0.0116
4902.7979   12.1391   -0.0612
4902.4153   12.1323   -0.1173
4902.7684   12.1328   -0.1131
4902.7439   12.1257   -0.1717
4903.0984   12.1335   -0.1072
4903.4023   12.1425   -0.0335
4903.3770   12.1425   -0.0339
4902.0978   12.1546    0.0665
4901.6966   12.1449   -0.0136
4902.0647   12.1429   -0.0298
4903.9290   12.1061   -0.3329
4904.1508   12.1057   -0.3362
4904.1123   12.0969   -0.4089
4903.8429   12.1309   -0.1294
4904.0745   12.1401   -0.0531
4904.0376   12.1253   -0.1750
4904.2738   12.1193   -0.2247
4904.4389   12.1411   -0.0449
4904.4121   12.1488    0.0182
4903.7621   12.1371   -0.0777
4904.0018   12.1287   -0.1474
4903.9675   12.1385   -0.0667
4903.6883   12.1429   -0.0303
4903.9346   12.1420   -0.0372
4903.9035   12.1435   -0.0255
4904.1507   12.1432   -0.0280
4904.3345   12.1350   -0.0957
4904.3103   12.1435   -0.0255
4904.5281   12.1652    0.1530
4904.6341   12.1734    0.2208
4904.6189   12.1695    0.1887
4904.4866   12.1487    0.0174
4904.6033   12.1639    0.1428
4904.5872   12.1513    0.0387
4904.6855   12.1670    0.1683
4904.7326   12.1562    0.0796
4904.7274   12.1879    0.3400
4904.3864   12.1360   -0.0868
4904.2104   12.1291   -0.1437
4904.3605   12.1431   -0.0288
4903.6657   12.1056   -0.3373
4903.3692   12.1134   -0.2728
4903.0427   12.1319   -0.1210
4903.6171   12.1318   -0.1219
4903.5702   12.1362   -0.0852
4902.6844   12.1375   -0.0747
4902.3032   12.1444   -0.0175
4901.8979   12.1390   -0.0622
4902.2412   12.1472    0.0048
4902.5681   12.1495    0.0239
4903.5250   12.1443   -0.0184
4903.4818   12.1504    0.0314
4902.8807   12.1432   -0.0276
4903.1708   12.1433   -0.0273
4903.4409   12.1484    0.0153
4903.2655   12.1392   -0.0608
4902.9844   12.1393   -0.0601
4902.9303   12.1371   -0.0780
4901.2227   12.1360   -0.0868
4901.2324   12.1478    0.0102
4901.2509   12.1557    0.0754
4901.2783   12.1596    0.1069
4901.6437   12.1400   -0.0545
4902.0198   12.1340   -0.1033
4902.0375   12.1348   -0.0968
4901.3143   12.1645    0.1474
4901.3589   12.1712    0.2025
4901.4117   12.1759    0.2417
4901.4725   12.1723    0.2117
4901.7819   12.1814    0.2866
4902.1366   12.1798    0.2732
4902.1845   12.1763    0.2444
4902.4153   12.1353   -0.0928
4902.7439   12.1337   -0.1060
4902.7684   12.1224   -0.1990
4902.4780   12.1537    0.0587
4902.7979   12.1430   -0.0295
4902.8323   12.1592    0.1040
4903.0984   12.1337   -0.1058
4903.3770   12.1343   -0.1014
4903.4023   12.1385   -0.0667
4902.0647   12.1330   -0.1118
4901.6966   12.1580    0.0945
4902.0978   12.1607    0.1166
4901.5414   12.1659    0.1588
4901.6175   12.1619    0.1258
4901.7006   12.1632    0.1367
4901.7902   12.1613    0.1215
4902.0430   12.1619    0.1265
4902.3703   12.1632    0.1369
4902.4448   12.1556    0.0746
4901.8862   12.1614    0.1223
4901.9875   12.1632    0.1371
4902.0940   12.1654    0.1548
4902.2049   12.1744    0.2289
4902.4041   12.1511    0.0374
4902.6995   12.1476    0.0085
4902.7930   12.1463   -0.0025
4902.8238   12.1518    0.0430
4903.1014   12.1540    0.0608
4903.1718   12.1480    0.0121
4902.9819   12.1405   -0.0496
4903.2447   12.1431   -0.0287
4903.3198   12.1468    0.0021
4903.4900   12.1492    0.0213
4903.7155   12.1577    0.0913
4903.7753   12.1539    0.0602
4902.5263   12.1503    0.0309
4902.2128   12.1541    0.0622
4902.6114   12.1500    0.0281
4903.6883   12.1489    0.0195
4903.9035   12.1420   -0.0379
4903.9346   12.1553    0.0721
4903.7621   12.1685    0.1802
4903.9675   12.1648    0.1497
4904.0018   12.1706    0.1978
4904.1507   12.1577    0.0918
4904.3103   12.1517    0.0425
4904.3345   12.1564    0.0809
4903.8429   12.1688    0.1830
4904.0376   12.1739    0.2253
4904.0745   12.1711    0.2022
4903.9290   12.1658    0.1587
4904.1123   12.1716    0.2063
4904.1508   12.1661    0.1608
4904.2738   12.1733    0.2202
4904.4121   12.1671    0.1689
4904.4389   12.1681    0.1771
4904.4866   12.1552    0.0710
4904.5872   12.1457   -0.0072
4904.6033   12.1459   -0.0056
4904.5281   12.1569    0.0853
4904.6189   12.1472    0.0049
4904.6341   12.1476    0.0087
4904.6855   12.1416   -0.0406
4904.7274   12.1414   -0.0425
4904.7326   12.1428   -0.0309
4904.3605   12.1636    0.1401
4904.2104   12.1739    0.2252
4904.3864   12.1678    0.1745
4903.4409   12.1491    0.0205
4903.1708   12.1620    0.1268
4902.8807   12.1785    0.2631
4903.4818   12.1635    0.1394
4903.5250   12.1670    0.1683
4902.5681   12.1660    0.1600
4902.2412   12.1707    0.1983
4901.8979   12.1794    0.2699
4902.3032   12.1694    0.1879
4902.6844   12.1632    0.1373
4903.5702   12.1680    0.1761
4903.6171   12.1626    0.1320
4903.0427   12.1595    0.1064
4903.3692   12.1576    0.0907
4903.6657   12.1598    0.1086
4903.2655   12.1695    0.1885
4902.9303   12.1747    0.2313
4902.9844   12.1667    0.1659
4904.7450   12.1719    0.2084
4904.7326   12.1831    0.3006
4904.7326   12.1493    0.0221
4904.7450   12.1626    0.1323
4904.7326   12.1553    0.0716
4904.7326   12.2003    0.4421
4904.6955   12.1451   -0.0120
4904.6341   12.1412   -0.0438
4904.6341   12.1649    0.1505
4904.7450   12.1935    0.3864
4904.7326   12.2097    0.5194
4904.7326   12.1907    0.3635
4904.7450   12.1859    0.3237
4904.7326   12.1751    0.2349
4904.7326   12.1840    0.3083
4904.6954   12.1934    0.3855
4904.6339   12.1719    0.2081
4904.6339   12.1919    0.3731
4904.5474   12.1626    0.1317
4904.4389   12.1153   -0.2572
4904.4380   12.1736    0.2224
4904.5472   12.1842    0.3102
4904.4379   12.1689    0.1838
4904.4385   12.1790    0.2669
4904.3053   12.1438   -0.0231
4904.1508   12.1150   -0.2597
4904.1505   12.1439   -0.0222
4904.6335   12.1855    0.3204
4904.6955   12.1902    0.3593
4904.6335   12.1770    0.2506
4904.7450   12.1916    0.3708
4904.7326   12.1978    0.4219
4904.7326   12.1988    0.4296
4904.7450   12.1689    0.1838
4904.7326   12.1867    0.3301
4904.7326   12.1977    0.4209
4904.6954   12.1985    0.4273
4904.6339   12.1944    0.3938
4904.6339   12.1978    0.4219
4904.7450   12.1605    0.1151
4904.7326   12.1749    0.2328
4904.7326   12.1729    0.2171
4904.7450   12.1488    0.0185
4904.7326   12.1588    0.1004
4904.7326   12.1538    0.0594
4904.6955   12.1760    0.2427
4904.6341   12.1984    0.4265
4904.6341   12.1986    0.4284
4904.5472   12.1982    0.4251
4904.4385   12.2002    0.4416
4904.4379   12.2205    0.6084
4904.5474   12.2038    0.4711
4904.4380   12.2119    0.5379
4904.4389   12.2020    0.4566
4904.3053   12.2122    0.5400
4904.1505   12.2088    0.5122
4904.1508   12.2046    0.4778
4904.6335   12.1950    0.3988
4904.6955   12.1948    0.3973
4904.6335   12.1787    0.2643
4903.9647   12.1677    0.1738
4903.7753   12.1319   -0.1209
4903.7668   12.1003   -0.3812
4903.9544   12.1442   -0.0192
4903.7610   12.1364   -0.0841
4903.7581   12.1588    0.1004
4903.5488   12.1658    0.1584
4903.3198   12.1334   -0.1086
4903.3128   12.1678    0.1746
4903.9544   12.1398   -0.0555
4903.7581   12.1930    0.3821
4903.7610   12.1872    0.3343
4903.9647   12.1708    0.1997
4903.7668   12.1477    0.0093
4903.7753   12.1688    0.1827
4903.5488   12.1965    0.4110
4903.3128   12.1974    0.4183
4903.3198   12.1836    0.3045
4903.0564   12.1766    0.2474
4902.7930   12.1892    0.3513
4902.7870   12.2126    0.5437
4903.0564   12.2216    0.6179
4902.7870   12.2036    0.4692
4902.7930   12.1963    0.4090
4902.5022   12.1927    0.3794
4902.2049   12.1837    0.3057
4902.2049   12.1927    0.3797
4903.3077   12.2022    0.4581
4903.5423   12.1793    0.2692
4903.3077   12.2101    0.5227
4904.1438   12.1481    0.0127
4904.3012   12.1875    0.3367
4904.4353   12.1518    0.0430
4904.1393   12.1322   -0.1185
4904.1370   12.1397   -0.0562
4904.5471   12.1834    0.3033
4904.6334   12.1980    0.4236
4904.6954   12.1879    0.3401
4904.6334   12.1892    0.3513
4904.5471   12.1895    0.3532
4904.1370   12.1852    0.3179
4904.1393   12.1935    0.3864
4904.4353   12.1992    0.4330
4904.3012   12.2291    0.6798
4904.1438   12.1872    0.3343
4904.2973   12.1932    0.3841
4904.4345   12.1681    0.1775
4904.4345   12.1902    0.3590
4904.7274   12.1525    0.0491
4904.6745   12.1423   -0.0356
4904.5871   12.1405   -0.0503
4904.7274   12.1403   -0.0514
4904.7274   12.1705    0.1971
4904.4640   12.1488    0.0185
4904.3089   12.1444   -0.0182
4904.1212   12.1465   -0.0004
4903.9030   12.1472    0.0054
4904.3087   12.1475    0.0079
4904.4637   12.1421   -0.0368
4904.3096   12.1439   -0.0219
4904.7274   12.1727    0.2150
4904.7274   12.1716    0.2063
4904.5869   12.1488    0.0182
4904.6744   12.1621    0.1279
4904.5868   12.1417   -0.0402
4904.7273   12.1746    0.2304
4904.7273   12.1756    0.2390
4904.6745   12.1517    0.0419
4904.5864   12.1470    0.0032
4904.5863   12.1453   -0.0107
4903.6416   12.1496    0.0250
4903.3646   12.1404   -0.0507
4903.0608   12.1253   -0.1748
4902.7337   12.1225   -0.1980
4903.3562   12.1360   -0.0869
4903.6268   12.1417   -0.0397
4903.3521   12.1276   -0.1564
4902.3801   12.1283   -0.1508
4902.0111   12.1290   -0.1445
4901.6238   12.1266   -0.1640
4902.0111   12.1313   -0.1260
4902.3801   12.1346   -0.0984
4903.3521   12.1239   -0.1864
4903.6268   12.1270   -0.1614
4903.3562   12.1247   -0.1804
4902.7337   12.1329   -0.1122
4903.0608   12.1285   -0.1487
4903.3646   12.1314   -0.1251
4903.6416   12.1269   -0.1621
4903.0515   12.1229   -0.1949
4902.7263   12.1230   -0.1944
4902.7263   12.1278   -0.1549
4904.7273   12.1806    0.2803
4904.7273   12.1665    0.1637
4904.5868   12.1527    0.0506
4904.6744   12.1559    0.0766
4904.5869   12.1454   -0.0099
4904.7274   12.1587    0.0995
4904.7274   12.1655    0.1556
4904.3096   12.1383   -0.0683
4904.4637   12.1472    0.0049
4904.3087   12.1394   -0.0591
4903.9030   12.1277   -0.1555
4904.1212   12.1410   -0.0457
4904.3089   12.1489    0.0191
4904.4640   12.1419   -0.0383
4904.7274   12.1563    0.0800
4904.7274   12.1565    0.0817
4904.5871   12.1396   -0.0575
4904.6745   12.1427   -0.0319
4904.7274   12.1452   -0.0111
4904.6745   12.1471    0.0044
4904.5863   12.1523    0.0474
4904.5864   12.1434   -0.0259
4904.6744   12.1658    0.1582
4904.5861   12.1470    0.0039
4904.4635   12.1289   -0.1456
4904.5861   12.1497    0.0256
4904.4635   12.1407   -0.0480
4904.3048   12.1353   -0.0925
4904.1152   12.1437   -0.0239
4903.8932   12.1448   -0.0148
4903.8867   12.1411   -0.0449
4903.8834   12.1329   -0.1122
4904.3048   12.1311   -0.1277
4904.1152   12.1201   -0.2178
4903.8834   12.1240   -0.1858
4903.8867   12.1169   -0.2444
4903.8932   12.1180   -0.2349
4904.3036   12.1239   -0.1867
4904.3036   12.1310   -0.1284
4904.1095   12.1216   -0.2056
4902.5022   12.1709    0.2005
4902.7870   12.1357   -0.0896
4903.0564   12.1229   -0.1947
4902.7870   12.1662    0.1615
4903.0564   12.1382   -0.0687
4903.3128   12.1149   -0.2605
4903.5488   12.0939   -0.4340
4903.7668   12.1091   -0.3081
4903.9647   12.1213   -0.2082
4903.7610   12.0808   -0.5414
4903.7581   12.0755   -0.5855
4903.9544   12.1088   -0.3112
4903.3128   12.1178   -0.2366
4903.5488   12.1347   -0.0976
4903.7581   12.1211   -0.2100
4903.7610   12.1243   -0.1835
4903.9544   12.1364   -0.0835
4903.7668   12.1511    0.0376
4903.9647   12.1606    0.1153
4903.3077   12.1313   -0.1261
4903.3077   12.1048   -0.3441
4903.5423   12.0842   -0.5132
4904.1505   12.1237   -0.1884
4904.3053   12.1138   -0.2698
4904.4380   12.1298   -0.1383
4904.5474   12.1496    0.0252
4904.4379   12.1096   -0.3041
4904.4385   12.1456   -0.0077
4904.5472   12.1230   -0.1944
4904.6341   12.1802    0.2770
4904.6955   12.1852    0.3177
4904.7326   12.1590    0.1024
4904.7450   12.1556    0.0741
4904.7326   12.1925    0.3785
4904.7326   12.1347   -0.0977
4904.7450   12.1673    0.1703
4904.6339   12.1379   -0.0714
4904.6339   12.1534    0.0565
4904.6954   12.1665    0.1637
4904.7326   12.1434   -0.0265
4904.7326   12.1687    0.1825
4904.7450   12.1520    0.0451
4904.7326   12.1783    0.2613
4904.7326   12.1907    0.3631
4904.7450   12.1930    0.3826
4904.6335   12.1361   -0.0866
4904.6335   12.1252   -0.1762
4904.6955   12.1412   -0.0440
4904.1505   12.1281   -0.1518
4904.3053   12.1093   -0.3072
4904.4385   12.1390   -0.0622
4904.4379   12.1301   -0.1358
4904.5472   12.1368   -0.0801
4904.4380   12.0721   -0.6134
4904.5474   12.1199   -0.2200
4904.6339   12.1274   -0.1580
4904.6339   12.1519    0.0438
4904.6954   12.1881    0.3423
4904.7326   12.2058    0.4876
4904.7326   12.1957    0.4041
4904.7450   12.1777    0.2562
4904.7326   12.1839    0.3076
4904.7326   12.2025    0.4603
4904.7450   12.1669    0.1674
4904.6341   12.1300   -0.1364
4904.6955   12.1222   -0.2009
4904.7326   12.1582    0.0957
4904.7326   12.1614    0.1223
4904.7450   12.1695    0.1888
4904.7326   12.1478    0.0100
4904.7450   12.1495    0.0240
4904.6335   12.0977   -0.4021
4904.6335   12.1008   -0.3766
4904.6955   12.1367   -0.0816
4904.1438   12.1567    0.0837
4904.1393   12.1233   -0.1915
4904.1370   12.1286   -0.1482
4904.3012   12.1521    0.0453
4904.4353   12.1178   -0.2368
4904.1370   12.1205   -0.2149
4904.1393   12.1196   -0.2223
4904.1438   12.1405   -0.0496
4904.3012   12.1392   -0.0611
4904.4353   12.1365   -0.0825
4904.5471   12.1292   -0.1429
4904.6334   12.1616    0.1234
4904.5471   12.1577    0.0919
4904.6334   12.1354   -0.0918
4904.6954   12.1839    0.3075
4904.4345   12.1516    0.0411
4904.2973   12.1170   -0.2437
4904.4345   12.1300   -0.1360
4904.7274   12.1410   -0.0458
4904.6855   12.1371   -0.0783
4904.6189   12.1130   -0.2767
4904.5281   12.1188   -0.2286
4904.6033   12.1558    0.0763
4904.5872   12.1203   -0.2165
4904.4866   12.1378   -0.0723
4904.4121   12.1337   -0.1063
4904.2738   12.1176   -0.2388
4904.1123   12.1394   -0.0593
4903.9290   12.1558    0.0762
4904.0745   12.1671    0.1694
4904.0376   12.1511    0.0377
4903.8429   12.1733    0.2203
4904.3345   12.1433   -0.0271
4904.3103   12.1352   -0.0935
4904.1507   12.1774    0.2537
4904.0018   12.1722    0.2113
4903.9675   12.1855    0.3205
4903.7621   12.1592    0.1042
4903.9346   12.1654    0.1552
4903.9035   12.1471    0.0046
4903.6883   12.1348   -0.0973
4904.3605   12.1403   -0.0519
4904.3864   12.1524    0.0476
4904.2104   12.1530    0.0529
4903.7155   12.1690    0.1844
4903.4900   12.1646    0.1488
4903.2447   12.1590    0.1023
4902.9819   12.1721    0.2098
4903.1718   12.1738    0.2239
4903.1014   12.1761    0.2432
4902.8238   12.1702    0.1943
4902.6995   12.1679    0.1757
4902.4041   12.2040    0.4730
4902.0940   12.1699    0.1920
4901.7718   12.1800    0.2755
4901.9875   12.1979    0.4230
4901.8862   12.1958    0.4049
4901.5473   12.1897    0.3553
4902.4448   12.1421   -0.0368
4902.3703   12.1511    0.0376
4902.0430   12.1370   -0.0785
4901.7902   12.1410   -0.0459
4901.7006   12.1180   -0.2351
4901.3462   12.1550    0.0690
4901.6175   12.1336   -0.1072
4901.5414   12.1030   -0.3589
4901.1725   12.1185   -0.2311
4902.5263   12.1629    0.1342
4902.6114   12.1700    0.1929
4902.2128   12.1727    0.2152
4903.4023   12.1439   -0.0220
4903.3770   12.1018   -0.3686
4903.0984   12.1294   -0.1411
4902.8323   12.1679    0.1759
4902.7979   12.1637    0.1411
4902.4780   12.1709    0.2000
4902.7684   12.1587    0.0996
4902.7439   12.1217   -0.2051
4902.4153   12.1227   -0.1966
4902.1845   12.1417   -0.0399
4902.1366   12.1558    0.0756
4901.7819   12.1194   -0.2239
4901.4725   12.0834   -0.5204
4901.4117   12.1011   -0.3740
4901.0293   12.0945   -0.4288
4901.3589   12.1178   -0.2365
4901.3143   12.1025   -0.3628
4900.9195   12.0814   -0.5363
4902.0375   12.1622    0.1286
4902.0198   12.1226   -0.1975
4901.6437   12.1368   -0.0805
4901.2783   12.1142   -0.2667
4901.2509   12.1412   -0.0441
4900.8451   12.1308   -0.1299
4901.2324   12.1403   -0.0519
4901.2227   12.1337   -0.1063
4900.8076   12.1262   -0.1676
4902.0647   12.1482    0.0136
4902.0978   12.1387   -0.0645
4901.6966   12.1447   -0.0154
4903.4409   12.1471    0.0040
4903.4818   12.1503    0.0310
4903.5250   12.1408   -0.0474
4903.1708   12.1716    0.2059
4902.8807   12.1622    0.1288
4903.5702   12.1713    0.2040
4903.6171   12.1910    0.3660
4903.6657   12.1869    0.3318
4903.3692   12.1940    0.3908
4903.0427   12.1741    0.2268
4902.5681   12.1504    0.0317
4902.2412   12.1525    0.0486
4902.6844   12.1584    0.0974
4902.3032   12.1361   -0.0865
4901.8979   12.1165   -0.2478
4902.9303   12.1570    0.0857
4903.2655   12.1495    0.0241
4902.9844   12.1537    0.0590
4904.7274   12.1442   -0.0194
4904.6855   12.1772    0.2519
4904.5872   12.2025    0.4608
4904.6033   12.1709    0.2001
4904.4866   12.1935    0.3868
4904.6189   12.1768    0.2492
4904.5281   12.1770    0.2501
4904.3103   12.1897    0.3554
4904.3345   12.1691    0.1856
4904.1507   12.1702    0.1949
4903.9035   12.1533    0.0557
4903.9346   12.1753    0.2361
4903.6883   12.1720    0.2091
4903.9675   12.1715    0.2053
4904.0018   12.1697    0.1903
4903.7621   12.1655    0.1555
4904.4121   12.1420   -0.0374
4904.2738   12.1459   -0.0053
4904.0376   12.1730    0.2173
4904.0745   12.1610    0.1184
4903.8429   12.1695    0.1891
4904.1123   12.1364   -0.0836
4903.9290   12.1421   -0.0371
4904.3864   12.1706    0.1982
4904.3605   12.1543    0.0640
4904.2104   12.1682    0.1784
4903.3770   12.1226   -0.1970
4903.4023   12.1493    0.0223
4903.0984   12.1443   -0.0188
4902.7439   12.1144   -0.2652
4902.7684   12.1275   -0.1567
4902.4153   12.0994   -0.3885
4902.7979   12.1366   -0.0820
4902.8323   12.1285   -0.1487
4902.4780   12.1167   -0.2462
4902.0198   12.1176   -0.2389
4902.0375   12.1015   -0.3709
4901.6437   12.1119   -0.2851
4901.2227   12.1363   -0.0848
4901.2324   12.1211   -0.2098
4900.8076   12.1094   -0.3057
4901.2509   12.1099   -0.3021
4901.2783   12.1179   -0.2361
4900.8451   12.1064   -0.3305
4902.1366   12.1385   -0.0662
4902.1845   12.1432   -0.0277
4901.7819   12.1513    0.0386
4901.3143   12.1188   -0.2284
4901.3589   12.1405   -0.0499
4900.9195   12.1397   -0.0567
4901.4117   12.1523    0.0468
4901.4725   12.1524    0.0483
4901.0293   12.1543    0.0640
4902.0978   12.1125   -0.2802
4902.0647   12.1027   -0.3608
4901.6966   12.1266   -0.1646
4903.7155   12.1605    0.1144
4903.4900   12.1540    0.0615
4903.1014   12.1409   -0.0465
4903.1718   12.1315   -0.1241
4902.8238   12.1120   -0.2844
4903.2447   12.1195   -0.2230
4902.9819   12.1306   -0.1312
4902.3703   12.1246   -0.1811
4902.4448   12.1290   -0.1448
4902.0430   12.1235   -0.1900
4901.5414   12.1486    0.0166
4901.6175   12.1350   -0.0950
4901.1725   12.1512    0.0383
4901.7006   12.1342   -0.1017
4901.7902   12.1444   -0.0178
4901.3462   12.1502    0.0299
4902.6995   12.1374   -0.0758
4902.4041   12.1599    0.1099
4901.8862   12.1551    0.0703
4901.9875   12.1413   -0.0438
4901.5473   12.1606    0.1158
4902.0940   12.1563    0.0804
4901.7718   12.1565    0.0815
4902.6114   12.1322   -0.1183
4902.5263   12.1328   -0.1130
4902.2128   12.1469    0.0031
4903.6657   12.1698    0.1912
4903.6171   12.1477    0.0097
4903.5702   12.1722    0.2107
4903.3692   12.1509    0.0354
4903.0427   12.1576    0.0904
4903.5250   12.1651    0.1522
4903.4818   12.1742    0.2276
4903.4409   12.1753    0.2363
4903.1708   12.1506    0.0329
4902.8807   12.1559    0.0769
4902.6844   12.1247   -0.1802
4902.3032   12.1320   -0.1197
4902.5681   12.1575    0.0902
4902.2412   12.1313   -0.1261
4901.8979   12.1400   -0.0545
4902.9844   12.1511    0.0372
4903.2655   12.1600    0.1107
4902.9303   12.1595    0.1061
4904.7274   12.1819    0.2912
4904.7274   12.1664    0.1633
4904.7274   12.1597    0.1082
4904.6745   12.1830    0.3003
4904.5871   12.2044    0.4760
4904.7274   12.1566    0.0827
4904.7274   12.1715    0.2053
4904.7273   12.1507    0.0343
4904.7273   12.1634    0.1385
4904.6744   12.1664    0.1629
4904.5869   12.1476    0.0086
4904.5868   12.1551    0.0698
4904.4640   12.2087    0.5115
4904.3089   12.1350   -0.0953
4904.4637   12.1572    0.0872
4904.3087   12.1689    0.1841
4904.3096   12.1970    0.4150
4904.1212   12.1186   -0.2301
4903.9030   12.1201   -0.2183
4904.5864   12.1710    0.2012
4904.6745   12.1534    0.0558
4904.5863   12.1581    0.0947
4904.7273   12.1977    0.4208
4904.7273   12.1601    0.1115
4904.7274   12.1478    0.0097
4904.7274   12.1162   -0.2501
4904.6744   12.1492    0.0214
4904.5868   12.1672    0.1697
4904.5869   12.1259   -0.1703
4904.7274   12.1333   -0.1095
4904.7274   12.1110   -0.2931
4904.7274   12.1319   -0.1204
4904.6745   12.1081   -0.3166
4904.5871   12.1417   -0.0402
4904.4637   12.1567    0.0836
4904.3096   12.1264   -0.1657
4904.3087   12.1552    0.0713
4904.4640   12.1383   -0.0684
4904.3089   12.1727    0.2152
4904.1212   12.1670    0.1685
4903.9030   12.1411   -0.0448
4904.5863   12.1567    0.0836
4904.6745   12.1177   -0.2373
4904.5864   12.1547    0.0667
4903.6416   12.1100   -0.3013
4903.3646   12.1171   -0.2429
4903.6268   12.1193   -0.2249
4903.3562   12.1380   -0.0708
4903.3521   12.1252   -0.1761
4903.0608   12.1187   -0.2293
4902.7337   12.0963   -0.4142
4903.6268   12.0992   -0.3897
4903.3521   12.0905   -0.4615
4903.3562   12.0969   -0.4090
4903.6416   12.0944   -0.4294
4903.3646   12.0994   -0.3881
4903.0608   12.1144   -0.2652
4902.7337   12.0861   -0.4976
4902.3801   12.0894   -0.4709
4902.0111   12.1418   -0.0395
4902.3801   12.1075   -0.3217
4902.0111   12.1411   -0.0452
4901.6238   12.1412   -0.0443
4902.7263   12.1115   -0.2888
4903.0515   12.1053   -0.3396
4902.7263   12.1036   -0.3540
4903.8932   12.1214   -0.2072
4904.1152   12.1630    0.1355
4904.3048   12.1795    0.2709
4903.8867   12.1477    0.0089
4903.8834   12.1503    0.0306
4904.4635   12.1406   -0.0489
4904.5861   12.1358   -0.0888
4904.6744   12.1562    0.0793
4904.5861   12.1592    0.1037
4904.4635   12.1267   -0.1634
4903.8834   12.1164   -0.2480
4903.8867   12.1059   -0.3351
4904.3048   12.1132   -0.2747
4904.1152   12.1384   -0.0671
4903.8932   12.1215   -0.2068
4904.1095   12.1608    0.1171
4904.3036   12.1492    0.0213
4904.3036   12.1339   -0.1047
4902.2049   12.1816    0.2883
4902.0940   12.1911    0.3669
4901.9875   12.1967    0.4128
4901.8862   12.1903    0.3602
4902.4041   12.1828    0.2986
4902.7930   12.1824    0.2948
4902.6995   12.1906    0.3623
4901.7902   12.1824    0.2946
4901.7006   12.1732    0.2189
4901.6175   12.1675    0.1720
4901.5414   12.1761    0.2435
4902.0430   12.1695    0.1884
4902.4448   12.1514    0.0398
4902.3703   12.1629    0.1348
4902.9819   12.1739    0.2250
4903.3198   12.1687    0.1820
4903.2447   12.1545    0.0649
4902.8238   12.1655    0.1560
4903.1718   12.1539    0.0606
4903.1014   12.1556    0.0742
4903.4900   12.1500    0.0284
4903.7753   12.1566    0.0822
4903.7155   12.1467    0.0015
4902.6114   12.1822    0.2933
4902.2128   12.1720    0.2091
4902.5263   12.1648    0.1498
4901.4725   12.1795    0.2714
4901.4117   12.1479    0.0106
4901.3589   12.1618    0.1257
4901.3143   12.1598    0.1085
4901.7819   12.1354   -0.0920
4902.1845   12.1511    0.0375
4902.1366   12.1363   -0.0849
4901.2783   12.1479    0.0109
4901.2509   12.1826    0.2965
4901.2324   12.1928    0.3809
4901.2227   12.1708    0.1991
4901.6437   12.1784    0.2618
4902.0375   12.1794    0.2702
4902.0198   12.1609    0.1177
4902.4780   12.1482    0.0136
4902.8323   12.1624    0.1303
4902.7979   12.1579    0.0932
4902.4153   12.1588    0.1005
4902.7684   12.1622    0.1290
4902.7439   12.1649    0.1510
4903.0984   12.1670    0.1680
4903.4023   12.1615    0.1233
4903.3770   12.1611    0.1200
4902.0978   12.1321   -0.1195
4901.6966   12.1384   -0.0677
4902.0647   12.1866    0.3293
4903.9290   12.1344   -0.0999
4904.1508   12.1373   -0.0762
4904.1123   12.1333   -0.1095
4903.8429   12.1419   -0.0385
4904.0745   12.1423   -0.0351
4904.0376   12.1375   -0.0745
4904.2738   12.1418   -0.0393
4904.4389   12.1443   -0.0189
4904.4121   12.1407   -0.0487
4903.7621   12.1472    0.0050
4904.0018   12.1427   -0.0316
4903.9675   12.1425   -0.0334
4903.6883   12.1546    0.0662
4903.9346   12.1514    0.0395
4903.9035   12.1550    0.0698
4904.1507   12.1412   -0.0439
4904.3345   12.1353   -0.0926
4904.3103   12.1412   -0.0441
4904.5281   12.1406   -0.0490
4904.6341   12.1458   -0.0062
4904.6189   12.1505    0.0322
4904.4866   12.1311   -0.1275
4904.6033   12.1425   -0.0336
4904.5872   12.1458   -0.0062
4904.6855   12.1521    0.0458
4904.7326   12.1646    0.1480
4904.7274   12.1541    0.0617
4904.3864   12.1358   -0.0886
4904.2104   12.1370   -0.0791
4904.3605   12.1288   -0.1466
4903.6657   12.1352   -0.0935
4903.3692   12.1295   -0.1407
4903.0427   12.1418   -0.0395
4903.6171   12.1335   -0.1080
4903.5702   12.1323   -0.1174
4902.6844   12.1367   -0.0816
4902.3032   12.1419   -0.0386
4901.8979   12.1621    0.1277
4902.2412   12.1297   -0.1388
4902.5681   12.1409   -0.0465
4903.5250   12.1486    0.0164
4903.4818   12.1471    0.0045
4902.8807   12.1679    0.1754
4903.1708   12.1578    0.0927
4903.4409   12.1535    0.0574
4903.2655   12.1353   -0.0928
4902.9844   12.1261   -0.1685
4902.9303   12.1450   -0.0129
4901.2227   12.1488    0.0182
4901.2324   12.1232   -0.1926
4901.2509   12.0847   -0.5093
4901.2783   12.0815   -0.5357
4901.6437   12.1402   -0.0522
4902.0198   12.1229   -0.1945
4902.0375   12.1195   -0.2228
4901.3143   12.1487    0.0173
4901.3589   12.1381   -0.0698
4901.4117   12.1312   -0.1261
4901.4725   12.1283   -0.1504
4901.7819   12.1649    0.1507
4902.1366   12.2052    0.4823
4902.1845   12.1899    0.3571
4902.4153   12.1910    0.3656
4902.7439   12.1826    0.2968
4902.7684   12.1663    0.1626
4902.4780   12.1507    0.0339
4902.7979   12.1618    0.1255
4902.8323   12.1804    0.2783
4903.0984   12.1903    0.3597
4903.3770   12.1436   -0.0242
4903.4023   12.1870    0.3324
4902.0647   12.1225   -0.1978
4901.6966   12.1550    0.0690
4902.0978   12.1091   -0.3086
4901.5414   12.1778    0.2572
4901.6175   12.1503    0.0305
4901.7006   12.1633    0.1375
4901.7902   12.2068    0.4955
4902.0430   12.1803    0.2773
4902.3703   12.1559    0.0768
4902.4448   12.1766    0.2472
4901.8862   12.2316    0.6998
4901.9875   12.2356    0.7332
4902.0940   12.1662    0.1619
4902.2049   12.1600    0.1102
4902.4041   12.1858    0.3229
4902.6995   12.2140    0.5552
4902.7930   12.1778    0.2567
4902.8238   12.2139    0.5541
4903.1014   12.1973    0.4175
4903.1718   12.2290    0.6788
4902.9819   12.2571    0.9099
4903.2447   12.2556    0.8973
4903.3198   12.2405    0.7730
4903.4900   12.2279    0.6694
4903.7155   12.2342    0.7216
4903.7753   12.2319    0.7023
4902.5263   12.2385    0.7569
4902.2128   12.2197    0.6018
4902.6114   12.2217    0.6189
4903.6883   12.1525    0.0486
4903.9035   12.1507    0.0336
4903.9346   12.1641    0.1444
4903.7621   12.1929    0.3818
4903.9675   12.1826    0.2963
4904.0018   12.2012    0.4500
4904.1507   12.1756    0.2392
4904.3103   12.1510    0.0365
4904.3345   12.1779    0.2581
4903.8429   12.1999    0.4387
4904.0376   12.1962    0.4088
4904.0745   12.1891    0.3504
4903.9290   12.2065    0.4936
4904.1123   12.1874    0.3363
4904.1508   12.1985    0.4278
4904.2738   12.1975    0.4195
4904.4121   12.1957    0.4046
4904.4389   12.1860    0.3245
4904.4866   12.1808    0.2822
4904.5872   12.1330   -0.1117
4904.6033   12.1526    0.0493
4904.5281   12.1842    0.3102
4904.6189   12.1937    0.3879
4904.6341   12.2012    0.4499
4904.6855   12.1188   -0.2283
4904.7274   12.0999   -0.3846
4904.7326   12.1061   -0.3330
4904.3605   12.1696    0.1899
4904.2104   12.1904    0.3607
4904.3864   12.1732    0.2195
4903.4409   12.1717    0.2065
4903.1708   12.1875    0.3371
4902.8807   12.1879    0.3403
4903.4818   12.1801    0.2762
4903.5250   12.1828    0.2985
4902.5681   12.1753    0.2366
4902.2412   12.2041    0.4740
4901.8979   12.1363   -0.0843
4902.3032   12.1584    0.0975
4902.6844   12.1706    0.1978
4903.5702   12.2118    0.5373
4903.6171   12.2020    0.4563
4903.0427   12.1345   -0.0990
4903.3692   12.1885    0.3454
4903.6657   12.2040    0.4730
4903.2655   12.1763    0.2444
4902.9303   12.1664    0.1630
4902.9844   12.1582    0.0958
4904.7450   12.1658    0.1583
4904.7326   12.1635    0.1392
4904.7326   12.1637    0.1408
4904.7450   12.1607    0.1161
4904.7326   12.1662    0.1617
4904.7326   12.1572    0.0876
4904.6955   12.1620    0.1273
4904.6341   12.1711    0.2015
4904.6341   12.1602    0.1118
4904.7450   12.1695    0.1885
4904.7326   12.1615    0.1230
4904.7326   12.1740    0.2255
4904.7450   12.1671    0.1686
4904.7326   12.1709    0.2005
4904.7326   12.1544    0.0643
4904.6954   12.1730    0.2173
4904.6339   12.1570    0.0861
4904.6339   12.1439   -0.0223
4904.5474   12.1479    0.0113
4904.4389   12.1572    0.0873
4904.4380   12.1426   -0.0324
4904.5472   12.1361   -0.0860
4904.4379   12.1401   -0.0536
4904.4385   12.1367   -0.0816
4904.3053   12.1327   -0.1146
4904.1508   12.1501    0.0293
4904.1505   12.1381   -0.0699
4904.6335   12.1530    0.0533
4904.6955   12.1591    0.1034
4904.6335   12.1586    0.0993
4904.7450   12.1253   -0.1748
4904.7326   12.1406   -0.0495
4904.7326   12.1050   -0.3425
4904.7450   12.0907   -0.4598
4904.7326   12.0909   -0.4584
4904.7326   12.0887   -0.4761
4904.6954   12.1002   -0.3816
4904.6339   12.1122   -0.2832
4904.6339   12.1043   -0.3481
4904.7450   12.0913   -0.4547
4904.7326   12.0894   -0.4711
4904.7326   12.0978   -0.4018
4904.7450   12.1199   -0.2198
4904.7326   12.1073   -0.3230
4904.7326   12.1132   -0.2744
4904.6955   12.0984   -0.3970
4904.6341   12.1200   -0.2186
4904.6341   12.1377   -0.0731
4904.5472   12.1129   -0.2775
4904.4385   12.1105   -0.2973
4904.4379   12.1198   -0.2203
4904.5474   12.1243   -0.1836
4904.4380   12.1322   -0.1181
4904.4389   12.1363   -0.0847
4904.3053   12.1342   -0.1015
4904.1505   12.1319   -0.1204
4904.1508   12.1360   -0.0870
4904.6335   12.1132   -0.2747
4904.6955   12.1008   -0.3771
4904.6335   12.1090   -0.3093
4903.9647   12.1546    0.0661
4903.7753   12.1375   -0.0744
4903.7668   12.1466    0.0004
4903.9544   12.1510    0.0364
4903.7610   12.1517    0.0420
4903.7581   12.1436   -0.0247
4903.5488   12.1445   -0.0171
4903.3198   12.1269   -0.1619
4903.3128   12.1227   -0.1964
4903.9544   12.1489    0.0191
4903.7581   12.1377   -0.0733
4903.7610   12.1329   -0.1127
4903.9647   12.1328   -0.1130
4903.7668   12.1295   -0.1403
4903.7753   12.1335   -0.1073
4903.5488   12.1193   -0.2249
4903.3128   12.1035   -0.3544
4903.3198   12.1177   -0.2376
4903.0564   12.1069   -0.3267
4902.7930   12.0947   -0.4270
4902.7870   12.0816   -0.5353
4903.0564   12.0827   -0.5255
4902.7870   12.0800   -0.5478
4902.7930   12.0874   -0.4870
4902.5022   12.0810   -0.5395
4902.2049   12.0724   -0.6108
4902.2049   12.0635   -0.6837
4903.3077   12.1184   -0.2319
4903.5423   12.1232   -0.1928
4903.3077   12.1052   -0.3409
4904.1438   12.1587    0.0997
4904.3012   12.1438   -0.0229
4904.4353   12.1393   -0.0595
4904.1393   12.1548    0.0674
4904.1370   12.1459   -0.0051
4904.5471   12.1468    0.0018
4904.6334   12.1324   -0.1167
4904.6954   12.1387   -0.0650
4904.6334   12.1257   -0.1717
4904.5471   12.1274   -0.1577
4904.1370   12.1434   -0.0263
4904.1393   12.1451   -0.0120
4904.4353   12.1234   -0.1907
4904.3012   12.1266   -0.1640
4904.1438   12.1332   -0.1105
4904.2973   12.1298   -0.1382
4904.4345   12.1411   -0.0447
4904.4345   12.1294   -0.1417
4904.7274   12.1640    0.1431
4904.6745   12.1542    0.0624
4904.5871   12.1371   -0.0782
4904.7274   12.1606    0.1155
4904.7274   12.1523    0.0470
4904.4640   12.1292   -0.1432
4904.3089   12.1390   -0.0625
4904.1212   12.1529    0.0517
4903.9030   12.1626    0.1322
4904.3087   12.1436   -0.0247
4904.4637   12.1427   -0.0318
4904.3096   12.1529    0.0521
4904.7274   12.1545    0.0657
4904.7274   12.1737    0.2235
4904.5869   12.1657    0.1575
4904.6744   12.1652    0.1536
4904.5868   12.1624    0.1303
4904.7273   12.1600    0.1105
4904.7273   12.1576    0.0909
4904.6745   12.1400   -0.0539
4904.5864   12.1356   -0.0900
4904.5863   12.1400   -0.0541
4903.6416   12.1550    0.0697
4903.3646   12.1566    0.0826
4903.0608   12.1856    0.3213
4902.7337   12.1865    0.3290
4903.3562   12.1779    0.2582
4903.6268   12.1692    0.1861
4903.3521   12.1940    0.3902
4902.3801   12.1911    0.3667
4902.0111   12.1928    0.3804
4901.6238   12.1351   -0.0945
4902.0111   12.1740    0.2257
4902.3801   12.1901    0.3581
4903.3521   12.2028    0.4633
4903.6268   12.1995    0.4353
4903.3562   12.2012    0.4498
4902.7337   12.2020    0.4565
4903.0608   12.1985    0.4279
4903.3646   12.1909    0.3651
4903.6416   12.1800    0.2749
4903.0515   12.2075    0.5017
4902.7263   12.1860    0.3245
4902.7263   12.1999    0.4389
4904.7273   12.1476    0.0083
4904.7273   12.1175   -0.2395
4904.5868   12.1427   -0.0316
4904.6744   12.1248   -0.1789
4904.5869   12.1126   -0.2800
4904.7274   12.0980   -0.3999
4904.7274   12.0898   -0.4675
4904.3096   12.1474    0.0066
4904.4637   12.1253   -0.1755
4904.3087   12.1390   -0.0623
4903.9030   12.1536    0.0575
4904.1212   12.1499    0.0277
4904.3089   12.1406   -0.0489
4904.4640   12.1221   -0.2015
4904.7274   12.0918   -0.4513
4904.7274   12.1103   -0.2988
4904.5871   12.1211   -0.2098
4904.6745   12.1154   -0.2569
4904.7274   12.1134   -0.2735
4904.6745   12.0876   -0.4853
4904.5863   12.0972   -0.4064
4904.5864   12.1024   -0.3639
4904.6744   12.1640    0.1433
4904.5861   12.1817    0.2889
4904.4635   12.1727    0.2153
4904.5861   12.1799    0.2740
4904.4635   12.1605    0.1151
4904.3048   12.1479    0.0110
4904.1152   12.1564    0.0811
4903.8932   12.1495    0.0245
4903.8867   12.1544    0.0644
4903.8834   12.1662    0.1619
4904.3048   12.1689    0.1840
4904.1152   12.1648    0.1503
4903.8834   12.1745    0.2300
4903.8867   12.1907    0.3631
4903.8932   12.1858    0.3229
4904.3036   12.1826    0.2965
4904.3036   12.1598    0.1092
4904.1095   12.1683    0.1788
4902.5022   12.1684    0.1799
4902.7870   12.1653    0.1539
4903.0564   12.1734    0.2208
4902.7870   12.1567    0.0836
4903.0564   12.1543    0.0638
4903.3128   12.1762    0.2435
4903.5488   12.1724    0.2130
4903.7668   12.1652    0.1533
4903.9647   12.1606    0.1153
4903.7610   12.1830    0.3000
4903.7581   12.1855    0.3202
4903.9544   12.1897    0.3549
4903.3128   12.1471    0.0041
4903.5488   12.1578    0.0925
4903.7581   12.1757    0.2399
4903.7610   12.1704    0.1963
4903.9544   12.1807    0.2812
4903.7668   12.1616    0.1237
4903.9647   12.1613    0.1210
4903.3077   12.1605    0.1147
4903.3077   12.1690    0.1844
4903.5423   12.1729    0.2168
4904.1505   12.1507    0.0340
4904.3053   12.1386   -0.0654
4904.4380   12.1286   -0.1476
4904.5474   12.1412   -0.0438
4904.4379   12.1344   -0.1000
4904.4385   12.1451   -0.0123
4904.5472   12.1379   -0.0717
4904.6341   12.1484    0.0149
4904.6955   12.1567    0.0831
4904.7326   12.1735    0.2217
4904.7450   12.1704    0.1961
4904.7326   12.1645    0.1478
4904.7326   12.1578    0.0925
4904.7450   12.1705    0.1969
4904.6339   12.1373   -0.0761
4904.6339   12.1391   -0.0616
4904.6954   12.1397   -0.0562
4904.7326   12.1464   -0.0013
4904.7326   12.1161   -0.2510
4904.7450   12.1315   -0.1240
4904.7326   12.1251   -0.1766
4904.7326   12.1242   -0.1839
4904.7450   12.1091   -0.3088
4904.6335   12.1258   -0.1713
4904.6335   12.1540    0.0611
4904.6955   12.1461   -0.0040
4904.1505   12.1632    0.1369
4904.3053   12.1635    0.1390
4904.4385   12.1678    0.1752
4904.4379   12.1625    0.1310
4904.5472   12.1582    0.0961
4904.4380   12.1656    0.1565
4904.5474   12.1624    0.1304
4904.6339   12.1513    0.0389
4904.6339   12.1514    0.0401
4904.6954   12.1441   -0.0206
4904.7326   12.1283   -0.1504
4904.7326   12.1300   -0.1361
4904.7450   12.1059   -0.3350
4904.7326   12.1339   -0.1047
4904.7326   12.1457   -0.0071
4904.7450   12.1429   -0.0305
4904.6341   12.1529    0.0522
4904.6955   12.1422   -0.0357
4904.7326   12.1443   -0.0184
4904.7326   12.1419   -0.0383
4904.7450   12.1423   -0.0355
4904.7326   12.1344   -0.1005
4904.7450   12.1370   -0.0785
4904.6335   12.1556    0.0740
4904.6335   12.1541    0.0621
4904.6955   12.1513    0.0386
4904.1438   12.1740    0.2260
4904.1393   12.1818    0.2901
4904.1370   12.1854    0.3194
4904.3012   12.1832    0.3012
4904.4353   12.1732    0.2192
4904.1370   12.1834    0.3029
4904.1393   12.1761    0.2429
4904.1438   12.1587    0.0996
4904.3012   12.1550    0.0696
4904.4353   12.1505    0.0324
4904.5471   12.1624    0.1299
4904.6334   12.1541    0.0622
4904.5471   12.1481    0.0128
4904.6334   12.1491    0.0206
4904.6954   12.1431   -0.0283
4904.4345   12.1729    0.2170
4904.2973   12.1804    0.2781
4904.4345   12.1643    0.1456
4904.7274   12.1735    0.2218
4904.6855   12.1648    0.1501
4904.6189   12.1622    0.1286
4904.5281   12.1712    0.2028
4904.6033   12.1586    0.0994
4904.5872   12.1655    0.1555
4904.4866   12.1639    0.1428
4904.4121   12.1695    0.1891
4904.2738   12.1605    0.1143
4904.1123   12.1590    0.1021
4903.9290   12.1435   -0.0251
4904.0745   12.1604    0.1139
4904.0376   12.1590    0.1024
4903.8429   12.1492    0.0215
4904.3345   12.1611    0.1194
4904.3103   12.1629    0.1341
4904.1507   12.1559    0.0768
4904.0018   12.1566    0.0823
4903.9675   12.1619    0.1265
4903.7621   12.1553    0.0720
4903.9346   12.1767    0.2481
4903.9035   12.1521    0.0458
4903.6883   12.1550    0.0697
4904.3605   12.1613    0.1213
4904.3864   12.1702    0.1949
4904.2104   12.1637    0.1413
4903.7155   12.1345   -0.0990
4903.4900   12.1243   -0.1835
4903.2447   12.1179   -0.2360
4902.9819   12.1062   -0.3327
4903.1718   12.1215   -0.2063
4903.1014   12.1260   -0.1692
4902.8238   12.1194   -0.2239
4902.6995   12.0998   -0.3850
4902.4041   12.1065   -0.3301
4902.0940   12.0964   -0.4130
4901.7718   12.1068   -0.3276
4901.9875   12.1239   -0.1865
4901.8862   12.1374   -0.0753
4901.5473   12.1385   -0.0667
4902.4448   12.1324   -0.1171
4902.3703   12.1369   -0.0794
4902.0430   12.1415   -0.0414
4901.7902   12.1530    0.0530
4901.7006   12.1617    0.1246
4901.3462   12.1653    0.1546
4901.6175   12.1577    0.0913
4901.5414   12.1532    0.0545
4901.1725   12.1545    0.0652
4902.5263   12.1267   -0.1632
4902.6114   12.1127   -0.2791
4902.2128   12.1385   -0.0663
4903.4023   12.1249   -0.1781
4903.3770   12.1055   -0.3380
4903.0984   12.1110   -0.2927
4902.8323   12.1184   -0.2319
4902.7979   12.1183   -0.2326
4902.4780   12.1333   -0.1090
4902.7684   12.1218   -0.2040
4902.7439   12.1063   -0.3313
4902.4153   12.1283   -0.1504
4902.1845   12.1347   -0.0977
4902.1366   12.1410   -0.0459
4901.7819   12.1491    0.0205
4901.4725   12.1474    0.0070
4901.4117   12.1527    0.0504
4901.0293   12.1469    0.0027
4901.3589   12.1637    0.1413
4901.3143   12.1592    0.1040
4900.9195   12.1799    0.2747
4902.0375   12.1358   -0.0885
4902.0198   12.1316   -0.1230
4901.6437   12.1457   -0.0072
4901.2783   12.1564    0.0808
4901.2509   12.1594    0.1056
4900.8451   12.1750    0.2344
4901.2324   12.1515    0.0405
4901.2227   12.1493    0.0222
4900.8076   12.1641    0.1444
4902.0647   12.1402   -0.0523
4902.0978   12.1434   -0.0261
4901.6966   12.1451   -0.0121
4903.4409   12.1298   -0.1381
4903.4818   12.1393   -0.0600
4903.5250   12.1492    0.0216
4903.1708   12.1206   -0.2142
4902.8807   12.1181   -0.2346
4903.5702   12.1457   -0.0072
4903.6171   12.1370   -0.0786
4903.6657   12.1365   -0.0829
4903.3692   12.1320   -0.1201
4903.0427   12.1282   -0.1513
4902.5681   12.1252   -0.1758
4902.2412   12.1287   -0.1470
4902.6844   12.1261   -0.1683
4902.3032   12.1333   -0.1089
4901.8979   12.1443   -0.0183
4902.9303   12.1235   -0.1900
4903.2655   12.1377   -0.0734
4902.9844   12.1263   -0.1667
4904.7274   12.1456   -0.0076
4904.6855   12.1536    0.0578
4904.5872   12.1527    0.0504
4904.6033   12.1797    0.2728
4904.4866   12.1608    0.1170
4904.6189   12.1975    0.4190
4904.5281   12.1840    0.3080
4904.3103   12.1020   -0.3669
4904.3345   12.1064   -0.3308
4904.1507   12.0710   -0.6220
4903.9035   12.1124   -0.2815
4903.9346   12.0703   -0.6280
4903.6883   12.1100   -0.3009
4903.9675   12.0723   -0.6114
4904.0018   12.0736   -0.6007
4903.7621   12.0902   -0.4638
4904.4121   12.1959    0.4059
4904.2738   12.1948    0.3970
4904.0376   12.1123   -0.2819
4904.0745   12.1595    0.1062
4903.8429   12.1398   -0.0561
4904.1123   12.2003    0.4427
4903.9290   12.1511    0.0370
4904.3864   12.1727    0.2155
4904.3605   12.1482    0.0138
4904.2104   12.1123   -0.2822
4903.3770   12.1343   -0.1010
4903.4023   12.1298   -0.1378
4903.0984   12.1484    0.0154
4902.7439   12.1641    0.1445
4902.7684   12.1671    0.1690
4902.4153   12.1617    0.1243
4902.7979   12.1529    0.0521
4902.8323   12.1394   -0.0594
4902.4780   12.1496    0.0250
4902.0198   12.1535    0.0574
4902.0375   12.1628    0.1338
4901.6437   12.1589    0.1013
4901.2227   12.1545    0.0651
4901.2324   12.1566    0.0829
4900.8076   12.1571    0.0866
4901.2509   12.1597    0.1079
4901.2783   12.1616    0.1239
4900.8451   12.1596    0.1072
4902.1366   12.1536    0.0579
4902.1845   12.1457   -0.0069
4901.7819   12.1649    0.1506
4901.3143   12.1694    0.1877
4901.3589   12.1720    0.2091
4900.9195   12.1712    0.2029
4901.4117   12.1668    0.1664
4901.4725   12.1691    0.1855
4901.0293   12.1688    0.1831
4902.0978   12.1606    0.1156
4902.0647   12.1632    0.1373
4901.6966   12.1654    0.1547
4903.7155   12.1824    0.2952
4903.4900   12.2177    0.5856
4903.1014   12.1633    0.1376
4903.1718   12.1781    0.2593
4902.8238   12.1597    0.1082
4903.2447   12.1962    0.4089
4902.9819   12.1852    0.3182
4902.3703   12.1640    0.1433
4902.4448   12.1791    0.2680
4902.0430   12.1701    0.1935
4901.5414   12.1749    0.2330
4901.6175   12.1746    0.2309
4901.1725   12.1742    0.2276
4901.7006   12.1682    0.1784
4901.7902   12.1851    0.3176
4901.3462   12.1793    0.2695
4902.6995   12.1991    0.4325
4902.4041   12.1885    0.3451
4901.8862   12.1935    0.3864
4901.9875   12.2023    0.4584
4901.5473   12.1775    0.2547
4902.0940   12.1797    0.2727
4901.7718   12.1581    0.0953
4902.6114   12.1781    0.2599
4902.5263   12.1541    0.0621
4902.2128   12.2173    0.5822
4903.6657   12.1725    0.2136
4903.6171   12.1547    0.0669
4903.5702   12.1138   -0.2697
4903.3692   12.1759    0.2415
4903.0427   12.1497    0.0256
4903.5250   12.0846   -0.5099
4903.4818   12.0896   -0.4690
4903.4409   12.1116   -0.2882
4903.1708   12.1158   -0.2531
4902.8807   12.1102   -0.2996
4902.6844   12.1348   -0.0973
4902.3032   12.1514    0.0395
4902.5681   12.1275   -0.1571
4902.2412   12.1438   -0.0224
4901.8979   12.1652    0.1536
4902.9844   12.1292   -0.1433
4903.2655   12.1096   -0.3046
4902.9303   12.1050   -0.3422
4904.7274   12.1382   -0.0693
4904.7274   12.1390   -0.0625
4904.7274   12.1361   -0.0858
4904.6745   12.1468    0.0017
4904.5871   12.1374   -0.0756
4904.7274   12.1285   -0.1486
4904.7274   12.1243   -0.1833
4904.7273   12.1059   -0.3348
4904.7273   12.0947   -0.4268
4904.6744   12.1059   -0.3351
4904.5869   12.1408   -0.0478
4904.5868   12.1048   -0.3437
4904.4640   12.1447   -0.0156
4904.3089   12.1094   -0.3064
4904.4637   12.1218   -0.2039
4904.3087   12.1163   -0.2491
4904.3096   12.1158   -0.2531
4904.1212   12.1076   -0.3207
4903.9030   12.1219   -0.2030
4904.5864   12.1259   -0.1703
4904.6745   12.1422   -0.0364
4904.5863   12.1481    0.0128
4904.7273   12.0989   -0.3925
4904.7273   12.0965   -0.4123
4904.7274   12.1263   -0.1667
4904.7274   12.1551    0.0706
4904.6744   12.1217   -0.2045
4904.5868   12.1065   -0.3302
4904.5869   12.1327   -0.1139
4904.7274   12.1798    0.2732
4904.7274   12.1828    0.2982
4904.7274   12.1719    0.2085
4904.6745   12.1834    0.3032
4904.5871   12.1825    0.2957
4904.4637   12.1440   -0.0216
4904.3096   12.1075   -0.3219
4904.3087   12.1488    0.0181
4904.4640   12.1969    0.4143
4904.3089   12.1858    0.3233
4904.1212   12.1242   -0.1841
4903.9030   12.1257   -0.1717
4904.5863   12.1558    0.0758
4904.6745   12.1660    0.1597
4904.5864   12.1750    0.2342
4903.6416   12.1281   -0.1525
4903.3646   12.1380   -0.0706
4903.6268   12.1199   -0.2198
4903.3562   12.1246   -0.1813
4903.3521   12.1282   -0.1509
4903.0608   12.1456   -0.0079
4902.7337   12.1425   -0.0332
4903.6268   12.1024   -0.3638
4903.3521   12.1236   -0.1889
4903.3562   12.1070   -0.3255
4903.6416   12.1127   -0.2787
4903.3646   12.0859   -0.4996
4903.0608   12.1029   -0.3592
4902.7337   12.1100   -0.3011
4902.3801   12.1357   -0.0896
4902.0111   12.1306   -0.1317
4902.3801   12.1177   -0.2379
4902.0111   12.1315   -0.1240
4901.6238   12.1465   -0.0008
4902.7263   12.1204   -0.2157
4903.0515   12.1265   -0.1656
4902.7263   12.1164   -0.2484
4903.8932   12.1185   -0.2308
4904.1152   12.1046   -0.3455
4904.3048   12.1043   -0.3479
4903.8867   12.1190   -0.2273
4903.8834   12.1039   -0.3515
4904.4635   12.0966   -0.4111
4904.5861   12.0898   -0.4677
4904.6744   12.0848   -0.5088
4904.5861   12.0876   -0.4858
4904.4635   12.1033   -0.3559
4903.8834   12.0970   -0.4080
4903.8867   12.0757   -0.5832
4904.3048   12.1041   -0.3501
4904.1152   12.0823   -0.5295
4903.8932   12.0887   -0.4767
4904.1095   12.0964   -0.4134
4904.3036   12.0919   -0.4497
4904.3036   12.0944   -0.4298
4902.5022   12.1581    0.0949
4902.7870   12.1494    0.0232
4903.0564   12.1274   -0.1581
4902.7870   12.1730    0.2176
4903.0564   12.1940    0.3907
4903.3128   12.1727    0.2150
4903.5488   12.1757    0.2400
4903.7668   12.1355   -0.0912
4903.9647   12.1592    0.1041
4903.7610   12.2085    0.5102
4903.7581   12.1757    0.2398
4903.9544   12.1547    0.0665
4903.3128   12.1579    0.0932
4903.5488   12.1969    0.4141
4903.7581   12.1564    0.0809
4903.7610   12.1580    0.0938
4903.9544   12.1467    0.0013
4903.7668   12.1962    0.4085
4903.9647   12.2113    0.5327
4903.3077   12.1819    0.2906
4903.3077   12.1661    0.1605
4903.5423   12.1744    0.2290
4904.1505   12.1789    0.2661
4904.3053   12.1756    0.2386
4904.4380   12.1928    0.3809
4904.5474   12.1632    0.1367
4904.4379   12.1898    0.3561
4904.4385   12.1696    0.1892
4904.5472   12.1858    0.3232
4904.6341   12.1347   -0.0980
4904.6955   12.1181   -0.2347
4904.7326   12.1203   -0.2165
4904.7450   12.1192   -0.2257
4904.7326   12.1227   -0.1965
4904.7326   12.1390   -0.0626
4904.7450   12.1168   -0.2448
4904.6339   12.1758    0.2405
4904.6339   12.1383   -0.0680
4904.6954   12.1471    0.0042
4904.7326   12.1515    0.0403
4904.7326   12.1521    0.0452
4904.7450   12.1438   -0.0230
4904.7326   12.1674    0.1715
4904.7326   12.1859    0.3236
4904.7450   12.1739    0.2252
4904.6335   12.1703    0.1954
4904.6335   12.1602    0.1118
4904.6955   12.1505    0.0322
4904.1505   12.2193    0.5984
4904.3053   12.2074    0.5008
4904.4385   12.1794    0.2702
4904.4379   12.1702    0.1944
4904.5472   12.1580    0.0941
4904.4380   12.1585    0.0984
4904.5474   12.1871    0.3333
4904.6339   12.1650    0.1514
4904.6339   12.1475    0.0077
4904.6954   12.1664    0.1632
4904.7326   12.1840    0.3080
4904.7326   12.1695    0.1884
4904.7450   12.1562    0.0792
4904.7326   12.1727    0.2155
4904.7326   12.1869    0.3323
4904.7450   12.1778    0.2571
4904.6341   12.2256    0.6507
4904.6955   12.1825    0.2958
4904.7326   12.1827    0.2972
4904.7326   12.1990    0.4315
4904.7450   12.2109    0.5293
4904.7326   12.1826    0.2964
4904.7450   12.1277   -0.1553
4904.6335   12.1978    0.4213
4904.6335   12.1476    0.0087
4904.6955   12.1988    0.4298
4904.1438   12.2115    0.5342
4904.1393   12.1549    0.0683
4904.1370   12.1477    0.0096
4904.3012   12.1892    0.3511
4904.4353   12.1574    0.0893
4904.1370   12.1849    0.3153
4904.1393   12.1863    0.3273
4904.1438   12.1768    0.2489
4904.3012   12.1915    0.3700
4904.4353   12.1693    0.1869
4904.5471   12.1584    0.0974
4904.6334   12.1582    0.0957
4904.5471   12.1668    0.1666
4904.6334   12.1494    0.0232
4904.6954   12.1761    0.2431
4904.4345   12.1378   -0.0722
4904.2973   12.1472    0.0055
4904.4345   12.1736    0.2224
4904.7274   12.1387   -0.0648
4904.6855   12.1440   -0.0213
4904.6189   12.1478    0.0105
4904.5281   12.1486    0.0165
4904.6033   12.1427   -0.0316
4904.5872   12.1436   -0.0247
4904.4866   12.1352   -0.0940
4904.4121   12.1581    0.0947
4904.2738   12.1603    0.1127
4904.1123   12.1608    0.1170
4903.9290   12.1453   -0.0104
4904.0745   12.1655    0.1562
4904.0376   12.1629    0.1341
4903.8429   12.1589    0.1014
4904.3345   12.1311   -0.1272
4904.3103   12.1388   -0.0643
4904.1507   12.1430   -0.0297
4904.0018   12.1316   -0.1230
4903.9675   12.1520    0.0449
4903.7621   12.1453   -0.0102
4903.9346   12.1497    0.0257
4903.9035   12.1010   -0.3753
4903.6883   12.1367   -0.0810
4904.3605   12.1453   -0.0104
4904.3864   12.1529    0.0524
4904.2104   12.1508    0.0348
4903.7155   12.1496    0.0250
4903.4900   12.1485    0.0155
4903.2447   12.1443   -0.0186
4902.9819   12.1395   -0.0578
4903.1718   12.1446   -0.0163
4903.1014   12.1370   -0.0785
4902.8238   12.1339   -0.1047
4902.6995   12.1382   -0.0690
4902.4041   12.1479    0.0110
4902.0940   12.1457   -0.0073
4901.7718   12.1396   -0.0577
4901.9875   12.1523    0.0468
4901.8862   12.1537    0.0587
4901.5473   12.1548    0.0679
4902.4448   12.1455   -0.0092
4902.3703   12.1463   -0.0021
4902.0430   12.1487    0.0178
4901.7902   12.1574    0.0891
4901.7006   12.1543    0.0636
4901.3462   12.1571    0.0867
4901.6175   12.1444   -0.0179
4901.5414   12.1368   -0.0803
4901.1725   12.1482    0.0130
4902.5263   12.1440   -0.0215
4902.6114   12.1385   -0.0661
4902.2128   12.1532    0.0543
4903.4023   12.1014   -0.3716
4903.3770   12.1382   -0.0688
4903.0984   12.1158   -0.2534
4902.8323   12.1233   -0.1918
4902.7979   12.1089   -0.3103
4902.4780   12.1358   -0.0887
4902.7684   12.1374   -0.0751
4902.7439   12.1424   -0.0347
4902.4153   12.1603    0.1133
4902.1845   12.1176   -0.2385
4902.1366   12.1238   -0.1875
4901.7819   12.1076   -0.3210
4901.4725   12.1360   -0.0873
4901.4117   12.1360   -0.0868
4901.0293   12.1447   -0.0157
4901.3589   12.1370   -0.0790
4901.3143   12.1306   -0.1311
4900.9195   12.1404   -0.0504
4902.0375   12.1393   -0.0601
4902.0198   12.1438   -0.0231
4901.6437   12.1342   -0.1017
4901.2783   12.1355   -0.0908
4901.2509   12.1398   -0.0558
4900.8451   12.1527    0.0507
4901.2324   12.1259   -0.1702
4901.2227   12.1375   -0.0745
4900.8076   12.1388   -0.0637
4902.0647   12.1411   -0.0450
4902.0978   12.1315   -0.1243
4901.6966   12.1347   -0.0980
4903.4409   12.1404   -0.0510
4903.4818   12.1247   -0.1802
4903.5250   12.1266   -0.1648
4903.1708   12.1209   -0.2115
4902.8807   12.1183   -0.2331
4903.5702   12.1334   -0.1084
4903.6171   12.1500    0.0278
4903.6657   12.1539    0.0607
4903.3692   12.1440   -0.0213
4903.0427   12.1361   -0.0864
4902.5681   12.1206   -0.2141
4902.2412   12.1147   -0.2626
4902.6844   12.1447   -0.0153
4902.3032   12.1346   -0.0983
4901.8979   12.1334   -0.1081
4902.9303   12.1252   -0.1758
4903.2655   12.1164   -0.2487
4902.9844   12.1260   -0.1696
4904.7274   12.1068   -0.3277
4904.6855   12.1229   -0.1947
4904.5872   12.1462   -0.0034
4904.6033   12.1489    0.0194
4904.4866   12.1627    0.1331
4904.6189   12.1468    0.0020
4904.5281   12.1692    0.1861
4904.3103   12.1482    0.0133
4904.3345   12.1563    0.0804
4904.1507   12.1513    0.0387
4903.9035   12.1610    0.1192
4903.9346   12.1687    0.1818
4903.6883   12.1764    0.2459
4903.9675   12.1530    0.0530
4904.0018   12.1373   -0.0766
4903.7621   12.1497    0.0256
4904.4121   12.1426   -0.0328
4904.2738   12.1332   -0.1099
4904.0376   12.1385   -0.0663
4904.0745   12.1462   -0.0027
4903.8429   12.1412   -0.0444
4904.1123   12.1399   -0.0545
4903.9290   12.1330   -0.1120
4904.3864   12.1569    0.0854
4904.3605   12.1617    0.1247
4904.2104   12.1473    0.0056
4903.3770   12.1381   -0.0698
4903.4023   12.1720    0.2095
4903.0984   12.1571    0.0867
4902.7439   12.1344   -0.0999
4902.7684   12.1528    0.0512
4902.4153   12.1424   -0.0343
4902.7979   12.1717    0.2069
4902.8323   12.1520    0.0450
4902.4780   12.1428   -0.0312
4902.0198   12.1522    0.0465
4902.0375   12.1288   -0.1460
4901.6437   12.1220   -0.2020
4901.2227   12.1410   -0.0456
4901.2324   12.1427   -0.0318
4900.8076   12.1326   -0.1150
4901.2509   12.1198   -0.2206
4901.2783   12.0899   -0.4670
4900.8451   12.1207   -0.2129
4902.1366   12.1400   -0.0541
4902.1845   12.1413   -0.0433
4901.7819   12.1244   -0.1821
4901.3143   12.0912   -0.4559
4901.3589   12.1251   -0.1764
4900.9195   12.1110   -0.2925
4901.4117   12.1298   -0.1384
4901.4725   12.1264   -0.1664
4901.0293   12.1350   -0.0954
4902.0978   12.1293   -0.1422
4902.0647   12.1343   -0.1013
4901.6966   12.1132   -0.2746
4903.7155   12.1313   -0.1254
4903.4900   12.1255   -0.1735
4903.1014   12.1474    0.0072
4903.1718   12.1249   -0.1785
4902.8238   12.1402   -0.0528
4903.2447   12.1176   -0.2389
4902.9819   12.0993   -0.3893
4902.3703   12.1686    0.1812
4902.4448   12.1469    0.0025
4902.0430   12.1693    0.1875
4901.5414   12.1352   -0.0937
4901.6175   12.1620    0.1272
4901.1725   12.1369   -0.0795
4901.7006   12.1346   -0.0988
4901.7902   12.0936   -0.4362
4901.3462   12.1091   -0.3082
4902.6995   12.0892   -0.4722
4902.4041   12.0811   -0.5393
4901.8862   12.0645   -0.6760
4901.9875   12.0558   -0.7471
4901.5473   12.0663   -0.6607
4902.0940   12.0536   -0.7655
4901.7718   12.0733   -0.6032
4902.6114   12.1006   -0.3781
4902.5263   12.1242   -0.1846
4902.2128   12.1055   -0.3384
4903.6657   12.1322   -0.1179
4903.6171   12.1414   -0.0428
4903.5702   12.1570    0.0855
4903.3692   12.1434   -0.0262
4903.0427   12.1677    0.1742
4903.5250   12.1524    0.0476
4903.4818   12.1604    0.1142
4903.4409   12.1637    0.1411
4903.1708   12.1587    0.0999
4902.8807   12.1539    0.0600
4902.6844   12.1640    0.1439
4902.3032   12.1484    0.0149
4902.5681   12.1497    0.0259
4902.2412   12.1453   -0.0102
4901.8979   12.1413   -0.0436
4902.9844   12.1636    0.1404
4903.2655   12.1544    0.0643
4902.9303   12.1605    0.1146
4904.7274   12.1470    0.0032
4904.7274   12.1995    0.4362
4904.7274   12.2339    0.7189
4904.6745   12.1722    0.2108
4904.5871   12.1705    0.1968
4904.7274   12.1853    0.3188
4904.7274   12.1576    0.0908
4904.7273   12.1720    0.2092
4904.7273   12.2025    0.4608
4904.6744   12.1833    0.3024
4904.5869   12.1946    0.3951
4904.5868   12.1642    0.1455
4904.4640   12.1588    0.1008
4904.3089   12.1586    0.0992
4904.4637   12.1719    0.2082
4904.3087   12.1356   -0.0905
4904.3096   12.1578    0.0926
4904.1212   12.1429   -0.0299
4903.9030   12.1450   -0.0132
4904.5864   12.1791    0.2680
4904.6745   12.1760    0.2427
4904.5863   12.1850    0.3166
4904.7273   12.1698    0.1910
4904.7273   12.1719    0.2088
4904.7274   12.1542    0.0630
4904.7274   12.1331   -0.1109
4904.6744   12.1618    0.1253
4904.5868   12.1691    0.1858
4904.5869   12.1370   -0.0791
4904.7274   12.1286   -0.1479
4904.7274   12.1478    0.0102
4904.7274   12.1273   -0.1589
4904.6745   12.1339   -0.1040
4904.5871   12.1406   -0.0491
4904.4637   12.1435   -0.0249
4904.3096   12.1508    0.0348
4904.3087   12.1486    0.0164
4904.4640   12.1498    0.0263
4904.3089   12.1566    0.0827
4904.1212   12.1376   -0.0735
4903.9030   12.1360   -0.0873
4904.5863   12.1405   -0.0504
4904.6745   12.1612    0.1206
4904.5864   12.1484    0.0147
4903.6416   12.1228   -0.1959
4903.3646   12.1236   -0.1891
4903.6268   12.1360   -0.0874
4903.3562   12.1326   -0.1153
4903.3521   12.1450   -0.0132
4903.0608   12.1696    0.1899
4902.7337   12.1599    0.1101
4903.6268   12.1559    0.0771
4903.3521   12.1649    0.1505
4903.3562   12.1504    0.0311
4903.6416   12.1231   -0.1933
4903.3646   12.1564    0.0810
4903.0608   12.1553    0.0719
4902.7337   12.1625    0.1309
4902.3801   12.1471    0.0047
4902.0111   12.1605    0.1146
4902.3801   12.1553    0.0719
4902.0111   12.1459   -0.0052
4901.6238   12.1429   -0.0299
4902.7263   12.1878    0.3391
4903.0515   12.1569    0.0848
4902.7263   12.1625    0.1310
4903.8932   12.1434   -0.0262
4904.1152   12.1597    0.1080
4904.3048   12.1900    0.3577
4903.8867   12.1546    0.0658
4903.8834   12.1785    0.2632
4904.4635   12.1891    0.3499
4904.5861   12.1601    0.1111
4904.6744   12.1607    0.1164
4904.5861   12.1772    0.2518
4904.4635   12.1475    0.0073
4903.8834   12.1334   -0.1086
4903.8867   12.1567    0.0833
4904.3048   12.1496    0.0253
4904.1152   12.1392   -0.0607
4903.8932   12.1480    0.0118
4904.1095   12.1670    0.1685
4904.3036   12.1769    0.2500
4904.3036   12.1480    0.0120
4901.4870   12.1326   -0.1152
4901.3614   12.1403   -0.0518
4901.2408   12.1425   -0.0333
4901.1265   12.1500    0.0279
4900.9323   12.1356   -0.0904
4900.6249   12.1337   -0.1059
4900.4883   12.1289   -0.1454
4901.0168   12.1618    0.1250
4900.9160   12.1637    0.1407
4900.8224   12.1670    0.1686
4900.7371   12.1740    0.2261
4900.4693   12.1613    0.1214
4900.1166   12.1505    0.0322
4900.0100   12.1586    0.0987
4900.0258   12.1264   -0.1662
4899.7058   12.1274   -0.1581
4899.5567   12.1277   -0.1555
4899.7632   12.1349   -0.0958
4899.4172   12.1308   -0.1300
4899.2889   12.1398   -0.0554
4899.0774   12.1307   -0.1308
4898.7473   12.1298   -0.1383
4898.5924   12.1323   -0.1175
4900.3550   12.1255   -0.1735
4900.6864   12.1424   -0.0341
4900.2306   12.1376   -0.0736
4900.6534   12.1688    0.1828
4900.5854   12.1561    0.0784
4900.5260   12.1430   -0.0290
4900.4762   12.1437   -0.0234
4900.1269   12.1590    0.1027
4899.7260   12.1783    0.2616
4899.6582   12.1679    0.1755
4900.4348   12.1411   -0.0454
4900.4042   12.1414   -0.0423
4900.3832   12.1347   -0.0978
4900.3723   12.1265   -0.1655
4899.9510   12.1463   -0.0021
4899.5150   12.1518    0.0428
4899.4896   12.1428   -0.0308
4899.1759   12.1616    0.1240
4898.7607   12.1722    0.2112
4898.6920   12.1576    0.0912
4899.0737   12.1439   -0.0221
4898.6370   12.1482    0.0132
4898.5964   12.1310   -0.1285
4898.2035   12.1374   -0.0754
4897.7772   12.1279   -0.1534
4897.7147   12.1316   -0.1233
4899.5976   12.1611    0.1200
4900.0186   12.1529    0.0517
4899.5497   12.1616    0.1241
4898.0802   12.1377   -0.0732
4897.7679   12.1439   -0.0219
4897.5885   12.1429   -0.0301
4897.7678   12.1428   -0.0313
4897.4244   12.1409   -0.0468
4897.2773   12.1417   -0.0398
4897.0961   12.1362   -0.0854
4896.7862   12.1489    0.0191
4896.6075   12.1394   -0.0594
4897.5211   12.1394   -0.0592
4897.1455   12.1385   -0.0668
4897.0338   12.1359   -0.0876
4897.3452   12.1215   -0.2063
4896.9403   12.1235   -0.1898
4896.8661   12.1127   -0.2791
4896.5491   12.1215   -0.2065
4896.1755   12.1165   -0.2477
4896.0715   12.1136   -0.2711
4896.1185   12.1265   -0.1650
4895.8210   12.1474    0.0067
4895.6424   12.1309   -0.1286
4895.8179   12.1239   -0.1869
4895.4849   12.1266   -0.1640
4895.3504   12.1336   -0.1064
4895.1749   12.1345   -0.0995
4894.8908   12.1467    0.0014
4894.7203   12.1384   -0.0677
4896.4426   12.1220   -0.2020
4896.7860   12.1348   -0.0972
4896.2981   12.1211   -0.2100
4898.4283   12.1384   -0.0669
4898.7872   12.1444   -0.0182
4899.1533   12.1455   -0.0085
4898.2785   12.1434   -0.0262
4898.1449   12.1474    0.0064
4899.5283   12.1599    0.1100
4899.9032   12.1677    0.1741
4900.2795   12.1761    0.2431
4899.8081   12.1817    0.2894
4899.3274   12.1935    0.3867
4898.0255   12.1586    0.0990
4897.9252   12.1546    0.0657
4898.8336   12.1981    0.4238
4898.3398   12.1678    0.1748
4897.8421   12.1350   -0.0949
4898.5309   12.1594    0.1052
4899.0335   12.1577    0.0913
4898.9265   12.1735    0.2221
4900.3723   12.1495    0.0237
4900.3832   12.1509    0.0356
4900.4042   12.1399   -0.0553
4900.4348   12.1510    0.0366
4899.9510   12.1353   -0.0925
4899.4896   12.1403   -0.0516
4899.5150   12.1354   -0.0918
4900.4762   12.1667    0.1656
4900.5260   12.1558    0.0756
4900.5854   12.1431   -0.0282
4900.6534   12.1444   -0.0178
4900.1269   12.1537    0.0589
4899.6582   12.1596    0.1075
4899.7260   12.1572    0.0877
4899.0737   12.1541    0.0624
4898.5964   12.1577    0.0913
4898.6370   12.1656    0.1566
4899.1759   12.1670    0.1685
4898.6920   12.1651    0.1522
4898.7607   12.1501    0.0288
4898.2035   12.1641    0.1444
4897.7147   12.1587    0.0997
4897.7772   12.1437   -0.0234
4899.5497   12.1553    0.0718
4900.0186   12.1625    0.1314
4899.5976   12.1701    0.1938
4900.7371   12.1262   -0.1677
4900.8224   12.1105   -0.2970
4900.9160   12.0905   -0.4620
4901.0168   12.0771   -0.5716
4900.4693   12.1089   -0.3100
4900.0100   12.1272   -0.1592
4900.1166   12.1035   -0.3548
4901.1265   12.0673   -0.6523
4901.2408   12.0661   -0.6625
4901.3614   12.0716   -0.6175
4901.4870   12.0956   -0.4200
4900.9323   12.0842   -0.5133
4900.4883   12.0941   -0.4318
4900.6249   12.1198   -0.2201
4899.7632   12.0993   -0.3895
4899.2889   12.1204   -0.2154
4899.4172   12.0974   -0.4046
4900.0258   12.1034   -0.3556
4899.5567   12.0913   -0.4554
4899.7058   12.1116   -0.2880
4899.0774   12.0962   -0.4145
4898.5924   12.0948   -0.4259
4898.7473   12.1111   -0.2921
4900.2306   12.0893   -0.4717
4900.6864   12.0822   -0.5302
4900.3550   12.0896   -0.4688
4897.3452   12.1291   -0.1439
4896.8661   12.1230   -0.1940
4896.9403   12.1244   -0.1828
4897.5211   12.1279   -0.1540
4897.0338   12.1217   -0.2049
4897.1455   12.1238   -0.1873
4896.5491   12.1266   -0.1643
4896.0715   12.1250   -0.1774
4896.1755   12.1314   -0.1250
4897.7678   12.1199   -0.2193
4897.2773   12.1289   -0.1454
4897.4244   12.1307   -0.1309
4898.0802   12.1108   -0.2943
4897.5885   12.1335   -0.1079
4897.7679   12.1387   -0.0645
4897.0961   12.1582    0.0961
4896.6075   12.1540    0.0608
4896.7862   12.1713    0.2034
4895.8179   12.1329   -0.1129
4895.3504   12.1299   -0.1372
4895.4849   12.1338   -0.1048
4896.1185   12.1555    0.0737
4895.6424   12.1414   -0.0428
4895.8210   12.1531    0.0535
4895.1749   12.1280   -0.1530
4894.7203   12.1191   -0.2258
4894.8908   12.1253   -0.1747
4896.2981   12.1432   -0.0279
4896.7860   12.1395   -0.0584
4896.4426   12.1561    0.0783
4897.8421   12.1410   -0.0457
4898.3398   12.1404   -0.0511
4898.8336   12.1421   -0.0367
4897.9252   12.1343   -0.1012
4898.0255   12.1256   -0.1727
4899.3274   12.1413   -0.0434
4899.8081   12.1464   -0.0012
4900.2795   12.1438   -0.0228
4899.9032   12.1395   -0.0585
4899.5283   12.1241   -0.1852
4898.1449   12.1111   -0.2919
4898.2785   12.0944   -0.4299
4899.1533   12.1212   -0.2091
4898.7872   12.0983   -0.3976
4898.4283   12.0892   -0.4725
4898.5309   12.1170   -0.2434
4898.9265   12.1307   -0.1305
4899.0335   12.1237   -0.1883
4894.1968   12.1520    0.0448
4894.0133   12.1479    0.0105
4893.7758   12.1500    0.0284
4893.7925   12.1457   -0.0068
4893.5690   12.1438   -0.0226
4893.3949   12.1201   -0.2183
4893.3725   12.1418   -0.0396
4893.2050   12.1461   -0.0038
4892.9906   12.1489    0.0194
4893.5174   12.1263   -0.1666
4893.2529   12.1228   -0.1956
4893.1466   12.1319   -0.1211
4893.3782   12.1365   -0.0829
4893.0750   12.1238   -0.1874
4893.0389   12.1271   -0.1603
4892.7978   12.1355   -0.0908
4892.5493   12.1406   -0.0493
4892.4744   12.1237   -0.1883
4892.6270   12.1516    0.0414
4892.4815   12.1633    0.1380
4892.2917   12.1534    0.0563
4892.3275   12.1445   -0.0169
4892.1389   12.1735    0.2219
4892.0247   12.1482    0.0130
4891.9813   12.1527    0.0503
4891.8564   12.1576    0.0912
4891.6988   12.1508    0.0348
4892.8067   12.1472    0.0054
4893.0161   12.1210   -0.2102
4892.6591   12.1362   -0.0853
4893.3782   12.1358   -0.0888
4893.0389   12.1295   -0.1405
4893.0750   12.1215   -0.2066
4893.5174   12.1155   -0.2562
4893.1466   12.1189   -0.2279
4893.2529   12.1068   -0.3275
4892.7978   12.1234   -0.1908
4892.4744   12.1183   -0.2326
4892.5493   12.1109   -0.2938
4893.7925   12.1070   -0.3256
4893.3949   12.1047   -0.3451
4893.5690   12.1044   -0.3471
4894.1968   12.1072   -0.3241
4893.7758   12.0951   -0.4235
4894.0133   12.0918   -0.4506
4893.3725   12.0975   -0.4042
4892.9906   12.1044   -0.3473
4893.2050   12.0812   -0.5382
4892.3275   12.1130   -0.2761
4892.0247   12.1066   -0.3292
4892.1389   12.1132   -0.2747
4892.6270   12.1116   -0.2880
4892.2917   12.1109   -0.2939
4892.4815   12.0830   -0.5235
4891.9813   12.1119   -0.2856
4891.6988   12.1102   -0.2995
4891.8564   12.0912   -0.4556
4892.6591   12.1112   -0.2915
4893.0161   12.1117   -0.2870
4892.8067   12.1128   -0.2780
4891.4333   12.1531    0.0534
4891.3414   12.1648    0.1505
4891.2103   12.1494    0.0236
4891.2592   12.1205   -0.2147
4891.1222   12.0984   -0.3962
4891.0780   12.1129   -0.2770
4891.0175   12.1297   -0.1387
4890.9465   12.1595    0.1061
4890.8570   12.1240   -0.1861
4891.2592   12.1198   -0.2202
4891.0780   12.1228   -0.1954
4891.1222   12.1231   -0.1931
4891.4333   12.1034   -0.3552
4891.2103   12.1175   -0.2392
4891.3414   12.1208   -0.2123
4891.0175   12.1430   -0.0293
4890.8570   12.1387   -0.0648
4890.9465   12.1530    0.0525
4890.7275   12.1427   -0.0316
4890.6790   12.1542    0.0625
4890.6328   12.1417   -0.0402
4890.7275   12.1377   -0.0730
4890.6328   12.1326   -0.1151
4890.6790   12.1446   -0.0162
4890.5714   12.1376   -0.0735
4890.5439   12.1578    0.0925
4890.5439   12.1544    0.0643
4890.8110   12.1293   -0.1421
4890.9282   12.1346   -0.0986
4890.8110   12.1295   -0.1406
4891.5693   12.1387   -0.0649
4891.7383   12.1331   -0.1113
4891.9386   12.1311   -0.1271
4891.4823   12.1182   -0.2332
4891.4387   12.1208   -0.2123
4892.1726   12.1250   -0.1779
4892.4334   12.1267   -0.1633
4892.7232   12.1222   -0.2004
4892.4334   12.1171   -0.2429
4892.1726   12.1099   -0.3017
4891.4387   12.1123   -0.2819
4891.4823   12.1052   -0.3409
4891.9386   12.1100   -0.3013
4891.7383   12.1001   -0.3826
4891.5693   12.0837   -0.5178
4891.6512   12.1134   -0.2730
4891.8967   12.1293   -0.1421
4891.8967   12.1179   -0.2358
4894.4902   12.1484    0.0153
4894.8108   12.1416   -0.0412
4895.1553   12.1310   -0.1285
4894.2896   12.1506    0.0334
4894.1207   12.1418   -0.0392
4895.5266   12.1192   -0.2252
4895.9140   12.1081   -0.3170
4896.3202   12.1073   -0.3229
4896.7408   12.1118   -0.2866
4895.7835   12.1017   -0.3691
4895.2622   12.1098   -0.3030
4895.6815   12.1215   -0.2061
4893.9827   12.1329   -0.1123
4893.8795   12.1377   -0.0732
4894.7526   12.1382   -0.0690
4894.2698   12.1514    0.0397
4894.6840   12.1577    0.0912
4893.8099   12.1490    0.0203
4893.7747   12.1516    0.0412
4894.4755   12.1310   -0.1282
4894.9921   12.1309   -0.1293
4894.8574   12.1211   -0.2095
4897.1971   12.1321   -0.1191
4897.6412   12.1393   -0.0598
4898.0939   12.1473    0.0060
4898.5500   12.1423   -0.0348
4897.5918   12.1537    0.0586
4897.0959   12.1654    0.1547
4897.5671   12.1626    0.1318
4899.0139   12.1363   -0.0846
4899.4709   12.1375   -0.0748
4899.9254   12.1365   -0.0825
4899.4709   12.1437   -0.0239
4899.0139   12.1446   -0.0164
4897.5671   12.1713    0.2032
4897.0959   12.1697    0.1906
4897.5918   12.1703    0.1952
4898.5500   12.1539    0.0603
4898.0939   12.1703    0.1951
4897.6412   12.1702    0.1945
4897.1971   12.1458   -0.0061
4898.0457   12.1564    0.0810
4898.5298   12.1389   -0.0629
4898.5298   12.1514    0.0401
4893.7747   12.1519    0.0438
4893.8099   12.1409   -0.0465
4894.6840   12.1542    0.0628
4894.2698   12.1403   -0.0518
4894.7526   12.1363   -0.0842
4893.8795   12.1235   -0.1896
4893.9827   12.1082   -0.3156
4895.6815   12.1283   -0.1508
4895.2622   12.1336   -0.1068
4895.7835   12.1212   -0.2092
4896.7408   12.1288   -0.1466
4896.3202   12.1177   -0.2374
4895.9140   12.1241   -0.1848
4895.5266   12.1291   -0.1438
4894.1207   12.1083   -0.3154
4894.2896   12.1135   -0.2725
4895.1553   12.1263   -0.1672
4894.8108   12.1236   -0.1889
4894.4902   12.1169   -0.2443
4894.4755   12.1115   -0.2891
4894.8574   12.1294   -0.1414
4894.9921   12.1251   -0.1770
4894.1988   12.1619    0.1258
4894.6505   12.1650    0.1518
4895.1245   12.1522    0.0467
4894.6505   12.1612    0.1200
4895.1245   12.1523    0.0470
4895.6251   12.1504    0.0319
4896.1363   12.1328   -0.1131
4896.6624   12.1324   -0.1165
4896.6097   12.1522    0.0461
4896.5832   12.1842    0.3094
4895.6251   12.1362   -0.0851
4896.1363   12.1409   -0.0467
4896.5832   12.1578    0.0924
4896.6097   12.1493    0.0224
4896.6624   12.1449   -0.0141
4895.5932   12.1615    0.1231
4895.5932   12.1720    0.2093
4896.0814   12.1714    0.2040
4901.3614   12.1440   -0.0215
4900.9323   12.1428   -0.0309
4900.4883   12.1375   -0.0744
4901.2408   12.1504    0.0319
4901.1265   12.1551    0.0703
4900.0258   12.1350   -0.0951
4899.5567   12.1323   -0.1175
4899.0774   12.1289   -0.1452
4898.5924   12.1323   -0.1176
4899.4172   12.1360   -0.0874
4899.7632   12.1468    0.0015
4899.2889   12.1450   -0.0130
4901.0168   12.1570    0.0855
4900.9160   12.1576    0.0912
4900.1166   12.1558    0.0761
4900.4693   12.1603    0.1132
4900.0100   12.1520    0.0450
4900.8224   12.1533    0.0551
4900.7371   12.1426   -0.0323
4900.6864   12.1528    0.0513
4900.3550   12.1453   -0.0107
4900.2306   12.1493    0.0226
4898.0802   12.1389   -0.0630
4897.5885   12.1528    0.0511
4897.0961   12.1511    0.0371
4896.6075   12.1559    0.0772
4897.4244   12.1584    0.0975
4897.7678   12.1642    0.1451
4897.2773   12.1627    0.1328
4896.1185   12.1588    0.1010
4895.6424   12.1601    0.1111
4895.1749   12.1608    0.1171
4894.7203   12.1534    0.0561
4895.4849   12.1549    0.0689
4895.8179   12.1471    0.0042
4895.3504   12.1411   -0.0453
4897.1455   12.1618    0.1256
4897.5211   12.1640    0.1431
4897.0338   12.1535    0.0566
4896.1755   12.1483    0.0139
4896.5491   12.1493    0.0225
4896.0715   12.1491    0.0207
4896.9403   12.1552    0.0709
4897.3452   12.1546    0.0664
4896.8661   12.1583    0.0962
4896.7860   12.1484    0.0147
4896.4426   12.1518    0.0429
4896.2981   12.1515    0.0409
4900.6534   12.1477    0.0093
4900.5854   12.1471    0.0047
4899.7260   12.1571    0.0871
4900.1269   12.1522    0.0464
4899.6582   12.1462   -0.0030
4900.5260   12.1430   -0.0294
4900.4762   12.1390   -0.0622
4898.7607   12.1496    0.0249
4899.1759   12.1557    0.0749
4898.6920   12.1502    0.0296
4897.7772   12.1498    0.0266
4898.2035   12.1475    0.0074
4897.7147   12.1608    0.1174
4898.6370   12.1492    0.0216
4899.0737   12.1329   -0.1122
4898.5964   12.1432   -0.0279
4900.4348   12.1381   -0.0693
4900.4042   12.1461   -0.0038
4899.5150   12.1390   -0.0621
4899.9510   12.1444   -0.0181
4899.4896   12.1443   -0.0185
4900.3832   12.1403   -0.0514
4900.3723   12.1448   -0.0147
4900.0186   12.1381   -0.0696
4899.5976   12.1416   -0.0408
4899.5497   12.1392   -0.0605
4900.2795   12.1552    0.0709
4899.9032   12.1563    0.0803
4899.5283   12.1585    0.0980
4899.8081   12.1583    0.0969
4899.3274   12.1584    0.0972
4899.1533   12.1536    0.0576
4898.7872   12.1474    0.0070
4898.4283   12.1414   -0.0424
4898.2785   12.1526    0.0500
4898.1449   12.1678    0.1747
4898.8336   12.1611    0.1200
4898.3398   12.1601    0.1115
4898.0255   12.1722    0.2109
4897.9252   12.1712    0.2028
4897.8421   12.1564    0.0809
4898.9265   12.1653    0.1544
4899.0335   12.1605    0.1146
4898.5309   12.1670    0.1683
4894.1968   12.1526    0.0496
4893.7758   12.1371   -0.0777
4893.3725   12.1493    0.0223
4892.9906   12.1428   -0.0307
4893.5690   12.1510    0.0363
4893.7925   12.1445   -0.0167
4893.3949   12.1541    0.0620
4892.6270   12.1608    0.1173
4892.2917   12.1592    0.1036
4891.9813   12.1557    0.0752
4891.6988   12.1626    0.1320
4892.1389   12.1604    0.1140
4892.3275   12.1644    0.1466
4892.0247   12.1603    0.1127
4893.2529   12.1551    0.0702
4893.5174   12.1580    0.0937
4893.1466   12.1589    0.1017
4892.5493   12.1602    0.1119
4892.7978   12.1572    0.0872
4892.4744   12.1612    0.1206
4893.0750   12.1556    0.0745
4893.3782   12.1555    0.0732
4893.0389   12.1529    0.0520
4893.0161   12.1550    0.0692
4892.8067   12.1607    0.1165
4892.6591   12.1587    0.0998
4891.4333   12.1703    0.1955
4891.2103   12.1722    0.2110
4891.0175   12.1717    0.2072
4890.8570   12.1683    0.1792
4891.1222   12.1704    0.1958
4891.2592   12.1695    0.1885
4891.0780   12.1672    0.1696
4890.7275   12.1675    0.1723
4890.6328   12.1645    0.1474
4890.5714   12.1615    0.1226
4890.5439   12.1576    0.0910
4890.6328   12.1633    0.1375
4890.7275   12.1626    0.1321
4890.6790   12.1600    0.1102
4891.0780   12.1767    0.2478
4891.2592   12.1672    0.1695
4891.1222   12.1618    0.1255
4890.8570   12.1687    0.1819
4891.0175   12.1613    0.1217
4890.9465   12.1597    0.1081
4891.2103   12.1599    0.1100
4891.4333   12.1619    0.1260
4891.3414   12.1541    0.0618
4890.9282   12.1680    0.1762
4890.8110   12.1682    0.1779
4890.8110   12.1651    0.1522
4893.0389   12.1617    0.1246
4893.3782   12.1589    0.1017
4893.0750   12.1621    0.1276
4892.4744   12.1672    0.1699
4892.7978   12.1619    0.1263
4892.5493   12.1489    0.0190
4893.1466   12.1578    0.0928
4893.5174   12.1488    0.0184
4893.2529   12.1456   -0.0081
4892.0247   12.1651    0.1527
4892.3275   12.1492    0.0213
4892.1389   12.1438   -0.0227
4891.6988   12.1537    0.0587
4891.9813   12.1486    0.0166
4891.8564   12.1612    0.1202
4892.2917   12.1437   -0.0240
4892.6270   12.1451   -0.0119
4892.4815   12.1572    0.0878
4893.3949   12.1420   -0.0379
4893.7925   12.1450   -0.0127
4893.5690   12.1457   -0.0072
4892.9906   12.1450   -0.0129
4893.3725   12.1472    0.0053
4893.2050   12.1482    0.0131
4893.7758   12.1545    0.0651
4894.1968   12.1608    0.1175
4894.0133   12.1620    0.1273
4893.0161   12.1489    0.0189
4892.6591   12.1463   -0.0025
4892.8067   12.1457   -0.0075
4892.7232   12.1603    0.1134
4892.4334   12.1596    0.1069
4892.1726   12.1646    0.1486
4892.4334   12.1749    0.2330
4892.1726   12.1728    0.2160
4891.9386   12.1701    0.1938
4891.7383   12.1685    0.1807
4891.5693   12.1654    0.1548
4891.4823   12.1721    0.2104
4891.4387   12.1654    0.1550
4891.9386   12.1716    0.2060
4891.7383   12.1701    0.1940
4891.4387   12.1765    0.2461
4891.4823   12.1660    0.1596
4891.5693   12.1630    0.1355
4891.8967   12.1802    0.2771
4891.8967   12.1730    0.2175
4891.6512   12.1749    0.2334
4900.3723   12.1357   -0.0895
4900.3832   12.1176   -0.2387
4899.4896   12.1396   -0.0573
4899.9510   12.1377   -0.0727
4899.5150   12.1439   -0.0223
4900.4042   12.1488    0.0180
4900.4348   12.1200   -0.2185
4898.5964   12.1642    0.1449
4899.0737   12.1690    0.1846
4898.6370   12.1469    0.0027
4897.7147   12.1372   -0.0771
4898.2035   12.1412   -0.0442
4897.7772   12.1390   -0.0627
4898.6920   12.1416   -0.0411
4899.1759   12.1481    0.0123
4898.7607   12.1487    0.0178
4900.4762   12.1131   -0.2752
4900.5260   12.1316   -0.1232
4899.6582   12.1364   -0.0839
4900.1269   12.1170   -0.2436
4899.7260   12.1497    0.0258
4900.5854   12.1312   -0.1268
4900.6534   12.1338   -0.1053
4900.0186   12.1229   -0.1947
4899.5497   12.1407   -0.0486
4899.5976   12.1396   -0.0576
4896.8661   12.1522    0.0462
4897.3452   12.1412   -0.0443
4896.9403   12.1557    0.0751
4896.0715   12.1596    0.1069
4896.5491   12.1588    0.1009
4896.1755   12.1566    0.0828
4897.0338   12.1581    0.0951
4897.5211   12.1510    0.0362
4897.1455   12.1572    0.0874
4895.3504   12.1519    0.0437
4895.8179   12.1559    0.0772
4895.4849   12.1581    0.0947
4894.7203   12.1588    0.1010
4895.1749   12.1637    0.1414
4894.8908   12.1660    0.1598
4895.6424   12.1677    0.1740
4896.1185   12.1683    0.1791
4895.8210   12.1755    0.2380
4897.2773   12.1652    0.1536
4897.7678   12.1665    0.1638
4897.4244   12.1696    0.1892
4896.6075   12.1694    0.1883
4897.0961   12.1672    0.1694
4896.7862   12.1696    0.1900
4897.5885   12.1687    0.1822
4898.0802   12.1745    0.2296
4897.7679   12.1679    0.1759
4896.7860   12.1620    0.1267
4896.2981   12.1577    0.0914
4896.4426   12.1644    0.1467
4900.7371   12.1180   -0.2355
4900.8224   12.1249   -0.1787
4900.0100   12.1316   -0.1235
4900.4693   12.1188   -0.2284
4900.1166   12.1258   -0.1713
4900.9160   12.1159   -0.2528
4901.0168   12.0984   -0.3969
4899.2889   12.1698    0.1912
4899.7632   12.1522    0.0463
4899.4172   12.1738    0.2239
4898.5924   12.1872    0.3347
4899.0774   12.1906    0.3627
4898.7473   12.1887    0.3467
4899.5567   12.1834    0.3028
4900.0258   12.1588    0.1010
4899.7058   12.1864    0.3280
4901.1265   12.0992   -0.3898
4901.2408   12.0925   -0.4454
4900.4883   12.1430   -0.0292
4900.9323   12.1257   -0.1718
4900.6249   12.1473    0.0063
4901.3614   12.0967   -0.4104
4901.4870   12.1154   -0.2566
4900.6864   12.1206   -0.2140
4900.2306   12.1329   -0.1128
4900.3550   12.1379   -0.0712
4900.2795   12.1413   -0.0435
4899.8081   12.1462   -0.0032
4899.3274   12.1577    0.0915
4899.9032   12.1388   -0.0641
4899.5283   12.1578    0.0924
4898.8336   12.1649    0.1512
4898.3398   12.1560    0.0777
4897.8421   12.1377   -0.0733
4897.9252   12.1460   -0.0046
4898.0255   12.1570    0.0859
4899.1533   12.1643    0.1463
4898.7872   12.1712    0.2026
4898.1449   12.1655    0.1561
4898.2785   12.1693    0.1868
4898.4283   12.1830    0.3001
4899.0335   12.1600    0.1105
4898.9265   12.1626    0.1323
4898.5309   12.1578    0.0921
4899.9254   12.1426   -0.0330
4899.4709   12.1528    0.0513
4899.0139   12.1562    0.0796
4899.4709   12.1381   -0.0698
4899.0139   12.1523    0.0468
4898.5500   12.1543    0.0633
4898.0939   12.1660    0.1602
4897.6412   12.1630    0.1351
4897.1971   12.1533    0.0551
4897.5918   12.1603    0.1127
4897.5671   12.1658    0.1582
4897.0959   12.1576    0.0907
4898.5500   12.1644    0.1467
4898.0939   12.1598    0.1085
4897.5671   12.1600    0.1107
4897.5918   12.1580    0.0938
4897.0959   12.1526    0.0496
4897.6412   12.1650    0.1521
4897.1971   12.1479    0.0106
4898.5298   12.1496    0.0252
4898.5298   12.1596    0.1070
4898.0457   12.1615    0.1233
4896.7408   12.1622    0.1283
4896.3202   12.1634    0.1384
4895.9140   12.1683    0.1791
4895.5266   12.1703    0.1951
4895.7835   12.1732    0.2195
4895.6815   12.1702    0.1947
4895.2622   12.1742    0.2275
4895.1553   12.1574    0.0891
4894.8108   12.1530    0.0530
4894.4902   12.1493    0.0222
4894.2896   12.1535    0.0567
4894.1207   12.1532    0.0544
4894.7526   12.1772    0.2520
4894.6840   12.1716    0.2059
4894.2698   12.1711    0.2020
4893.9827   12.1641    0.1441
4893.8795   12.1646    0.1488
4893.8099   12.1610    0.1189
4893.7747   12.1686    0.1814
4894.8574   12.1779    0.2582
4894.9921   12.1706    0.1976
4894.4755   12.1658    0.1587
4896.7408   12.1555    0.0738
4896.3202   12.1557    0.0751
4895.6815   12.1686    0.1812
4895.7835   12.1589    0.1018
4895.2622   12.1602    0.1118
4895.9140   12.1580    0.0937
4895.5266   12.1579    0.0932
4894.6840   12.1572    0.0877
4894.7526   12.1490    0.0201
4894.2698   12.1476    0.0088
4893.7747   12.1598    0.1090
4893.8099   12.1513    0.0386
4893.8795   12.1516    0.0416
4893.9827   12.1400   -0.0541
4895.1553   12.1503    0.0304
4894.8108   12.1532    0.0550
4894.1207   12.1399   -0.0551
4894.2896   12.1459   -0.0052
4894.4902   12.1560    0.0773
4894.9921   12.1505    0.0321
4894.8574   12.1469    0.0029
4894.4755   12.1405   -0.0499
4896.6624   12.1584    0.0976
4896.6097   12.1622    0.1284
4896.5832   12.1511    0.0373
4896.1363   12.1672    0.1701
4895.6251   12.1655    0.1559
4896.5832   12.1601    0.1111
4896.6097   12.1555    0.0737
4896.6624   12.1601    0.1111
4896.1363   12.1641    0.1447
4895.6251   12.1635    0.1394
4895.1245   12.1608    0.1168
4894.6505   12.1669    0.1677
4895.1245   12.1663    0.1626
4894.6505   12.1674    0.1718
4894.1988   12.1698    0.1914
4895.5932   12.1657    0.1574
4896.0814   12.1680    0.1765
4895.5932   12.1670    0.1685
4901.3614   12.1175   -0.2394
4901.2408   12.1223   -0.1996
4901.1265   12.1193   -0.2246
4900.9323   12.1399   -0.0545
4900.4883   12.1145   -0.2642
4901.0168   12.1102   -0.2991
4900.9160   12.1290   -0.1445
4900.8224   12.1422   -0.0360
4900.7371   12.1509    0.0360
4900.4693   12.1333   -0.1090
4900.1166   12.1147   -0.2622
4900.0100   12.1342   -0.1020
4900.0258   12.1190   -0.2271
4899.5567   12.1167   -0.2457
4899.7632   12.1205   -0.2146
4899.4172   12.1166   -0.2469
4899.2889   12.1271   -0.1599
4899.0774   12.1195   -0.2229
4898.5924   12.1216   -0.2058
4900.3550   12.1149   -0.2606
4900.6864   12.1207   -0.2130
4900.2306   12.1170   -0.2436
4900.6534   12.1575    0.0896
4900.5854   12.1641    0.1444
4900.5260   12.1705    0.1969
4900.4762   12.1596    0.1073
4900.1269   12.1751    0.2345
4899.7260   12.1705    0.1968
4899.6582   12.1678    0.1750
4900.4348   12.1575    0.0900
4900.4042   12.1470    0.0036
4900.3832   12.1418   -0.0395
4900.3723   12.1402   -0.0521
4899.9510   12.1461   -0.0035
4899.5150   12.1436   -0.0241
4899.4896   12.1347   -0.0975
4899.1759   12.1576    0.0907
4898.7607   12.1630    0.1355
4898.6920   12.1571    0.0871
4899.0737   12.1398   -0.0555
4898.6370   12.1457   -0.0075
4898.5964   12.1301   -0.1353
4898.2035   12.1453   -0.0105
4897.7772   12.1492    0.0214
4897.7147   12.1384   -0.0669
4899.5976   12.1545    0.0650
4900.0186   12.1658    0.1579
4899.5497   12.1533    0.0558
4898.0802   12.1397   -0.0569
4897.5885   12.1584    0.0974
4897.7678   12.1434   -0.0258
4897.4244   12.1535    0.0574
4897.2773   12.1404   -0.0512
4897.0961   12.1762    0.2437
4896.6075   12.1694    0.1876
4897.5211   12.1425   -0.0333
4897.1455   12.1380   -0.0706
4897.0338   12.1314   -0.1250
4897.3452   12.1435   -0.0255
4896.9403   12.1343   -0.1011
4896.8661   12.1372   -0.0770
4896.5491   12.1339   -0.1044
4896.1755   12.1441   -0.0206
4896.0715   12.1310   -0.1280
4896.1185   12.1581    0.0953
4895.6424   12.1457   -0.0076
4895.8179   12.1425   -0.0335
4895.4849   12.1351   -0.0946
4895.3504   12.1202   -0.2173
4895.1749   12.1340   -0.1034
4894.7203   12.1173   -0.2411
4896.4426   12.1539    0.0606
4896.7860   12.1422   -0.0363
4896.2981   12.1542    0.0632
4898.4283   12.1242   -0.1842
4898.7872   12.1244   -0.1824
4899.1533   12.1329   -0.1128
4898.2785   12.1243   -0.1831
4898.1449   12.1426   -0.0330
4899.5283   12.1348   -0.0968
4899.9032   12.1443   -0.0191
4900.2795   12.1570    0.0857
4899.8081   12.1645    0.1473
4899.3274   12.1677    0.1736
4898.0255   12.1430   -0.0295
4897.9252   12.1443   -0.0186
4898.8336   12.1639    0.1426
4898.3398   12.1548    0.0674
4897.8421   12.1499    0.0270
4898.5309   12.1492    0.0212
4899.0335   12.1421   -0.0368
4898.9265   12.1653    0.1538
4900.3723   12.1210   -0.2109
4900.3832   12.1378   -0.0719
4900.4042   12.1478    0.0102
4900.4348   12.1525    0.0485
4899.9510   12.1336   -0.1069
4899.4896   12.1338   -0.1051
4899.5150   12.1390   -0.0623
4900.4762   12.1561    0.0787
4900.5260   12.1599    0.1099
4900.5854   12.1577    0.0913
4900.6534   12.1701    0.1941
4900.1269   12.1522    0.0460
4899.6582   12.1382   -0.0693
4899.7260   12.1380   -0.0702
4899.0737   12.1398   -0.0557
4898.5964   12.1511    0.0372
4898.6370   12.1344   -0.1005
4899.1759   12.1276   -0.1562
4898.6920   12.1294   -0.1411
4898.7607   12.1212   -0.2090
4898.2035   12.1372   -0.0768
4897.7147   12.1422   -0.0361
4897.7772   12.1318   -0.1214
4899.5497   12.1379   -0.0715
4900.0186   12.1476    0.0087
4899.5976   12.1387   -0.0648
4900.7371   12.1754    0.2370
4900.8224   12.1715    0.2051
4900.9160   12.1604    0.1138
4901.0168   12.1502    0.0299
4900.4693   12.1501    0.0294
4900.0100   12.1422   -0.0360
4900.1166   12.1332   -0.1105
4901.1265   12.1543    0.0634
4901.2408   12.1628    0.1333
4901.3614   12.1714    0.2045
4901.4870   12.1628    0.1334
4900.9323   12.1718    0.2079
4900.4883   12.1682    0.1778
4900.6249   12.1769    0.2494
4899.7632   12.1446   -0.0161
4899.2889   12.1389   -0.0634
4899.4172   12.1418   -0.0391
4900.0258   12.1643    0.1457
4899.5567   12.1484    0.0154
4899.7058   12.1701    0.1938
4899.0774   12.1533    0.0557
4898.5924   12.1548    0.0677
4898.7473   12.1639    0.1423
4900.2306   12.1386   -0.0653
4900.6864   12.1480    0.0119
4900.3550   12.1556    0.0740
4897.3452   12.1317   -0.1226
4896.8661   12.1373   -0.0761
4896.9403   12.1317   -0.1224
4897.5211   12.1102   -0.2994
4897.0338   12.1234   -0.1905
4897.1455   12.1185   -0.2313
4896.5491   12.1265   -0.1649
4896.0715   12.1239   -0.1866
4896.1755   12.1241   -0.1853
4897.7678   12.1183   -0.2324
4897.2773   12.1221   -0.2011
4897.4244   12.1225   -0.1982
4898.0802   12.1434   -0.0264
4897.5885   12.1352   -0.0935
4897.7679   12.1374   -0.0755
4897.0961   12.1249   -0.1787
4896.6075   12.1184   -0.2316
4896.7862   12.1364   -0.0838
4895.8179   12.1324   -0.1170
4895.3504   12.1369   -0.0795
4895.4849   12.1368   -0.0802
4896.1185   12.1211   -0.2096
4895.6424   12.1348   -0.0967
4895.8210   12.1388   -0.0641
4895.1749   12.1365   -0.0833
4894.7203   12.1372   -0.0768
4894.8908   12.1330   -0.1117
4896.2981   12.1263   -0.1673
4896.7860   12.1183   -0.2330
4896.4426   12.1186   -0.2299
4897.8421   12.1231   -0.1935
4898.3398   12.1134   -0.2734
4898.8336   12.1077   -0.3202
4897.9252   12.1091   -0.3083
4898.0255   12.0993   -0.3895
4899.3274   12.1113   -0.2902
4899.8081   12.1390   -0.0621
4900.2795   12.1644    0.1465
4899.9032   12.1436   -0.0247
4899.5283   12.1278   -0.1549
4898.1449   12.1062   -0.3321
4898.2785   12.1254   -0.1746
4899.1533   12.1245   -0.1815
4898.7872   12.1338   -0.1050
4898.4283   12.1411   -0.0451
4898.5309   12.0965   -0.4123
4898.9265   12.1067   -0.3279
4899.0335   12.1174   -0.2403
4894.1968   12.0951   -0.4239
4893.7758   12.0799   -0.5489
4893.7925   12.0970   -0.4084
4893.5690   12.0845   -0.5109
4893.3949   12.0883   -0.4800
4893.3725   12.0674   -0.6520
4892.9906   12.0721   -0.6132
4893.5174   12.0909   -0.4581
4893.2529   12.0987   -0.3938
4893.1466   12.1037   -0.3527
4893.3782   12.1227   -0.1967
4893.0750   12.1091   -0.3088
4893.0389   12.1049   -0.3432
4892.7978   12.1104   -0.2979
4892.5493   12.1120   -0.2843
4892.4744   12.1128   -0.2777
4892.6270   12.0887   -0.4767
4892.2917   12.0926   -0.4441
4892.3275   12.1051   -0.3411
4892.1389   12.1025   -0.3627
4892.0247   12.1058   -0.3360
4891.9813   12.0925   -0.4455
4891.6988   12.0988   -0.3935
4892.8067   12.0893   -0.4714
4893.0161   12.0913   -0.4547
4892.6591   12.0993   -0.3888
4893.3782   12.1336   -0.1070
4893.0389   12.1371   -0.0779
4893.0750   12.1426   -0.0331
4893.5174   12.1157   -0.2544
4893.1466   12.1448   -0.0150
4893.2529   12.1564    0.0808
4892.7978   12.1606    0.1157
4892.4744   12.1400   -0.0541
4892.5493   12.1491    0.0210
4893.7925   12.1453   -0.0103
4893.3949   12.1527    0.0501
4893.5690   12.1475    0.0080
4894.1968   12.1364   -0.0837
4893.7758   12.1418   -0.0395
4894.0133   12.1408   -0.0473
4893.3725   12.1416   -0.0413
4892.9906   12.1424   -0.0343
4893.2050   12.1436   -0.0244
4892.3275   12.1474    0.0069
4892.0247   12.0839   -0.5158
4892.1389   12.1307   -0.1310
4892.6270   12.1429   -0.0302
4892.2917   12.1408   -0.0471
4892.4815   12.1349   -0.0964
4891.9813   12.1140   -0.2683
4891.6988   12.1026   -0.3624
4891.8564   12.1300   -0.1365
4892.6591   12.1669    0.1673
4893.0161   12.1649    0.1507
4892.8067   12.1564    0.0807
4891.4333   12.1122   -0.2830
4891.2103   12.1284   -0.1497
4891.2592   12.1122   -0.2829
4891.1222   12.1319   -0.1207
4891.0780   12.1427   -0.0321
4891.0175   12.1363   -0.0846
4890.8570   12.1442   -0.0197
4891.2592   12.1629    0.1348
4891.0780   12.1459   -0.0054
4891.1222   12.1531    0.0540
4891.4333   12.1477    0.0094
4891.2103   12.1667    0.1659
4891.3414   12.1364   -0.0839
4891.0175   12.1678    0.1744
4890.8570   12.1521    0.0459
4890.9465   12.1706    0.1979
4890.7275   12.1453   -0.0105
4890.6328   12.1425   -0.0335
4890.7275   12.1671    0.1693
4890.6328   12.1556    0.0745
4890.6790   12.1676    0.1731
4890.5714   12.1504    0.0316
4890.5439   12.1508    0.0346
4890.8110   12.1598    0.1092
4890.9282   12.1683    0.1787
4890.8110   12.1552    0.0711
4891.5693   12.1126   -0.2800
4891.7383   12.1244   -0.1827
4891.9386   12.1397   -0.0569
4891.4823   12.1154   -0.2564
4891.4387   12.1384   -0.0669
4892.1726   12.1347   -0.0981
4892.4334   12.1155   -0.2555
4892.7232   12.1175   -0.2395
4892.4334   12.1405   -0.0499
4892.1726   12.1381   -0.0694
4891.4387   12.1447   -0.0155
4891.4823   12.1547    0.0667
4891.9386   12.1253   -0.1755
4891.7383   12.1196   -0.2221
4891.5693   12.1322   -0.1183
4891.6512   12.1532    0.0543
4891.8967   12.1429   -0.0305
4891.8967   12.1456   -0.0083
4894.4902   12.0997   -0.3855
4894.8108   12.1002   -0.3819
4895.1553   12.1184   -0.2319
4894.2896   12.0954   -0.4216
4894.1207   12.1125   -0.2804
4895.5266   12.1245   -0.1819
4895.9140   12.1325   -0.1161
4896.3202   12.1374   -0.0753
4896.7408   12.1382   -0.0687
4895.7835   12.1310   -0.1280
4895.2622   12.1203   -0.2162
4895.6815   12.1313   -0.1259
4893.9827   12.1133   -0.2742
4893.8795   12.1134   -0.2727
4894.7526   12.1167   -0.2457
4894.2698   12.1237   -0.1880
4894.6840   12.1247   -0.1798
4893.8099   12.1373   -0.0759
4893.7747   12.1438   -0.0224
4894.4755   12.1292   -0.1428
4894.9921   12.1185   -0.2309
4894.8574   12.1265   -0.1651
4897.1971   12.1393   -0.0602
4897.6412   12.1369   -0.0799
4898.0939   12.1243   -0.1835
4898.5500   12.1213   -0.2082
4897.5918   12.1327   -0.1146
4897.0959   12.1381   -0.0695
4897.5671   12.1325   -0.1160
4899.0139   12.1221   -0.2015
4899.4709   12.1259   -0.1698
4899.9254   12.1321   -0.1189
4899.4709   12.1319   -0.1209
4899.0139   12.1302   -0.1345
4897.5671   12.1425   -0.0338
4897.0959   12.1506    0.0328
4897.5918   12.1616    0.1240
4898.5500   12.1494    0.0230
4898.0939   12.1526    0.0493
4897.6412   12.1503    0.0305
4897.1971   12.1484    0.0152
4898.0457   12.1298   -0.1378
4898.5298   12.1277   -0.1553
4898.5298   12.1344   -0.1000
4893.7747   12.1228   -0.1953
4893.8099   12.1290   -0.1447
4894.6840   12.1117   -0.2873
4894.2698   12.1209   -0.2109
4894.7526   12.1161   -0.2505
4893.8795   12.1343   -0.1014
4893.9827   12.1144   -0.2650
4895.6815   12.1408   -0.0479
4895.2622   12.1467    0.0014
4895.7835   12.1406   -0.0491
4896.7408   12.1472    0.0048
4896.3202   12.1365   -0.0831
4895.9140   12.1307   -0.1310
4895.5266   12.1260   -0.1698
4894.1207   12.1339   -0.1043
4894.2896   12.1398   -0.0558
4895.1553   12.1316   -0.1230
4894.8108   12.1347   -0.0980
4894.4902   12.1337   -0.1061
4894.4755   12.1186   -0.2300
4894.8574   12.1304   -0.1334
4894.9921   12.1377   -0.0733
4894.1988   12.1196   -0.2219
4894.6505   12.1272   -0.1598
4895.1245   12.1254   -0.1746
4894.6505   12.1067   -0.3285
4895.1245   12.1133   -0.2743
4895.6251   12.1333   -0.1096
4896.1363   12.1336   -0.1065
4896.6624   12.1310   -0.1278
4896.6097   12.1387   -0.0649
4896.5832   12.1368   -0.0805
4895.6251   12.1354   -0.0922
4896.1363   12.1432   -0.0280
4896.5832   12.1359   -0.0875
4896.6097   12.1478    0.0101
4896.6624   12.1474    0.0071
4895.5932   12.1326   -0.1150
4895.5932   12.1332   -0.1099
4896.0814   12.1296   -0.1399
4901.3614   12.1556    0.0747
4901.2408   12.1556    0.0747
4901.1265   12.1622    0.1284
4900.9323   12.1686    0.1811
4900.4883   12.1770    0.2505
4901.0168   12.1587    0.0997
4900.9160   12.1601    0.1110
4900.8224   12.1573    0.0881
4900.7371   12.1548    0.0675
4900.4693   12.1657    0.1571
4900.1166   12.1782    0.2600
4900.0100   12.1697    0.1904
4900.0258   12.1757    0.2395
4899.5567   12.1629    0.1348
4899.7632   12.1804    0.2789
4899.4172   12.1727    0.2155
4899.2889   12.1670    0.1686
4899.0774   12.1532    0.0548
4898.5924   12.1610    0.1191
4900.3550   12.1734    0.2208
4900.6864   12.1659    0.1595
4900.2306   12.1743    0.2284
4900.6534   12.1495    0.0237
4900.5854   12.1284   -0.1495
4900.5260   12.1392   -0.0605
4900.4762   12.1223   -0.1995
4900.1269   12.1197   -0.2215
4899.7260   12.1249   -0.1784
4899.6582   12.1170   -0.2435
4900.4348   12.1113   -0.2901
4900.4042   12.0938   -0.4348
4900.3832   12.0887   -0.4768
4900.3723   12.1087   -0.3114
4899.9510   12.1004   -0.3801
4899.5150   12.1139   -0.2689
4899.4896   12.1143   -0.2658
4899.1759   12.1136   -0.2718
4898.7607   12.1192   -0.2252
4898.6920   12.1130   -0.2761
4899.0737   12.1179   -0.2359
4898.6370   12.1142   -0.2668
4898.5964   12.1159   -0.2523
4898.2035   12.1227   -0.1969
4897.7772   12.1311   -0.1274
4897.7147   12.1306   -0.1315
4899.5976   12.1157   -0.2544
4900.0186   12.1061   -0.3333
4899.5497   12.1113   -0.2905
4898.0802   12.1484    0.0150
4897.5885   12.1368   -0.0806
4897.7678   12.1415   -0.0417
4897.4244   12.1370   -0.0790
4897.2773   12.1339   -0.1041
4897.0961   12.1399   -0.0547
4896.6075   12.1376   -0.0741
4897.5211   12.1107   -0.2954
4897.1455   12.1169   -0.2446
4897.0338   12.1031   -0.3576
4897.3452   12.1047   -0.3446
4896.9403   12.0987   -0.3945
4896.8661   12.1058   -0.3358
4896.5491   12.1208   -0.2120
4896.1755   12.1269   -0.1621
4896.0715   12.1316   -0.1231
4896.1185   12.1301   -0.1352
4895.6424   12.1322   -0.1185
4895.8179   12.1434   -0.0265
4895.4849   12.1539    0.0606
4895.3504   12.1516    0.0414
4895.1749   12.1381   -0.0701
4894.7203   12.1425   -0.0336
4896.4426   12.1390   -0.0621
4896.7860   12.1296   -0.1399
4896.2981   12.1337   -0.1060
4898.4283   12.1647    0.1491
4898.7872   12.1453   -0.0102
4899.1533   12.1529    0.0519
4898.2785   12.1396   -0.0571
4898.1449   12.1347   -0.0975
4899.5283   12.1562    0.0796
4899.9032   12.1566    0.0826
4900.2795   12.1432   -0.0275
4899.8081   12.1346   -0.0984
4899.3274   12.1328   -0.1134
4898.0255   12.1187   -0.2291
4897.9252   12.1139   -0.2690
4898.8336   12.1206   -0.2137
4898.3398   12.1152   -0.2582
4897.8421   12.1062   -0.3322
4898.5309   12.1154   -0.2566
4899.0335   12.1309   -0.1291
4898.9265   12.1243   -0.1832
4900.3723   12.1289   -0.1452
4900.3832   12.1457   -0.0068
4900.4042   12.1609    0.1180
4900.4348   12.1479    0.0111
4899.9510   12.1612    0.1201
4899.4896   12.1631    0.1361
4899.5150   12.1576    0.0910
4900.4762   12.1208   -0.2126
4900.5260   12.1381   -0.0700
4900.5854   12.1291   -0.1441
4900.6534   12.1163   -0.2493
4900.1269   12.1329   -0.1127
4899.6582   12.1121   -0.2835
4899.7260   12.1301   -0.1355
4899.0737   12.1624    0.1305
4898.5964   12.1480    0.0120
4898.6370   12.1565    0.0815
4899.1759   12.1628    0.1338
4898.6920   12.1704    0.1965
4898.7607   12.1556    0.0744
4898.2035   12.1561    0.0782
4897.7147   12.1600    0.1105
4897.7772   12.1588    0.1005
4899.5497   12.1882    0.3429
4900.0186   12.1603    0.1126
4899.5976   12.1757    0.2401
4900.7371   12.1513    0.0392
4900.8224   12.1711    0.2018
4900.9160   12.1955    0.4024
4901.0168   12.1927    0.3800
4900.4693   12.2008    0.4468
4900.0100   12.1611    0.1194
4900.1166   12.1833    0.3026
4901.1265   12.1787    0.2649
4901.2408   12.1671    0.1687
4901.3614   12.1688    0.1831
4901.4870   12.1543    0.0633
4900.9323   12.1446   -0.0161
4900.4883   12.1370   -0.0791
4900.6249   12.1209   -0.2109
4899.7632   12.1620    0.1272
4899.2889   12.1451   -0.0122
4899.4172   12.1435   -0.0254
4900.0258   12.1377   -0.0734
4899.5567   12.1282   -0.1516
4899.7058   12.1191   -0.2262
4899.0774   12.1169   -0.2446
4898.5924   12.1101   -0.3000
4898.7473   12.1068   -0.3275
4900.2306   12.1660    0.1598
4900.6864   12.1782    0.2604
4900.3550   12.1558    0.0758
4897.3452   12.1510    0.0362
4896.8661   12.1391   -0.0617
4896.9403   12.1387   -0.0652
4897.5211   12.1513    0.0385
4897.0338   12.1326   -0.1147
4897.1455   12.1480    0.0117
4896.5491   12.1374   -0.0754
4896.0715   12.1416   -0.0410
4896.1755   12.1512    0.0384
4897.7678   12.1363   -0.0849
4897.2773   12.1455   -0.0090
4897.4244   12.1365   -0.0826
4898.0802   12.1157   -0.2545
4897.5885   12.1215   -0.2063
4897.7679   12.1098   -0.3027
4897.0961   12.1195   -0.2232
4896.6075   12.1040   -0.3506
4896.7862   12.1054   -0.3386
4895.8179   12.1343   -0.1010
4895.3504   12.1320   -0.1203
4895.4849   12.1189   -0.2279
4896.1185   12.0977   -0.4023
4895.6424   12.0896   -0.4688
4895.8210   12.0751   -0.5886
4895.1749   12.0871   -0.4894
4894.7203   12.0865   -0.4948
4894.8908   12.0903   -0.4633
4896.2981   12.1438   -0.0231
4896.7860   12.1436   -0.0249
4896.4426   12.1350   -0.0955
4897.8421   12.1555    0.0739
4898.3398   12.1563    0.0799
4898.8336   12.1546    0.0662
4897.9252   12.1486    0.0171
4898.0255   12.1525    0.0489
4899.3274   12.1189   -0.2276
4899.8081   12.1358   -0.0887
4900.2795   12.1810    0.2832
4899.9032   12.1462   -0.0031
4899.5283   12.1363   -0.0845
4898.1449   12.1377   -0.0727
4898.2785   12.1323   -0.1171
4899.1533   12.1557    0.0748
4898.7872   12.1312   -0.1264
4898.4283   12.1372   -0.0773
4898.5309   12.1497    0.0259
4898.9265   12.1406   -0.0489
4899.0335   12.1459   -0.0059
4894.1968   12.1464   -0.0018
4893.7758   12.1489    0.0188
4893.7925   12.1623    0.1295
4893.5690   12.1490    0.0200
4893.3949   12.1425   -0.0336
4893.3725   12.1432   -0.0276
4892.9906   12.1416   -0.0406
4893.5174   12.1431   -0.0288
4893.2529   12.1277   -0.1555
4893.1466   12.1279   -0.1537
4893.3782   12.1394   -0.0593
4893.0750   12.1443   -0.0184
4893.0389   12.1476    0.0087
4892.7978   12.1583    0.0967
4892.5493   12.1519    0.0440
4892.4744   12.1595    0.1063
4892.6270   12.1411   -0.0452
4892.2917   12.1322   -0.1179
4892.3275   12.1489    0.0190
4892.1389   12.1408   -0.0471
4892.0247   12.1493    0.0221
4891.9813   12.1323   -0.1178
4891.6988   12.1335   -0.1076
4892.8067   12.1366   -0.0819
4893.0161   12.1282   -0.1516
4892.6591   12.1463   -0.0019
4893.3782   12.1510    0.0364
4893.0389   12.1335   -0.1077
4893.0750   12.1505    0.0325
4893.5174   12.1528    0.0512
4893.1466   12.1405   -0.0501
4893.2529   12.1358   -0.0890
4892.7978   12.1269   -0.1619
4892.4744   12.1342   -0.1019
4892.5493   12.1203   -0.2160
4893.7925   12.1293   -0.1420
4893.3949   12.1322   -0.1184
4893.5690   12.1235   -0.1899
4894.1968   12.0943   -0.4306
4893.7758   12.1045   -0.3468
4894.0133   12.0978   -0.4012
4893.3725   12.1149   -0.2609
4892.9906   12.1280   -0.1531
4893.2050   12.1267   -0.1635
4892.3275   12.1126   -0.2797
4892.0247   12.1129   -0.2770
4892.1389   12.1369   -0.0798
4892.6270   12.1284   -0.1497
4892.2917   12.1276   -0.1558
4892.4815   12.1276   -0.1559
4891.9813   12.1355   -0.0911
4891.6988   12.1480    0.0120
4891.8564   12.1232   -0.1924
4892.6591   12.1240   -0.1861
4893.0161   12.1228   -0.1958
4892.8067   12.1245   -0.1819
4891.4333   12.1423   -0.0348
4891.2103   12.1615    0.1226
4891.2592   12.1692    0.1863
4891.1222   12.1631    0.1361
4891.0780   12.1763    0.2445
4891.0175   12.1673    0.1709
4890.8570   12.1696    0.1895
4891.2592   12.1572    0.0874
4891.0780   12.1847    0.3140
4891.1222   12.1756    0.2386
4891.4333   12.1713    0.2038
4891.2103   12.1590    0.1024
4891.3414   12.1295   -0.1405
4891.0175   12.1505    0.0326
4890.8570   12.1478    0.0100
4890.9465   12.1333   -0.1097
4890.7275   12.1630    0.1349
4890.6328   12.1615    0.1225
4890.7275   12.1399   -0.0552
4890.6328   12.1378   -0.0720
4890.6790   12.1431   -0.0290
4890.5714   12.1468    0.0021
4890.5439   12.1404   -0.0510
4890.8110   12.1742    0.2278
4890.9282   12.1829    0.2992
4890.8110   12.1592    0.1042
4891.5693   12.1561    0.0782
4891.7383   12.1535    0.0566
4891.9386   12.1594    0.1052
4891.4823   12.1577    0.0916
4891.4387   12.1555    0.0735
4892.1726   12.1541    0.0623
4892.4334   12.1461   -0.0035
4892.7232   12.1516    0.0413
4892.4334   12.1399   -0.0547
4892.1726   12.1238   -0.1874
4891.4387   12.1523    0.0469
4891.4823   12.1411   -0.0452
4891.9386   12.1255   -0.1734
4891.7383   12.1285   -0.1490
4891.5693   12.1533    0.0554
4891.6512   12.1499    0.0277
4891.8967   12.1337   -0.1059
4891.8967   12.1442   -0.0197
4894.4902   12.1524    0.0479
4894.8108   12.1563    0.0798
4895.1553   12.1514    0.0400
4894.2896   12.1621    0.1282
4894.1207   12.1576    0.0905
4895.5266   12.1488    0.0181
4895.9140   12.1284   -0.1495
4896.3202   12.1148   -0.2615
4896.7408   12.1291   -0.1439
4895.7835   12.1423   -0.0356
4895.2622   12.1466    0.0001
4895.6815   12.1264   -0.1661
4893.9827   12.1595    0.1068
4893.8795   12.1441   -0.0202
4894.7526   12.1350   -0.0949
4894.2698   12.1326   -0.1154
4894.6840   12.1200   -0.2189
4893.8099   12.1332   -0.1100
4893.7747   12.1278   -0.1547
4894.4755   12.1393   -0.0598
4894.9921   12.1545    0.0650
4894.8574   12.1459   -0.0058
4897.1971   12.1260   -0.1690
4897.6412   12.1191   -0.2258
4898.0939   12.1143   -0.2655
4898.5500   12.1360   -0.0872
4897.5918   12.1154   -0.2563
4897.0959   12.1398   -0.0559
4897.5671   12.1249   -0.1781
4899.0139   12.1281   -0.1518
4899.4709   12.1236   -0.1893
4899.9254   12.1356   -0.0899
4899.4709   12.1566    0.0824
4899.0139   12.1565    0.0816
4897.5671   12.1226   -0.1972
4897.0959   12.1515    0.0407
4897.5918   12.1553    0.0717
4898.5500   12.1562    0.0795
4898.0939   12.1393   -0.0598
4897.6412   12.1558    0.0758
4897.1971   12.1546    0.0658
4898.0457   12.1297   -0.1392
4898.5298   12.1388   -0.0644
4898.5298   12.1348   -0.0969
4893.7747   12.1424   -0.0347
4893.8099   12.1466    0.0004
4894.6840   12.1342   -0.1018
4894.2698   12.1480    0.0115
4894.7526   12.1462   -0.0031
4893.8795   12.1470    0.0033
4893.9827   12.1477    0.0090
4895.6815   12.1428   -0.0312
4895.2622   12.1548    0.0676
4895.7835   12.1470    0.0037
4896.7408   12.1425   -0.0332
4896.3202   12.1356   -0.0900
4895.9140   12.1443   -0.0187
4895.5266   12.1430   -0.0294
4894.1207   12.1635    0.1397
4894.2896   12.1329   -0.1128
4895.1553   12.1532    0.0546
4894.8108   12.1349   -0.0961
4894.4902   12.1321   -0.1188
4894.4755   12.1527    0.0504
4894.8574   12.1486    0.0163
4894.9921   12.1511    0.0373
4894.1988   12.1109   -0.2937
4894.6505   12.1196   -0.2220
4895.1245   12.1322   -0.1185
4894.6505   12.1286   -0.1477
4895.1245   12.1364   -0.0837
4895.6251   12.1184   -0.2321
4896.1363   12.1189   -0.2279
4896.6624   12.1245   -0.1814
4896.6097   12.1304   -0.1334
4896.5832   12.1177   -0.2378
4895.6251   12.1212   -0.2087
4896.1363   12.1260   -0.1693
4896.5832   12.1235   -0.1902
4896.6097   12.1452   -0.0114
4896.6624   12.1412   -0.0445
4895.5932   12.1378   -0.0724
4895.5932   12.1229   -0.1952
4896.0814   12.1147   -0.2623
4901.3614   12.1472    0.0048
4901.2408   12.1639    0.1427
4901.1265   12.1474    0.0070
4900.9323   12.1343   -0.1006
4900.4883   12.1325   -0.1161
4901.0168   12.1719    0.2084
4900.9160   12.1772    0.2524
4900.8224   12.1781    0.2592
4900.7371   12.1730    0.2179
4900.4693   12.1785    0.2625
4900.1166   12.1758    0.2405
4900.0100   12.1770    0.2502
4900.0258   12.1320   -0.1199
4899.5567   12.1365   -0.0827
4899.7632   12.1656    0.1567
4899.4172   12.1554    0.0730
4899.2889   12.1686    0.1810
4899.0774   12.1412   -0.0444
4898.5924   12.1436   -0.0249
4900.3550   12.1186   -0.2302
4900.6864   12.1430   -0.0292
4900.2306   12.1630    0.1350
4900.6534   12.1806    0.2803
4900.5854   12.1779    0.2581
4900.5260   12.1723    0.2121
4900.4762   12.1712    0.2031
4900.1269   12.1828    0.2981
4899.7260   12.1862    0.3265
4899.6582   12.1783    0.2610
4900.4348   12.1668    0.1667
4900.4042   12.1630    0.1356
4900.3832   12.1612    0.1205
4900.3723   12.1626    0.1319
4899.9510   12.1633    0.1376
4899.5150   12.1637    0.1408
4899.4896   12.1590    0.1021
4899.1759   12.1793    0.2698
4898.7607   12.1768    0.2488
4898.6920   12.1701    0.1934
4899.0737   12.1624    0.1304
4898.6370   12.1631    0.1364
4898.5964   12.1576    0.0904
4898.2035   12.1603    0.1132
4897.7772   12.1616    0.1234
4897.7147   12.1608    0.1169
4899.5976   12.1751    0.2346
4900.0186   12.1698    0.1910
4899.5497   12.1697    0.1906
4898.0802   12.1358   -0.0884
4897.5885   12.1407   -0.0487
4897.7678   12.1449   -0.0136
4897.4244   12.1359   -0.0882
4897.2773   12.1531    0.0535
4897.0961   12.1383   -0.0680
4896.6075   12.1066   -0.3293
4897.5211   12.1716    0.2060
4897.1455   12.1677    0.1740
4897.0338   12.1691    0.1858
4897.3452   12.1601    0.1114
4896.9403   12.1624    0.1302
4896.8661   12.1619    0.1264
4896.5491   12.1653    0.1540
4896.1755   12.1643    0.1459
4896.0715   12.1664    0.1630
4896.1185   12.1124   -0.2810
4895.6424   12.1177   -0.2378
4895.8179   12.1533    0.0550
4895.4849   12.1354   -0.0919
4895.3504   12.1470    0.0036
4895.1749   12.1155   -0.2560
4894.7203   12.1151   -0.2589
4896.4426   12.1456   -0.0076
4896.7860   12.1574    0.0894
4896.2981   12.1562    0.0796
4898.4283   12.1629    0.1346
4898.7872   12.1692    0.1863
4899.1533   12.1817    0.2893
4898.2785   12.1565    0.0820
4898.1449   12.1609    0.1181
4899.5283   12.1806    0.2801
4899.9032   12.1810    0.2838
4900.2795   12.1877    0.3388
4899.8081   12.1955    0.4025
4899.3274   12.1805    0.2795
4898.0255   12.1676    0.1729
4897.9252   12.1735    0.2214
4898.8336   12.1787    0.2643
4898.3398   12.1721    0.2101
4897.8421   12.1628    0.1336
4898.5309   12.1783    0.2609
4899.0335   12.1896    0.3546
4898.9265   12.1781    0.2592
4900.3723   12.1661    0.1610
4900.3832   12.1718    0.2079
4900.4042   12.1744    0.2289
4900.4348   12.1785    0.2630
4899.9510   12.1745    0.2299
4899.4896   12.1691    0.1854
4899.5150   12.1685    0.1808
4900.4762   12.1778    0.2568
4900.5260   12.1693    0.1872
4900.5854   12.1459   -0.0054
4900.6534   12.1545    0.0650
4900.1269   12.1635    0.1396
4899.6582   12.1631    0.1364
4899.7260   12.1595    0.1067
4899.0737   12.1670    0.1686
4898.5964   12.1655    0.1559
4898.6370   12.1680    0.1767
4899.1759   12.1661    0.1610
4898.6920   12.1691    0.1851
4898.7607   12.1652    0.1538
4898.2035   12.1727    0.2152
4897.7147   12.1697    0.1906
4897.7772   12.1744    0.2295
4899.5497   12.1702    0.1946
4900.0186   12.1753    0.2361
4899.5976   12.1696    0.1892
4900.7371   12.1621    0.1277
4900.8224   12.1639    0.1425
4900.9160   12.1639    0.1423
4901.0168   12.1662    0.1614
4900.4693   12.1732    0.2189
4900.0100   12.1817    0.2888
4900.1166   12.1839    0.3075
4901.1265   12.1568    0.0841
4901.2408   12.1380   -0.0702
4901.3614   12.1214   -0.2073
4900.9323   12.1428   -0.0309
4900.4883   12.1614    0.1222
4899.7632   12.2002    0.4416
4899.2889   12.2140    0.5550
4899.4172   12.2052    0.4827
4900.0258   12.1776    0.2556
4899.5567   12.1924    0.3772
4899.0774   12.1979    0.4229
4898.5924   12.1902    0.3591
4900.2306   12.1802    0.2765
4900.6864   12.1719    0.2086
4900.3550   12.1769    0.2495
4897.3452   12.1744    0.2290
4896.8661   12.1598    0.1092
4896.9403   12.1606    0.1155
4897.5211   12.1693    0.1874
4897.0338   12.1595    0.1062
4897.1455   12.1690    0.1848
4896.5491   12.1590    0.1026
4896.0715   12.1569    0.0847
4896.1755   12.1585    0.0978
4897.7678   12.1661    0.1610
4897.2773   12.1832    0.3015
4897.4244   12.1674    0.1718
4898.0802   12.1780    0.2585
4897.5885   12.1661    0.1608
4897.0961   12.1642    0.1455
4896.6075   12.1675    0.1719
4895.8179   12.1605    0.1150
4895.3504   12.1655    0.1559
4895.4849   12.1640    0.1432
4896.1185   12.1664    0.1629
4895.6424   12.1676    0.1735
4895.1749   12.1631    0.1361
4894.7203   12.1636    0.1398
4896.2981   12.1570    0.0857
4896.7860   12.1586    0.0990
4896.4426   12.1611    0.1197
4897.8421   12.1684    0.1799
4898.3398   12.1650    0.1514
4898.8336   12.1663    0.1628
4897.9252   12.1661    0.1609
4898.0255   12.1729    0.2171
4899.3274   12.1666    0.1646
4899.8081   12.1655    0.1559
4900.2795   12.1661    0.1610
4899.9032   12.1753    0.2364
4899.5283   12.1904    0.3612
4898.1449   12.1788    0.2655
4898.2785   12.1874    0.3362
4899.1533   12.2031    0.4651
4898.7872   12.1987    0.4291
4898.4283   12.1931    0.3833
4898.5309   12.1774    0.2537
4898.9265   12.1745    0.2297
4899.0335   12.1867    0.3303
4894.1968   12.1193   -0.2242
4893.7758   12.1323   -0.1171
4893.7925   12.1505    0.0326
4893.5690   12.1531    0.0534
4893.3949   12.1614    0.1218
4893.3725   12.1372   -0.0771
4892.9906   12.1476    0.0083
4893.5174   12.1701    0.1937
4893.2529   12.1708    0.1996
4893.1466   12.1793    0.2694
4893.3782   12.1846    0.3131
4893.0750   12.1855    0.3203
4893.0389   12.1900    0.3577
4892.7978   12.1805    0.2797
4892.5493   12.1720    0.2093
4892.4744   12.1815    0.2874
4892.6270   12.1451   -0.0117
4892.2917   12.1446   -0.0159
4892.3275   12.1726    0.2144
4892.1389   12.1659    0.1593
4892.0247   12.1719    0.2087
4891.9813   12.1482    0.0132
4891.6988   12.1487    0.0177
4892.8067   12.1594    0.1057
4893.0161   12.1681    0.1772
4892.6591   12.1729    0.2167
4893.3782   12.1840    0.3079
4893.0389   12.1892    0.3512
4893.0750   12.1826    0.2962
4893.5174   12.1838    0.3066
4893.1466   12.1840    0.3082
4893.2529   12.1818    0.2898
4892.7978   12.1823    0.2945
4892.4744   12.1752    0.2355
4892.5493   12.1728    0.2163
4893.7925   12.1866    0.3296
4893.3949   12.1811    0.2839
4893.5690   12.1702    0.1944
4894.1968   12.1633    0.1374
4893.7758   12.1596    0.1069
4893.3725   12.1506    0.0330
4892.9906   12.1499    0.0270
4892.3275   12.1651    0.1526
4892.0247   12.1639    0.1428
4892.1389   12.1592    0.1036
4892.6270   12.1516    0.0414
4892.2917   12.1565    0.0814
4891.9813   12.1558    0.0758
4891.6988   12.1572    0.0878
4892.6591   12.1702    0.1941
4893.0161   12.1756    0.2389
4892.8067   12.1605    0.1145
4891.4333   12.1443   -0.0190
4891.2103   12.1542    0.0628
4891.2592   12.1654    0.1550
4891.1222   12.1537    0.0587
4891.0780   12.1649    0.1510
4891.0175   12.1512    0.0377
4890.8570   12.1524    0.0477
4891.2592   12.1627    0.1328
4891.0780   12.1501    0.0293
4891.1222   12.1356   -0.0905
4891.4333   12.1580    0.0945
4891.2103   12.1427   -0.0322
4891.0175   12.1233   -0.1912
4890.8570   12.1407   -0.0485
4890.7275   12.1623    0.1298
4890.6328   12.1578    0.0925
4890.7275   12.1619    0.1263
4890.6328   12.1595    0.1063
4890.5714   12.1592    0.1042
4890.8110   12.1556    0.0741
4890.9282   12.1369   -0.0792
4890.8110   12.1485    0.0159
4891.5693   12.1680    0.1766
4891.7383   12.1708    0.1992
4891.9386   12.1711    0.2017
4891.4823   12.1702    0.1949
4891.4387   12.1686    0.1814
4892.1726   12.1779    0.2582
4892.4334   12.1859    0.3237
4892.7232   12.1944    0.3936
4892.4334   12.1816    0.2882
4892.1726   12.1727    0.2148
4891.4387   12.1678    0.1752
4891.4823   12.1649    0.1512
4891.9386   12.1694    0.1882
4891.7383   12.1694    0.1876
4891.5693   12.1611    0.1197
4891.6512   12.1766    0.2469
4891.8967   12.1779    0.2583
4891.8967   12.1744    0.2291
4894.4902   12.1366   -0.0818
4894.8108   12.1425   -0.0336
4895.1553   12.1571    0.0865
4894.2896   12.1454   -0.0094
4894.1207   12.1546    0.0665
4895.5266   12.1620    0.1270
4895.9140   12.1681    0.1774
4896.3202   12.1648    0.1500
4896.7408   12.1672    0.1702
4895.7835   12.1654    0.1548
4895.2622   12.1652    0.1535
4895.6815   12.1623    0.1295
4893.9827   12.1584    0.0976
4893.8795   12.1649    0.1511
4894.7526   12.1625    0.1309
4894.2698   12.1627    0.1329
4894.6840   12.1628    0.1339
4893.8099   12.1720    0.2092
4893.7747   12.1755    0.2382
4894.4755   12.1564    0.0805
4894.9921   12.1575    0.0901
4894.8574   12.1615    0.1233
4897.1971   12.1630    0.1349
4897.6412   12.1628    0.1334
4898.0939   12.1598    0.1089
4898.5500   12.1555    0.0738
4897.5918   12.1631    0.1361
4897.0959   12.1610    0.1185
4897.5671   12.1550    0.0691
4899.0139   12.1554    0.0730
4899.4709   12.1603    0.1134
4899.9254   12.1662    0.1615
4899.4709   12.1646    0.1483
4899.0139   12.1597    0.1080
4897.5671   12.1530    0.0530
4897.0959   12.1533    0.0554
4897.5918   12.1538    0.0598
4898.5500   12.1591    0.1033
4898.0939   12.1596    0.1069
4897.6412   12.1589    0.1018
4897.1971   12.1561    0.0786
4898.0457   12.1557    0.0752
4898.5298   12.1541    0.0617
4898.5298   12.1556    0.0744
4893.7747   12.1735    0.2216
4893.8099   12.1779    0.2579
4894.6840   12.1727    0.2149
4894.2698   12.1786    0.2639
4894.7526   12.1797    0.2728
4893.8795   12.1849    0.3156
4893.9827   12.1843    0.3109
4895.6815   12.1684    0.1797
4895.2622   12.1731    0.2183
4895.7835   12.1630    0.1355
4896.7408   12.1586    0.0992
4896.3202   12.1585    0.0984
4895.9140   12.1597    0.1078
4895.5266   12.1634    0.1385
4894.1207   12.1838    0.3067
4894.2896   12.1772    0.2518
4895.1553   12.1652    0.1531
4894.8108   12.1711    0.2019
4894.4902   12.1689    0.1840
4894.4755   12.1770    0.2509
4894.8574   12.1780    0.2588
4894.9921   12.1706    0.1977
4894.1988   12.1667    0.1657
4894.6505   12.1600    0.1108
4895.1245   12.1597    0.1079
4894.6505   12.1652    0.1532
4895.1245   12.1637    0.1410
4895.6251   12.1598    0.1088
4896.1363   12.1629    0.1341
4896.6624   12.1648    0.1503
4896.6097   12.1621    0.1279
4896.5832   12.1585    0.0981
4895.6251   12.1633    0.1377
4896.1363   12.1611    0.1199
4896.5832   12.1559    0.0767
4896.6097   12.1565    0.0818
4896.6624   12.1570    0.0858
4895.5932   12.1597    0.1083
4895.5932   12.1569    0.0853
4896.0814   12.1569    0.0848
