5588.3920   11.0434   -0.0241
5602.3182   11.0863    0.3644
5602.3182   11.0888    0.3867
5602.3182   10.9571   -0.8057
5602.3182   11.0346   -0.1041
5602.3182   11.1415    0.8637
5602.3182   11.0196   -0.2396
5602.3182   11.1067    0.5490
5602.3182   11.0318   -0.1293
5602.3182   11.0755    0.2665
5602.3182   11.0328   -0.1204
5588.3920   11.0136   -0.2941
5593.1916   11.1093    0.5724
5593.1916   11.0165   -0.2682
5600.9838   11.0589    0.1163
5593.1916   11.0102   -0.3247
5600.9838   11.1074    0.5547
5593.1916   11.0841    0.3437
5600.9838   11.0111   -0.3170
5593.1916   10.9642   -0.7413
5600.9838   11.0392   -0.0625
5600.9838   11.0893    0.3917
5605.8160   11.0827    0.3318
5605.8160   11.0317   -0.1304
5605.8160   11.0034   -0.3860
5605.8160   11.0367   -0.0848
5600.9838   11.0777    0.2866
5605.8160   11.0394   -0.0602
5605.8160   11.0699    0.2156
5600.9838   11.0590    0.1173
5605.8160   11.0473    0.0114
5605.8160   11.0875    0.3747
5600.9838   11.0861    0.3626
5605.8160   11.0381   -0.0726
5605.8160   11.0563    0.0922
5600.9838   11.0494    0.0303
5600.9838   11.0709    0.2247
5593.1916   11.0810    0.3165
5593.1916   11.0288   -0.1567
5593.1916   11.0624    0.1476
5593.1916   11.0558    0.0882
5593.1916   11.0536    0.0679
5589.6875   11.0367   -0.0848
5589.6875   11.0453   -0.0067
5591.8638   11.0563    0.0930
5597.8662   11.0226   -0.2129
5596.6724   10.9801   -0.5977
5601.3442   11.0315   -0.1324
5596.6724   11.0852    0.3540
5597.8662   11.0342   -0.1076
5601.3442   11.0600    0.1260
5589.6875   10.9989   -0.4271
5591.8638   11.1211    0.6789
5596.6724   11.0051   -0.3707
5601.3442   11.0064   -0.3594
5596.6724   11.0367   -0.0849
5597.8662   11.0472    0.0103
5601.3442   11.0302   -0.1434
5589.6875   11.0564    0.0937
5591.8638   11.0723    0.2377
5597.8662   11.0141   -0.2899
5596.6724   11.0486    0.0224
5601.3442   11.0019   -0.4000
5596.6724   10.9789   -0.6081
5601.3442   11.0243   -0.1972
5589.6875   10.9920   -0.4892
5591.8638   11.0006   -0.4118
5597.8662   10.9849   -0.5535
5596.6724   11.0504    0.0395
5601.3442   11.0166   -0.2670
5596.6724   11.0221   -0.2173
5601.3442   11.0463    0.0017
5591.8638   11.0533    0.0656
5596.6724   11.1672    1.0964
5601.3442   11.2268    1.6359
5596.6724   11.0077   -0.3475
5601.3442   11.0761    0.2720
5604.8703   11.0516    0.0496
5604.4792   11.0507    0.0422
5604.4792   11.0679    0.1977
5604.8703   11.0804    0.3110
5605.8160   11.0997    0.4856
5604.8703   11.0325   -0.1227
5604.8703   10.9954   -0.4591
5604.8703   11.0120   -0.3089
5604.4792   11.0617    0.1410
5604.8703   11.0689    0.2063
5605.8160   11.0527    0.0599
5604.8703   11.0144   -0.2865
5604.4792   11.0480    0.0170
5604.8703   11.0107   -0.3204
5605.8160   11.0555    0.0849
5604.4792   11.0757    0.2683
5601.3442   11.0703    0.2191
5604.4792   10.9817   -0.5830
5601.3442   11.0536    0.0684
5604.8703   11.0047   -0.3748
5604.4792   10.9479   -0.8892
5604.4792   11.0575    0.1036
5604.8703   10.9337   -1.0176
5605.8160   11.0681    0.1994
5604.8703   11.0415   -0.0412
5604.8703   11.0620    0.1442
5605.8160   11.0350   -0.1001
5604.4792   11.0432   -0.0257
5601.3442   11.0137   -0.2927
5604.4792   11.0414   -0.0420
5601.3442   11.0325   -0.1232
5604.8703   11.0739    0.2519
5604.4792   11.0495    0.0311
5604.4792   11.0552    0.0827
5604.8703   11.0259   -0.1825
5605.8160   11.0499    0.0347
5604.8703   11.0574    0.1027
5604.8703   11.1185    0.6554
5605.8160   11.0241   -0.1990
5604.4792   11.0270   -0.1723
5601.3442   11.0158   -0.2742
5604.4792   10.9964   -0.4499
5601.3442   11.1006    0.4937
5604.8703   11.0570    0.0988
5604.4792   11.0382   -0.0714
5604.4792   11.0216   -0.2218
5604.8703   11.1814    1.2253
5605.8160   11.0543    0.0746
5604.8703   11.0640    0.1620
5604.8703   11.0738    0.2514
5605.8160   11.0621    0.1454
5604.4792   11.0385   -0.0690
5601.3442   11.0358   -0.0931
5604.4792   10.9306   -1.0457
5601.3442   11.0730    0.2439
5605.8160   11.0856    0.3577
5604.4792   11.1690    1.1127
5601.3442   11.0566    0.0957
5604.4792   11.0428   -0.0294
5601.3442   11.0165   -0.2676
5597.8662   11.0226   -0.2122
5596.6724   11.0033   -0.3877
5596.6724   11.0649    0.1706
5597.8662   11.0490    0.0263
5591.8638   11.0184   -0.2503
5589.6875   11.0407   -0.0488
5589.6875   11.0672    0.1910
5596.6724   11.0697    0.2136
5591.8638   11.0656    0.1765
5589.6875   11.0262   -0.1797
5596.6724   11.0329   -0.1189
5597.8662   11.0487    0.0233
5596.6724   11.0136   -0.2939
5596.6724   11.0743    0.2557
5597.8662   11.0495    0.0312
5591.8638   11.0094   -0.3324
5589.6875   11.0156   -0.2758
5596.6724   11.0844    0.3466
5596.6724   11.0474    0.0119
5597.8662   10.9117   -1.2170
5591.8638   11.0166   -0.2667
5589.6875   10.9950   -0.4620
5596.6724   11.0161   -0.2717
5596.6724   11.0751    0.2624
5591.8638   11.0322   -0.1254
5588.7221   11.0149   -0.2822
5588.7221   11.0682    0.2005
5589.2623   11.0584    0.1115
5591.2157   10.9904   -0.5040
5590.4840   10.9935   -0.4760
5592.2040   11.0062   -0.3610
5590.4840   11.1178    0.6497
5591.2157   11.0299   -0.1463
5592.2040   11.0467    0.0057
5595.4659   11.0407   -0.0484
5594.7309   10.9831   -0.5702
5597.1025   10.9936   -0.4752
5600.2099   11.0861    0.3622
5599.5679   11.0194   -0.2416
5601.7692   11.0254   -0.1871
5599.0768   11.0147   -0.2839
5598.8269   11.0438   -0.0203
5601.0757   10.9668   -0.7180
5594.7309   11.0717    0.2320
5595.4659   11.0009   -0.4091
5597.1025   11.1202    0.6706
5598.8269   11.1544    0.9808
5599.0768   11.0383   -0.0708
5601.0757   11.0592    0.1189
5599.5679   11.0309   -0.1376
5600.2099   11.0713    0.2282
5601.7692   11.0494    0.0301
5594.0848   10.9339   -1.0155
5594.0848   11.0794    0.3020
5596.4251   11.0321   -0.1267
5588.7221   11.0345   -0.1052
5589.2623   11.0903    0.4007
5590.4840   10.9886   -0.5201
5592.2040   11.0247   -0.1936
5590.4840   11.0357   -0.0939
5591.2157   11.0046   -0.3754
5592.2040   11.0109   -0.3186
5594.7309   10.9884   -0.5222
5597.1025   10.9964   -0.4497
5599.5679   10.9830   -0.5712
5601.7692   11.0400   -0.0547
5599.0768   10.9589   -0.7889
5598.8269   11.0802    0.3089
5601.0757   11.0440   -0.0192
5594.7309   11.0223   -0.2156
5595.4659   11.0556    0.0866
5597.1025   11.0149   -0.2824
5598.8269   11.0910    0.4071
5599.0768   11.0557    0.0873
5601.0757   11.0669    0.1884
5599.5679   11.0306   -0.1400
5600.2099   11.0362   -0.0898
5601.7692   10.9993   -0.4235
5594.0848   10.9773   -0.6231
5594.0848   11.0366   -0.0858
5596.4251   11.0284   -0.1604
5588.7221   11.0287   -0.1571
5589.2623   11.0114   -0.3135
5591.2157   11.0803    0.3098
5590.4840   11.0406   -0.0493
5592.2040   11.0108   -0.3197
5590.4840   10.9943   -0.4687
5592.2040   11.0678    0.1968
5595.4659   11.0642    0.1643
5594.7309   11.1052    0.5349
5597.1025   10.9172   -1.1672
5600.2099   11.0483    0.0200
5599.5679   11.0210   -0.2267
5601.7692   11.1651    1.0772
5599.0768   11.0346   -0.1039
5598.8269   11.0969    0.4597
5601.0757   11.0931    0.4259
5594.7309   11.0731    0.2447
5597.1025   11.0530    0.0628
5598.8269   11.0263   -0.1791
5599.0768   10.9891   -0.5156
5601.0757   11.0509    0.0437
5599.5679   10.9899   -0.5090
5601.7692   11.0819    0.3246
5594.0848   11.0529    0.0619
5594.0848   11.0395   -0.0599
5596.4251   11.0299   -0.1463
5588.7221   11.0042   -0.3791
5589.2623   11.0097   -0.3289
5591.2157   11.0981    0.4713
5590.4840   10.9884   -0.5224
5592.2040   10.9223   -1.1205
5590.4840   11.1203    0.6716
5592.2040   11.1154    0.6275
5595.4659   11.0355   -0.0961
5594.7309   11.1061    0.5435
5597.1025   11.0400   -0.0548
5600.2099   11.0413   -0.0434
5599.5679   11.0051   -0.3708
5601.7692   11.0816    0.3211
5599.0768   11.0269   -0.1737
5598.8269   11.0106   -0.3209
5601.0757   11.0358   -0.0933
5594.7309   11.0217   -0.2205
5597.1025   11.0373   -0.0792
5598.8269   11.0050   -0.3720
5599.0768   10.9990   -0.4265
5601.0757   11.0198   -0.2380
5599.5679   11.0077   -0.3476
5601.7692   11.0364   -0.0878
5594.0848   11.0895    0.3935
5594.0848   11.0994    0.4828
5596.4251   11.0547    0.0780
5589.2623   11.0113   -0.3149
5590.4840   11.0527    0.0600
5592.2040   10.9964   -0.4499
5590.4840   11.0057   -0.3652
5592.2040   11.0695    0.2121
5594.7309   11.1030    0.5155
5597.1025   11.0958    0.4502
5599.5679   11.0676    0.1952
5601.7692   11.0394   -0.0606
5599.0768   11.1445    0.8910
5598.8269   11.0204   -0.2323
5601.0757   11.0609    0.1341
5594.7309   11.0013   -0.4053
5597.1025   11.0138   -0.2921
5598.8269   11.0909    0.4055
5599.0768   11.0871    0.3715
5601.0757   10.9824   -0.5762
5599.5679   11.0458   -0.0028
5601.7692   11.0837    0.3406
5594.0848   10.9980   -0.4353
5594.0848   11.0017   -0.4018
5596.4251   10.9901   -0.5064
5603.7562   11.0177   -0.2566
5603.3697   11.0352   -0.0980
5603.0853   11.0303   -0.1431
5602.9318   11.0132   -0.2973
5604.6596   11.0926    0.4213
5605.5749   11.0449   -0.0109
5605.4733   11.1283    0.7439
5602.9318   11.0671    0.1902
5603.0853   10.9849   -0.5534
5603.3697   10.9947   -0.4648
5603.7562   10.9865   -0.5396
5604.6596   11.0537    0.0692
5605.4733   11.0453   -0.0068
5605.5749   11.0803    0.3098
5605.8160   11.0737    0.2503
5605.5749   11.0681    0.1995
5605.5746   11.0455   -0.0052
5605.8160   11.0377   -0.0758
5605.5746   10.9851   -0.5516
5605.5749   11.0401   -0.0542
5604.8453   11.0310   -0.1362
5603.7562   11.0110   -0.3175
5603.7562   11.0069   -0.3550
5605.4726   11.1071    0.5523
5604.4429   11.0773    0.2830
5605.4726   11.0578    0.1058
5603.7562   11.0212   -0.2248
5603.3697   11.0278   -0.1659
5605.5749   11.0050   -0.3721
5604.6596   11.0352   -0.0982
5605.4733   11.0476    0.0138
5603.0853   11.0835    0.3387
5602.9318   11.0333   -0.1158
5605.5749   10.9908   -0.5002
5605.8160   11.0477    0.0148
5605.5746   11.0506    0.0413
5603.7562   11.1202    0.6709
5604.8453   11.0842    0.3450
5603.7562   11.0820    0.3248
5605.5746   11.0505    0.0400
5605.8160   11.0582    0.1100
5605.5749   11.0461    0.0002
5602.9318   11.0803    0.3095
5603.0853   11.0169   -0.2640
5605.4733   11.0209   -0.2275
5604.6596   10.9966   -0.4481
5605.5749   10.9824   -0.5761
5603.3697   11.0268   -0.1743
5603.7562   11.0759    0.2703
5604.4429   11.0809    0.3153
5605.4726   11.0920    0.4161
5605.4726   11.0381   -0.0720
5604.8453   11.0274   -0.1695
5605.5746   11.0418   -0.0386
5605.8160   11.0503    0.0384
5605.5746   11.0605    0.1302
5605.8160   11.1353    0.8075
5605.4733   11.0476    0.0139
5604.6596   11.0403   -0.0524
5603.3697   11.0628    0.1510
5601.7692   11.0483    0.0203
5603.0853   11.0802    0.3093
5602.9318   11.1135    0.6108
5601.0757   11.0810    0.3163
5605.4733   10.9972   -0.4427
5604.6596   11.0549    0.0798
5602.9318   11.0261   -0.1813
5603.0853   10.9931   -0.4797
5601.0757   11.0547    0.0785
5603.3697   11.0841    0.3442
5601.7692   11.0959    0.4507
5605.4726   11.0200   -0.2363
5605.4726   11.0151   -0.2806
5604.4429   11.0775    0.2846
5603.7562   10.9574   -0.8032
5603.3697   11.0498    0.0335
5603.0853   11.1103    0.5810
5602.9318   11.0638    0.1602
5604.6596   10.9955   -0.4575
5605.5749   10.9751   -0.6424
5605.4733   10.9989   -0.4274
5602.9318   11.0263   -0.1795
5603.0853   10.9670   -0.7162
5603.3697   11.0360   -0.0915
5603.7562   11.0130   -0.2996
5604.6596   11.0370   -0.0818
5605.4733   11.1298    0.7577
5605.5749   11.0407   -0.0488
5605.8160   11.0762    0.2730
5605.5749   11.0087   -0.3386
5605.5746   11.0495    0.0312
5605.8160   11.1325    0.7825
5605.5746   11.1220    0.6875
5605.5749   11.0924    0.4190
5604.8453   11.0182   -0.2520
5603.7562   11.0348   -0.1018
5603.7562   10.9586   -0.7915
5605.4726   10.9860   -0.5437
5604.4429   10.9668   -0.7177
5605.4726   10.9582   -0.7953
5604.8453   11.0246   -0.1942
5605.5746   11.0367   -0.0851
5605.8160   11.0238   -0.2015
5605.5746   11.0819    0.3245
5605.8160   11.0327   -0.1210
5605.4733   11.0500    0.0354
5604.6596   11.0306   -0.1399
5603.3697   11.0287   -0.1574
5601.7692   11.0244   -0.1960
5603.0853   11.0209   -0.2281
5602.9318   11.0587    0.1141
5601.0757   11.0050   -0.3720
5605.4733   11.0526    0.0589
5604.6596   11.0069   -0.3549
5602.9318   11.0454   -0.0064
5603.0853   11.0204   -0.2327
5601.0757   11.0458   -0.0026
5603.3697   11.0260   -0.1815
5601.7692   11.0190   -0.2450
5605.4726   11.0737    0.2503
5605.4726   11.0109   -0.3189
5604.4429   11.0313   -0.1336
5603.7562   11.1242    0.7068
5603.3697   11.0393   -0.0617
5603.0853   11.0686    0.2039
5602.9318   11.0824    0.3286
5604.6596   11.0708    0.2237
5605.5749   11.0852    0.3538
5605.4733   11.0632    0.1547
5602.9318   11.0800    0.3075
5603.0853   11.0143   -0.2875
5603.3697   11.0133   -0.2964
5603.7562   11.0722    0.2368
5604.6596   11.0186   -0.2491
5605.4733   11.0685    0.2029
5605.5749   11.0829    0.3338
5605.8160   11.0311   -0.1355
5605.5749   11.1518    0.9572
5605.5746   11.0390   -0.0637
5605.8160   11.0712    0.2278
5605.5746   11.0684    0.2020
5605.5749   11.1350    0.8047
5604.8453   11.0862    0.3629
5603.7562   11.1218    0.6851
5603.7562   11.1728    1.1474
5605.4726   11.0796    0.3038
5604.4429   11.0811    0.3172
5605.4726   11.0597    0.1234
5604.8453   11.0270   -0.1729
5605.5746   11.1427    0.8747
5605.8160   11.0511    0.0454
5605.5746   11.0725    0.2393
5605.8160   11.0691    0.2086
5605.4733   11.1657    1.0828
5604.6596   11.0929    0.4236
5603.3697   11.1156    0.6289
5601.7692   10.9211   -1.1318
5603.0853   11.0447   -0.0122
5602.9318   11.1125    0.6011
5601.0757   10.9996   -0.4209
5605.4733   11.1066    0.5480
5604.6596   10.9821   -0.5790
5602.9318   11.0540    0.0718
5603.0853   11.0405   -0.0503
5601.0757   11.1137    0.6126
5603.3697   11.0167   -0.2660
5601.7692   11.0621    0.1450
5605.4726   11.0263   -0.1788
5605.4726   11.1296    0.7563
5604.4429   11.0834    0.3382
5603.7562   11.0406   -0.0492
5603.3697   11.0673    0.1925
5603.0853   11.0715    0.2298
5602.9318   11.0957    0.4497
5604.6596   11.0339   -0.1103
5605.5749   11.0245   -0.1953
5605.4733   11.0298   -0.1471
5602.9318   11.0059   -0.3636
5603.0853   11.0820    0.3254
5603.3697   11.0891    0.3893
5603.7562   11.0491    0.0277
5604.6596   11.0544    0.0750
5605.4733   11.1037    0.5217
5605.5749   11.0549    0.0800
5605.8160   11.0479    0.0160
5605.5749   11.0554    0.0843
5605.5746   11.0687    0.2048
5605.8160   11.0527    0.0600
5605.5746   11.0607    0.1326
5605.5749   11.0447   -0.0122
5604.8453   11.0709    0.2250
5603.7562   11.0294   -0.1511
5603.7562   11.0593    0.1201
5605.4726   11.0406   -0.0500
5604.4429   11.0713    0.2287
5605.4726   11.1105    0.5834
5604.8453   11.0219   -0.2187
5605.5746   11.0299   -0.1462
5605.8160   11.0362   -0.0891
5605.5746   11.0633    0.1558
5605.8160   11.0657    0.1780
5605.4733   11.0627    0.1502
5604.6596   11.0473    0.0113
5603.3697   11.0524    0.0570
5601.7692   11.0353   -0.0976
5603.0853   11.0560    0.0902
5602.9318   11.0104   -0.3231
5601.0757   11.0355   -0.0960
5605.4733   11.0901    0.3990
5604.6596   11.0946    0.4396
5602.9318   11.0540    0.0713
5603.0853   11.0845    0.3481
5601.0757   11.0693    0.2101
5603.3697   11.1579    1.0125
5601.7692   11.0936    0.4305
5605.4726   11.0515    0.0490
5605.4726   11.0702    0.2182
5604.4429   11.0390   -0.0638
5604.8453   11.0174   -0.2600
5605.5746   11.0963    0.4548
5605.8160   11.0044   -0.3770
5605.5746   11.1209    0.6772
5605.8160   11.0716    0.2307
5605.4733   11.0722    0.2361
5604.6596   11.0205   -0.2316
5603.3697   11.0143   -0.2881
5601.7692   11.0389   -0.0649
5603.0853   11.0873    0.3735
5602.9318   11.0211   -0.2265
5601.0757   11.0709    0.2243
5605.4733   11.0379   -0.0744
5604.6596   11.0453   -0.0067
5602.9318   11.0240   -0.1997
5603.0853   11.0380   -0.0733
5601.0757   11.0107   -0.3199
5603.3697   11.0801    0.3077
5601.7692   11.0496    0.0322
5605.4726   11.0232   -0.2075
5605.4726   11.1444    0.8904
5604.4429   11.0571    0.0997
5600.2099   11.0917    0.4133
5599.5679   11.0489    0.0256
5599.0768   11.0237   -0.2029
5598.8269   11.0333   -0.1154
5597.1025   11.0344   -0.1056
5595.4659   11.0461    0.0003
5594.7309   11.0600    0.1264
5598.8269   11.0402   -0.0528
5599.0768   11.0158   -0.2742
5599.5679   11.0589    0.1163
5600.2099   11.0613    0.1379
5597.1025   11.0456   -0.0044
5594.7309   11.0228   -0.2107
5595.4659   11.0491    0.0269
5592.2040   11.0587    0.1145
5591.2157   11.0220   -0.2182
5590.4840   11.0387   -0.0670
5592.2040   11.0171   -0.2622
5590.4840   11.0222   -0.2160
5591.2157   11.0334   -0.1150
5589.2623   11.0434   -0.0239
5588.7221   11.0382   -0.0715
5588.7221   11.0743    0.2559
5594.0848   10.9992   -0.4244
5596.4251   11.0102   -0.3250
5594.0848   11.0207   -0.2300
5599.5679   11.0559    0.0893
5597.1025   11.0376   -0.0771
5594.7309   11.0813    0.3184
5599.0768   11.0869    0.3695
5598.8269   11.0524    0.0574
5592.2040   11.0849    0.3514
5590.4840   11.0797    0.3042
5589.2623   11.0598    0.1246
5588.7221   11.0111   -0.3163
5590.4840   11.0405   -0.0504
5592.2040   11.0399   -0.0556
5591.2157   11.0333   -0.1158
5598.8269   11.0208   -0.2293
5599.0768   11.0327   -0.1215
5594.7309   11.0649    0.1707
5597.1025   11.0663    0.1826
5595.4659   11.0757    0.2684
5599.5679   11.0503    0.0381
5600.2099   11.0726    0.2399
5596.4251   11.0728    0.2422
5594.0848   11.0790    0.2980
5594.0848   11.0663    0.1829
5599.5679   11.0651    0.1718
5599.0768   11.0324   -0.1234
5598.8269   11.0630    0.1533
5597.1025   11.0594    0.1209
5594.7309   11.0645    0.1671
5598.8269   11.0824    0.3287
5599.0768   11.0711    0.2265
5599.5679   11.0194   -0.2419
5600.2099   11.0279   -0.1642
5597.1025   11.0327   -0.1212
5594.7309   11.0771    0.2809
5595.4659   11.0412   -0.0437
5592.2040   11.0270   -0.1731
5590.4840   11.0131   -0.2986
5592.2040   11.0335   -0.1143
5590.4840   11.0094   -0.3323
5591.2157   10.9908   -0.5007
5589.2623   11.0473    0.0112
5588.7221   11.0388   -0.0658
5594.0848   11.0499    0.0345
5596.4251   11.0780    0.2887
5594.0848   11.0657    0.1780
5599.5679   11.0605    0.1307
5599.0768   11.1056    0.5389
5598.8269   11.0926    0.4214
5597.1025   11.0509    0.0436
5594.7309   11.0480    0.0174
5598.8269   11.1004    0.4920
5599.0768   10.8994   -1.3275
5599.5679   10.9721   -0.6697
5600.2099   10.9955   -0.4583
5597.1025   11.0195   -0.2407
5594.7309   11.0175   -0.2589
5595.4659   11.0382   -0.0714
5592.2040   11.0293   -0.1522
5590.4840   11.0084   -0.3416
5592.2040   11.0546    0.0767
5590.4840   11.0263   -0.1787
5591.2157   11.0086   -0.3391
5589.2623   11.0390   -0.0637
5588.7221   10.9779   -0.6174
5594.0848   11.0132   -0.2979
5596.4251   11.0388   -0.0657
5594.0848   11.0432   -0.0258
5599.5679   11.0472    0.0100
5599.0768   11.0623    0.1469
5598.8269   11.0550    0.0811
5597.1025   11.0177   -0.2565
5594.7309   11.0525    0.0581
5598.8269   11.0625    0.1484
5599.0768   11.0573    0.1014
5599.5679   11.0486    0.0231
5597.1025   11.0513    0.0472
5594.7309   11.0782    0.2912
5592.2040   11.0332   -0.1162
5590.4840   11.0316   -0.1315
5592.2040   11.0338   -0.1111
5590.4840   11.0296   -0.1493
5589.2623   11.0200   -0.2360
5594.0848   11.0380   -0.0733
5596.4251   11.0461    0.0003
5594.0848   11.0384   -0.0692
5588.4749   11.0434   -0.0239
5588.4749   11.0146   -0.2851
5588.6095   11.0130   -0.2994
5589.1288   11.0371   -0.0817
5588.9114   11.0631    0.1542
5589.3693   11.0099   -0.3272
5588.9114   11.0599    0.1254
5589.1288   11.1133    0.6089
5589.3693   11.0639    0.1615
5590.3876   11.0140   -0.2905
5590.0077   10.9948   -0.4638
5590.7585   11.0233   -0.2060
5592.1564   11.0413   -0.0434
5591.6406   10.9901   -0.5069
5592.6215   11.0539    0.0708
5591.2862   10.9569   -0.8072
5591.1069   11.0764    0.2742
5591.9494   11.0182   -0.2522
5590.0077   11.0561    0.0908
5590.3876   11.0857    0.3591
5590.7585   11.0382   -0.0715
5591.1069   11.0234   -0.2052
5591.2862   11.1079    0.5597
5591.9494   11.0325   -0.1234
5591.6406   10.9485   -0.8832
5592.1564   11.0178   -0.2560
5592.6215   10.9947   -0.4653
5589.7958   11.0369   -0.0834
5589.7958   11.0362   -0.0895
5590.3828   11.0542    0.0736
5594.3018   11.0414   -0.0426
5593.9005   11.1008    0.4952
5595.0456   11.0529    0.0617
5596.6616   11.0296   -0.1494
5596.2421   11.0903    0.4003
5597.4460   11.0106   -0.3216
5595.9040   10.9816   -0.5842
5595.6625   11.0519    0.0525
5596.8429   11.0756    0.2675
5599.0566   10.9917   -0.4920
5598.6964   10.9742   -0.6509
5599.8643   10.9761   -0.6334
5601.3042   11.0412   -0.0439
5600.9894   10.9560   -0.8157
5602.0306   10.9769   -0.6260
5600.7030   11.0142   -0.2885
5600.4582   11.1007    0.4942
5601.5389   11.0923    0.4182
5597.8795   11.0123   -0.3057
5597.7359   11.1031    0.5158
5598.9189   11.0605    0.1308
5600.2397   11.0484    0.0207
5600.0842   11.1421    0.8693
5601.1888   10.9639   -0.7438
5599.9751   10.9724   -0.6674
5599.9185   11.1036    0.5208
5601.0069   11.0935    0.4294
5598.0702   10.9868   -0.5366
5598.3472   10.9496   -0.8736
5599.2907   11.0149   -0.2821
5593.9005   11.0374   -0.0783
5594.3018   11.0347   -0.1029
5595.0456   11.0915    0.4107
5595.6625   11.0065   -0.3587
5595.9040   11.1198    0.6670
5596.8429   11.0688    0.2056
5596.2421   11.0635    0.1574
5596.6616   11.0703    0.2189
5597.4460   11.0938    0.4325
5597.7359   11.1476    0.9188
5597.8795   11.1762    1.1778
5598.9189   11.0599    0.1249
5599.9185   11.0633    0.1555
5599.9751   11.0196   -0.2396
5601.0069   10.9917   -0.4922
5600.0842   11.0427   -0.0305
5600.2397   11.0780    0.2888
5601.1888   11.0514    0.0480
5598.6964   11.0366   -0.0856
5599.0566   11.1113    0.5905
5599.8643   11.0504    0.0395
5600.4582   11.0655    0.1754
5600.7030   11.0409   -0.0465
5601.5389   11.0557    0.0870
5600.9894   11.0785    0.2938
5601.3042   11.1082    0.5626
5602.0306   11.0708    0.2235
5598.3472   11.0543    0.0742
5598.0702   11.1325    0.7823
5599.2907   11.0386   -0.0677
5593.4159   11.0478    0.0158
5593.0820   10.9357   -0.9988
5592.9127   10.9495   -0.8745
5594.3383   11.0431   -0.0267
5595.3492   11.0367   -0.0850
5592.9127   10.9965   -0.4493
5593.0820   11.0197   -0.2390
5593.4159   10.9844   -0.5583
5594.3383   11.0442   -0.0169
5595.3492   10.9660   -0.7245
5596.4874   11.0820    0.3249
5597.6186   11.1347    0.8025
5596.4874   11.0830    0.3342
5597.6186   11.0018   -0.4007
5598.7794   11.1170    0.6418
5595.2156   11.0697    0.2137
5594.0050   10.9604   -0.7753
5595.2156   11.0191   -0.2443
5588.4749   11.0274   -0.1687
5588.6095   11.0120   -0.3088
5588.9114   11.0552    0.0829
5589.3693   11.0564    0.0934
5588.9114   10.9513   -0.8581
5589.1288   11.0354   -0.0968
5589.3693   11.0266   -0.1767
5590.0077   11.0399   -0.0560
5590.7585   11.0918    0.4135
5591.6406   11.0343   -0.1066
5592.6215   10.9933   -0.4778
5591.2862   11.0557    0.0866
5591.1069   11.0992    0.4812
5591.9494   11.0612    0.1371
5590.0077   11.0080   -0.3449
5590.3876   11.0132   -0.2979
5590.7585   11.0305   -0.1414
5591.1069   11.0650    0.1710
5591.2862   11.0132   -0.2979
5591.9494   11.0755    0.2659
5591.6406   11.0015   -0.4038
5592.1564   11.0101   -0.3256
5592.6215   11.0305   -0.1415
5589.7958   11.0612    0.1370
5589.7958   11.1008    0.4958
5590.3828   11.0795    0.3030
5593.9005   10.9670   -0.7158
5595.0456   11.0787    0.2952
5596.2421   11.0793    0.3007
5597.4460   11.0027   -0.3925
5595.9040   11.0362   -0.0893
5595.6625   10.9671   -0.7154
5596.8429   10.9496   -0.8737
5598.6964   11.0247   -0.1935
5599.8643   11.0963    0.4551
5600.9894   11.0506    0.0408
5602.0306   11.0762    0.2728
5600.7030   11.0442   -0.0171
5600.4582   11.0187   -0.2481
5601.5389   11.0005   -0.4126
5597.8795   11.0541    0.0729
5597.7359   11.0251   -0.1897
5598.9189   11.1182    0.6525
5600.2397   11.0027   -0.3930
5600.0842   10.9953   -0.4598
5601.1888   11.0284   -0.1604
5599.9751   11.0365   -0.0871
5599.9185   11.0872    0.3721
5601.0069   11.0545    0.0761
5598.0702   11.0126   -0.3027
5598.3472   10.9838   -0.5636
5599.2907   11.0043   -0.3786
5593.9005   11.0145   -0.2855
5594.3018   11.0344   -0.1060
5595.0456   11.0275   -0.1682
5595.6625   11.0527    0.0600
5595.9040   11.0121   -0.3075
5596.8429   11.0349   -0.1008
5596.2421   11.0372   -0.0804
5596.6616   11.0566    0.0952
5597.4460   11.0203   -0.2336
5597.7359   11.0678    0.1965
5597.8795   11.0587    0.1144
5598.9189   11.0746    0.2583
5599.9185   11.0699    0.2156
5599.9751   11.0616    0.1404
5601.0069   11.0712    0.2270
5600.0842   11.0459   -0.0015
5600.2397   11.0390   -0.0640
5601.1888   11.0524    0.0575
5598.6964   11.0254   -0.1875
5599.0566   11.0118   -0.3104
5599.8643   10.9998   -0.4190
5600.4582   11.0403   -0.0522
5600.7030   11.0027   -0.3926
5601.5389   11.0148   -0.2835
5600.9894   11.0059   -0.3637
5601.3042   11.0167   -0.2660
5602.0306   10.9740   -0.6527
5598.3472   11.0338   -0.1110
5598.0702   11.0580    0.1079
5599.2907   11.0367   -0.0850
5593.4159   11.0476    0.0136
5593.0820   11.0150   -0.2810
5592.9127   11.0516    0.0499
5594.3383   11.0170   -0.2635
5595.3492   11.0480    0.0173
5592.9127   11.0976    0.4663
5593.0820   11.0656    0.1763
5593.4159   11.0812    0.3175
5594.3383   11.0459   -0.0014
5595.3492   10.9918   -0.4916
5596.4874   11.0388   -0.0658
5597.6186   11.0636    0.1582
5596.4874   11.0411   -0.0447
5597.6186   11.0709    0.2246
5598.7794   11.0935    0.4291
5595.2156   11.0646    0.1678
5594.0050   11.0549    0.0803
5595.2156   11.0190   -0.2448
5588.4749   11.0154   -0.2781
5588.6095   11.0195   -0.2408
5589.1288   10.9949   -0.4632
5588.9114   10.9901   -0.5065
5589.3693   11.0147   -0.2845
5588.9114   10.9827   -0.5735
5589.3693   11.0545    0.0764
5590.3876   11.0722    0.2363
5590.0077   11.0216   -0.2215
5590.7585   11.1128    0.6044
5592.1564   11.0987    0.4767
5591.6406   11.0699    0.2158
5592.6215   11.1462    0.9063
5591.2862   11.0227   -0.2116
5591.1069   11.0568    0.0975
5591.9494   11.0644    0.1662
5590.0077   11.0150   -0.2817
5590.7585   10.9866   -0.5382
5591.1069   11.0599    0.1250
5591.2862   11.0658    0.1783
5591.9494   11.0645    0.1664
5591.6406   11.0003   -0.4145
5592.6215   11.0603    0.1286
5589.7958   11.0259   -0.1828
5589.7958   11.0228   -0.2110
5590.3828   11.0111   -0.3170
5594.3018   11.0720    0.2347
5593.9005   11.0690    0.2072
5595.0456   11.0510    0.0446
5596.6616   10.9911   -0.4975
5596.2421   11.0497    0.0328
5597.4460   10.9780   -0.6168
5595.9040   11.0435   -0.0238
5595.6625   11.0993    0.4820
5596.8429   11.1638    1.0653
5599.0566   11.0335   -0.1136
5598.6964   11.0704    0.2197
5599.8643   10.9679   -0.7077
5601.3042   11.0029   -0.3909
5600.9894   10.9409   -0.9526
5602.0306   11.1664    1.0897
5600.7030   11.0525    0.0583
5600.4582   10.9986   -0.4299
5601.5389   10.9424   -0.9388
5597.8795   10.9659   -0.7257
5597.7359   11.0941    0.4345
5598.9189   11.1169    0.6412
5600.2397   11.0309   -0.1377
5600.0842   11.1404    0.8538
5601.1888   11.0993    0.4814
5599.9751   11.1645    1.0721
5599.9185   11.1318    0.7757
5601.0069   11.0497    0.0329
5598.0702   11.0550    0.0808
5598.3472   10.8863   -1.4463
5599.2907   10.9805   -0.5939
5593.9005   11.0620    0.1440
5595.0456   11.0195   -0.2409
5595.6625   11.1597    1.0282
5595.9040   11.0429   -0.0284
5596.8429   11.0520    0.0538
5596.2421   11.0159   -0.2736
5597.4460   11.0246   -0.1946
5597.7359   10.9875   -0.5304
5597.8795   11.0457   -0.0035
5598.9189   10.9701   -0.6875
5599.9185   11.0072   -0.3517
5599.9751   11.0206   -0.2303
5601.0069   11.0448   -0.0118
5600.0842   11.0435   -0.0232
5600.2397   10.9731   -0.6603
5601.1888   10.9845   -0.5575
5598.6964   11.0297   -0.1482
5599.8643   11.0860    0.3612
5600.4582   10.9958   -0.4552
5600.7030   11.0631    0.1538
5601.5389   11.0203   -0.2337
5600.9894   11.0205   -0.2316
5602.0306   11.1147    0.6215
5598.3472   11.0284   -0.1600
5598.0702   11.0791    0.2985
5599.2907   11.0030   -0.3899
5593.4159   11.0750    0.2619
5593.0820   11.0252   -0.1892
5592.9127   11.0487    0.0239
5594.3383   11.0782    0.2905
5595.3492   11.0851    0.3535
5592.9127   11.0072   -0.3522
5593.0820   11.0065   -0.3585
5593.4159   10.9611   -0.7695
5594.3383   10.9645   -0.7381
5595.3492   11.0019   -0.3998
5596.4874   11.0667    0.1870
5597.6186   10.9607   -0.7729
5596.4874   11.0060   -0.3626
5597.6186   11.0185   -0.2494
5598.7794   11.1022    0.5078
5595.2156   11.0386   -0.0675
5594.0050   11.0516    0.0496
5595.2156   10.9829   -0.5719
5588.4749   11.0511    0.0451
5588.6095   10.9908   -0.5003
5589.1288   11.0422   -0.0352
5588.9114   10.9269   -1.0793
5589.3693   10.9365   -0.9916
5588.9114   11.0118   -0.3104
5589.3693   11.0102   -0.3250
5590.3876   11.0863    0.3640
5590.0077   10.9596   -0.7831
5590.7585   10.9882   -0.5244
5592.1564   11.0617    0.1418
5591.6406   10.9664   -0.7216
5592.6215   10.9439   -0.9250
5591.2862   10.9655   -0.7297
5591.1069   11.0108   -0.3193
5591.9494   10.9398   -0.9625
5590.0077   11.0961    0.4524
5590.7585   11.0547    0.0779
5591.1069   11.0199   -0.2374
5591.2862   11.0979    0.4692
5591.9494   11.0786    0.2947
5591.6406   11.1350    0.8050
5592.6215   11.1308    0.7669
5589.7958   11.0212   -0.2249
5589.7958   11.0329   -0.1190
5590.3828   11.0138   -0.2923
5594.3018   11.0343   -0.1065
5593.9005   11.0450   -0.0101
5595.0456   11.0727    0.2408
5596.6616   11.0000   -0.4172
5596.2421   11.0303   -0.1433
5597.4460   11.0095   -0.3307
5595.9040   11.0862    0.3634
5595.6625   11.0714    0.2296
5596.8429   11.0610    0.1348
5599.0566   11.0044   -0.3772
5598.6964   11.0079   -0.3458
5599.8643   11.0206   -0.2309
5601.3042   11.0789    0.2975
5600.9894   11.0453   -0.0069
5602.0306   11.0979    0.4692
5600.7030   11.0346   -0.1043
5600.4582   11.0206   -0.2307
5601.5389   11.0485    0.0222
5597.8795   11.0459   -0.0012
5597.7359   11.0339   -0.1104
5598.9189   11.0188   -0.2471
5600.2397   11.0165   -0.2676
5600.0842   11.0181   -0.2529
5601.1888   11.0214   -0.2232
5599.9751   11.0120   -0.3082
5599.9185   11.0177   -0.2567
5601.0069   11.0400   -0.0552
5598.0702   11.0404   -0.0517
5598.3472   11.0156   -0.2756
5599.2907   11.0114   -0.3140
5593.9005   11.1546    0.9825
5595.0456   11.1267    0.7296
5595.6625   11.0277   -0.1663
5595.9040   11.0209   -0.2282
5596.8429   11.0028   -0.3915
5596.2421   11.0452   -0.0082
5597.4460   10.9745   -0.6482
5597.7359   11.0094   -0.3321
5597.8795   10.9929   -0.4816
5598.9189   11.0005   -0.4124
5599.9185   11.0208   -0.2291
5599.9751   11.0125   -0.3040
5601.0069   11.0338   -0.1108
5600.0842   11.0147   -0.2838
5600.2397   11.0246   -0.1941
5601.1888   11.0311   -0.1352
5598.6964   10.8784   -1.5183
5599.8643   10.9895   -0.5126
5600.4582   11.0205   -0.2318
5600.7030   11.0234   -0.2051
5601.5389   11.0362   -0.0894
5600.9894   10.9691   -0.6971
5602.0306   11.0752    0.2639
5598.3472   11.0067   -0.3564
5598.0702   10.9863   -0.5416
5599.2907   10.9978   -0.4371
5593.4159   11.0792    0.3000
5593.0820   11.0186   -0.2484
5592.9127   10.9303   -1.0485
5594.3383   11.0733    0.2462
5595.3492   11.1054    0.5373
5592.9127   10.9164   -1.1736
5593.0820   11.0316   -0.1308
5593.4159   11.0145   -0.2863
5594.3383   11.0405   -0.0507
5595.3492   11.0910    0.4067
5596.4874   11.0633    0.1556
5597.6186   11.0052   -0.3702
5596.4874   11.0101   -0.3255
5597.6186   11.0184   -0.2506
5598.7794   11.0073   -0.3511
5595.2156   11.0504    0.0394
5594.0050   11.0490    0.0263
5595.2156   11.0303   -0.1427
5588.6095   10.9829   -0.5718
5588.9114   11.0536    0.0681
5589.3693   11.0314   -0.1333
5588.9114   11.0347   -0.1033
5589.3693   11.0637    0.1598
5590.0077   10.9881   -0.5250
5590.7585   11.0298   -0.1469
5591.6406   11.0005   -0.4125
5592.6215   11.0164   -0.2686
5591.2862   11.0158   -0.2742
5591.1069   11.0734    0.2472
5591.9494   11.0517    0.0512
5590.0077   11.0575    0.1036
5590.7585   10.9913   -0.4958
5591.1069   11.0248   -0.1928
5591.2862   11.0135   -0.2945
5591.9494   10.9678   -0.7082
5591.6406   11.1130    0.6054
5592.6215   11.0366   -0.0859
5589.7958   10.9966   -0.4476
5589.7958   11.0032   -0.3885
5590.3828   11.0276   -0.1669
5593.9005   11.0615    0.1393
5595.0456   11.1101    0.5800
5596.2421   11.1180    0.6515
5597.4460   11.0664    0.1837
5595.9040   11.1138    0.6129
5595.6625   11.0697    0.2141
5596.8429   11.1761    1.1770
5598.6964   11.0777    0.2865
5599.8643   11.0259   -0.1829
5600.9894   11.0082   -0.3425
5602.0306   10.9893   -0.5137
5600.7030   11.1035    0.5202
5600.4582   11.1684    1.1076
5601.5389   11.1428    0.8752
5597.8795   11.1468    0.9114
5597.7359   11.1307    0.7661
5598.9189   11.0819    0.3241
5600.2397   11.1591    1.0236
5600.0842   11.1282    0.7430
5601.1888   11.0772    0.2818
5599.9751   11.0288   -0.1561
5599.9185   11.0702    0.2180
5601.0069   11.0280   -0.1638
5598.0702   11.0901    0.3988
5598.3472   11.1048    0.5318
5599.2907   11.1263    0.7263
5593.9005   11.0923    0.4187
5595.0456   10.9867   -0.5376
5595.6625   11.0124   -0.3053
5595.9040   10.9805   -0.5933
5596.8429   11.0232   -0.2067
5596.2421   10.9944   -0.4679
5597.4460   10.9985   -0.4309
5597.7359   11.0430   -0.0279
5597.8795   11.1007    0.4944
5598.9189   11.0537    0.0693
5599.9185   11.0494    0.0298
5599.9751   10.9990   -0.4260
5601.0069   11.0264   -0.1780
5600.0842   11.0712    0.2277
5600.2397   11.0017   -0.4020
5601.1888   11.0503    0.0383
5598.6964   11.0047   -0.3743
5599.8643   11.0422   -0.0351
5600.4582   11.0464    0.0025
5600.7030   11.0690    0.2078
5601.5389   11.0762    0.2727
5600.9894   11.0740    0.2524
5602.0306   11.1018    0.5044
5598.3472   11.0311   -0.1355
5598.0702   11.0540    0.0720
5599.2907   10.9989   -0.4269
5593.4159   11.0261   -0.1809
5593.0820   11.0014   -0.4047
5592.9127   10.9933   -0.4777
5594.3383   11.0618    0.1427
5595.3492   11.0375   -0.0778
5592.9127   11.0656    0.1771
5593.0820   11.0218   -0.2195
5593.4159   10.9942   -0.4693
5594.3383   11.0189   -0.2462
5595.3492   11.0703    0.2194
5596.4874   10.9775   -0.6206
5597.6186   10.9380   -0.9781
5596.4874   11.0722    0.2364
5597.6186   11.0453   -0.0072
5598.7794   11.1687    1.1098
5595.2156   11.0032   -0.3880
5594.0050   11.0370   -0.0826
5595.2156   11.0395   -0.0592
5603.0713   11.0480    0.0172
5602.8259   11.0141   -0.2893
5602.6038   11.0511    0.0452
5602.4105   11.0292   -0.1530
5603.5562   11.0242   -0.1985
5604.3598   11.0636    0.1585
5604.1969   11.0547    0.0784
5602.2498   11.0263   -0.1790
5602.1261   11.0266   -0.1766
5602.0413   10.9726   -0.6654
5601.9966   11.0587    0.1146
5602.9953   11.0527    0.0596
5603.8336   11.0522    0.0550
5603.7662   11.0290   -0.1543
5604.7622   11.0582    0.1097
5605.2780   11.0427   -0.0307
5605.1988   11.0386   -0.0673
5604.5646   11.0732    0.2457
5605.1231   11.0599    0.1253
5605.0530   11.0952    0.4450
5605.5248   11.0360   -0.0911
5605.7554   11.0633    0.1557
5605.7298   11.0699    0.2157
5604.0652   11.0608    0.1333
5603.2159   11.0438   -0.0203
5603.9433   11.0719    0.2337
5601.9966   11.0837    0.3404
5602.0413   11.0246   -0.1947
5602.1261   10.9879   -0.5265
5602.2498   11.0155   -0.2766
5602.9953   10.9853   -0.5503
5603.7662   11.0347   -0.1032
5603.8336   11.0009   -0.4089
5602.4105   10.9807   -0.5917
5602.6038   10.9619   -0.7617
5602.8259   10.9908   -0.5007
5603.0713   11.0324   -0.1235
5603.5562   10.9902   -0.5062
5604.1969   11.0313   -0.1342
5604.3598   11.0180   -0.2540
5604.5646   11.0303   -0.1426
5605.0530   11.0088   -0.3378
5605.1231   11.0572    0.1004
5604.7622   11.0851    0.3536
5605.1988   11.0668    0.1874
5605.2780   11.1166    0.6382
5605.5248   11.0752    0.2637
5605.7298   11.0294   -0.1512
5605.7554   11.0692    0.2094
5603.9433   11.0457   -0.0035
5603.2159   10.9764   -0.6311
5604.0652   11.0549    0.0797
5605.8160   11.0462    0.0009
5605.7554   11.0803    0.3096
5605.7554   11.0449   -0.0110
5605.8160   11.0639    0.1615
5605.7554   11.0532    0.0649
5605.7553   11.0153   -0.2785
5605.5733   11.0603    0.1288
5605.2780   11.0591    0.1175
5605.2776   11.0287   -0.1575
5605.8160   11.0509    0.0438
5605.7553   11.0189   -0.2465
5605.7554   11.0219   -0.2185
5605.8160   11.0387   -0.0666
5605.7554   11.0379   -0.0741
5605.7554   11.0344   -0.1062
5605.5733   11.0071   -0.3528
5605.2776   10.9932   -0.4784
5605.2780   11.0294   -0.1514
5604.8516   11.0275   -0.1681
5604.3598   11.0354   -0.0967
5604.3442   11.0438   -0.0205
5604.8516   10.9688   -0.6994
5604.3442   10.9876   -0.5291
5604.3598   11.0195   -0.2404
5603.7426   10.9931   -0.4796
5603.0713   11.0241   -0.1993
5603.0713   11.0169   -0.2640
5605.2681   11.0212   -0.2253
5605.5730   11.0180   -0.2539
5605.2681   11.0075   -0.3493
5605.7297   11.0383   -0.0708
5605.4708   11.1353    0.8081
5605.0521   11.1165    0.6375
5605.7296   11.0922    0.4171
5605.7296   11.1398    0.8481
5604.4521   11.0984    0.4738
5603.7436   11.0683    0.2016
5602.9122   11.0648    0.1697
5603.7436   11.0603    0.1291
5604.4521   11.0713    0.2286
5605.7296   11.0425   -0.0328
5605.7296   11.0286   -0.1586
5605.0521   11.0431   -0.0267
5605.4708   10.9992   -0.4248
5605.7297   11.0336   -0.1128
5605.4703   11.0479    0.0164
5605.0383   11.1269    0.7314
5605.0383   11.0439   -0.0200
5603.0713   11.0416   -0.0405
5602.8259   11.0129   -0.3008
5604.3598   11.0204   -0.2325
5603.5562   10.9791   -0.6062
5604.1969   10.9938   -0.4732
5602.6038   11.0108   -0.3194
5602.4105   11.0222   -0.2159
5605.2780   10.9823   -0.5772
5604.7622   11.0132   -0.2974
5605.1988   10.9977   -0.4375
5605.7554   11.0430   -0.0276
5605.5248   11.0488    0.0246
5605.7298   11.0568    0.0967
5605.1231   11.0331   -0.1171
5604.5646   11.0586    0.1130
5605.0530   11.0560    0.0898
5602.2498   11.0348   -0.1025
5602.1261   11.0356   -0.0949
5603.8336   11.0708    0.2242
5602.9953   11.0538    0.0695
5603.7662   11.0466    0.0051
5602.0413   11.0337   -0.1121
5601.9966   11.0465    0.0036
5603.2159   11.0527    0.0595
5604.0652   11.0513    0.0469
5603.9433   11.0636    0.1590
5605.7554   10.9906   -0.5024
5605.8160   11.0205   -0.2314
5605.7554   10.9804   -0.5942
5605.2780   11.0355   -0.0961
5605.5733   11.0036   -0.3849
5605.2776   11.0705    0.2215
5605.7554   11.0074   -0.3498
5605.8160   11.0209   -0.2281
5605.7553   11.0414   -0.0421
5604.3598   11.0739    0.2523
5604.8516   11.0903    0.4005
5604.3442   11.1065    0.5466
5603.0713   11.1358    0.8121
5603.7426   11.1288    0.7485
5603.0713   11.1259    0.7226
5604.3442   11.0668    0.1872
5604.8516   11.0557    0.0867
5604.3598   11.0272   -0.1707
5605.7553   11.0570    0.0987
5605.8160   11.0577    0.1053
5605.7554   11.0475    0.0125
5605.2776   11.0501    0.0365
5605.5733   11.0470    0.0081
5605.2780   11.0433   -0.0249
5605.7554   11.0328   -0.1201
5605.8160   11.0401   -0.0542
5605.7554   11.0600    0.1264
5605.5730   11.0702    0.2187
5605.2681   11.0960    0.4517
5605.2681   11.0729    0.2431
5601.9966   11.0846    0.3486
5602.0413   11.0779    0.2885
5603.7662   11.0333   -0.1158
5602.9953   11.0580    0.1082
5603.8336   11.0441   -0.0178
5602.1261   11.0445   -0.0140
5602.2498   11.0198   -0.2377
5605.0530   11.0309   -0.1373
5604.5646   11.0203   -0.2333
5605.1231   11.0086   -0.3396
5605.7298   11.0222   -0.2159
5605.5248   10.9914   -0.4949
5605.7554   11.0063   -0.3604
5605.1988   10.9960   -0.4534
5604.7622   10.9699   -0.6896
5605.2780   11.0141   -0.2896
5602.4105   11.0082   -0.3433
5602.6038   10.9728   -0.6630
5604.1969   11.0026   -0.3938
5603.5562   10.9958   -0.4555
5604.3598   11.0294   -0.1513
5602.8259   10.9737   -0.6552
5603.0713   10.9589   -0.7890
5603.2159   11.0398   -0.0573
5603.9433   10.9757   -0.6368
5604.0652   11.0265   -0.1776
5602.9122   11.0546    0.0768
5603.7436   11.0377   -0.0755
5604.4521   11.0532    0.0644
5603.7436   11.0574    0.1020
5604.4521   11.0548    0.0790
5605.0521   11.0977    0.4670
5605.4708   11.0650    0.1713
5605.7297   11.0742    0.2548
5605.7296   11.0646    0.1673
5605.7296   11.0444   -0.0152
5605.0521   11.0579    0.1071
5605.4708   11.0747    0.2591
5605.7296   11.0485    0.0219
5605.7296   11.0720    0.2343
5605.7297   11.0170   -0.2633
5605.0383   11.0635    0.1576
5605.0383   11.0977    0.4676
5605.4703   11.0487    0.0237
5603.7426   11.0501    0.0360
5604.3442   11.0350   -0.1007
5604.8516   11.0497    0.0329
5604.3442   11.0500    0.0355
5604.8516   11.0684    0.2022
5605.2776   11.0552    0.0825
5605.5733   11.0298   -0.1472
5605.7554   11.0378   -0.0745
5605.8160   11.0430   -0.0278
5605.7554   11.0290   -0.1548
5605.7553   11.0766    0.2762
5605.8160   11.0308   -0.1381
5605.2776   11.0085   -0.3406
5605.5733   11.0173   -0.2603
5605.7553   11.1451    0.8969
5605.7554   11.0610    0.1355
5605.8160   11.0727    0.2411
5605.7554   10.9992   -0.4247
5605.8160   11.0521    0.0545
5605.2681   11.0441   -0.0183
5605.2681   11.0646    0.1673
5605.5730   11.0515    0.0488
5605.7298   11.0600    0.1257
5605.5248   11.0589    0.1158
5605.1988   11.0645    0.1665
5604.7622   11.0359   -0.0923
5605.1231   11.0560    0.0894
5605.0530   11.0581    0.1089
5604.5646   11.0504    0.0393
5604.1969   10.9987   -0.4292
5603.5562   11.0403   -0.0523
5602.8259   11.0715    0.2302
5602.0306   11.0542    0.0738
5602.6038   11.0808    0.3145
5602.4105   11.0609    0.1344
5601.5389   11.0376   -0.0763
5603.8336   11.0826    0.3307
5603.7662   11.1076    0.5570
5602.9953   11.1122    0.5983
5602.2498   11.0589    0.1165
5602.1261   11.0917    0.4130
5601.1888   11.0739    0.2517
5602.0413   11.1135    0.6104
5601.9966   11.1320    0.7779
5601.0069   11.0928    0.4230
5603.9433   11.0624    0.1473
5604.0652   11.0513    0.0475
5603.2159   11.0854    0.3555
5605.7298   11.0116   -0.3121
5605.5248   11.0052   -0.3700
5605.0530   11.0401   -0.0539
5605.1231   11.0351   -0.0997
5604.5646   11.0098   -0.3281
5605.1988   11.0364   -0.0877
5604.7622   11.0667    0.1864
5603.7662   10.9986   -0.4295
5603.8336   10.9579   -0.7982
5602.9953   10.9636   -0.7470
5601.9966   11.0831    0.3348
5602.0413   11.0217   -0.2211
5601.0069   11.0750    0.2615
5602.1261   11.0404   -0.0511
5602.2498   11.0573    0.1020
5601.1888   11.0660    0.1799
5604.1969   11.0587    0.1147
5603.5562   11.1018    0.5045
5602.4105   11.0950    0.4425
5602.6038   11.1069    0.5505
5601.5389   11.0846    0.3489
5602.8259   11.1219    0.6860
5602.0306   11.1125    0.6013
5604.0652   11.0700    0.2163
5603.9433   11.0070   -0.3534
5603.2159   11.0491    0.0269
5605.7297   11.0329   -0.1196
5605.7296   11.0403   -0.0526
5605.7296   11.0127   -0.3020
5605.4708   11.0319   -0.1288
5605.0521   11.0268   -0.1745
5605.7296   10.9882   -0.5237
5605.7296   11.0304   -0.1418
5605.7297   11.0359   -0.0918
5605.4708   11.0466    0.0050
5605.0521   11.0530    0.0626
5604.4521   11.0580    0.1081
5603.7436   11.0574    0.1027
5604.4521   11.0942    0.4354
5603.7436   11.0845    0.3478
5602.9122   11.0918    0.4141
5605.0383   11.0346   -0.1039
5605.4703   10.9981   -0.4343
5605.0383   11.0540    0.0719
5603.0713   11.0375   -0.0779
5602.8259   11.1438    0.8845
5602.6038   11.1384    0.8358
5602.4105   11.0754    0.2659
5603.5562   11.0064   -0.3591
5604.3598   11.0403   -0.0523
5604.1969   10.9856   -0.5471
5602.2498   11.0913    0.4096
5602.1261   11.1451    0.8967
5602.0413   11.1978    1.3735
5601.9966   11.0919    0.4152
5602.9953   11.1296    0.7562
5603.8336   11.0335   -0.1139
5603.7662   11.0676    0.1946
5604.7622   11.0086   -0.3394
5605.2780   10.9921   -0.4888
5605.1988   10.9382   -0.9766
5604.5646   10.9603   -0.7761
5605.1231   10.9668   -0.7179
5605.0530   11.0853    0.3548
5605.5248   11.0125   -0.3036
5605.7554   11.0012   -0.4064
5605.7298   10.9711   -0.6791
5604.0652   10.9877   -0.5282
5603.2159   10.9904   -0.5040
5603.9433   11.0343   -0.1069
5601.9966   11.0531    0.0633
5602.0413   11.0999    0.4869
5602.1261   11.1184    0.6550
5602.2498   10.9775   -0.6204
5602.9953   10.9469   -0.8974
5603.7662   11.0453   -0.0068
5603.8336   10.9922   -0.4879
5602.4105   11.0181   -0.2531
5602.6038   11.1262    0.7258
5602.8259   11.1029    0.5140
5603.0713   11.1281    0.7422
5603.5562   11.0184   -0.2504
5604.1969   11.0147   -0.2844
5604.3598   11.0248   -0.1930
5604.5646   10.9688   -0.6997
5605.0530   11.0029   -0.3909
5605.1231   11.1379    0.8316
5604.7622   11.0231   -0.2079
5605.1988   11.1314    0.7721
5605.2780   11.0112   -0.3161
5605.5248   11.1045    0.5285
5605.7298   11.0815    0.3208
5605.7554   11.1541    0.9783
5603.9433   10.9704   -0.6855
5603.2159   10.9669   -0.7168
5604.0652   11.0262   -0.1800
5605.8160   10.9857   -0.5469
5605.7554   11.0315   -0.1320
5605.7554   11.0669    0.1882
5605.8160   11.1012    0.4989
5605.7554   11.0063   -0.3599
5605.7553   11.1228    0.6944
5605.5733   11.0390   -0.0641
5605.2780   11.0291   -0.1534
5605.2776   11.0523    0.0564
5605.8160   11.0917    0.4126
5605.7553   11.0559    0.0892
5605.7554   11.0888    0.3871
5605.8160   11.0108   -0.3191
5605.7554   11.0623    0.1469
5605.7554   11.0410   -0.0463
5605.5733   11.1077    0.5581
5605.2776   11.0722    0.2360
5605.2780   11.1108    0.5862
5604.8516   11.0219   -0.2187
5604.3598   11.0259   -0.1827
5604.3442   11.0052   -0.3703
5604.8516   11.0863    0.3645
5604.3442   10.9721   -0.6695
5604.3598   11.0238   -0.2017
5603.7426   10.9943   -0.4683
5603.0713   11.0337   -0.1121
5603.0713   10.9620   -0.7615
5605.2681   10.9938   -0.4733
5605.5730   11.1341    0.7967
5605.2681   11.0631    0.1542
5605.7297   11.1062    0.5443
5605.4708   11.0061   -0.3615
5605.0521   11.0162   -0.2709
5605.7296   11.0674    0.1932
5605.7296   10.9874   -0.5313
5604.4521   11.0341   -0.1083
5603.7436   11.0333   -0.1158
5602.9122   11.0378   -0.0751
5603.7436   11.0699    0.2153
5604.4521   11.0442   -0.0174
5605.7296   10.9805   -0.5936
5605.7296   11.1100    0.5783
5605.0521   10.9955   -0.4578
5605.4708   11.0493    0.0295
5605.7297   11.1805    1.2166
5605.4703   10.9474   -0.8936
5605.0383   10.9321   -1.0316
5605.0383   10.9524   -0.8479
5603.7426   10.9691   -0.6969
5604.3442   11.0206   -0.2309
5604.8516   11.0276   -0.1673
5604.3442   11.0314   -0.1332
5604.8516   11.0329   -0.1196
5605.2776   11.0181   -0.2537
5605.5733   10.9828   -0.5732
5605.7554   11.0047   -0.3748
5605.8160   11.0256   -0.1857
5605.7554   11.0100   -0.3268
5605.7553   11.0405   -0.0508
5605.8160   11.0209   -0.2275
5605.2776   11.1327    0.7843
5605.5733   11.1011    0.4978
5605.7553   11.0444   -0.0152
5605.7554   11.0359   -0.0922
5605.8160   11.0282   -0.1616
5605.7554   11.0337   -0.1121
5605.8160   11.0610    0.1355
5605.2681   11.0764    0.2748
5605.2681   11.0504    0.0388
5605.5730   11.0689    0.2066
5605.7298   11.0391   -0.0635
5605.5248   11.0254   -0.1869
5605.1988   11.0428   -0.0296
5604.7622   11.0441   -0.0175
5605.1231   11.0420   -0.0369
5605.0530   11.0427   -0.0302
5604.5646   11.0313   -0.1342
5604.1969   11.0385   -0.0689
5603.5562   11.0380   -0.0729
5602.8259   11.0407   -0.0490
5602.0306   11.0441   -0.0175
5602.6038   11.0321   -0.1266
5602.4105   11.0206   -0.2306
5601.5389   11.0298   -0.1475
5603.8336   11.0443   -0.0165
5603.7662   11.0587    0.1139
5602.9953   11.0614    0.1385
5602.2498   11.0207   -0.2296
5602.1261   11.0160   -0.2719
5601.1888   11.0077   -0.3473
5602.0413   11.0374   -0.0783
5601.9966   11.0680    0.1981
5601.0069   11.0428   -0.0301
5603.9433   11.0276   -0.1670
5604.0652   11.0259   -0.1831
5603.2159   11.0244   -0.1967
5605.7298   11.0548    0.0789
5605.5248   11.0368   -0.0838
5605.0530   11.0358   -0.0927
5605.1231   11.0196   -0.2398
5604.5646   11.0183   -0.2513
5605.1988   11.0268   -0.1744
5604.7622   11.0775    0.2844
5603.7662   11.0480    0.0174
5603.8336   11.0279   -0.1644
5602.9953   11.0293   -0.1515
5601.9966   11.0749    0.2612
5602.0413   11.0298   -0.1474
5601.0069   11.0276   -0.1669
5602.1261   11.0271   -0.1717
5602.2498   11.0249   -0.1918
5601.1888   11.0350   -0.0999
5604.1969   11.0381   -0.0724
5603.5562   11.0214   -0.2231
5602.4105   11.0304   -0.1417
5602.6038   11.0218   -0.2200
5601.5389   11.0297   -0.1481
5602.8259   10.9915   -0.4939
5602.0306   11.0266   -0.1766
5604.0652   11.0421   -0.0363
5603.9433   11.0469    0.0070
5603.2159   11.0264   -0.1778
5605.7297   11.0674    0.1932
5605.7296   11.0483    0.0204
5605.7296   11.0353   -0.0974
5605.4708   11.0517    0.0508
5605.0521   11.0451   -0.0092
5605.7296   11.0316   -0.1307
5605.7296   11.0038   -0.3825
5605.7297   11.0161   -0.2715
5605.4708   11.0264   -0.1785
5605.0521   11.0399   -0.0559
5604.4521   11.0450   -0.0096
5603.7436   11.0375   -0.0777
5604.4521   11.0513    0.0474
5603.7436   11.0658    0.1787
5602.9122   11.0686    0.2040
5605.0383   11.0621    0.1451
5605.4703   11.0333   -0.1161
5605.0383   11.0399   -0.0555
5603.0713   11.1135    0.6105
5602.8259   11.0563    0.0921
5602.6038   11.0439   -0.0200
5602.4105   11.0466    0.0043
5603.5562   11.0717    0.2315
5604.3598   11.0554    0.0848
5604.1969   11.0623    0.1468
5602.2498   11.0631    0.1542
5602.1261   11.0486    0.0232
5602.0413   11.0555    0.0852
5601.9966   11.0609    0.1344
5602.9953   11.0656    0.1771
5603.8336   11.0674    0.1930
5603.7662   11.0793    0.3007
5604.7622   11.0685    0.2026
5605.2780   11.1025    0.5109
5605.1988   11.0739    0.2522
5604.5646   11.0640    0.1626
5605.1231   11.0769    0.2793
5605.0530   11.0574    0.1029
5605.5248   11.0588    0.1151
5605.7554   11.0467    0.0054
5605.7298   11.0443   -0.0164
5604.0652   11.0630    0.1534
5603.2159   11.0590    0.1172
5603.9433   11.0684    0.2024
5601.9966   11.0626    0.1495
5602.0413   11.0534    0.0660
5602.1261   11.0429   -0.0285
5602.2498   11.0294   -0.1512
5602.9953   11.0649    0.1706
5603.7662   11.0802    0.3092
5603.8336   11.0515    0.0488
5602.4105   11.0384   -0.0692
5602.6038   11.0614    0.1383
5602.8259   11.1188    0.6583
5603.0713   11.1354    0.8086
5603.5562   10.9940   -0.4715
5604.1969   10.9872   -0.5327
5604.3598   11.0010   -0.4084
5604.5646   11.0514    0.0483
5605.0530   11.0596    0.1220
5605.1231   11.0514    0.0483
5604.7622   10.9992   -0.4245
5605.1988   11.0516    0.0496
5605.2780   11.0573    0.1017
5605.5248   11.0630    0.1535
5605.7298   11.0666    0.1861
5605.7554   11.0815    0.3203
5603.9433   10.9794   -0.6038
5603.2159   10.9595   -0.7838
5604.0652   10.9675   -0.7116
5605.8160   11.0370   -0.0822
5605.7554   11.0849    0.3515
5605.7554   11.0558    0.0879
5605.8160   11.0526    0.0586
5605.7554   11.0351   -0.0991
5605.7553   11.0484    0.0213
5605.5733   11.0591    0.1179
5605.2780   11.1199    0.6683
5605.2776   11.0869    0.3694
5605.8160   11.0531    0.0633
5605.7553   11.0604    0.1293
5605.7554   11.0747    0.2595
5605.8160   11.0913    0.4094
5605.7554   11.1025    0.5108
5605.7554   11.1048    0.5315
5605.5733   11.1043    0.5274
5605.2776   11.1307    0.7658
5605.2780   11.1027    0.5125
5604.8516   11.0998    0.4861
5604.3598   11.0675    0.1938
5604.3442   11.0719    0.2342
5604.8516   11.0779    0.2885
5604.3442   11.0828    0.3323
5604.3598   11.1460    0.9048
5603.7426   11.1737    1.1554
5603.0713   11.0941    0.4343
5603.0713   11.1491    0.9323
5605.2681   11.0635    0.1573
5605.5730   11.0588    0.1151
5605.2681   11.0769    0.2791
5605.7297   11.0417   -0.0397
5605.4708   11.0678    0.1971
5605.0521   11.0541    0.0727
5605.7296   11.0471    0.0091
5605.7296   11.0795    0.3026
5604.4521   11.0657    0.1773
5603.7436   11.0921    0.4167
5602.9122   11.0828    0.3322
5603.7436   11.0761    0.2716
5604.4521   11.0737    0.2501
5605.7296   11.0536    0.0684
5605.7296   11.0552    0.0829
5605.0521   11.0599    0.1247
5605.4708   11.0510    0.0448
5605.7297   11.0706    0.2218
5605.4703   11.0792    0.2995
5605.0383   11.0758    0.2694
5605.0383   11.0748    0.2602
5603.7426   11.0855    0.3567
5604.3442   11.1409    0.8582
5604.8516   11.0629    0.1519
5604.3442   11.0773    0.2822
5604.8516   11.0400   -0.0550
5605.2776   11.1011    0.4977
5605.5733   11.1116    0.5932
5605.7554   11.0761    0.2715
5605.8160   11.0577    0.1056
5605.7554   11.1111    0.5886
5605.7553   11.0844    0.3469
5605.8160   10.9738   -0.6548
5605.2776   11.0895    0.3935
5605.5733   11.1009    0.4961
5605.7553   11.1345    0.8008
5605.7554   10.9317   -1.0355
5605.8160   11.0041   -0.3805
5605.7554   11.1000    0.4880
5605.8160   11.1339    0.7952
5605.2681   11.0690    0.2072
5605.2681   11.0994    0.4823
5605.5730   11.0607    0.1327
5605.7298   11.1090    0.5698
5605.5248   11.1295    0.7553
5605.1988   11.1552    0.9876
5604.7622   11.1029    0.5148
5605.1231   11.0192   -0.2437
5605.0530   11.0359   -0.0924
5604.5646   11.1166    0.6380
5604.1969   11.1369    0.8226
5603.5562   11.0880    0.3798
5602.8259   11.0371   -0.0812
5602.0306   11.0669    0.1885
5602.6038   11.1024    0.5099
5602.4105   11.0260   -0.1814
5601.5389   11.0084   -0.3415
5603.8336   11.0467    0.0060
5603.7662   11.0891    0.3894
5602.9953   11.0303   -0.1432
5602.2498   11.0457   -0.0036
5602.1261   11.0455   -0.0055
5601.1888   11.0776    0.2857
5602.0413   11.0099   -0.3271
5601.9966   10.9825   -0.5755
5601.0069   11.0549    0.0800
5603.9433   11.0815    0.3210
5604.0652   11.1351    0.8062
5603.2159   11.1207    0.6759
5605.7298   11.1272    0.7340
5605.5248   11.2316    1.6799
5605.0530   11.0208   -0.2290
5605.1231   11.0019   -0.3997
5604.5646   10.9953   -0.4594
5605.1988   11.0474    0.0120
5604.7622   11.0300   -0.1451
5603.7662   10.9659   -0.7258
5603.8336   11.0367   -0.0848
5602.9953   11.0349   -0.1011
5601.9966   11.0573    0.1016
5602.0413   11.1485    0.9269
5601.0069   11.0865    0.3658
5602.1261   11.1019    0.5058
5602.2498   11.0911    0.4074
5601.1888   11.0921    0.4162
5604.1969   11.0361   -0.0905
5603.5562   10.9921   -0.4888
5602.4105   11.0196   -0.2395
5602.6038   10.9846   -0.5562
5601.5389   11.0230   -0.2086
5602.8259   11.0113   -0.3146
5602.0306   11.0467    0.0053
5604.0652   11.0040   -0.3809
5603.9433   11.0420   -0.0371
5603.2159   11.0266   -0.1767
5605.7297   11.1367    0.8208
5605.7296   11.0202   -0.2340
5605.7296   10.9792   -0.6056
5605.4708   11.0066   -0.3575
5605.0521   11.0146   -0.2852
5605.7296   11.1671    1.0955
5605.7296   11.0324   -0.1240
5605.7297   11.0582    0.1101
5605.4708   11.0611    0.1364
5605.0521   11.0060   -0.3628
5604.4521   11.0850    0.3526
5603.7436   11.0814    0.3195
5604.4521   11.1136    0.6117
5603.7436   11.2017    1.4092
5602.9122   11.0130   -0.2993
5605.0383   10.9588   -0.7904
5605.4703   11.1124    0.6002
5605.0383   11.0814    0.3199
5603.0713   11.0837    0.3409
5602.8259   11.0737    0.2502
5602.6038   11.0669    0.1884
5602.4105   11.0690    0.2071
5603.5562   11.0532    0.0642
5604.3598   11.0364   -0.0880
5604.1969   11.0539    0.0706
5602.2498   11.0863    0.3642
5602.1261   11.0624    0.1473
5602.0413   11.0311   -0.1358
5601.9966   10.9930   -0.4803
5602.9953   11.0732    0.2455
5603.8336   11.0523    0.0561
5603.7662   11.0492    0.0283
5604.7622   11.0418   -0.0389
5605.2780   11.0315   -0.1316
5605.1988   11.0290   -0.1543
5604.5646   11.0464    0.0033
5605.1231   11.0274   -0.1691
5605.0530   11.0330   -0.1182
5605.5248   11.0266   -0.1768
5605.7554   11.0326   -0.1224
5605.7298   11.0354   -0.0965
5604.0652   11.0598    0.1243
5603.2159   11.0754    0.2655
5603.9433   11.0635    0.1581
5601.9966   11.0564    0.0935
5602.0413   11.0365   -0.0863
5602.1261   11.1093    0.5727
5602.2498   11.0685    0.2028
5602.9953   10.9995   -0.4215
5603.7662   11.0607    0.1321
5603.8336   11.0762    0.2726
5602.4105   11.1114    0.5916
5602.6038   11.0779    0.2883
5602.8259   10.9841   -0.5613
5603.0713   11.0008   -0.4099
5603.5562   11.0374   -0.0784
5604.1969   11.1861    1.2679
5604.3598   11.0774    0.2839
5604.5646   11.0215   -0.2221
5605.0530   11.1148    0.6217
5605.1231   10.9946   -0.4664
5604.7622   11.1765    1.1810
5605.1988   11.0635    0.1576
5605.2780   11.0996    0.4845
5605.5248   11.0585    0.1127
5605.7298   11.0742    0.2550
5605.7554   11.0345   -0.1046
5603.9433   11.0526    0.0591
5603.2159   11.1182    0.6529
5604.0652   11.1985    1.3800
5605.8160   11.0432   -0.0258
5605.7554   11.0408   -0.0479
5605.7554   11.0480    0.0170
5605.8160   11.0583    0.1102
5605.7554   11.0525    0.0578
5605.7553   11.0935    0.4291
5605.5733   11.0586    0.1137
5605.2780   11.0708    0.2240
5605.2776   11.0658    0.1784
5605.8160   11.0444   -0.0152
5605.7553   11.0718    0.2329
5605.7554   11.0426   -0.0311
5605.8160   11.0583    0.1109
5605.7554   11.0477    0.0151
5605.7554   11.0495    0.0309
5605.5733   11.0517    0.0512
5605.2776   11.0696    0.2129
5605.2780   11.0560    0.0898
5604.8516   11.0704    0.2205
5604.3598   11.0462    0.0009
5604.3442   11.0580    0.1079
5604.8516   11.0848    0.3503
5604.3442   11.0725    0.2391
5604.3598   11.0819    0.3243
5603.7426   11.0557    0.0874
5603.0713   11.0528    0.0610
5603.0713   11.0299   -0.1467
5605.2681   11.0660    0.1804
5605.5730   11.0722    0.2369
5605.2681   11.0858    0.3592
5605.7297   11.0358   -0.0931
5605.4708   11.0282   -0.1617
5605.0521   11.0369   -0.0834
5605.7296   11.0421   -0.0365
5605.7296   11.0498    0.0333
5604.4521   11.0455   -0.0055
5603.7436   11.0722    0.2366
5602.9122   11.0441   -0.0182
5603.7436   10.9958   -0.4549
5604.4521   11.0813    0.3188
5605.7296   11.0764    0.2746
5605.7296   11.0396   -0.0586
5605.0521   11.0739    0.2518
5605.4708   11.0967    0.4583
5605.7297   11.0745    0.2576
5605.4703   11.0573    0.1018
5605.0383   11.0500    0.0350
5605.0383   11.0969    0.4601
5603.7426   11.0527    0.0596
5604.3442   11.0282   -0.1614
5604.8516   11.0274   -0.1691
5604.3442   11.0371   -0.0816
5604.8516   11.0357   -0.0941
5605.2776   11.1053    0.5359
5605.5733   11.0290   -0.1550
5605.7554   11.0287   -0.1571
5605.8160   11.0384   -0.0698
5605.7554   11.0236   -0.2034
5605.7553   11.0326   -0.1224
5605.8160   11.0396   -0.0590
5605.2776   11.0581    0.1086
5605.5733   11.0732    0.2459
5605.7553   11.0555    0.0851
5605.7554   11.0697    0.2135
5605.8160   11.0617    0.1417
5605.7554   11.0877    0.3768
5605.8160   11.0867    0.3682
5605.2681   11.0440   -0.0187
5605.2681   11.0273   -0.1699
5605.5730   11.0308   -0.1380
5605.7298   11.0218   -0.2195
5605.5248   11.0527    0.0601
5605.1988   11.0732    0.2453
5604.7622   11.0719    0.2337
5605.1231   11.0721    0.2356
5605.0530   11.0618    0.1425
5604.5646   11.0582    0.1095
5604.1969   11.0704    0.2206
5603.5562   11.0367   -0.0845
5602.8259   11.0412   -0.0446
5602.0306   11.0194   -0.2412
5602.6038   11.0406   -0.0492
5602.4105   11.0261   -0.1810
5601.5389   11.0322   -0.1253
5603.8336   11.0603    0.1288
5603.7662   11.0554    0.0847
5602.9953   11.0507    0.0420
5602.2498   11.0262   -0.1803
5602.1261   11.0160   -0.2719
5601.1888   11.0353   -0.0977
5602.0413   11.0228   -0.2108
5601.9966   11.0321   -0.1262
5601.0069   11.0396   -0.0590
5603.9433   11.0495    0.0306
5604.0652   11.0651    0.1719
5603.2159   11.0350   -0.1004
5605.7298   11.0946    0.4389
5605.5248   11.1032    0.5167
5605.0530   11.0601    0.1272
5605.1231   11.0809    0.3150
5604.5646   11.0948    0.4413
5605.1988   11.0969    0.4604
5604.7622   11.1252    0.7167
5603.7662   11.0490    0.0263
5603.8336   11.1273    0.7355
5602.9953   11.0508    0.0423
5601.9966   11.0506    0.0409
5602.0413   11.0606    0.1312
5601.0069   11.0611    0.1362
5602.1261   11.0724    0.2380
5602.2498   11.0503    0.0382
5601.1888   11.0762    0.2723
5604.1969   11.0859    0.3606
5603.5562   11.1045    0.5288
5602.4105   11.1212    0.6801
5602.6038   11.1438    0.8851
5601.5389   11.0691    0.2088
5602.8259   11.0973    0.4641
5602.0306   11.0359   -0.0923
5604.0652   11.1076    0.5572
5603.9433   11.1995    1.3888
5603.2159   11.1569    1.0034
5605.7297   11.0862    0.3636
5605.7296   11.0750    0.2617
5605.7296   11.0784    0.2927
5605.4708   11.0794    0.3015
5605.0521   11.0115   -0.3133
5605.7296   11.0665    0.1851
5605.7296   11.0541    0.0726
5605.7297   11.0497    0.0332
5605.4708   11.0585    0.1125
5605.0521   11.0519    0.0529
5604.4521   11.0343   -0.1065
5603.7436   11.0284   -0.1600
5604.4521   11.0463    0.0019
5603.7436   11.0478    0.0159
5602.9122   11.0667    0.1870
5605.0383   11.0334   -0.1150
5605.4703   11.0444   -0.0153
5605.0383   11.0485    0.0215
5603.7426   11.0433   -0.0250
5604.3442   11.0679    0.1975
5604.8516   11.0953    0.4460
5604.3442   11.0801    0.3078
5604.8516   11.0603    0.1287
5605.2776   11.1111    0.5888
5605.5733   11.1136    0.6116
5605.7554   11.0148   -0.2828
5605.8160   11.0563    0.0925
5605.7554   11.1270    0.7330
5605.7553   11.0761    0.2721
5605.8160   11.1138    0.6127
5605.2776   11.1050    0.5333
5605.5733   11.1083    0.5633
5605.7553   11.1042    0.5264
5605.7554   11.0933    0.4275
5605.8160   11.0380   -0.0727
5605.7554   11.0691    0.2083
5605.8160   11.0253   -0.1886
5605.2681   11.0603    0.1292
5605.2681   11.0942    0.4354
5605.5730   11.0943    0.4366
5605.7298   11.0640    0.1623
5605.5248   11.0177   -0.2568
5605.1988   11.0064   -0.3591
5604.7622   11.0040   -0.3807
5605.1231   11.0135   -0.2950
5605.0530   11.0691    0.2083
5604.5646   11.0806    0.3125
5604.1969   11.0199   -0.2374
5603.5562   11.0145   -0.2855
5602.8259   11.0350   -0.1007
5602.0306   11.0556    0.0861
5602.6038   10.9981   -0.4339
5602.4105   11.0411   -0.0451
5601.5389   11.0644    0.1655
5603.8336   11.0812    0.3182
5603.7662   11.0590    0.1171
5602.9953   11.1042    0.5260
5602.2498   11.0698    0.2149
5602.1261   11.0606    0.1316
5601.1888   11.0777    0.2860
5602.0413   11.0566    0.0951
5601.9966   11.1049    0.5321
5601.0069   11.0814    0.3194
5603.9433   11.0797    0.3048
5604.0652   11.0110   -0.3179
5603.2159   11.0563    0.0926
5605.7298   11.0387   -0.0673
5605.5248   11.0429   -0.0288
5605.0530   11.0521    0.0549
5605.1231   11.0526    0.0588
5604.5646   11.0444   -0.0148
5605.1988   11.0516    0.0498
5604.7622   11.0562    0.0917
5603.7662   11.0238   -0.2021
5603.8336   11.0482    0.0188
5602.9953   11.0418   -0.0385
5601.9966   11.0756    0.2675
5602.0413   11.0589    0.1158
5601.0069   11.0264   -0.1786
5602.1261   11.0595    0.1215
5602.2498   11.0390   -0.0641
5601.1888   11.0077   -0.3470
5604.1969   11.0793    0.3004
5603.5562   11.0806    0.3122
5602.4105   11.0601    0.1269
5602.6038   11.0751    0.2625
5601.5389   11.0689    0.2067
5602.8259   11.0666    0.1860
5602.0306   11.0317   -0.1304
5604.0652   11.0631    0.1537
5603.9433   11.0424   -0.0337
5603.2159   11.0476    0.0142
5605.7297   11.0627    0.1503
5605.7296   11.0023   -0.3960
5605.7296   11.0005   -0.4122
5605.4708   11.0338   -0.1112
5605.0521   11.0627    0.1505
5605.7296   11.1739    1.1570
5605.7296   11.1251    0.7153
5605.7297   11.1121    0.5978
5605.4708   11.1390    0.8415
5605.0521   11.1811    1.2219
5604.4521   11.0600    0.1261
5603.7436   10.9809   -0.5899
5604.4521   11.1409    0.8580
5603.7436   11.0559    0.0887
5602.9122   11.0127   -0.3025
5605.0383   10.9846   -0.5570
5605.4703   11.0868    0.3685
5605.0383   11.2020    1.4118
5601.3042   11.0877    0.3771
5600.9894   11.1008    0.4953
5600.7030   11.0709    0.2245
5600.4582   11.0371   -0.0816
5599.8643   11.0848    0.3502
5599.0566   11.0587    0.1146
5598.6964   11.0568    0.0968
5600.2397   11.0463    0.0017
5600.0842   11.0347   -0.1029
5599.9751   11.0624    0.1482
5599.9185   11.0797    0.3044
5598.9189   11.0230   -0.2088
5597.8795   11.0212   -0.2256
5597.7359   11.0096   -0.3300
5597.4460   11.0482    0.0193
5596.6616   11.0269   -0.1739
5596.2421   11.0453   -0.0074
5596.8429   10.9984   -0.4314
5595.9040   11.0298   -0.1473
5595.6625   11.0061   -0.3617
5595.0456   11.0528    0.0610
5594.3018   11.1392    0.8430
5593.9005   11.0657    0.1773
5598.3472   11.0372   -0.0801
5599.2907   11.0081   -0.3441
5598.0702   11.0137   -0.2935
5599.9185   11.0672    0.1916
5599.9751   11.0582    0.1096
5600.0842   11.0528    0.0609
5600.2397   11.0244   -0.1964
5598.9189   11.0315   -0.1319
5597.7359   11.0345   -0.1045
5597.8795   11.0392   -0.0626
5600.4582   11.0456   -0.0041
5600.7030   11.0532    0.0645
5600.9894   11.0493    0.0290
5601.3042   11.0446   -0.0131
5599.8643   11.0579    0.1071
5598.6964   11.0608    0.1329
5599.0566   11.0696    0.2128
5596.8429   11.0512    0.0460
5595.6625   11.0413   -0.0432
5595.9040   11.0423   -0.0344
5597.4460   11.0564    0.0930
5596.2421   11.0379   -0.0740
5596.6616   11.0547    0.0780
5595.0456   11.0429   -0.0285
5593.9005   11.0175   -0.2591
5594.3018   11.0273   -0.1703
5598.0702   11.0282   -0.1622
5599.2907   11.0407   -0.0491
5598.3472   11.0268   -0.1744
5592.6215   11.0703    0.2194
5592.1564   11.0582    0.1098
5591.6406   11.0283   -0.1607
5591.9494   11.0147   -0.2839
5591.2862   11.0324   -0.1241
5591.1069   11.0249   -0.1919
5590.7585   10.9732   -0.6599
5590.3876   11.0242   -0.1982
5590.0077   10.9888   -0.5183
5591.9494   11.0076   -0.3486
5591.1069   10.9910   -0.4989
5591.2862   11.0159   -0.2731
5592.6215   11.0122   -0.3071
5591.6406   11.0289   -0.1557
5592.1564   11.0244   -0.1962
5590.7585   11.0371   -0.0810
5590.0077   11.0441   -0.0175
5590.3876   11.0480    0.0175
5589.3693   11.0053   -0.3690
5589.1288   11.0340   -0.1094
5588.9114   11.0076   -0.3485
5589.3693   11.0685    0.2033
5588.9114   11.0373   -0.0793
5589.1288   11.0813    0.3192
5588.6095   11.0161   -0.2718
5588.4749   11.0229   -0.2102
5588.4749   11.0484    0.0210
5589.7958   10.9958   -0.4549
5590.3828   11.0193   -0.2424
5589.7958   11.0394   -0.0606
5593.4159   11.0304   -0.1416
5594.3383   11.0563    0.0924
5595.3492   11.0124   -0.3053
5593.0820   11.0051   -0.3710
5592.9127   11.0225   -0.2135
5596.4874   11.0159   -0.2736
5597.6186   11.0200   -0.2358
5598.7794   11.0442   -0.0170
5597.6186   11.0181   -0.2534
5596.4874   11.0364   -0.0873
5592.9127   11.0137   -0.2933
5593.0820   11.0125   -0.3041
5595.3492   11.0350   -0.1006
5594.3383   11.0267   -0.1757
5593.4159   11.0151   -0.2801
5594.0050   11.0115   -0.3133
5595.2156   11.0231   -0.2080
5595.2156   11.0081   -0.3442
5600.9894   11.0658    0.1787
5599.8643   11.0575    0.1035
5598.6964   11.0260   -0.1814
5600.7030   11.0748    0.2596
5600.4582   11.0957    0.4496
5597.4460   11.0244   -0.1964
5596.2421   11.0532    0.0648
5595.0456   11.1083    0.5630
5593.9005   11.0857    0.3583
5595.9040   11.0603    0.1286
5596.8429   11.0674    0.1933
5595.6625   11.0726    0.2405
5600.2397   11.1008    0.4952
5600.0842   11.1043    0.5268
5597.8795   11.0816    0.3214
5598.9189   11.1012    0.4994
5597.7359   11.0827    0.3318
5599.9751   11.0336   -0.1126
5599.9185   11.0584    0.1119
5599.2907   11.0697    0.2141
5598.3472   11.0298   -0.1473
5598.0702   11.0460   -0.0006
5592.6215   11.0685    0.2031
5591.6406   11.0493    0.0292
5590.7585   11.0531    0.0634
5590.0077   11.0696    0.2128
5591.2862   11.0770    0.2796
5591.9494   11.0956    0.4484
5591.1069   11.0940    0.4340
5589.3693   11.0652    0.1730
5588.9114   11.0625    0.1484
5588.6095   11.0498    0.0339
5588.4749   11.0136   -0.2937
5588.9114   11.0438   -0.0203
5589.3693   11.0446   -0.0133
5589.1288   11.0243   -0.1973
5591.1069   11.0306   -0.1404
5591.9494   11.0546    0.0767
5591.2862   11.0286   -0.1584
5590.0077   11.0393   -0.0618
5590.7585   11.0231   -0.2081
5590.3876   11.0270   -0.1731
5591.6406   11.0288   -0.1567
5592.6215   11.0459   -0.0013
5592.1564   11.0488    0.0242
5590.3828   11.0594    0.1202
5589.7958   11.0736    0.2489
5589.7958   11.0532    0.0648
5599.9185   11.0447   -0.0125
5599.9751   11.0215   -0.2222
5597.7359   11.0246   -0.1943
5598.9189   11.0170   -0.2629
5597.8795   11.0138   -0.2922
5600.0842   11.0002   -0.4153
5600.2397   11.0166   -0.2670
5595.6625   11.0551    0.0812
5596.8429   11.0440   -0.0186
5595.9040   11.0713    0.2280
5593.9005   11.0553    0.0833
5595.0456   11.0783    0.2921
5594.3018   11.0592    0.1192
5596.2421   11.0831    0.3347
5597.4460   11.0626    0.1496
5596.6616   11.0635    0.1577
5600.4582   11.0606    0.1313
5600.7030   11.0400   -0.0554
5598.6964   11.0557    0.0873
5599.8643   11.0882    0.3811
5599.0566   11.0456   -0.0040
5600.9894   11.0338   -0.1109
5601.3042   11.0492    0.0281
5599.2907   11.0344   -0.1053
5598.0702   11.0223   -0.2154
5598.3472   11.0471    0.0093
5598.7794   11.0566    0.0950
5597.6186   11.0551    0.0821
5596.4874   11.0744    0.2561
5597.6186   11.0465    0.0037
5596.4874   11.0520    0.0540
5595.3492   11.0940    0.4338
5594.3383   11.1023    0.5093
5593.4159   11.0777    0.2863
5593.0820   11.0876    0.3763
5592.9127   11.0976    0.4664
5595.3492   11.0575    0.1035
5594.3383   11.0509    0.0437
5592.9127   11.0677    0.1956
5593.0820   11.0458   -0.0025
5593.4159   11.0513    0.0472
5595.2156   11.0820    0.3255
5595.2156   11.0712    0.2278
5594.0050   11.0778    0.2870
5600.9894   11.0420   -0.0370
5600.7030   11.0340   -0.1093
5600.4582   11.0327   -0.1209
5599.8643   11.1080    0.5608
5598.6964   11.0778    0.2870
5600.2397   11.0318   -0.1294
5600.0842   11.0274   -0.1693
5599.9751   11.0149   -0.2820
5599.9185   11.0314   -0.1328
5598.9189   11.0358   -0.0928
5597.8795   11.0492    0.0279
5597.7359   11.0490    0.0266
5597.4460   11.0564    0.0935
5596.2421   11.0628    0.1510
5596.8429   11.0310   -0.1367
5595.9040   11.0569    0.0975
5595.6625   11.0247   -0.1938
5595.0456   11.0796    0.3033
5593.9005   11.0429   -0.0288
5598.3472   11.0617    0.1416
5599.2907   11.0334   -0.1147
5598.0702   11.0373   -0.0794
5599.9185   11.0320   -0.1272
5599.9751   11.0649    0.1703
5600.0842   11.0154   -0.2781
5600.2397   11.0223   -0.2155
5598.9189   11.1017    0.5036
5597.7359   11.0873    0.3730
5597.8795   11.0385   -0.0684
5600.4582   11.0099   -0.3273
5600.7030   11.0153   -0.2789
5600.9894   11.0375   -0.0776
5601.3042   11.0443   -0.0162
5599.8643   11.0310   -0.1367
5598.6964   11.0298   -0.1471
5599.0566   11.0528    0.0608
5596.8429   11.0456   -0.0045
5595.6625   11.0565    0.0939
5595.9040   11.0469    0.0075
5597.4460   11.0363   -0.0884
5596.2421   11.0310   -0.1369
5596.6616   11.0422   -0.0351
5595.0456   11.0685    0.2030
5593.9005   11.0981    0.4709
5594.3018   11.0597    0.1237
5598.0702   11.0425   -0.0326
5599.2907   11.0316   -0.1313
5598.3472   11.0215   -0.2222
5592.6215   11.0358   -0.0930
5591.6406   11.0306   -0.1402
5591.9494   11.0306   -0.1398
5591.2862   11.0231   -0.2082
5591.1069   11.0150   -0.2809
5590.7585   11.0258   -0.1836
5590.0077   11.0211   -0.2262
5591.9494   11.0349   -0.1008
5591.1069   10.9918   -0.4915
5591.2862   11.0272   -0.1711
5592.6215   11.0340   -0.1093
5591.6406   11.0206   -0.2304
5592.1564   11.0151   -0.2801
5590.7585   11.0167   -0.2659
5590.0077   10.9930   -0.4803
5590.3876   10.9794   -0.6039
5589.3693   11.0725    0.2396
5588.9114   11.0808    0.3146
5589.3693   11.0292   -0.1528
5588.9114   11.0454   -0.0060
5589.1288   11.0430   -0.0276
5588.6095   11.0518    0.0516
5588.4749   11.0675    0.1942
5589.7958   11.0276   -0.1673
5590.3828   10.9269   -1.0788
5589.7958   11.0139   -0.2910
5593.4159   11.0615    0.1397
5594.3383   11.0503    0.0383
5595.3492   11.0149   -0.2823
5593.0820   11.0640    0.1626
5592.9127   11.0642    0.1640
5596.4874   11.0363   -0.0883
5597.6186   11.0846    0.3483
5598.7794   11.0647    0.1689
5597.6186   11.0919    0.4145
5596.4874   11.0902    0.3998
5592.9127   11.0558    0.0880
5593.0820   11.0509    0.0439
5595.3492   11.0772    0.2819
5594.3383   11.0686    0.2041
5593.4159   11.0858    0.3591
5594.0050   11.0733    0.2464
5595.2156   11.0385   -0.0686
5595.2156   11.0814    0.3194
5600.9894   11.0171   -0.2625
5600.7030   11.0396   -0.0591
5600.4582   11.0444   -0.0151
5599.8643   11.0553    0.0831
5598.6964   11.0585    0.1128
5600.2397   11.0802    0.3086
5600.0842   11.1024    0.5096
5599.9751   11.1161    0.6341
5599.9185   11.0271   -0.1715
5598.9189   11.1169    0.6410
5597.8795   11.0990    0.4787
5597.7359   11.0902    0.3998
5597.4460   11.0409   -0.0473
5596.2421   11.0210   -0.2271
5596.8429   11.0303   -0.1430
5595.9040   11.0554    0.0841
5595.6625   11.0530    0.0623
5595.0456   11.0518    0.0521
5593.9005   11.0555    0.0852
5598.3472   11.0512    0.0463
5599.2907   11.0730    0.2434
5598.0702   11.0762    0.2729
5599.9185   11.0737    0.2499
5599.9751   11.0286   -0.1586
5600.0842   11.0255   -0.1865
5600.2397   10.9226   -1.1176
5598.9189   11.0495    0.0309
5597.7359   11.1177    0.6485
5597.8795   11.0659    0.1790
5600.4582   10.9057   -1.2711
5600.7030   10.9322   -1.0311
5600.9894   11.0749    0.2613
5601.3042   11.0003   -0.4145
5599.8643   11.0669    0.1883
5598.6964   11.0704    0.2200
5599.0566   10.9636   -0.7463
5596.8429   11.0294   -0.1508
5595.6625   11.0202   -0.2347
5595.9040   11.0023   -0.3963
5597.4460   10.9838   -0.5640
5596.2421   11.0088   -0.3376
5596.6616   10.9937   -0.4741
5595.0456   11.0124   -0.3048
5593.9005   11.0135   -0.2947
5594.3018   11.0500    0.0359
5598.0702   11.0809    0.3154
5599.2907   10.9778   -0.6184
5598.3472   11.0284   -0.1598
5592.6215   11.0234   -0.2052
5591.6406   10.9976   -0.4390
5591.9494   11.0560    0.0899
5591.2862   10.9763   -0.6314
5591.1069   11.0179   -0.2549
5590.7585   11.0080   -0.3449
5590.0077   11.0173   -0.2609
5591.9494   11.0144   -0.2864
5591.1069   11.0347   -0.1026
5591.2862   11.0481    0.0180
5592.6215   11.0233   -0.2065
5591.6406   11.0118   -0.3105
5592.1564   11.0262   -0.1797
5590.7585   10.9440   -0.9242
5590.0077   10.9912   -0.4973
5590.3876   10.9755   -0.6392
5589.3693   11.0415   -0.0411
5588.9114   11.0385   -0.0685
5589.3693   10.9801   -0.5974
5588.9114   11.0065   -0.3581
5589.1288   10.9986   -0.4297
5588.6095   11.0108   -0.3196
5588.4749   10.9656   -0.7289
5589.7958   11.0291   -0.1542
5590.3828   11.0251   -0.1903
5589.7958   11.0289   -0.1552
5593.4159   11.0493    0.0289
5594.3383   11.0414   -0.0427
5595.3492   11.0513    0.0470
5593.0820   11.0523    0.0566
5592.9127   11.0315   -0.1316
5596.4874   11.0557    0.0874
5597.6186   11.0640    0.1625
5598.7794   11.0541    0.0724
5597.6186   11.0715    0.2298
5596.4874   11.0799    0.3061
5592.9127   11.0306   -0.1405
5593.0820   11.0157   -0.2750
5595.3492   11.0144   -0.2868
5594.3383   11.0265   -0.1776
5593.4159   11.0368   -0.0837
5594.0050   11.0115   -0.3131
5595.2156   11.0142   -0.2888
5595.2156   11.0247   -0.1936
5600.9894   10.9946   -0.4657
5600.7030   10.9983   -0.4325
5600.4582   11.0820    0.3248
5599.8643   10.9801   -0.5977
5598.6964   10.9899   -0.5082
5600.2397   11.0830    0.3341
5600.0842   11.0757    0.2680
5599.9751   11.0685    0.2027
5599.9185   11.0650    0.1711
5598.9189   11.0564    0.0937
5597.8795   11.0366   -0.0861
5597.7359   11.0327   -0.1214
5597.4460   10.9940   -0.4711
5596.2421   11.0224   -0.2148
5596.8429   11.0204   -0.2321
5595.9040   11.0353   -0.0972
5595.6625   11.0273   -0.1697
5595.0456   11.0544    0.0754
5593.9005   11.0765    0.2752
5598.3472   11.0337   -0.1122
5599.2907   11.0661    0.1817
5598.0702   11.0348   -0.1020
5599.9185   11.0554    0.0839
5599.9751   11.0468    0.0068
5600.0842   11.0443   -0.0159
5600.2397   11.0453   -0.0074
5598.9189   11.0607    0.1321
5597.7359   11.0672    0.1909
5597.8795   11.0589    0.1157
5600.4582   11.0424   -0.0336
5600.7030   11.0390   -0.0640
5600.9894   11.0422   -0.0353
5599.8643   11.0483    0.0199
5598.6964   11.0379   -0.0743
5596.8429   11.0732    0.2451
5595.6625   11.0826    0.3309
5595.9040   11.0751    0.2624
5597.4460   11.0421   -0.0362
5596.2421   11.0558    0.0883
5595.0456   11.0807    0.3137
5593.9005   11.0680    0.1986
5598.0702   11.0518    0.0518
5599.2907   11.0528    0.0609
5598.3472   11.0357   -0.0944
5592.6215   11.0561    0.0905
5591.6406   11.0383   -0.0705
5591.9494   11.0301   -0.1448
5591.2862   11.0382   -0.0714
5591.1069   11.0439   -0.0199
5590.7585   11.0308   -0.1387
5590.0077   11.0233   -0.2063
5591.9494   11.0320   -0.1279
5591.1069   11.0386   -0.0678
5591.2862   11.0368   -0.0844
5592.6215   11.0577    0.1052
5591.6406   11.0398   -0.0566
5590.7585   11.0266   -0.1767
5590.0077   11.0154   -0.2774
5589.3693   11.0080   -0.3450
5588.9114   11.0069   -0.3548
5589.3693   11.0081   -0.3441
5588.9114   11.0046   -0.3751
5588.6095   10.9889   -0.5174
5589.7958   11.0173   -0.2605
5590.3828   11.0311   -0.1353
5589.7958   11.0171   -0.2626
5593.4159   11.0544    0.0753
5594.3383   11.0335   -0.1137
5595.3492   11.0261   -0.1808
5593.0820   11.0300   -0.1458
5592.9127   11.0301   -0.1446
5596.4874   11.0220   -0.2176
5597.6186   11.0423   -0.0339
5598.7794   11.0559    0.0892
5597.6186   11.0576    0.1041
5596.4874   11.0576    0.1039
5592.9127   11.0370   -0.0818
5593.0820   11.0498    0.0333
5595.3492   11.0768    0.2781
5594.3383   11.0649    0.1701
5593.4159   11.0694    0.2107
5594.0050   11.0577    0.1052
5595.2156   11.0413   -0.0437
5595.2156   11.0629    0.1525
5588.4128   11.0289   -0.1555
5588.4128   11.0386   -0.0673
5588.4464   11.0198   -0.2378
5588.5782   11.0437   -0.0216
5588.5216   11.0198   -0.2376
5588.6377   11.0027   -0.3925
5588.5216   11.0456   -0.0047
5588.5782   11.0485    0.0218
5588.6377   11.0809    0.3153
5588.9059   11.0484    0.0212
5588.7962   11.0231   -0.2080
5588.9930   11.0357   -0.0937
5589.3898   11.0630    0.1529
5589.2291   11.0510    0.0448
5589.5024   11.0174   -0.2600
5589.1211   11.0365   -0.0869
5589.0670   11.1006    0.4939
5589.2891   11.0611    0.1355
5588.7962   11.0526    0.0588
5588.9059   11.0969    0.4599
5588.9930   11.0934    0.4282
5589.0670   11.0282   -0.1622
5589.1211   11.0942    0.4355
5589.2891   11.1089    0.5686
5589.2291   11.1233    0.6992
5589.3898   11.0448   -0.0119
5589.5024   11.0887    0.3857
5588.7400   11.0578    0.1065
5588.7400   11.0489    0.0259
5588.8836   11.0081   -0.3437
5590.0206   11.0354   -0.0965
5589.8276   11.0046   -0.3751
5590.1738   11.0383   -0.0707
5590.7866   10.9853   -0.5506
5590.5540   11.0239   -0.2008
5590.9649   10.9799   -0.5988
5590.3668   11.0372   -0.0802
5590.2268   11.0149   -0.2826
5590.5979   10.9937   -0.4738
5591.6731   11.0123   -0.3061
5591.4103   10.9889   -0.5175
5591.8782   11.0243   -0.1972
5592.6634   11.0458   -0.0023
5592.3724   11.0363   -0.0889
5592.8882   11.0539    0.0706
5592.1190   11.0066   -0.3574
5591.9057   10.9937   -0.4738
5592.3929   11.1039    0.5231
5590.8696   10.9359   -0.9973
5590.7779   10.9955   -0.4580
5591.1742   10.9870   -0.5351
5591.7317   10.9854   -0.5493
5591.6015   10.9757   -0.6368
5592.0558   11.0143   -0.2877
5591.5138   11.0484    0.0206
5591.4695   11.0856    0.3573
5591.8852   11.0798    0.3055
5591.0042   10.9926   -0.4838
5591.1850   11.0001   -0.4160
5591.4415   10.9811   -0.5885
5589.8276   11.0737    0.2504
5590.0206   11.0681    0.1996
5590.1738   11.0408   -0.0477
5590.2268   11.0569    0.0984
5590.3668   11.0036   -0.3848
5590.5979   11.0684    0.2024
5590.5540   11.0647    0.1688
5590.7866   11.0653    0.1743
5590.9649   11.0763    0.2735
5590.7779   11.0862    0.3635
5590.8696   11.1077    0.5582
5591.1742   11.0881    0.3807
5591.4695   11.0017   -0.4016
5591.5138   11.0347   -0.1032
5591.8852   10.9764   -0.6312
5591.6015   11.1047    0.5310
5591.7317   11.0420   -0.0372
5592.0558   11.1075    0.5559
5591.4103   10.9970   -0.4447
5591.6731   11.0155   -0.2769
5591.8782   11.0356   -0.0949
5591.9057   11.0110   -0.3173
5592.1190   10.9323   -1.0297
5592.3929   10.9771   -0.6244
5592.3724   11.0116   -0.3119
5592.6634   10.9818   -0.5821
5592.8882   10.9918   -0.4911
5591.1850   10.9831   -0.5703
5591.0042   11.0496    0.0315
5591.4415   11.0356   -0.0952
5589.6690   11.0447   -0.0122
5589.5624   11.0601    0.1269
5589.5089   11.0364   -0.0880
5589.8760   11.0559    0.0885
5590.1214   11.0416   -0.0402
5589.5089   11.0446   -0.0133
5589.5624   11.0402   -0.0533
5589.6690   10.9826   -0.5748
5589.8760   11.0009   -0.4089
5590.1214   10.9817   -0.5831
5590.4082   11.0429   -0.0286
5590.7277   11.0560    0.0895
5590.4082   11.0199   -0.2368
5590.7277   11.0422   -0.0348
5591.0827   11.0947    0.4405
5590.0701   11.0193   -0.2427
5589.7694   11.0297   -0.1481
5590.0701   11.0095   -0.3312
5593.7386   11.0396   -0.0587
5593.5297   11.0825    0.3298
5594.0867   11.0432   -0.0259
5594.8785   11.0505    0.0401
5594.6596   11.0274   -0.1690
5595.2431   11.0531    0.0635
5594.4667   11.0680    0.1986
5594.3018   11.0537    0.0691
5594.8746   10.9938   -0.4735
5596.0612   11.0372   -0.0804
5595.8422   11.0481    0.0186
5596.4410   11.0548    0.0792
5597.2643   11.0406   -0.0499
5597.0444   11.0352   -0.0987
5597.6470   11.0405   -0.0506
5596.8433   11.0595    0.1217
5596.6631   11.0169   -0.2639
5597.2642   10.9996   -0.4211
5595.3128   10.9819   -0.5811
5595.1854   10.9704   -0.6854
5595.7707   11.0272   -0.1710
5596.5015   11.0434   -0.0245
5596.3647   11.0207   -0.2299
5596.9619   11.0530    0.0624
5596.2501   11.0108   -0.3196
5596.1591   11.0006   -0.4120
5596.7463   10.9997   -0.4195
5595.4630   11.0150   -0.2814
5595.6402   11.0985    0.4750
5596.0610   11.0316   -0.1310
5598.4646   11.0034   -0.3867
5598.2747   10.9947   -0.4652
5598.8692   10.9808   -0.5908
5599.6393   11.0049   -0.3732
5599.4565   11.0129   -0.3004
5600.0314   11.0168   -0.2651
5599.2855   11.0031   -0.3893
5599.1283   10.9667   -0.7185
5599.7096   10.9631   -0.7512
5600.7658   11.0701    0.2171
5600.5984   11.0567    0.0963
5601.1425   11.0381   -0.0722
5601.8224   11.0696    0.2127
5601.6685   11.0152   -0.2800
5602.1714   11.0188   -0.2469
5601.5206   11.0118   -0.3102
5601.3805   11.0604    0.1296
5601.8963   10.9747   -0.6463
5600.1427   11.0252   -0.1893
5600.0122   11.0482    0.0190
5600.5750   11.0139   -0.2915
5601.2460   11.0563    0.0927
5601.1226   11.0676    0.1952
5601.6498   11.0554    0.0844
5601.0078   11.1111    0.5890
5600.9032   11.0242   -0.1980
5601.4369   11.0834    0.3376
5600.2825   11.0502    0.0377
5600.4350   10.9824   -0.5765
5600.8411   11.0474    0.0119
5597.2756   11.0400   -0.0554
5597.1990   10.9596   -0.7833
5597.7981   11.0605    0.1302
5598.4809   11.0423   -0.0344
5598.3968   11.0125   -0.3037
5598.9898   11.0811    0.3171
5598.3294   11.0723    0.2375
5598.2796   11.0740    0.2524
5598.8645   11.0734    0.2470
5599.6641   11.0840    0.3431
5599.5809   10.9877   -0.5288
5600.1554   11.0818    0.3236
5600.8007   11.1105    0.5835
5600.7173   11.1512    0.9520
5601.2614   11.0619    0.1433
5600.6446   11.0399   -0.0564
5600.5835   10.9851   -0.5516
5601.1268   10.9989   -0.4270
5599.4054   11.0789    0.2975
5599.3743   11.0974    0.4643
5599.9398   11.0456   -0.0042
5600.5328   10.9968   -0.4462
5600.4952   11.0280   -0.1635
5601.0356   11.0491    0.0274
5600.4695   11.1156    0.6294
5600.4561   11.1358    0.8119
5600.9896   11.0753    0.2650
5599.4479   11.1014    0.5011
5599.5067   11.1387    0.8383
5600.0227   11.0864    0.3653
5597.3552   11.0159   -0.2731
5597.4570   11.0318   -0.1296
5597.5799   11.0225   -0.2134
5597.9651   10.9965   -0.4485
5598.5703   10.9362   -0.9944
5597.7262   10.9797   -0.6005
5597.8900   10.9806   -0.5932
5598.0736   10.9653   -0.7309
5598.5134   10.9603   -0.7768
5598.9621   10.9668   -0.7178
5599.1755   10.9831   -0.5698
5599.7646   10.9369   -0.9884
5599.4217   10.9896   -0.5111
5599.8811   11.0187   -0.2480
5600.3423   11.0339   -0.1106
5598.6841   11.0015   -0.4036
5598.1994   11.0306   -0.1397
5598.8153   11.0210   -0.2270
5593.5297   11.0177   -0.2569
5593.7386   11.0349   -0.1008
5594.0867   11.0508    0.0431
5594.3018   11.0592    0.1187
5594.4667   11.1015    0.5018
5594.8746   11.0862    0.3632
5594.6596   11.0472    0.0097
5594.8785   11.0297   -0.1480
5595.2431   11.0942    0.4357
5595.1854   11.0453   -0.0073
5595.3128   11.0189   -0.2458
5595.7707   11.0635    0.1575
5596.1591   11.0088   -0.3379
5596.2501   11.1192    0.6624
5596.7463   11.1424    0.8719
5596.3647   10.9393   -0.9669
5596.5015   11.0972    0.4624
5596.9619   11.0903    0.4003
5595.8422   11.0415   -0.0416
5596.0612   11.0912    0.4082
5596.4410   11.0398   -0.0569
5596.6631   11.0561    0.0911
5596.8433   11.0276   -0.1676
5597.2642   11.1711    1.1317
5597.0444   10.9797   -0.6009
5597.2643   10.9948   -0.4643
5597.6470   11.1058    0.5409
5595.6402   10.9993   -0.4234
5595.4630   11.0761    0.2715
5596.0610   11.0416   -0.0409
5597.1990   11.0632    0.1546
5597.2756   11.1477    0.9199
5597.7981   11.0913    0.4090
5598.2796   11.1445    0.8907
5598.3294   11.1236    0.7020
5598.8645   11.1393    0.8436
5598.3968   11.0982    0.4721
5598.4809   11.1090    0.5695
5598.9898   11.0252   -0.1892
5599.3743   11.0023   -0.3966
5599.4054   11.1049    0.5322
5599.9398   11.0519    0.0530
5600.4561   11.0479    0.0161
5600.4695   11.0155   -0.2768
5600.9896   11.0448   -0.0113
5600.4952   11.0268   -0.1746
5600.5328   11.0311   -0.1356
5601.0356   11.0090   -0.3354
5599.5809   11.0281   -0.1631
5599.6641   11.0602    0.1274
5600.1554   11.0509    0.0433
5600.5835   11.0877    0.3764
5600.6446   11.0657    0.1778
5601.1268   11.0810    0.3157
5600.7173   11.0765    0.2751
5600.8007   11.0897    0.3951
5601.2614   11.0507    0.0417
5599.5067   11.0351   -0.0992
5599.4479   11.0428   -0.0298
5600.0227   11.0653    0.1741
5598.2747   11.0575    0.1030
5598.4646   11.0343   -0.1069
5598.8692   11.0554    0.0846
5599.1283   11.0538    0.0699
5599.2855   11.0858    0.3592
5599.7096   11.0489    0.0257
5599.4565   11.0960    0.4523
5599.6393   11.1047    0.5308
5600.0314   11.0484    0.0212
5600.0122   11.0043   -0.3782
5600.1427   11.0077   -0.3472
5600.5750   11.0260   -0.1819
5600.9032   11.0889    0.3876
5601.0078   11.0882    0.3815
5601.4369   11.0587    0.1142
5601.1226   11.0548    0.0791
5601.2460   11.0615    0.1395
5601.6498   11.0544    0.0750
5600.5984   11.0920    0.4153
5600.7658   11.1147    0.6209
5601.1425   11.0853    0.3549
5601.3805   11.0564    0.0936
5601.5206   11.0670    0.1897
5601.8963   11.0554    0.0841
5601.6685   11.0836    0.3399
5601.8224   11.1054    0.5368
5602.1714   11.0764    0.2748
5600.4350   11.0535    0.0672
5600.2825   11.0269   -0.1735
5600.8411   11.0573    0.1014
5598.0736   11.0949    0.4419
5597.8900   11.1356    0.8104
5597.7262   11.1705    1.1265
5598.5134   10.9844   -0.5581
5598.9621   11.0910    0.4063
5597.5799   11.1110    0.5875
5597.4570   11.0967    0.4586
5597.3552   11.1634    1.0624
5597.9651   11.1407    0.8565
5598.5703   11.0824    0.3285
5599.4217   11.0119   -0.3094
5599.8811   11.0428   -0.0294
5599.1755   11.0557    0.0874
5599.7646   11.1031    0.5158
5600.3423   11.0588    0.1153
5598.8153   11.0875    0.3746
5598.1994   11.0605    0.1303
5598.6841   11.0513    0.0473
5593.2478   11.0236   -0.2038
5593.0020   11.0072   -0.3519
5592.7950   11.0315   -0.1316
5593.6406   10.9940   -0.4715
5594.0627   11.0658    0.1783
5592.6260   11.0696    0.2133
5592.4995   11.0001   -0.4161
5592.4142   10.9605   -0.7747
5592.3710   10.9978   -0.4371
5592.9777   10.9669   -0.7167
5593.5693   10.9569   -0.8075
5593.4852   10.9451   -0.9142
5594.5178   11.0763    0.2736
5594.9924   11.1040    0.5245
5594.1937   10.9944   -0.4674
5594.8325   11.0128   -0.3015
5594.7075   11.0326   -0.1221
5595.4901   10.9543   -0.8306
5596.0056   11.0626    0.1495
5593.8627   11.0753    0.2647
5593.2297   10.9902   -0.5062
5593.6977   11.0057   -0.3659
5592.3710   11.0153   -0.2787
5592.4142   11.0161   -0.2716
5592.4995   10.9748   -0.6457
5592.6260   10.9542   -0.8321
5592.9777   11.0274   -0.1693
5593.4852   10.9758   -0.6359
5593.5693   10.9903   -0.5050
5592.7950   11.0364   -0.0881
5593.0020   11.0749    0.2608
5593.2478   11.1094    0.5734
5593.6406   11.0493    0.0290
5594.0627   11.0175   -0.2588
5594.1937   11.0199   -0.2373
5594.7075   11.0070   -0.3537
5594.8325   10.9753   -0.6406
5594.5178   11.0036   -0.3848
5594.9924   11.0048   -0.3733
5595.4901   11.0183   -0.2518
5596.0056   11.0237   -0.2022
5593.6977   11.0338   -0.1110
5593.2297   10.9938   -0.4735
5593.8627   10.9933   -0.4782
5596.5647   11.0996    0.4850
5597.1090   11.1195    0.6649
5596.4407   11.0294   -0.1512
5597.0485   11.1652    1.0783
5597.0181   11.0298   -0.1476
5597.6638   11.1444    0.8900
5598.2228   11.0959    0.4510
5596.4407   11.0486    0.0226
5597.0181   11.0048   -0.3733
5597.0485   11.0361   -0.0905
5596.5647   10.9826   -0.5743
5597.1090   10.9988   -0.4279
5597.6638   11.0580    0.1079
5598.2228   11.0446   -0.0133
5598.7913   11.1090    0.5696
5599.3514   11.1194    0.6635
5598.7913   11.0485    0.0222
5599.3514   11.1117    0.5944
5599.9084   11.1214    0.6823
5598.1980   11.1567    1.0017
5597.6047   11.0543    0.0742
5598.1980   11.0562    0.0917
5595.9095   10.9868   -0.5369
5595.2649   11.0272   -0.1713
5594.6384   11.0345   -0.1049
5595.8449   11.0677    0.1955
5595.8125   11.0532    0.0643
5594.0250   10.9599   -0.7803
5593.4442   10.9579   -0.7987
5592.8907   11.0077   -0.3476
5593.4442   10.9653   -0.7312
5594.0250   10.9962   -0.4518
5595.8125   11.0470    0.0079
5595.8449   11.0364   -0.0879
5594.6384   11.0607    0.1328
5595.2649   11.0239   -0.2009
5595.9095   11.0631    0.1537
5595.1975   10.9906   -0.5026
5594.5993   11.0174   -0.2595
5594.5993   11.0069   -0.3543
5588.4128   11.0486    0.0232
5588.4464   11.0225   -0.2134
5588.5216   11.0061   -0.3621
5588.6377   11.0121   -0.3080
5588.5216   10.9818   -0.5823
5588.5782   11.0035   -0.3857
5588.6377   11.0258   -0.1834
5588.7962   11.0403   -0.0523
5588.9930   11.0722    0.2368
5589.2291   11.0182   -0.2524
5589.5024   11.0520    0.0534
5589.1211   11.0692    0.2093
5589.0670   11.0660    0.1805
5589.2891   11.1085    0.5649
5588.7962   10.9860   -0.5438
5588.9059   11.0150   -0.2817
5588.9930   11.0176   -0.2582
5589.0670   11.0181   -0.2531
5589.1211   11.0059   -0.3634
5589.2891   11.0588    0.1151
5589.2291   11.0392   -0.0624
5589.3898   10.9890   -0.5169
5589.5024   10.9998   -0.4187
5588.7400   10.9593   -0.7859
5588.7400   11.0158   -0.2738
5588.8836   11.0009   -0.4087
5589.8276   11.0423   -0.0344
5590.1738   11.0424   -0.0330
5590.5540   11.0695    0.2117
5590.9649   11.0604    0.1298
5590.3668   11.0422   -0.0348
5590.2268   11.0145   -0.2857
5590.5979   10.9767   -0.6279
5591.4103   10.9968   -0.4460
5591.8782   11.0316   -0.1315
5592.3724   10.9798   -0.6002
5592.8882   10.9657   -0.7281
5592.1190   11.0271   -0.1720
5591.9057   11.0243   -0.1968
5592.3929   11.0146   -0.2847
5590.8696   11.0172   -0.2615
5590.7779   11.0454   -0.0066
5591.1742   11.0549    0.0800
5591.7317   11.0546    0.0773
5591.6015   11.0605    0.1305
5592.0558   11.0482    0.0193
5591.5138   11.0437   -0.0216
5591.4695   11.0739    0.2521
5591.8852   11.0989    0.4784
5591.0042   11.0272   -0.1706
5591.1850   11.0798    0.3054
5591.4415   11.0590    0.1171
5589.8276   10.9987   -0.4293
5590.0206   10.9909   -0.4993
5590.1738   10.9916   -0.4935
5590.2268   11.0367   -0.0846
5590.3668   11.0101   -0.3261
5590.5979   11.0292   -0.1532
5590.5540   11.0180   -0.2546
5590.7866   11.0184   -0.2506
5590.9649   11.0298   -0.1478
5590.7779   11.0538    0.0696
5590.8696   11.0383   -0.0706
5591.1742   11.0494    0.0298
5591.4695   11.0791    0.2990
5591.5138   11.0689    0.2066
5591.8852   11.1066    0.5482
5591.6015   11.0422   -0.0351
5591.7317   11.0276   -0.1669
5592.0558   11.0400   -0.0546
5591.4103   11.0023   -0.3966
5591.6731   11.0022   -0.3976
5591.8782   11.0036   -0.3849
5591.9057   11.0178   -0.2559
5592.1190   11.0054   -0.3681
5592.3929   11.0250   -0.1912
5592.3724   11.0245   -0.1957
5592.6634   11.0046   -0.3756
5592.8882   11.0414   -0.0427
5591.1850   11.0090   -0.3355
5591.0042   11.0048   -0.3740
5591.4415   10.9964   -0.4493
5589.6690   11.0406   -0.0492
5589.5624   11.0378   -0.0747
5589.5089   11.0732    0.2459
5589.8760   11.0499    0.0349
5590.1214   11.0454   -0.0060
5589.5089   11.1070    0.5518
5589.5624   11.1186    0.6568
5589.6690   11.0628    0.1514
5589.8760   11.0801    0.3081
5590.1214   11.0508    0.0424
5590.4082   11.0487    0.0235
5590.7277   11.0885    0.3842
5590.4082   11.0465    0.0039
5590.7277   11.1062    0.5445
5591.0827   11.0968    0.4588
5590.0701   11.0890    0.3881
5589.7694   11.0649    0.1707
5590.0701   11.0532    0.0644
5593.5297   11.0728    0.2416
5594.0867   11.0542    0.0736
5594.6596   11.0522    0.0557
5595.2431   11.0711    0.2262
5594.4667   11.0698    0.2149
5594.3018   10.9802   -0.5964
5594.8746   11.0247   -0.1939
5595.8422   11.0962    0.4533
5596.4410   11.0625    0.1488
5597.0444   11.0607    0.1326
5597.6470   11.0247   -0.1932
5596.8433   10.9771   -0.6246
5596.6631   11.0255   -0.1860
5597.2642   10.9843   -0.5590
5595.3128   11.0107   -0.3205
5595.1854   11.0136   -0.2944
5595.7707   10.9876   -0.5295
5596.5015   11.0142   -0.2890
5596.3647   10.9813   -0.5861
5596.9619   10.9530   -0.8429
5596.2501   10.9505   -0.8657
5596.1591   10.9815   -0.5848
5596.7463   10.9825   -0.5754
5595.4630   11.0411   -0.0453
5595.6402   11.0538    0.0703
5596.0610   11.0755    0.2667
5598.2747   11.0186   -0.2486
5598.8692   11.0635    0.1580
5599.4565   11.0637    0.1593
5600.0314   11.0530    0.0627
5599.2855   10.9712   -0.6775
5599.1283   10.9994   -0.4222
5599.7096   11.0669    0.1885
5600.5984   11.0865    0.3660
5601.1425   11.0832    0.3365
5601.6685   11.1143    0.6180
5602.1714   11.0789    0.2967
5601.5206   11.0976    0.4668
5601.3805   11.0779    0.2885
5601.8963   11.0707    0.2228
5600.1427   10.9710   -0.6799
5600.0122   11.0304   -0.1420
5600.5750   11.0409   -0.0468
5601.2460   11.0312   -0.1349
5601.1226   11.0234   -0.2052
5601.6498   10.9963   -0.4509
5601.0078   10.9888   -0.5185
5600.9032   11.0065   -0.3584
5601.4369   10.9964   -0.4496
5600.2825   11.0589    0.1157
5600.4350   11.0701    0.2175
5600.8411   11.0286   -0.1580
5597.2756   11.0229   -0.2103
5597.1990   11.0087   -0.3386
5597.7981   11.0187   -0.2476
5598.4809   11.0542    0.0733
5598.3968   11.0705    0.2209
5598.9898   11.0310   -0.1368
5598.3294   11.0649    0.1704
5598.2796   11.0523    0.0566
5598.8645   11.0927    0.4223
5599.6641   10.9785   -0.6114
5599.5809   10.9769   -0.6265
5600.1554   11.0074   -0.3506
5600.8007   11.0059   -0.3639
5600.7173   11.0122   -0.3069
5601.2614   11.0077   -0.3476
5600.6446   11.0123   -0.3056
5600.5835   11.0143   -0.2874
5601.1268   11.0401   -0.0539
5599.4054   11.0360   -0.0910
5599.3743   11.0593    0.1200
5599.9398   11.0400   -0.0549
5600.5328   11.0331   -0.1179
5600.4952   11.0339   -0.1105
5601.0356   11.0488    0.0244
5600.4695   11.0745    0.2576
5600.4561   11.0973    0.4641
5600.9896   11.0780    0.2890
5599.4479   11.0553    0.0833
5599.5067   11.0152   -0.2799
5600.0227   11.0136   -0.2942
5597.3552   11.0154   -0.2781
5597.4570   10.9586   -0.7919
5597.5799   10.9704   -0.6851
5597.9651   11.0486    0.0227
5598.5703   10.9757   -0.6370
5597.7262   10.9764   -0.6304
5597.8900   11.0562    0.0920
5598.0736   11.0702    0.2181
5598.5134   11.0040   -0.3809
5598.9621   10.9930   -0.4804
5599.1755   10.9996   -0.4210
5599.7646   10.9650   -0.7343
5599.4217   11.0310   -0.1364
5599.8811   10.9822   -0.5781
5600.3423   11.0230   -0.2093
5598.6841   10.9659   -0.7263
5598.1994   10.9801   -0.5975
5598.8153   11.0051   -0.3706
5593.5297   11.0110   -0.3180
5593.7386   11.0133   -0.2971
5594.0867   11.0183   -0.2515
5594.3018   11.0391   -0.0635
5594.4667   11.0359   -0.0922
5594.8746   11.0224   -0.2145
5594.6596   11.0333   -0.1155
5594.8785   11.0388   -0.0658
5595.2431   11.0337   -0.1119
5595.1854   11.0010   -0.4079
5595.3128   11.0270   -0.1730
5595.7707   11.0459   -0.0018
5596.1591   11.0403   -0.0519
5596.2501   11.0307   -0.1389
5596.7463   11.0329   -0.1191
5596.3647   11.0357   -0.0939
5596.5015   11.0109   -0.3185
5596.9619   11.0204   -0.2323
5595.8422   11.0108   -0.3190
5596.0612   11.0341   -0.1086
5596.4410   11.0446   -0.0137
5596.6631   11.0100   -0.3269
5596.8433   11.0213   -0.2245
5597.2642   11.0205   -0.2315
5597.0444   11.0367   -0.0854
5597.2643   11.0612    0.1371
5597.6470   11.0332   -0.1165
5595.6402   11.0120   -0.3090
5595.4630   11.0202   -0.2344
5596.0610   10.9910   -0.4987
5597.1990   11.0563    0.0927
5597.2756   11.0518    0.0520
5597.7981   11.0658    0.1784
5598.2796   11.0830    0.3344
5598.3294   11.0706    0.2219
5598.8645   11.0916    0.4117
5598.3968   11.0571    0.0995
5598.4809   11.0446   -0.0131
5598.9898   11.0487    0.0236
5599.3743   11.0771    0.2805
5599.4054   11.0846    0.3485
5599.9398   11.0581    0.1088
5600.4561   11.0906    0.4033
5600.4695   11.0637    0.1598
5600.9896   11.0722    0.2367
5600.4952   11.0643    0.1647
5600.5328   11.0675    0.1936
5601.0356   11.0693    0.2101
5599.5809   11.0314   -0.1331
5599.6641   11.0315   -0.1323
5600.1554   11.0268   -0.1741
5600.5835   11.0634    0.1567
5600.6446   11.0531    0.0633
5601.1268   11.0579    0.1073
5600.7173   11.0470    0.0086
5600.8007   11.0381   -0.0722
5601.2614   11.0419   -0.0381
5599.5067   11.0498    0.0335
5599.4479   11.0897    0.3950
5600.0227   11.0574    0.1025
5598.2747   11.0062   -0.3612
5598.4646   11.0295   -0.1500
5598.8692   11.0134   -0.2954
5599.1283   11.0391   -0.0632
5599.2855   11.0298   -0.1472
5599.7096   11.0212   -0.2252
5599.4565   11.0208   -0.2290
5599.6393   11.0436   -0.0227
5600.0314   11.0093   -0.3330
5600.0122   11.0344   -0.1053
5600.1427   11.0206   -0.2310
5600.5750   11.0167   -0.2659
5600.9032   11.0311   -0.1354
5601.0078   11.0153   -0.2783
5601.4369   11.0176   -0.2579
5601.1226   11.0145   -0.2862
5601.2460   11.0263   -0.1794
5601.6498   11.0184   -0.2506
5600.5984   11.0189   -0.2462
5600.7658   11.0200   -0.2359
5601.1425   11.0008   -0.4102
5601.3805   11.0041   -0.3799
5601.5206   11.0016   -0.4028
5601.8963   10.9995   -0.4219
5601.6685   10.9789   -0.6079
5601.8224   10.9615   -0.7657
5602.1714   10.9397   -0.9632
5600.4350   10.9939   -0.4727
5600.2825   10.9908   -0.5003
5600.8411   11.0045   -0.3764
5598.0736   11.0191   -0.2440
5597.8900   11.0453   -0.0073
5597.7262   11.0234   -0.2058
5598.5134   11.0385   -0.0684
5598.9621   11.0421   -0.0358
5597.5799   11.0240   -0.2001
5597.4570   11.0583    0.1107
5597.3552   11.0683    0.2014
5597.9651   11.0707    0.2232
5598.5703   11.0573    0.1014
5599.4217   11.0402   -0.0529
5599.8811   11.0417   -0.0396
5599.1755   11.0517    0.0507
5599.7646   11.0355   -0.0962
5600.3423   11.0476    0.0136
5598.8153   11.0358   -0.0931
5598.1994   11.0321   -0.1267
5598.6841   11.0482    0.0188
5593.2478   11.0357   -0.0940
5593.0020   11.0253   -0.1882
5592.7950   11.0287   -0.1571
5593.6406   11.0196   -0.2394
5594.0627   11.0351   -0.0992
5592.6260   11.0403   -0.0527
5592.4995   11.0655    0.1756
5592.4142   11.0531    0.0637
5592.3710   11.0488    0.0244
5592.9777   11.0250   -0.1912
5593.5693   10.9779   -0.6175
5593.4852   11.0107   -0.3202
5594.5178   11.0276   -0.1673
5594.9924   11.0172   -0.2610
5594.1937   11.0119   -0.3091
5594.8325   11.0140   -0.2909
5594.7075   10.9941   -0.4710
5595.4901   11.0496    0.0317
5596.0056   11.0385   -0.0689
5593.8627   11.0389   -0.0647
5593.2297   11.0538    0.0697
5593.6977   11.0277   -0.1663
5592.3710   11.0952    0.4450
5592.4142   11.0948    0.4415
5592.4995   11.0752    0.2635
5592.6260   11.0271   -0.1717
5592.9777   11.1021    0.5076
5593.4852   11.0887    0.3862
5593.5693   11.0857    0.3587
5592.7950   11.0358   -0.0935
5593.0020   11.0328   -0.1202
5593.2478   11.0087   -0.3386
5593.6406   11.0183   -0.2516
5594.0627   11.0089   -0.3366
5594.1937   11.0289   -0.1557
5594.7075   11.0271   -0.1722
5594.8325   11.0037   -0.3838
5594.5178   11.0269   -0.1735
5594.9924   11.0065   -0.3579
5595.4901   10.9638   -0.7445
5596.0056   11.0137   -0.2933
5593.6977   11.0796    0.3030
5593.2297   11.0866    0.3669
5593.8627   11.0759    0.2698
5596.5647   11.0317   -0.1306
5597.1090   11.0524    0.0573
5596.4407   11.0382   -0.0718
5597.0485   11.0570    0.0988
5597.0181   11.0371   -0.0815
5597.6638   11.0674    0.1933
5598.2228   11.0870    0.3702
5596.4407   11.0535    0.0676
5597.0181   11.0285   -0.1589
5597.0485   11.0530    0.0626
5596.5647   11.0026   -0.3935
5597.1090   11.0288   -0.1568
5597.6638   11.0632    0.1547
5598.2228   11.0981    0.4709
5598.7913   11.0720    0.2347
5599.3514   11.0795    0.3024
5598.7913   11.0941    0.4349
5599.3514   11.0689    0.2064
5599.9084   11.0732    0.2455
5598.1980   11.0746    0.2578
5597.6047   11.0583    0.1103
5598.1980   11.0784    0.2929
5595.9095   11.0343   -0.1070
5595.2649   11.0570    0.0993
5594.6384   11.0288   -0.1561
5595.8449   11.0707    0.2227
5595.8125   11.0436   -0.0224
5594.0250   11.0250   -0.1906
5593.4442   11.0469    0.0078
5592.8907   11.0441   -0.0175
5593.4442   11.0648    0.1693
5594.0250   11.0479    0.0168
5595.8125   10.9965   -0.4490
5595.8449   11.0497    0.0325
5594.6384   11.0430   -0.0276
5595.2649   11.0276   -0.1676
5595.9095   11.0306   -0.1398
5595.1975   11.0543    0.0748
5594.5993   11.0528    0.0609
5594.5993   11.0472    0.0097
5588.4128   11.0091   -0.3348
5588.4464   11.0081   -0.3439
5588.5782   11.0176   -0.2580
5588.5216   11.0238   -0.2017
5588.6377   11.0182   -0.2520
5588.5216   11.0268   -0.1746
5588.6377   11.0216   -0.2217
5588.9059   11.0048   -0.3740
5588.7962   11.0121   -0.3078
5588.9930   11.0048   -0.3733
5589.3898   11.0062   -0.3609
5589.2291   10.9799   -0.5991
5589.5024   11.0238   -0.2015
5589.1211   10.9917   -0.4923
5589.0670   10.9758   -0.6365
5589.2891   11.0007   -0.4111
5588.7962   11.0451   -0.0088
5588.9930   11.0409   -0.0468
5589.0670   10.9759   -0.6352
5589.1211   11.0302   -0.1434
5589.2891   11.0222   -0.2162
5589.2291   11.0702    0.2182
5589.5024   11.0526    0.0592
5588.7400   10.9959   -0.4541
5588.7400   11.0070   -0.3535
5588.8836   10.9660   -0.7251
5590.0206   11.0661    0.1810
5589.8276   11.0680    0.1984
5590.1738   11.0520    0.0539
5590.7866   11.0808    0.3145
5590.5540   11.0857    0.3590
5590.9649   11.0548    0.0789
5590.3668   11.0651    0.1722
5590.2268   11.0396   -0.0588
5590.5979   11.0291   -0.1533
5591.6731   11.0999    0.4870
5591.4103   11.0579    0.1074
5591.8782   11.0842    0.3452
5592.6634   11.1150    0.6239
5592.3724   11.1405    0.8552
5592.8882   11.1141    0.6154
5592.1190   11.0987    0.4765
5591.9057   11.0457   -0.0031
5592.3929   11.0519    0.0524
5590.8696   11.0317   -0.1305
5590.7779   11.0209   -0.2279
5591.1742   11.0640    0.1626
5591.7317   11.0538    0.0702
5591.6015   11.0350   -0.1004
5592.0558   11.0822    0.3270
5591.5138   11.0668    0.1874
5591.4695   11.0725    0.2389
5591.8852   11.0846    0.3491
5591.0042   11.0575    0.1033
5591.1850   11.0420   -0.0366
5591.4415   11.0432   -0.0265
5589.8276   11.0590    0.1172
5590.1738   11.0299   -0.1463
5590.2268   11.0123   -0.3056
5590.3668   11.0060   -0.3628
5590.5979   10.9858   -0.5455
5590.5540   10.9982   -0.4339
5590.9649   10.9742   -0.6504
5590.7779   11.0244   -0.1966
5590.8696   11.0155   -0.2770
5591.1742   11.0737    0.2504
5591.4695   11.0910    0.4067
5591.5138   11.0188   -0.2470
5591.8852   11.0726    0.2400
5591.6015   11.0902    0.3998
5591.7317   11.0658    0.1788
5592.0558   11.0460   -0.0009
5591.4103   10.9873   -0.5322
5591.8782   11.0348   -0.1025
5591.9057   10.9874   -0.5314
5592.1190   11.0286   -0.1587
5592.3929   11.0593    0.1199
5592.3724   11.0538    0.0699
5592.8882   11.0523    0.0561
5591.1850   10.9659   -0.7255
5591.0042   11.0005   -0.4131
5591.4415   11.0133   -0.2965
5589.6690   11.0474    0.0117
5589.5624   11.0213   -0.2247
5589.5089   11.0269   -0.1737
5589.8760   11.0324   -0.1241
5590.1214   11.0146   -0.2853
5589.5089   11.0035   -0.3851
5589.5624   11.0232   -0.2075
5589.6690   11.0386   -0.0679
5589.8760   11.0344   -0.1060
5590.1214   11.0524    0.0570
5590.4082   11.0094   -0.3323
5590.7277   11.0213   -0.2242
5590.4082   11.0454   -0.0058
5590.7277   11.0265   -0.1770
5591.0827   11.0628    0.1516
5590.0701   11.0244   -0.1964
5589.7694   10.9877   -0.5287
5590.0701   11.0051   -0.3714
5593.7386   11.0717    0.2319
5593.5297   11.0760    0.2711
5594.0867   11.0629    0.1523
5594.8785   11.1409    0.8586
5594.6596   11.0699    0.2155
5595.2431   11.1820    1.2302
5594.4667   11.0318   -0.1290
5594.3018   11.1030    0.5151
5594.8746   11.0964    0.4556
5596.0612   11.0785    0.2932
5595.8422   11.1210    0.6787
5596.4410   10.9984   -0.4312
5597.2643   10.9766   -0.6290
5597.0444   10.9990   -0.4264
5597.6470   10.9819   -0.5811
5596.8433   10.9940   -0.4712
5596.6631   11.0401   -0.0543
5597.2642   10.9986   -0.4299
5595.3128   11.1342    0.7974
5595.1854   11.1146    0.6200
5595.7707   11.1007    0.4948
5596.5015   10.9590   -0.7884
5596.3647   11.0413   -0.0435
5596.9619   11.0108   -0.3197
5596.2501   11.0627    0.1500
5596.1591   11.0682    0.2000
5596.7463   11.0672    0.1912
5595.4630   11.0732    0.2459
5595.6402   10.9645   -0.7386
5596.0610   11.0742    0.2549
5598.4646   11.0524    0.0572
5598.2747   11.0460   -0.0008
5598.8692   11.0432   -0.0262
5599.6393   11.0075   -0.3491
5599.4565   11.0039   -0.3817
5600.0314   11.0426   -0.0316
5599.2855   11.0176   -0.2582
5599.1283   10.9745   -0.6479
5599.7096   10.8956   -1.3621
5600.7658   10.9849   -0.5540
5600.5984   11.1391    0.8419
5601.1425   11.0539    0.0707
5601.8224   10.9835   -0.5665
5601.6685   11.0657    0.1772
5602.1714   11.1056    0.5388
5601.5206   11.0372   -0.0806
5601.3805   11.0422   -0.0347
5601.8963   11.0823    0.3282
5600.1427   10.9707   -0.6820
5600.0122   11.0169   -0.2645
5600.5750   11.0553    0.0834
5601.2460   11.0952    0.4446
5601.1226   11.0360   -0.0914
5601.6498   11.0610    0.1347
5601.0078   10.9756   -0.6381
5600.9032   10.9937   -0.4738
5601.4369   10.9126   -1.2085
5600.2825   10.8766   -1.5343
5600.4350   10.9488   -0.8810
5600.8411   10.9463   -0.9036
5597.2756   11.0274   -0.1693
5597.1990   11.0248   -0.1927
5597.7981   11.0425   -0.0327
5598.4809   10.9917   -0.4923
5598.3968   11.0234   -0.2052
5598.9898   11.1183    0.6535
5598.3294   11.0727    0.2411
5598.2796   11.0683    0.2007
5598.8645   11.0974    0.4642
5599.6641   11.0477    0.0148
5599.5809   11.1420    0.8682
5600.1554   11.0931    0.4257
5600.8007   10.9633   -0.7493
5600.7173   11.0820    0.3252
5601.2614   10.9710   -0.6801
5600.6446   11.1407    0.8565
5600.5835   11.1381    0.8330
5601.1268   11.1578    1.0111
5599.4054   11.1275    0.7375
5599.3743   11.1019    0.5049
5599.9398   11.1478    0.9207
5600.5328   11.0621    0.1453
5600.4952   11.0899    0.3969
5601.0356   11.0542    0.0731
5600.4695   11.1340    0.7957
5600.4561   11.0600    0.1261
5600.9896   10.9925   -0.4853
5599.4479   11.1141    0.6157
5599.5067   11.1947    1.3452
5600.0227   11.1470    0.9138
5597.3552   11.0136   -0.2936
5597.4570   11.0701    0.2175
5597.5799   10.9769   -0.6266
5597.9651   10.9421   -0.9413
5598.5703   10.9898   -0.5095
5597.7262   10.8598   -1.6866
5597.8900   10.9832   -0.5696
5598.0736   11.0240   -0.2003
5598.5134   10.9908   -0.5006
5598.9621   10.9348   -1.0070
5599.1755   11.0421   -0.0362
5599.7646   11.0336   -0.1129
5599.4217   10.9463   -0.9035
5599.8811   10.9544   -0.8304
5600.3423   11.0589    0.1161
5598.6841   11.0283   -0.1611
5598.1994   10.9193   -1.1479
5598.8153   10.8987   -1.3343
5593.5297   11.0575    0.1037
5594.0867   11.0811    0.3169
5594.3018   11.0255   -0.1859
5594.4667   11.0039   -0.3818
5594.8746   11.0336   -0.1134
5594.6596   11.0631    0.1537
5595.2431   11.0603    0.1289
5595.1854   11.0731    0.2446
5595.3128   11.0734    0.2470
5595.7707   11.0802    0.3085
5596.1591   11.0795    0.3024
5596.2501   11.0634    0.1564
5596.7463   11.0269   -0.1735
5596.3647   11.0535    0.0668
5596.5015   11.0463    0.0022
5596.9619   11.0123   -0.3055
5595.8422   11.0432   -0.0257
5596.4410   11.0806    0.3126
5596.6631   11.0386   -0.0675
5596.8433   11.0283   -0.1607
5597.2642   11.0610    0.1347
5597.0444   11.0100   -0.3269
5597.6470   11.0332   -0.1165
5595.6402   11.0765    0.2750
5595.4630   11.0680    0.1984
5596.0610   11.0574    0.1024
5597.1990   10.9731   -0.6606
5597.2756   11.0025   -0.3950
5597.7981   11.0099   -0.3271
5598.2796   11.0179   -0.2549
5598.3294   10.9689   -0.6983
5598.8645   10.9840   -0.5624
5598.3968   10.9942   -0.4694
5598.4809   11.0180   -0.2545
5598.9898   11.0488    0.0251
5599.3743   11.0147   -0.2841
5599.4054   11.0031   -0.3893
5599.9398   10.9432   -0.9317
5600.4561   11.0217   -0.2207
5600.4695   11.0537    0.0690
5600.9896   11.0514    0.0483
5600.4952   10.9779   -0.6175
5600.5328   11.0247   -0.1938
5601.0356   10.9633   -0.7492
5599.5809   11.0230   -0.2087
5599.6641   10.9870   -0.5347
5600.1554   10.9593   -0.7858
5600.5835   11.0437   -0.0218
5600.6446   11.0466    0.0046
5601.1268   11.0353   -0.0977
5600.7173   11.0233   -0.2067
5600.8007   11.0576    0.1047
5601.2614   11.0060   -0.3631
5599.5067   10.9889   -0.5177
5599.4479   10.9928   -0.4821
5600.0227   11.0443   -0.0163
5598.2747   11.0204   -0.2325
5598.8692   11.0596    0.1228
5599.1283   10.9750   -0.6431
5599.2855   11.0336   -0.1129
5599.7096   11.1079    0.5599
5599.4565   11.0010   -0.4084
5600.0314   11.0665    0.1846
5600.0122   10.9589   -0.7892
5600.1427   11.0781    0.2899
5600.5750   11.0857    0.3585
5600.9032   10.9609   -0.7714
5601.0078   11.0263   -0.1790
5601.4369   10.9666   -0.7199
5601.1226   11.0558    0.0877
5601.2460   11.0120   -0.3088
5601.6498   11.0047   -0.3745
5600.5984   11.0820    0.3250
5601.1425   11.0032   -0.3886
5601.3805   11.0374   -0.0787
5601.5206   11.0251   -0.1901
5601.8963   11.1136    0.6112
5601.6685   11.1168    0.6406
5602.1714   11.0998    0.4863
5600.4350   11.0249   -0.1922
5600.2825   11.0520    0.0536
5600.8411   10.9991   -0.4249
5598.0736   11.0277   -0.1663
5597.8900   11.0679    0.1979
5597.7262   11.0372   -0.0806
5598.5134   11.0187   -0.2481
5598.9621   11.0543    0.0741
5597.5799   11.0188   -0.2470
5597.4570   11.0322   -0.1254
5597.3552   11.0602    0.1280
5597.9651   11.0664    0.1843
5598.5703   11.0305   -0.1409
5599.4217   11.0248   -0.1924
5599.8811   11.0007   -0.4108
5599.1755   10.9999   -0.4180
5599.7646   11.0074   -0.3501
5600.3423   10.9612   -0.7680
5598.8153   11.0163   -0.2693
5598.1994   11.0375   -0.0779
5598.6841   11.0219   -0.2188
5593.2478   11.0487    0.0239
5593.0020   11.0975    0.4653
5592.7950   11.0914    0.4106
5593.6406   11.0234   -0.2054
5594.0627   11.0518    0.0519
5592.6260   11.0463    0.0022
5592.4995   11.0277   -0.1668
5592.4142   11.0452   -0.0075
5592.3710   11.0668    0.1880
5592.9777   11.0654    0.1751
5593.5693   11.0478    0.0153
5593.4852   11.0562    0.0916
5594.5178   11.0798    0.3048
5594.9924   11.0754    0.2653
5594.1937   11.0393   -0.0613
5594.8325   11.0359   -0.0917
5594.7075   11.0414   -0.0427
5595.4901   11.1587    1.0196
5596.0056   11.0499    0.0344
5593.8627   11.0623    0.1464
5593.2297   11.0330   -0.1186
5593.6977   11.0287   -0.1574
5592.3710   11.0422   -0.0349
5592.4142   11.0080   -0.3443
5592.4995   11.0697    0.2143
5592.6260   10.9767   -0.6279
5592.9777   10.9938   -0.4728
5593.4852   11.0207   -0.2300
5593.5693   11.0678    0.1965
5592.7950   10.9660   -0.7253
5593.0020   11.0645    0.1669
5593.2478   11.0852    0.3545
5593.6406   11.0396   -0.0591
5594.0627   11.0222   -0.2160
5594.1937   11.0139   -0.2910
5594.7075   10.9718   -0.6727
5594.8325   10.9776   -0.6195
5594.5178   11.0619    0.1428
5594.9924   11.0847    0.3500
5595.4901   11.0865    0.3660
5596.0056   11.0290   -0.1547
5593.6977   11.0205   -0.2316
5593.2297   10.9340   -1.0142
5593.8627   11.0047   -0.3743
5596.5647   11.0521    0.0547
5597.1090   10.9716   -0.6744
5596.4407   11.0039   -0.3821
5597.0485   10.9785   -0.6116
5597.0181   11.0239   -0.2007
5597.6638   11.0061   -0.3622
5598.2228   11.0637    0.1595
5596.4407   10.9816   -0.5837
5597.0181   11.0349   -0.1012
5597.0485   11.0137   -0.2932
5596.5647   11.0359   -0.0923
5597.1090   11.0207   -0.2295
5597.6638   11.0374   -0.0785
5598.2228   11.0453   -0.0071
5598.7913   11.0260   -0.1816
5599.3514   11.0674    0.1933
5598.7913   11.0614    0.1382
5599.3514   11.0619    0.1436
5599.9084   11.0256   -0.1858
5598.1980   11.0415   -0.0418
5597.6047   11.0199   -0.2366
5598.1980   11.0759    0.2704
5595.9095   11.0634    0.1571
5595.2649   11.0647    0.1685
5594.6384   11.0237   -0.2030
5595.8449   11.0163   -0.2697
5595.8125   11.0516    0.0499
5594.0250   11.0436   -0.0224
5593.4442   11.0394   -0.0607
5592.8907   11.0125   -0.3039
5593.4442   11.0123   -0.3054
5594.0250   10.9800   -0.5980
5595.8125   11.0574    0.1027
5595.8449   11.0274   -0.1694
5594.6384   10.9357   -0.9991
5595.2649   10.9851   -0.5524
5595.9095   11.0104   -0.3228
5595.1975   11.0268   -0.1741
5594.5993   11.0379   -0.0738
5594.5993   10.9975   -0.4394
5588.4128   11.0472    0.0098
5588.4464   11.0413   -0.0430
5588.5782   10.9995   -0.4216
5588.5216   11.0162   -0.2709
5588.6377   10.9868   -0.5362
5588.5216   10.9980   -0.4352
5588.6377   11.0088   -0.3371
5588.9059   11.0137   -0.2934
5588.7962   10.9778   -0.6185
5588.9930   10.9704   -0.6853
5589.3898   11.0020   -0.3988
5589.2291   10.9897   -0.5108
5589.5024   10.9475   -0.8928
5589.1211   10.9271   -1.0771
5589.0670   10.9721   -0.6695
5589.2891   10.9810   -0.5892
5588.7962   11.0303   -0.1432
5588.9930   11.0112   -0.3158
5589.0670   11.0098   -0.3288
5589.1211   11.0173   -0.2607
5589.2891   11.0150   -0.2816
5589.2291   11.0033   -0.3873
5589.5024   11.0258   -0.1834
5588.7400   11.0081   -0.3435
5588.7400   10.9555   -0.8197
5588.8836   10.9705   -0.6847
5590.0206   11.0518    0.0518
5589.8276   10.9554   -0.8211
5590.1738   10.9967   -0.4473
5590.7866   11.0612    0.1373
5590.5540   11.0268   -0.1745
5590.9649   11.0771    0.2805
5590.3668   10.9821   -0.5789
5590.2268   10.9882   -0.5237
5590.5979   11.0526    0.0593
5591.6731   11.0524    0.0572
5591.4103   10.9605   -0.7746
5591.8782   10.9893   -0.5142
5592.6634   10.9683   -0.7045
5592.3724   11.0576    0.1043
5592.8882   10.9911   -0.4977
5592.1190   11.0658    0.1786
5591.9057   11.0548    0.0792
5592.3929   10.9437   -0.9272
5590.8696   11.0304   -0.1420
5590.7779   11.0089   -0.3363
5591.1742   11.0190   -0.2449
5591.7317   10.9455   -0.9103
5591.6015   10.9665   -0.7201
5592.0558   10.9517   -0.8545
5591.5138   11.0173   -0.2604
5591.4695   11.0382   -0.0712
5591.8852   10.9753   -0.6411
5591.0042   10.9470   -0.8973
5591.1850   10.9672   -0.7139
5591.4415   10.9687   -0.7007
5589.8276   11.0749    0.2612
5590.1738   11.0869    0.3691
5590.2268   11.1131    0.6063
5590.3668   11.0890    0.3882
5590.5979   11.0839    0.3423
5590.5540   11.0536    0.0681
5590.9649   11.1109    0.5869
5590.7779   11.0844    0.3468
5590.8696   11.1089    0.5689
5591.1742   11.0909    0.4062
5591.4695   11.0228   -0.2109
5591.5138   11.0446   -0.0132
5591.8852   11.0451   -0.0092
5591.6015   11.1715    1.1350
5591.7317   11.1321    0.7789
5592.0558   11.1583    1.0162
5591.4103   11.0988    0.4777
5591.8782   11.1193    0.6627
5591.9057   11.1466    0.9103
5592.1190   11.1758    1.1739
5592.3929   11.1580    1.0134
5592.3724   11.0716    0.2311
5592.8882   11.0877    0.3768
5591.1850   11.0814    0.3193
5591.0042   11.0668    0.1874
5591.4415   11.0985    0.4745
5589.6690   11.0627    0.1503
5589.5624   11.0294   -0.1506
5589.5089   11.0134   -0.2961
5589.8760   11.0667    0.1868
5590.1214   11.0499    0.0342
5589.5089   11.0384   -0.0695
5589.5624   11.0048   -0.3736
5589.6690   10.9634   -0.7486
5589.8760   10.9869   -0.5362
5590.1214   11.0079   -0.3460
5590.4082   11.0469    0.0073
5590.7277   11.0664    0.1841
5590.4082   11.0241   -0.1993
5590.7277   11.0039   -0.3820
5591.0827   11.0446   -0.0133
5590.0701   11.0128   -0.3013
5589.7694   11.0006   -0.4116
5590.0701   11.0314   -0.1329
5593.7386   11.0019   -0.4002
5593.5297   11.0252   -0.1890
5594.0867   11.0469    0.0073
5594.8785   11.0246   -0.1948
5594.6596   11.0911    0.4072
5595.2431   11.0524    0.0574
5594.4667   11.1186    0.6565
5594.3018   11.0934    0.4282
5594.8746   11.1076    0.5565
5596.0612   11.0053   -0.3690
5595.8422   11.0194   -0.2418
5596.4410   11.0146   -0.2852
5597.2643   10.9880   -0.5258
5597.0444   11.0019   -0.4004
5597.6470   10.9939   -0.4727
5596.8433   11.0161   -0.2714
5596.6631   11.0357   -0.0938
5597.2642   11.0251   -0.1900
5595.3128   11.0922    0.4179
5595.1854   11.1460    0.9045
5595.7707   11.0593    0.1200
5596.5015   11.0618    0.1419
5596.3647   11.0671    0.1900
5596.9619   11.0458   -0.0023
5596.2501   11.0727    0.2406
5596.1591   11.0782    0.2912
5596.7463   11.0674    0.1929
5595.4630   11.0811    0.3167
5595.6402   11.0564    0.0932
5596.0610   11.0572    0.1003
5598.4646   10.9915   -0.4938
5598.2747   10.9968   -0.4461
5598.8692   11.0029   -0.3905
5599.6393   11.0230   -0.2090
5599.4565   11.0173   -0.2602
5600.0314   11.0318   -0.1289
5599.2855   11.0118   -0.3106
5599.1283   11.0077   -0.3471
5599.7096   11.0115   -0.3129
5600.7658   11.0570    0.0987
5600.5984   11.0432   -0.0263
5601.1425   11.0626    0.1493
5601.8224   11.1132    0.6077
5601.6685   11.0979    0.4690
5602.1714   11.1325    0.7827
5601.5206   11.0730    0.2439
5601.3805   11.0629    0.1521
5601.8963   11.0881    0.3808
5600.1427   11.0094   -0.3323
5600.0122   11.0056   -0.3667
5600.5750   11.0156   -0.2758
5601.2460   11.0580    0.1082
5601.1226   11.0321   -0.1264
5601.6498   11.0626    0.1497
5601.0078   11.0325   -0.1228
5600.9032   11.0339   -0.1105
5601.4369   11.0451   -0.0084
5600.2825   11.0205   -0.2319
5600.4350   11.0323   -0.1250
5600.8411   11.0373   -0.0793
5597.2756   11.0548    0.0790
5597.1990   11.0500    0.0358
5597.7981   11.0436   -0.0225
5598.4809   11.0381   -0.0726
5598.3968   11.0371   -0.0811
5598.9898   11.0278   -0.1659
5598.3294   11.0252   -0.1886
5598.2796   11.0132   -0.2978
5598.8645   11.0097   -0.3294
5599.6641   11.0192   -0.2433
5599.5809   11.0246   -0.1942
5600.1554   11.0217   -0.2210
5600.8007   11.0187   -0.2478
5600.7173   11.0198   -0.2383
5601.2614   11.0140   -0.2908
5600.6446   11.0184   -0.2505
5600.5835   11.0229   -0.2103
5601.1268   11.0296   -0.1489
5599.4054   11.0082   -0.3428
5599.3743   11.0110   -0.3176
5599.9398   11.0147   -0.2844
5600.5328   11.0234   -0.2053
5600.4952   11.0256   -0.1856
5601.0356   11.0393   -0.0613
5600.4695   11.0263   -0.1791
5600.4561   11.0266   -0.1762
5600.9896   11.0363   -0.0889
5599.4479   11.0095   -0.3309
5599.5067   11.0147   -0.2838
5600.0227   11.0153   -0.2789
5597.3552   11.0642    0.1643
5597.4570   11.0507    0.0423
5597.5799   11.0344   -0.1055
5597.9651   11.0558    0.0881
5598.5703   11.0457   -0.0031
5597.7262   11.0267   -0.1757
5597.8900   11.0148   -0.2830
5598.0736   11.0068   -0.3554
5598.5134   11.0092   -0.3338
5598.9621   11.0085   -0.3404
5599.1755   11.0360   -0.0913
5599.7646   11.0253   -0.1882
5599.4217   11.0064   -0.3596
5599.8811   11.0131   -0.2989
5600.3423   11.0284   -0.1596
5598.6841   11.0272   -0.1706
5598.1994   11.0252   -0.1888
5598.8153   11.0143   -0.2875
5593.5297   11.0772    0.2814
5594.0867   11.0683    0.2009
5594.3018   11.1154    0.6279
5594.4667   11.2003    1.3962
5594.8746   11.0078   -0.3469
5594.6596   11.0997    0.4853
5595.2431   11.1831    1.2403
5595.1854   10.9978   -0.4372
5595.3128   11.0354   -0.0963
5595.7707   10.9863   -0.5415
5596.1591   11.0606    0.1311
5596.2501   11.0107   -0.3202
5596.7463   11.0134   -0.2954
5596.3647   11.0366   -0.0862
5596.5015   10.9954   -0.4592
5596.9619   11.0189   -0.2463
5595.8422   11.0748    0.2603
5596.4410   10.9759   -0.6350
5596.6631   11.0493    0.0287
5596.8433   11.0407   -0.0490
5597.2642   11.0109   -0.3181
5597.0444   11.0423   -0.0339
5597.6470   11.1391    0.8418
5595.6402   11.0219   -0.2193
5595.4630   11.0435   -0.0234
5596.0610   10.9678   -0.7084
5597.1990   11.0275   -0.1685
5597.2756   11.0128   -0.3010
5597.7981   11.0029   -0.3911
5598.2796   11.0086   -0.3395
5598.3294   11.0008   -0.4100
5598.8645   11.0074   -0.3506
5598.3968   10.9925   -0.4853
5598.4809   10.9896   -0.5117
5598.9898   10.9982   -0.4334
5599.3743   11.0094   -0.3319
5599.4054   11.0083   -0.3418
5599.9398   11.0115   -0.3133
5600.4561   11.0325   -0.1226
5600.4695   11.0267   -0.1756
5600.9896   11.0405   -0.0504
5600.4952   11.0162   -0.2709
5600.5328   11.0165   -0.2675
5601.0356   11.0262   -0.1801
5599.5809   11.0098   -0.3289
5599.6641   11.0118   -0.3102
5600.1554   11.0205   -0.2320
5600.5835   11.0141   -0.2891
5600.6446   11.0188   -0.2471
5601.1268   11.0237   -0.2030
5600.7173   11.0286   -0.1582
5600.8007   11.0347   -0.1030
5601.2614   11.0432   -0.0261
5599.5067   11.0073   -0.3512
5599.4479   11.0107   -0.3200
5600.0227   11.0140   -0.2908
5598.2747   10.9400   -0.9604
5598.8692   10.8750   -1.5488
5599.1283   10.9603   -0.7762
5599.2855   10.9698   -0.6910
5599.7096   10.9998   -0.4189
5599.4565   10.8981   -1.3401
5600.0314   10.9915   -0.4945
5600.0122   11.0139   -0.2916
5600.1427   11.0192   -0.2436
5600.5750   11.0217   -0.2206
5600.9032   11.0328   -0.1206
5601.0078   11.0292   -0.1532
5601.4369   11.0436   -0.0221
5601.1226   11.0293   -0.1523
5601.2460   11.0276   -0.1672
5601.6498   11.0327   -0.1214
5600.5984   10.9588   -0.7898
5601.1425   10.9471   -0.8960
5601.3805   11.0062   -0.3610
5601.5206   11.0070   -0.3538
5601.8963   11.0552    0.0830
5601.6685   11.0385   -0.0690
5602.1714   11.1158    0.6308
5600.4350   10.9816   -0.5840
5600.2825   11.0012   -0.4064
5600.8411   11.0044   -0.3773
5598.0736   10.9749   -0.6442
5597.8900   11.0133   -0.2967
5597.7262   11.0111   -0.3169
5598.5134   10.9428   -0.9352
5598.9621   11.0065   -0.3585
5597.5799   10.9896   -0.5112
5597.4570   10.9803   -0.5953
5597.3552   11.0004   -0.4138
5597.9651   10.9885   -0.5212
5598.5703   10.9878   -0.5274
5599.4217   11.0019   -0.3999
5599.8811   11.0102   -0.3247
5599.1755   10.9960   -0.4530
5599.7646   11.0095   -0.3316
5600.3423   11.0239   -0.2011
5598.8153   10.9963   -0.4511
5598.1994   10.9964   -0.4499
5598.6841   10.9890   -0.5171
5593.2478   11.1740    1.1585
5593.0020   11.1431    0.8780
5592.7950   11.1343    0.7988
5593.6406   11.1182    0.6529
5594.0627   11.0427   -0.0303
5592.6260   11.0322   -0.1254
5592.4995   11.0422   -0.0348
5592.4142   10.9923   -0.4871
5592.3710   10.9319   -1.0333
5592.9777   11.0049   -0.3728
5593.5693   11.0129   -0.3002
5593.4852   11.0397   -0.0577
5594.5178   11.0344   -0.1053
5594.9924   11.0868    0.3685
5594.1937   11.0475    0.0129
5594.8325   11.0471    0.0095
5594.7075   11.0199   -0.2372
5595.4901   11.1016    0.5025
5596.0056   11.0490    0.0263
5593.8627   11.0855    0.3572
5593.2297   11.0450   -0.0101
5593.6977   11.0572    0.1009
5592.3710   10.9741   -0.6517
5592.4142   10.9963   -0.4510
5592.4995   10.9710   -0.6794
5592.6260   10.9767   -0.6285
5592.9777   10.9795   -0.6024
5593.4852   11.0421   -0.0359
5593.5693   11.0657    0.1777
5592.7950   11.0086   -0.3395
5593.0020   10.9318   -1.0350
5593.2478   10.9295   -1.0551
5593.6406   11.0191   -0.2439
5594.0627   11.0068   -0.3560
5594.1937   11.0490    0.0263
5594.7075   11.0120   -0.3082
5594.8325   11.0294   -0.1507
5594.5178   11.0033   -0.3869
5594.9924   11.0516    0.0500
5595.4901   11.0666    0.1862
5596.0056   11.0650    0.1716
5593.6977   11.0584    0.1113
5593.2297   10.9731   -0.6610
5593.8627   10.9531   -0.8418
5596.5647   11.0604    0.1293
5597.1090   11.0404   -0.0512
5596.4407   11.0319   -0.1282
5597.0485   11.0201   -0.2351
5597.0181   11.0204   -0.2321
5597.6638   11.0066   -0.3575
5598.2228   11.0021   -0.3982
5596.4407   11.1013    0.4995
5597.0181   11.0321   -0.1268
5597.0485   11.0155   -0.2770
5596.5647   11.0558    0.0880
5597.1090   11.0250   -0.1909
5597.6638   11.0129   -0.3003
5598.2228   11.0145   -0.2859
5598.7913   11.0032   -0.3880
5599.3514   11.0114   -0.3144
5598.7913   11.0090   -0.3360
5599.3514   11.0143   -0.2876
5599.9084   11.0201   -0.2350
5598.1980   11.0036   -0.3843
5597.6047   11.0126   -0.3032
5598.1980   11.0115   -0.3132
5595.9095   11.1093    0.5719
5595.2649   11.1077    0.5582
5594.6384   10.9789   -0.6082
5595.8449   11.0791    0.2985
5595.8125   11.0452   -0.0079
5594.0250   11.0940    0.4337
5593.4442   11.0003   -0.4143
5592.8907   10.9248   -1.0980
5593.4442   10.9822   -0.5779
5594.0250   11.0803    0.3098
5595.8125   11.0766    0.2759
5595.8449   11.0596    0.1224
5594.6384   11.0558    0.0884
5595.2649   10.9995   -0.4218
5595.9095   11.0420   -0.0374
5595.1975   11.0666    0.1860
5594.5993   11.0598    0.1239
5594.5993   10.9770   -0.6254
5588.4464   11.0267   -0.1756
5588.5216   10.9887   -0.5197
5588.6377   10.9981   -0.4341
5588.5216   10.9877   -0.5287
5588.6377   11.0068   -0.3556
5588.7962   11.0233   -0.2066
5588.9930   11.0199   -0.2373
5589.2291   11.0268   -0.1741
5589.5024   11.0110   -0.3175
5589.1211   11.0336   -0.1128
5589.0670   11.0345   -0.1044
5589.2891   11.0127   -0.3021
5588.7962   11.0396   -0.0589
5588.9930   11.0646    0.1679
5589.0670   11.0655    0.1757
5589.1211   11.0136   -0.2942
5589.2891   11.0478    0.0158
5589.2291   11.0591    0.1179
5589.5024   11.0273   -0.1698
5588.7400   10.9979   -0.4361
5588.7400   11.0294   -0.1508
5588.8836   11.0441   -0.0176
5589.8276   10.9874   -0.5308
5590.1738   10.9837   -0.5652
5590.5540   11.0306   -0.1402
5590.9649   11.0220   -0.2178
5590.3668   11.0096   -0.3303
5590.2268   11.0229   -0.2097
5590.5979   11.0308   -0.1381
5591.4103   11.0048   -0.3739
5591.8782   10.9962   -0.4515
5592.3724   11.0092   -0.3337
5592.8882   11.0052   -0.3702
5592.1190   11.0072   -0.3522
5591.9057   11.0026   -0.3938
5592.3929   10.9983   -0.4329
5590.8696   11.0111   -0.3166
5590.7779   11.0711    0.2263
5591.1742   11.0313   -0.1335
5591.7317   10.9978   -0.4367
5591.6015   11.0232   -0.2076
5592.0558   11.0441   -0.0178
5591.5138   11.0462    0.0007
5591.4695   11.0602    0.1280
5591.8852   11.0504    0.0389
5591.0042   10.9976   -0.4393
5591.1850   11.0186   -0.2492
5591.4415   11.0188   -0.2467
5589.8276   10.9804   -0.5949
5590.1738   11.0286   -0.1586
5590.2268   11.0182   -0.2521
5590.3668   11.0116   -0.3119
5590.5979   11.0139   -0.2916
5590.5540   10.9921   -0.4884
5590.9649   11.0870    0.3708
5590.7779   10.9969   -0.4455
5590.8696   10.9945   -0.4670
5591.1742   11.0898    0.3958
5591.4695   11.0183   -0.2515
5591.5138   10.9796   -0.6016
5591.8852   10.9963   -0.4509
5591.6015   10.9875   -0.5304
5591.7317   11.0120   -0.3087
5592.0558   11.0226   -0.2129
5591.4103   11.0745    0.2569
5591.8782   10.9940   -0.4717
5591.9057   11.0630    0.1529
5592.1190   11.1020    0.5065
5592.3929   11.0533    0.0654
5592.3724   10.9598   -0.7813
5592.8882   10.9449   -0.9161
5591.1850   11.0545    0.0764
5591.0042   11.0053   -0.3692
5591.4415   11.0445   -0.0145
5589.6690   11.0450   -0.0095
5589.5624   11.0553    0.0837
5589.5089   11.0260   -0.1814
5589.8760   11.0537    0.0693
5590.1214   11.0145   -0.2857
5589.5089   10.9939   -0.4722
5589.5624   11.0090   -0.3355
5589.6690   11.0123   -0.3061
5589.8760   11.0161   -0.2713
5590.1214   11.0156   -0.2758
5590.4082   11.0318   -0.1295
5590.7277   11.0151   -0.2808
5590.4082   11.0199   -0.2372
5590.7277   11.0359   -0.0922
5591.0827   11.0287   -0.1570
5590.0701   11.0159   -0.2730
5589.7694   11.0026   -0.3935
5590.0701   11.0141   -0.2892
5593.5297   11.0202   -0.2346
5594.0867   11.0442   -0.0173
5594.6596   11.0727    0.2413
5595.2431   11.0876    0.3758
5594.4667   11.0777    0.2859
5594.3018   11.0932    0.4262
5594.8746   11.1056    0.5388
5595.8422   11.0662    0.1823
5596.4410   11.0690    0.2076
5597.0444   11.0670    0.1897
5597.6470   11.0677    0.1953
5596.8433   11.0943    0.4368
5596.6631   11.0743    0.2551
5597.2642   11.0979    0.4687
5595.3128   11.1364    0.8177
5595.1854   11.0983    0.4725
5595.7707   11.0818    0.3238
5596.5015   11.0794    0.3013
5596.3647   11.1002    0.4898
5596.9619   11.1410    0.8593
5596.2501   11.1026    0.5114
5596.1591   11.1138    0.6130
5596.7463   11.1809    1.2209
5595.4630   11.1297    0.7569
5595.6402   11.1335    0.7910
5596.0610   11.1350    0.8054
5598.2747   11.0546    0.0772
5598.8692   11.0500    0.0358
5599.4565   11.0197   -0.2389
5600.0314   11.0317   -0.1301
5599.2855   11.0342   -0.1080
5599.1283   11.0603    0.1284
5599.7096   11.0384   -0.0696
5600.5984   11.0299   -0.1466
5601.1425   11.0332   -0.1167
5601.6685   11.0083   -0.3419
5602.1714   10.9647   -0.7365
5601.5206   11.0230   -0.2089
5601.3805   11.0367   -0.0852
5601.8963   11.0034   -0.3863
5600.1427   11.0758    0.2687
5600.0122   11.0785    0.2939
5600.5750   11.1219    0.6867
5601.2460   11.0852    0.3540
5601.1226   11.0955    0.4475
5601.6498   11.0534    0.0665
5601.0078   11.1326    0.7833
5600.9032   11.1317    0.7751
5601.4369   11.1964    1.3612
5600.2825   11.0568    0.0967
5600.4350   11.0389   -0.0651
5600.8411   11.0430   -0.0275
5597.2756   11.1509    0.9493
5597.1990   11.0634    0.1564
5597.7981   11.1233    0.6990
5598.4809   11.1517    0.9562
5598.3968   11.1430    0.8776
5598.9898   11.0936    0.4304
5598.3294   11.1358    0.8118
5598.2796   11.1055    0.5380
5598.8645   11.0457   -0.0037
5599.6641   11.1625    1.0544
5599.5809   11.1453    0.8985
5600.1554   11.1670    1.0950
5600.8007   11.1638    1.0655
5600.7173   11.1508    0.9482
5601.2614   11.1449    0.8949
5600.6446   11.0845    0.3476
5600.5835   11.0618    0.1423
5601.1268   11.0664    0.1836
5599.4054   11.0210   -0.2269
5599.3743   11.0466    0.0045
5599.9398   11.0607    0.1319
5600.5328   11.0642    0.1640
5600.4952   11.0739    0.2523
5601.0356   11.0285   -0.1595
5600.4695   11.0602    0.1277
5600.4561   11.1057    0.5400
5600.9896   11.0478    0.0157
5599.4479   11.0745    0.2569
5599.5067   11.1166    0.6387
5600.0227   11.0724    0.2382
5597.3552   11.2069    1.4557
5597.4570   11.1805    1.2171
5597.5799   11.1113    0.5906
5597.9651   11.1381    0.8330
5598.5703   11.1428    0.8754
5597.7262   11.0688    0.2058
5597.8900   11.0895    0.3933
5598.0736   11.0425   -0.0326
5598.5134   11.0878    0.3781
5598.9621   11.0828    0.3328
5599.1755   11.1561    0.9959
5599.7646   11.1797    1.2098
5599.4217   11.1181    0.6519
5599.8811   11.1405    0.8545
5600.3423   11.1782    1.1965
5598.6841   11.1104    0.5819
5598.1994   11.1306    0.7650
5598.8153   11.1544    0.9802
5593.5297   10.9477   -0.8903
5594.0867   11.0326   -0.1222
5594.3018   11.0510    0.0444
5594.4667   11.0543    0.0740
5594.8746   11.0077   -0.3470
5594.6596   11.0354   -0.0968
5595.2431   11.0184   -0.2507
5595.1854   10.9819   -0.5814
5595.3128   11.0048   -0.3741
5595.7707   10.9887   -0.5191
5596.1591   10.9626   -0.7557
5596.2501   11.0288   -0.1561
5596.7463   10.9696   -0.6924
5596.3647   10.9971   -0.4436
5596.5015   11.0434   -0.0239
5596.9619   11.0206   -0.2306
5595.8422   11.0107   -0.3202
5596.4410   10.9996   -0.4208
5596.6631   10.9769   -0.6263
5596.8433   11.0033   -0.3876
5597.2642   11.0114   -0.3136
5597.0444   10.9893   -0.5139
5597.6470   10.9794   -0.6037
5595.6402   11.0120   -0.3085
5595.4630   10.9906   -0.5024
5596.0610   11.0015   -0.4034
5597.1990   11.0505    0.0397
5597.2756   11.0101   -0.3258
5597.7981   11.1012    0.4991
5598.2796   11.0540    0.0721
5598.3294   11.0299   -0.1461
5598.8645   10.9659   -0.7259
5598.3968   11.0278   -0.1651
5598.4809   11.0881    0.3802
5598.9898   11.0381   -0.0725
5599.3743   11.0215   -0.2226
5599.4054   11.0251   -0.1895
5599.9398   11.1156    0.6298
5600.4561   11.0427   -0.0307
5600.4695   11.0286   -0.1583
5600.9896   11.0748    0.2603
5600.4952   11.0601    0.1266
5600.5328   11.0333   -0.1155
5601.0356   11.0246   -0.1942
5599.5809   11.1042    0.5264
5599.6641   11.1064    0.5460
5600.1554   11.0948    0.4411
5600.5835   11.0020   -0.3988
5600.6446   11.0888    0.3864
5601.1268   11.0296   -0.1494
5600.7173   11.0253   -0.1882
5600.8007   11.0717    0.2317
5601.2614   11.0423   -0.0341
5599.5067   11.0494    0.0302
5599.4479   11.0426   -0.0316
5600.0227   10.9883   -0.5232
5598.2747   10.9865   -0.5394
5598.8692   11.0002   -0.4150
5599.1283   11.0311   -0.1356
5599.2855   11.0219   -0.2191
5599.7096   11.0434   -0.0246
5599.4565   11.0193   -0.2422
5600.0314   11.0410   -0.0463
5600.0122   11.0468    0.0064
5600.1427   11.0507    0.0418
5600.5750   11.0640    0.1623
5600.9032   11.0813    0.3184
5601.0078   11.0773    0.2828
5601.4369   11.0736    0.2496
5601.1226   11.0782    0.2905
5601.2460   11.0765    0.2758
5601.6498   11.0798    0.3053
5600.5984   11.0613    0.1375
5601.1425   11.0782    0.2908
5601.3805   11.0790    0.2976
5601.5206   11.0913    0.4092
5601.8963   11.0908    0.4052
5601.6685   11.1013    0.4998
5602.1714   11.1169    0.6407
5600.4350   11.0604    0.1297
5600.2825   11.0547    0.0777
5600.8411   11.0688    0.2061
5598.0736   10.9991   -0.4249
5597.8900   11.0159   -0.2728
5597.7262   11.0380   -0.0736
5598.5134   11.0173   -0.2610
5598.9621   11.0391   -0.0634
5597.5799   11.0653    0.1742
5597.4570   11.0658    0.1785
5597.3552   11.0303   -0.1429
5597.9651   11.1459    0.9037
5598.5703   11.1413    0.8619
5599.4217   11.0278   -0.1656
5599.8811   11.0280   -0.1641
5599.1755   11.0843    0.3457
5599.7646   10.9923   -0.4873
5600.3423   11.0106   -0.3211
5598.8153   11.0326   -0.1223
5598.1994   11.0609    0.1345
5598.6841   11.0282   -0.1621
5593.2478   11.0525    0.0583
5593.0020   11.0483    0.0202
5592.7950   11.0547    0.0783
5593.6406   11.1058    0.5410
5594.0627   11.0284   -0.1604
5592.6260   11.0580    0.1077
5592.4995   11.0457   -0.0034
5592.4142   10.9800   -0.5981
5592.3710   10.9930   -0.4804
5592.9777   11.0029   -0.3907
5593.5693   10.9935   -0.4760
5593.4852   11.0148   -0.2830
5594.5178   10.9834   -0.5672
5594.9924   10.9973   -0.4415
5594.1937   11.0299   -0.1467
5594.8325   11.0660    0.1803
5594.7075   11.0504    0.0394
5595.4901   11.0220   -0.2181
5596.0056   11.1050    0.5336
5593.8627   10.9925   -0.4848
5593.2297   11.0427   -0.0308
5593.6977   11.0231   -0.2080
5592.3710   11.0403   -0.0520
5592.4142   11.0330   -0.1180
5592.4995   11.0208   -0.2285
5592.6260   11.0076   -0.3479
5592.9777   11.0270   -0.1726
5593.4852   11.0103   -0.3243
5593.5693   11.0141   -0.2896
5592.7950   10.9790   -0.6073
5593.0020   10.9902   -0.5059
5593.2478   11.0332   -0.1170
5593.6406   11.0313   -0.1335
5594.0627   11.0447   -0.0123
5594.1937   11.0237   -0.2023
5594.7075   11.0413   -0.0437
5594.8325   11.0575    0.1034
5594.5178   11.0396   -0.0587
5594.9924   11.0617    0.1412
5595.4901   11.0862    0.3636
5596.0056   11.1062    0.5447
5593.6977   11.0180   -0.2544
5593.2297   10.9930   -0.4808
5593.8627   11.0002   -0.4151
5596.5647   11.0778    0.2874
5597.1090   11.0720    0.2347
5596.4407   11.0427   -0.0304
5597.0485   11.0985    0.4746
5597.0181   10.9621   -0.7604
5597.6638   11.0399   -0.0556
5598.2228   11.0705    0.2210
5596.4407   11.0706    0.2219
5597.0181   11.0733    0.2463
5597.0485   11.0654    0.1748
5596.5647   11.1076    0.5574
5597.1090   11.0352   -0.0982
5597.6638   11.1078    0.5584
5598.2228   11.1028    0.5137
5598.7913   11.0048   -0.3738
5599.3514   11.0813    0.3190
5598.7913   11.0896    0.3940
5599.3514   11.1091    0.5705
5599.9084   11.1568    1.0026
5598.1980   11.0157   -0.2754
5597.6047   11.0488    0.0243
5598.1980   11.0506    0.0409
5595.9095   10.9608   -0.7720
5595.2649   10.9827   -0.5741
5594.6384   11.0457   -0.0035
5595.8449   11.0992    0.4808
5595.8125   11.0836    0.3399
5594.0250   11.0225   -0.2139
5593.4442   10.9886   -0.5203
5592.8907   11.0242   -0.1985
5593.4442   11.0453   -0.0067
5594.0250   11.0288   -0.1565
5595.8125   11.0470    0.0085
5595.8449   11.0659    0.1791
5594.6384   11.0130   -0.2991
5595.2649   11.0813    0.3185
5595.9095   11.1097    0.5764
5595.1975   11.0883    0.3820
5594.5993   11.0642    0.1638
5594.5993   11.0168   -0.2654
5602.7024   11.0626    0.1492
5602.5664   11.0589    0.1161
5602.4359   11.0484    0.0211
5602.3117   11.0399   -0.0562
5602.9465   11.0256   -0.1855
5603.4232   11.0268   -0.1746
5603.3085   11.0103   -0.3237
5602.1941   11.0368   -0.0839
5602.0842   11.0429   -0.0288
5601.9824   11.0398   -0.0569
5601.8891   11.0413   -0.0431
5602.5039   11.0470    0.0082
5602.9963   11.0306   -0.1401
5602.9051   11.0246   -0.1947
5603.6547   11.0215   -0.2227
5604.0690   11.0429   -0.0285
5603.9769   11.0474    0.0123
5603.4610   11.0270   -0.1724
5603.8875   11.0394   -0.0609
5603.8013   11.0434   -0.0242
5604.2775   11.0513    0.0473
5604.6273   11.0501    0.0364
5604.5540   11.0541    0.0722
5603.2006   11.0076   -0.3484
5602.7121   11.0473    0.0112
5603.0963   11.0176   -0.2579
5601.8046   11.0243   -0.1971
5601.7301   11.0224   -0.2140
5601.6653   11.0414   -0.0428
5601.6107   11.0473    0.0109
5602.1838   11.0270   -0.1728
5602.6774   11.0269   -0.1733
5602.6187   11.0195   -0.2403
5601.5666   10.9810   -0.5893
5601.5331   11.0034   -0.3866
5601.5103   11.0218   -0.2200
5601.4984   11.0404   -0.0516
5602.0144   11.0632    0.1552
5602.4971   10.9905   -0.5031
5602.4754   11.0884    0.3834
5603.0371   11.0191   -0.2440
5603.4713   11.0369   -0.0834
5603.4292   11.0427   -0.0304
5602.9602   11.0413   -0.0435
5603.3930   11.0564    0.0932
5603.3630   11.0292   -0.1529
5603.7976   11.0576    0.1040
5604.1701   11.0704    0.2204
5604.1391   11.0394   -0.0608
5602.5710   11.0235   -0.2044
5602.0792   11.0197   -0.2386
5602.5305   11.0258   -0.1838
5604.8157   11.0581    0.1092
5605.0876   11.0552    0.0823
5605.0404   11.0546    0.0768
5604.7101   11.0651    0.1719
5604.9940   11.0441   -0.0181
5604.9488   11.0447   -0.0128
5605.2383   11.0443   -0.0158
5605.4407   11.0320   -0.1274
5605.4079   11.0356   -0.0949
5604.6111   11.0952    0.4445
5604.9050   11.0762    0.2727
5604.8628   11.0780    0.2894
5604.5206   11.0888    0.3869
5604.8226   11.1155    0.6289
5604.7844   11.0720    0.2344
5605.0875   11.1107    0.5853
5605.3128   11.0660    0.1800
5605.2831   11.1074    0.5547
5605.5501   11.0239   -0.2005
5605.6800   11.0802    0.3087
5605.6614   11.0497    0.0328
5605.4992   11.0628    0.1515
5605.6422   11.0616    0.1404
5605.6225   11.1160    0.6333
5605.7431   11.0742    0.2550
5605.8008   11.0709    0.2243
5605.7944   11.0715    0.2300
5605.3764   11.0556    0.0864
5605.1606   11.0530    0.0630
5605.3447   11.0530    0.0625
5604.4929   11.0585    0.1123
5604.1295   11.0574    0.1023
5603.7292   11.0470    0.0086
5604.4334   11.0623    0.1467
5604.3759   11.0730    0.2433
5603.2901   11.0375   -0.0772
5602.8229   11.0295   -0.1505
5602.3260   11.0360   -0.0916
5602.7468   11.0381   -0.0718
5603.1475   11.0370   -0.0818
5604.3204   11.0939    0.4330
5604.2675   11.0719    0.2338
5603.5306   11.0464    0.0027
5603.8863   11.0533    0.0650
5604.2174   11.0651    0.1718
5604.0024   11.0693    0.2100
5603.6579   11.0521    0.0547
5603.5915   11.0567    0.0962
5601.4984   11.0556    0.0858
5601.5103   11.0638    0.1604
5601.5331   11.0762    0.2722
5601.5666   10.9974   -0.4406
5602.0144   11.0291   -0.1533
5602.4754   11.0707    0.2232
5602.4971   11.0519    0.0531
5601.6107   10.9873   -0.5319
5601.6653   11.0001   -0.4165
5601.7301   11.0325   -0.1234
5601.8046   11.0543    0.0745
5602.1838   11.0009   -0.4093
5602.6187   10.9745   -0.6481
5602.6774   10.9870   -0.5350
5602.9602   11.0199   -0.2369
5603.3630   11.0562    0.0920
5603.3930   11.0136   -0.2943
5603.0371   10.9792   -0.6055
5603.4292   10.9795   -0.6026
5603.4713   11.0368   -0.0842
5603.7976   11.0134   -0.2963
5604.1391   11.0657    0.1774
5604.1701   10.9786   -0.6107
5602.5305   11.0162   -0.2709
5602.0792   10.9943   -0.4692
5602.5710   10.9599   -0.7806
5601.8891   11.0183   -0.2516
5601.9824   11.0300   -0.1459
5602.0842   10.9881   -0.5246
5602.1941   10.9727   -0.6639
5602.5039   10.9813   -0.5864
5602.9051   10.9786   -0.6107
5602.9963   10.9876   -0.5299
5602.3117   10.9583   -0.7947
5602.4359   10.9880   -0.5261
5602.5664   11.0329   -0.1195
5602.7024   11.0522    0.0557
5602.9465   11.0042   -0.3790
5603.3085   10.9857   -0.5470
5603.4232   10.9737   -0.6556
5603.4610   10.9914   -0.4951
5603.8013   11.0084   -0.3414
5603.8875   11.0122   -0.3069
5603.6547   11.0004   -0.4139
5603.9769   11.0346   -0.1043
5604.0690   11.0198   -0.2378
5604.2775   11.0503    0.0383
5604.5540   11.0870    0.3706
5604.6273   11.0535    0.0671
5603.0963   10.9760   -0.6344
5602.7121   10.9509   -0.8615
5603.2006   10.9969   -0.4449
5604.5206   11.0429   -0.0291
5604.7844   11.0650    0.1717
5604.8226   11.0304   -0.1417
5604.6111   11.0414   -0.0427
5604.8628   11.0459   -0.0012
5604.9050   11.0437   -0.0218
5605.0875   11.0352   -0.0985
5605.2831   11.0254   -0.1868
5605.3128   11.0550    0.0806
5604.7101   11.0845    0.3478
5604.9488   11.0938    0.4316
5604.9940   11.0899    0.3971
5604.8157   11.0946    0.4396
5605.0404   11.1141    0.6155
5605.0876   11.1173    0.6448
5605.2383   11.0931    0.4253
5605.4079   11.1020    0.5062
5605.4407   11.1046    0.5300
5605.4992   11.0644    0.1656
5605.6225   11.0466    0.0048
5605.6422   11.0534    0.0663
5605.5501   11.0774    0.2834
5605.6614   11.0643    0.1645
5605.6800   11.0724    0.2380
5605.7431   11.0337   -0.1119
5605.7944   11.0096   -0.3302
5605.8008   11.0412   -0.0442
5605.3447   11.0781    0.2901
5605.1606   11.0724    0.2380
5605.3764   11.0988    0.4772
5604.2174   11.0230   -0.2093
5603.8863   11.0066   -0.3574
5603.5306   11.0202   -0.2340
5604.2675   11.0776    0.2857
5604.3204   11.0793    0.3010
5603.1475   11.0013   -0.4050
5602.7468   10.9858   -0.5459
5602.3260   10.9981   -0.4346
5602.8229   10.9989   -0.4275
5603.2901   10.9858   -0.5457
5604.3759   11.0750    0.2619
5604.4334   11.0532    0.0648
5603.7292   11.0182   -0.2521
5604.1295   11.0349   -0.1011
5604.4929   11.0596    0.1222
5604.0024   11.0355   -0.0955
5603.5915   11.0232   -0.2074
5603.6579   11.0113   -0.3153
5605.8160   11.0684    0.2018
5605.8008   11.0909    0.4053
5605.8008   11.0805    0.3113
5605.8160   11.0484    0.0212
5605.8008   11.0500    0.0353
5605.8008   11.0587    0.1140
5605.7553   11.0710    0.2258
5605.6800   11.0915    0.4111
5605.6800   11.0573    0.1013
5605.8160   11.0410   -0.0457
5605.8008   11.0401   -0.0541
5605.8008   11.0457   -0.0039
5605.8160   11.0777    0.2862
5605.8008   11.0424   -0.0333
5605.8008   11.0500    0.0354
5605.7553   11.0382   -0.0713
5605.6798   11.0423   -0.0343
5605.6798   11.0367   -0.0850
5605.5737   11.0486    0.0225
5605.4407   11.0650    0.1709
5605.4396   11.0733    0.2469
5605.5736   11.0530    0.0630
5605.4395   11.0477    0.0145
5605.4403   11.0281   -0.1630
5605.2769   11.0682    0.2006
5605.0876   11.0489    0.0259
5605.0872   11.0508    0.0431
5605.6794   11.0552    0.0822
5605.7553   11.0490    0.0268
5605.6793   11.0532    0.0643
5605.8160   11.0642    0.1642
5605.8008   11.0652    0.1730
5605.8008   11.0087   -0.3380
5605.8160   11.0437   -0.0215
5605.8008   11.0323   -0.1249
5605.8008   11.0310   -0.1369
5605.7553   11.0042   -0.3793
5605.6798   10.9935   -0.4764
5605.6798   10.9889   -0.5174
5605.8160   11.0347   -0.1033
5605.8008   11.0402   -0.0535
5605.8008   11.0431   -0.0270
5605.8160   11.0342   -0.1072
5605.8008   11.0487    0.0233
5605.8008   11.0336   -0.1128
5605.7553   11.0426   -0.0319
5605.6800   11.0316   -0.1312
5605.6800   11.0342   -0.1071
5605.5736   10.9967   -0.4470
5605.4403   10.9812   -0.5870
5605.4395   11.0132   -0.2975
5605.5737   11.0277   -0.1666
5605.4396   11.0171   -0.2624
5605.4407   11.0278   -0.1659
5605.2769   11.0270   -0.1725
5605.0872   11.0309   -0.1370
5605.0876   11.0356   -0.0946
5605.6793   11.0058   -0.3650
5605.7553   11.0269   -0.1734
5605.6794   11.0209   -0.2278
5604.8594   11.0038   -0.3824
5604.6273   11.0308   -0.1386
5604.6168   11.0123   -0.3061
5604.8469   11.0307   -0.1389
5604.6098   11.0346   -0.1038
5604.6062   11.0249   -0.1916
5604.3496   11.0450   -0.0096
5604.0690   11.0030   -0.3902
5604.0604   11.0172   -0.2614
5604.8469   11.0019   -0.3999
5604.6062   11.0003   -0.4147
5604.6098   10.9892   -0.5150
5604.8594   11.0158   -0.2738
5604.6168   10.9826   -0.5747
5604.6273   11.0160   -0.2726
5604.3496   11.0073   -0.3515
5604.0604   11.0054   -0.3682
5604.0690   11.0055   -0.3672
5603.7460   10.9960   -0.4530
5603.4232   11.0045   -0.3766
5603.4158   11.0071   -0.3527
5603.7460   10.9965   -0.4491
5603.4158   11.0094   -0.3317
5603.4232   11.0117   -0.3113
5603.0668   11.0354   -0.0963
5602.7024   11.0080   -0.3447
5602.7024   11.0205   -0.2313
5604.0541   11.0089   -0.3362
5604.3417   11.0325   -0.1230
5604.0541   11.0038   -0.3823
5605.0790   11.0241   -0.1989
5605.2719   11.0059   -0.3635
5605.4363   11.0445   -0.0147
5605.0735   11.0296   -0.1489
5605.0707   11.0426   -0.0316
5605.5734   11.0156   -0.2763
5605.6792   11.0044   -0.3774
5605.7552   11.0108   -0.3191
5605.6792   11.0034   -0.3866
5605.5734   10.9930   -0.4804
5605.0707   11.0228   -0.2104
5605.0735   11.0091   -0.3351
5605.4363   10.9893   -0.5142
5605.2719   11.0001   -0.4161
5605.0790   10.9921   -0.4885
5605.2672   11.0121   -0.3079
5605.4353   11.0244   -0.1966
5605.4353   10.9907   -0.5011
5605.7944   11.0566    0.0952
5605.7296   11.0380   -0.0730
5605.6225   11.1072    0.5533
5605.7944   11.0479    0.0169
5605.7944   11.0630    0.1528
5605.4715   11.1155    0.6283
5605.2814   11.0963    0.4544
5605.0513   11.0993    0.4816
5604.7838   11.0878    0.3779
5605.2811   11.1093    0.5719
5605.4712   11.0950    0.4425
5605.2822   11.1006    0.4937
5605.7944   11.0655    0.1756
5605.7944   11.0747    0.2592
5605.6221   11.1264    0.7269
5605.7295   11.1048    0.5320
5605.6221   11.1245    0.7100
5605.7944   11.0945    0.4386
5605.7944   11.1153    0.6267
5605.7295   11.0473    0.0113
5605.6215   11.0872    0.3718
5605.6214   11.0918    0.4141
5604.4634   11.0760    0.2706
5604.1238   11.0809    0.3157
5603.7515   11.0611    0.1364
5603.3505   11.0687    0.2051
5604.1136   11.0822    0.3272
5604.4452   11.0844    0.3469
5604.1085   11.0716    0.2309
5602.9171   11.1129    0.6054
5602.4648   11.0691    0.2084
5601.9901   11.0809    0.3153
5602.4648   11.0747    0.2592
5602.9171   11.0889    0.3873
5604.1085   11.0765    0.2751
5604.4452   11.0899    0.3964
5604.1136   11.0725    0.2391
5603.3505   11.0735    0.2481
5603.7515   11.0851    0.3536
5604.1238   11.0542    0.0731
5604.4634   11.0549    0.0796
5603.7400   11.0820    0.3250
5603.3414   11.1299    0.7587
5603.3414   11.0690    0.2073
5605.7944   11.0837    0.3406
5605.7944   11.0609    0.1342
5605.6221   11.0632    0.1548
5605.7295   11.0397   -0.0575
5605.6221   11.0413   -0.0436
5605.7944   11.0578    0.1060
5605.7944   11.0249   -0.1920
5605.2822   10.9948   -0.4639
5605.4712   10.9698   -0.6909
5605.2811   11.0116   -0.3118
5604.7838   11.0343   -0.1062
5605.0513   10.9852   -0.5513
5605.2814   10.9894   -0.5127
5605.4715   11.0262   -0.1803
5605.7944   11.0304   -0.1421
5605.7944   11.0305   -0.1410
5605.6225   11.0311   -0.1356
5605.7296   11.0257   -0.1842
5605.7944   11.0281   -0.1628
5605.7295   11.0241   -0.1986
5605.6214   11.0117   -0.3114
5605.6215   11.0106   -0.3208
5605.7294   11.1096    0.5753
5605.6212   11.0701    0.2176
5605.4709   11.0645    0.1669
5605.6212   11.0580    0.1076
5605.4709   11.0534    0.0661
5605.2764   11.0895    0.3933
5605.0439   11.0945    0.4384
5604.7719   11.0793    0.3006
5604.7638   11.1033    0.5177
5604.7598   11.1021    0.5067
5605.2764   11.0454   -0.0060
5605.0439   11.0400   -0.0549
5604.7598   11.0851    0.3534
5604.7638   11.0587    0.1139
5604.7719   11.0495    0.0307
5605.2749   11.0319   -0.1279
5605.2749   11.0700    0.2166
5605.0369   11.0827    0.3311
5602.7024   11.0661    0.1815
5602.5664   11.0500    0.0357
5603.4232   11.0241   -0.1987
5602.9465   11.0263   -0.1791
5603.3085   11.0214   -0.2230
5602.4359   11.0322   -0.1255
5602.3117   11.0091   -0.3351
5604.0690   11.0197   -0.2391
5603.6547   11.0089   -0.3366
5603.9769   10.9949   -0.4630
5604.6273   11.0208   -0.2292
5604.2775   11.0039   -0.3814
5604.5540   11.0097   -0.3291
5603.8875   10.9752   -0.6415
5603.4610   11.0001   -0.4161
5603.8013   11.0064   -0.3595
5602.1941   11.0074   -0.3499
5602.0842   11.0019   -0.4000
5602.9963   11.0207   -0.2301
5602.5039   11.0300   -0.1453
5602.9051   11.0310   -0.1367
5601.9824   11.0142   -0.2884
5601.8891   11.0038   -0.3829
5602.7121   10.9908   -0.5006
5603.2006   10.9975   -0.4395
5603.0963   10.9912   -0.4965
5605.0876   11.0094   -0.3323
5604.8157   11.0234   -0.2053
5605.0404   10.9936   -0.4748
5605.4407   10.9710   -0.6795
5605.2383   10.9782   -0.6141
5605.4079   10.9730   -0.6615
5604.9940   10.9939   -0.4722
5604.7101   11.0253   -0.1878
5604.9488   11.0142   -0.2882
5605.6800   11.0138   -0.2925
5605.5501   10.9941   -0.4709
5605.6614   11.0543    0.0742
5605.8008   11.0205   -0.2312
5605.7431   11.0405   -0.0501
5605.7944   11.0539    0.0709
5605.6422   10.9902   -0.5060
5605.4992   11.0120   -0.3085
5605.6225   11.0590    0.1174
5604.9050   11.0364   -0.0879
5604.6111   11.0555    0.0853
5604.8628   11.0474    0.0122
5605.3128   11.0461    0.0004
5605.0875   11.0482    0.0191
5605.2831   11.0632    0.1548
5604.8226   11.0576    0.1041
5604.5206   11.0669    0.1884
5604.7844   11.0557    0.0867
5605.1606   11.0182   -0.2523
5605.3764   11.0074   -0.3499
5605.3447   11.0195   -0.2402
5601.8046   10.9987   -0.4289
5601.7301   11.0158   -0.2738
5602.6774   11.0426   -0.0313
5602.1838   11.0292   -0.1526
5602.6187   11.0535    0.0674
5601.6653   11.0285   -0.1590
5601.6107   11.0389   -0.0646
5603.4713   11.0785    0.2932
5603.0371   11.0636    0.1582
5603.4292   11.0629    0.1523
5604.1701   11.0704    0.2202
5603.7976   11.0573    0.1019
5604.1391   11.0604    0.1294
5603.3930   11.0543    0.0748
5602.9602   11.0442   -0.0170
5603.3630   11.0241   -0.1990
5601.5666   11.0364   -0.0879
5601.5331   11.0354   -0.0968
5602.4971   11.0396   -0.0587
5602.0144   11.0316   -0.1312
5602.4754   11.0453   -0.0072
5601.5103   11.0451   -0.0091
5601.4984   11.0803    0.3098
5602.0792   11.0272   -0.1713
5602.5710   11.0465    0.0041
5602.5305   11.0418   -0.0390
5602.3260   11.0322   -0.1258
5602.8229   11.0441   -0.0181
5603.2901   11.0408   -0.0474
5602.7468   11.0343   -0.1065
5603.1475   11.0634    0.1565
5603.7292   11.0425   -0.0324
5604.1295   11.0308   -0.1385
5604.4929   11.0196   -0.2397
5604.4334   11.0292   -0.1531
5604.3759   11.0433   -0.0255
5603.5306   11.0856    0.3578
5603.8863   11.0756    0.2672
5604.3204   11.0581    0.1086
5604.2675   11.0646    0.1673
5604.2174   11.0690    0.2079
5603.5915   11.0610    0.1349
5603.6579   11.0471    0.0095
5604.0024   11.0525    0.0581
5605.8008   11.0074   -0.3502
5605.8160   11.0366   -0.0858
5605.8008   11.0036   -0.3841
5605.6800   10.9841   -0.5613
5605.7553   10.9883   -0.5232
5605.6800   10.9681   -0.7060
5605.8008   11.0029   -0.3906
5605.8160   11.0230   -0.2089
5605.8008   11.0076   -0.3480
5605.4407   11.0111   -0.3170
5605.5737   10.9901   -0.5064
5605.4396   11.0203   -0.2332
5605.0876   11.0544    0.0757
5605.2769   11.0407   -0.0489
5605.0872   11.0661    0.1813
5605.4395   11.0334   -0.1144
5605.5736   11.0243   -0.1968
5605.4403   11.0663    0.1829
5605.8008   11.0101   -0.3253
5605.8160   11.0320   -0.1271
5605.8008   11.0137   -0.2935
5605.6798   11.0313   -0.1339
5605.7553   11.0288   -0.1568
5605.6798   11.0476    0.0137
5605.8008   11.0239   -0.2010
5605.8160   11.0250   -0.1905
5605.8008   11.0461   -0.0002
5605.7553   10.9975   -0.4400
5605.6794   10.9774   -0.6216
5605.6793   10.9976   -0.4385
5604.6273   11.0720    0.2347
5604.8594   11.0810    0.3158
5604.6168   11.0882    0.3815
5604.0690   11.1049    0.5322
5604.3496   11.0973    0.4633
5604.0604   11.1223    0.6902
5604.6098   11.1015    0.5013
5604.8469   11.0972    0.4627
5604.6062   11.0903    0.4007
5603.4232   11.1366    0.8193
5603.7460   11.1232    0.6985
5603.4158   11.1396    0.8467
5602.7024   11.1242    0.7073
5603.0668   11.1428    0.8754
5602.7024   11.1171    0.6434
5603.4158   11.1395    0.8459
5603.7460   11.1197    0.6668
5603.4232   11.1227    0.6934
5604.6062   11.0593    0.1196
5604.8469   11.0643    0.1647
5604.6098   11.0560    0.0896
5604.0604   11.0883    0.3821
5604.3496   11.0519    0.0529
5604.0690   11.0469    0.0073
5604.6168   11.0291   -0.1536
5604.8594   11.0366   -0.0858
5604.6273   11.0232   -0.2076
5604.3417   11.0946    0.4393
5604.0541   11.1222    0.6888
5604.0541   11.1118    0.5951
5605.8008   11.0544    0.0750
5605.8160   11.0532    0.0645
5605.8008   11.0525    0.0585
5605.6798   11.0387   -0.0669
5605.7553   11.0444   -0.0155
5605.6798   11.0440   -0.0189
5605.8008   11.0548    0.0789
5605.8160   11.0529    0.0620
5605.8008   11.0509    0.0435
5605.4403   11.0528    0.0609
5605.5736   11.0298   -0.1474
5605.4395   11.0468    0.0063
5605.0872   11.0230   -0.2090
5605.2769   11.0407   -0.0490
5605.0876   11.0217   -0.2211
5605.4396   11.0453   -0.0075
5605.5737   11.0418   -0.0389
5605.4407   11.0318   -0.1289
5605.8008   11.0362   -0.0892
5605.8160   11.0296   -0.1492
5605.8008   11.0407   -0.0483
5605.6800   11.0495    0.0311
5605.7553   11.0673    0.1920
5605.6800   11.0502    0.0372
5605.8008   11.0701    0.2171
5605.8160   11.0367   -0.0845
5605.8008   11.0488    0.0243
5605.7553   11.0459   -0.0019
5605.6793   11.0427   -0.0303
5605.6794   11.0455   -0.0050
5605.7552   11.0601    0.1265
5605.6792   11.0563    0.0927
5605.5734   11.0563    0.0928
5605.6792   11.0504    0.0394
5605.5734   11.0447   -0.0123
5605.4363   11.0727    0.2408
5605.2719   11.0813    0.3192
5605.0790   11.0819    0.3243
5605.0735   11.0898    0.3955
5605.0707   11.0903    0.4002
5605.4363   11.0629    0.1524
5605.2719   11.0683    0.2010
5605.0707   11.0759    0.2699
5605.0735   11.0694    0.2114
5605.0790   11.0498    0.0334
5605.4353   11.0675    0.1937
5605.4353   11.0700    0.2165
5605.2672   11.0821    0.3260
5601.4984   11.1020    0.5066
5601.5103   11.0919    0.4146
5602.4754   11.0837    0.3407
5602.0144   11.0666    0.1862
5602.4971   11.0907    0.4036
5601.5331   11.0686    0.2041
5601.5666   11.0723    0.2370
5603.3630   11.0795    0.3023
5602.9602   11.0724    0.2385
5603.3930   11.0515    0.0491
5604.1391   11.0483    0.0200
5603.7976   11.0391   -0.0635
5604.1701   11.0345   -0.1047
5603.4292   11.0523    0.0564
5603.0371   11.0459   -0.0012
5603.4713   11.0338   -0.1110
5601.6107   11.0627    0.1509
5601.6653   11.0466    0.0046
5602.6187   11.0206   -0.2308
5602.1838   11.0423   -0.0344
5602.6774   11.0025   -0.3944
5601.7301   11.0331   -0.1172
5601.8046   11.0205   -0.2320
5602.0792   11.0576    0.1042
5602.5305   11.0767    0.2776
5602.5710   11.0488    0.0247
5604.7844   11.0675    0.1942
5604.5206   11.0262   -0.1800
5604.8226   11.0450   -0.0102
5605.2831   11.0226   -0.2123
5605.0875   11.0173   -0.2602
5605.3128   11.0130   -0.2993
5604.8628   11.0002   -0.4157
5604.6111   10.9941   -0.4708
5604.9050   10.9996   -0.4205
5605.6225   11.0087   -0.3380
5605.4992   11.0073   -0.3514
5605.6422   10.9963   -0.4508
5605.7944   11.0249   -0.1921
5605.7431   11.0167   -0.2661
5605.8008   11.0264   -0.1780
5605.6614   11.0065   -0.3580
5605.5501   10.9721   -0.6696
5605.6800   10.9887   -0.5197
5604.9488   11.0056   -0.3668
5604.7101   11.0358   -0.0935
5604.9940   11.0045   -0.3761
5605.4079   10.9897   -0.5103
5605.2383   10.9901   -0.5064
5605.4407   11.0112   -0.3155
5605.0404   10.9988   -0.4276
5604.8157   10.9488   -0.8809
5605.0876   11.0083   -0.3416
5605.1606   11.0014   -0.4045
5605.3447   11.0086   -0.3393
5605.3764   10.9925   -0.4850
5601.8891   11.0144   -0.2868
5601.9824   10.9977   -0.4381
5602.9051   11.0009   -0.4090
5602.5039   10.9971   -0.4433
5602.9963   10.9901   -0.5064
5602.0842   11.0012   -0.4062
5602.1941   10.9853   -0.5506
5603.8013   11.0228   -0.2107
5603.4610   11.0110   -0.3179
5603.8875   11.0096   -0.3299
5604.5540   10.9753   -0.6404
5604.2775   11.0045   -0.3766
5604.6273   11.0006   -0.4120
5603.9769   11.0120   -0.3082
5603.6547   10.9936   -0.4749
5604.0690   11.0156   -0.2762
5602.3117   10.9947   -0.4649
5602.4359   10.9919   -0.4906
5603.3085   10.9948   -0.4646
5602.9465   10.9834   -0.5671
5603.4232   11.0241   -0.1987
5602.5664   10.9905   -0.5036
5602.7024   10.9749   -0.6440
5602.7121   10.9774   -0.6216
5603.0963   11.0018   -0.4008
5603.2006   10.9803   -0.5958
5602.3260   11.0145   -0.2855
5602.7468   11.0264   -0.1781
5603.1475   11.0341   -0.1086
5602.8229   11.0052   -0.3698
5603.2901   11.0087   -0.3387
5603.5306   10.9920   -0.4898
5603.8863   11.0239   -0.2010
5604.2174   10.9979   -0.4358
5604.2675   11.0131   -0.2985
5604.3204   11.0044   -0.3775
5603.7292   11.0266   -0.1759
5604.1295   10.9826   -0.5744
5604.3759   10.9789   -0.6080
5604.4334   11.0059   -0.3636
5604.4929   10.9936   -0.4753
5603.6579   11.0106   -0.3208
5603.5915   10.9980   -0.4353
5604.0024   10.9757   -0.6373
5601.9901   11.0699    0.2161
5602.4648   11.0555    0.0850
5602.9171   11.0398   -0.0572
5602.4648   11.0853    0.3547
5602.9171   11.0789    0.2968
5603.3505   11.0306   -0.1397
5603.7515   11.0354   -0.0969
5604.1238   11.0567    0.0959
5604.4634   11.0598    0.1245
5604.1136   11.0604    0.1293
5604.1085   11.0505    0.0397
5604.4452   11.0585    0.1126
5603.3505   11.0938    0.4319
5603.7515   11.0660    0.1803
5604.1085   11.0505    0.0403
5604.1136   11.0656    0.1763
5604.4452   11.0748    0.2596
5604.1238   11.0695    0.2116
5604.4634   11.0505    0.0401
5603.3414   11.0693    0.2103
5603.3414   11.0380   -0.0729
5603.7400   11.0446   -0.0130
5604.7838   11.0695    0.2124
5605.0513   11.0613    0.1377
5605.2814   11.0485    0.0219
5605.4715   11.0608    0.1331
5605.2811   11.0817    0.3222
5605.2822   11.1133    0.6082
5605.4712   11.0892    0.3908
5605.6225   11.0720    0.2350
5605.7296   11.0734    0.2476
5605.7944   11.0463    0.0019
5605.7944   11.0437   -0.0212
5605.7944   11.0536    0.0680
5605.6221   11.0616    0.1406
5605.6221   11.0626    0.1498
5605.7295   11.0403   -0.0527
5605.7944   11.0651    0.1723
5605.7944   11.0395   -0.0599
5605.7944   11.0185   -0.2498
5605.7944   11.0345   -0.1052
5605.6214   11.0982    0.4722
5605.6215   11.0723    0.2378
5605.7295   11.0542    0.0735
5604.7838   11.0708    0.2234
5605.0513   11.0291   -0.1539
5605.2822   11.0235   -0.2044
5605.2811   11.0331   -0.1177
5605.4712   11.0566    0.0950
5605.2814   11.0252   -0.1886
5605.4715   11.0348   -0.1026
5605.6221   11.0437   -0.0215
5605.6221   11.0520    0.0534
5605.7295   11.0656    0.1772
5605.7944   11.0443   -0.0160
5605.7944   11.0584    0.1117
5605.7944   11.0619    0.1429
5605.7944   11.0725    0.2389
5605.6225   11.0194   -0.2416
5605.7296   11.0155   -0.2765
5605.7944   11.0413   -0.0435
5605.7944   11.0276   -0.1672
5605.7944   11.0307   -0.1390
5605.6215   11.0336   -0.1133
5605.6214   11.0654    0.1749
5605.7295   11.0574    0.1027
5604.7719   11.0638    0.1609
5604.7638   11.0363   -0.0882
5604.7598   11.0795    0.3028
5605.0439   11.0454   -0.0065
5605.2764   11.0218   -0.2197
5604.7598   11.0635    0.1578
5604.7638   11.0626    0.1492
5604.7719   11.0673    0.1924
5605.0439   11.0610    0.1349
5605.2764   11.0873    0.3728
5605.4709   11.0449   -0.0109
5605.6212   11.0427   -0.0305
5605.4709   11.0590    0.1172
5605.6212   11.0312   -0.1348
5605.7294   11.0451   -0.0087
5605.2749   11.0561    0.0911
5605.0369   11.0600    0.1261
5605.2749   11.0649    0.1708
5603.0668   11.0579    0.1071
5603.4158   11.0572    0.1002
5603.7460   11.0394   -0.0606
5603.4158   11.0528    0.0608
5603.7460   11.0501    0.0363
5604.0604   11.0328   -0.1200
5604.3496   11.0541    0.0727
5604.6168   11.0726    0.2401
5604.8594   11.0461    0.0006
5604.6098   11.0448   -0.0116
5604.6062   11.0255   -0.1866
5604.8469   11.0279   -0.1647
5604.0604   11.0356   -0.0948
5604.3496   11.0377   -0.0762
5604.6062   11.0448   -0.0114
5604.6098   11.0538    0.0701
5604.8469   11.0738    0.2506
5604.6168   11.0503    0.0381
5604.8594   11.0470    0.0085
5604.0541   11.0585    0.1123
5604.0541   11.0423   -0.0343
5604.3417   11.0305   -0.1413
5605.0872   11.0563    0.0922
5605.2769   11.0572    0.1010
5605.4396   11.0404   -0.0517
5605.5737   11.0187   -0.2479
5605.4395   11.0428   -0.0295
5605.4403   11.0451   -0.0088
5605.5736   11.0270   -0.1728
5605.6800   11.0343   -0.1062
5605.7553   11.0555    0.0854
5605.8008   11.0626    0.1493
5605.8160   11.0671    0.1906
5605.8008   11.0498    0.0334
5605.8008   11.0409   -0.0464
5605.8160   11.0362   -0.0891
5605.6798   11.0424   -0.0330
5605.6798   11.0715    0.2297
5605.7553   11.0426   -0.0314
5605.8008   11.0361   -0.0908
5605.8008   11.0312   -0.1345
5605.8160   11.0378   -0.0754
5605.8008   11.0313   -0.1341
5605.8008   11.0739    0.2517
5605.8160   11.0403   -0.0519
5605.6793   11.0275   -0.1678
5605.6794   11.0365   -0.0866
5605.7553   11.0213   -0.2243
5605.0872   11.0324   -0.1243
5605.2769   11.0095   -0.3311
5605.4403   11.0325   -0.1230
5605.4395   11.0132   -0.2976
5605.5736   11.0411   -0.0448
5605.4396   10.9763   -0.6315
5605.5737   11.0027   -0.3929
5605.6798   11.0993    0.4817
5605.6798   11.0855    0.3567
5605.7553   11.1112    0.5893
5605.8008   11.1045    0.5286
5605.8008   11.1063    0.5455
5605.8160   11.0690    0.2075
5605.8008   11.0953    0.4452
5605.8008   11.0994    0.4824
5605.8160   11.1116    0.5933
5605.6800   11.0087   -0.3386
5605.7553   11.0105   -0.3224
5605.8008   11.0613    0.1381
5605.8008   11.0210   -0.2274
5605.8160   11.0837    0.3407
5605.8008   11.0406   -0.0495
5605.8160   11.0470    0.0082
5605.6794   11.0083   -0.3421
5605.6793   11.0224   -0.2147
5605.7553   11.0398   -0.0569
5605.0790   11.0451   -0.0089
5605.0735   11.0546    0.0773
5605.0707   11.0589    0.1156
5605.2719   11.0129   -0.3006
5605.4363   11.0650    0.1710
5605.0707   11.0424   -0.0337
5605.0735   11.0622    0.1460
5605.0790   11.0505    0.0399
5605.2719   11.0600    0.1258
5605.4363   11.0624    0.1476
5605.5734   11.0708    0.2236
5605.6792   11.1113    0.5906
5605.5734   11.0552    0.0824
5605.6792   11.0872    0.3726
5605.7552   11.1235    0.7007
5605.4353   11.0840    0.3437
5605.2672   11.0864    0.3649
5605.4353   11.0483    0.0205
5605.7944   11.0752    0.2637
5605.7431   11.0723    0.2372
5605.6614   11.0835    0.3392
5605.5501   11.0823    0.3278
5605.6422   11.0592    0.1186
5605.6225   11.0432   -0.0258
5605.4992   11.0471    0.0092
5605.4079   11.0810    0.3162
5605.2383   11.0638    0.1605
5605.0404   11.0557    0.0869
5604.8157   11.0378   -0.0748
5604.9940   11.0431   -0.0271
5604.9488   11.0487    0.0235
5604.7101   11.0531    0.0633
5605.3128   11.0518    0.0516
5605.2831   11.0537    0.0687
5605.0875   11.0559    0.0889
5604.9050   11.0414   -0.0421
5604.8628   11.0506    0.0411
5604.6111   11.0392   -0.0622
5604.8226   11.0554    0.0846
5604.7844   11.0703    0.2190
5604.5206   11.0578    0.1058
5605.3447   11.0600    0.1257
5605.3764   11.0732    0.2453
5605.1606   11.0574    0.1028
5604.5540   11.0159   -0.2733
5604.2775   11.0214   -0.2237
5603.9769   11.0097   -0.3297
5603.6547   11.0110   -0.3179
5603.8875   10.9985   -0.4309
5603.8013   11.0412   -0.0445
5603.4610   11.0568    0.0970
5603.3085   11.0520    0.0540
5602.9465   11.0399   -0.0557
5602.5664   11.0591    0.1175
5602.1714   11.0270   -0.1727
5602.4359   11.0753    0.2650
5602.3117   11.0783    0.2920
5601.8963   11.0700    0.2161
5602.9963   11.0700    0.2165
5602.9051   11.0783    0.2913
5602.5039   11.0470    0.0083
5602.1941   11.0416   -0.0408
5602.0842   11.0729    0.2430
5601.6498   11.0293   -0.1521
5601.9824   11.0637    0.1593
5601.8891   11.0753    0.2647
5601.4369   11.0719    0.2334
5603.0963   11.0636    0.1589
5603.2006   11.0638    0.1608
5602.7121   11.0758    0.2688
5604.1701   11.0771    0.2809
5604.1391   11.0993    0.4820
5603.7976   11.0960    0.4518
5603.4713   11.0823    0.3276
5603.4292   11.0972    0.4632
5603.0371   11.0876    0.3755
5603.3930   11.1113    0.5906
5603.3630   11.1164    0.6365
5602.9602   11.1140    0.6146
5602.6774   11.0736    0.2488
5602.6187   11.0761    0.2715
5602.1838   11.0668    0.1873
5601.8046   11.0722    0.2367
5601.7301   11.0722    0.2364
5601.2614   11.0713    0.2282
5601.6653   11.0751    0.2630
5601.6107   11.0844    0.3470
5601.1268   11.0737    0.2500
5602.4971   11.1154    0.6279
5602.4754   11.1228    0.6943
5602.0144   11.1256    0.7199
5601.5666   11.0951    0.4442
5601.5331   11.1061    0.5430
5601.0356   11.0885    0.3836
5601.5103   11.1106    0.5844
5601.4984   11.1062    0.5440
5600.9896   11.0881    0.3800
5602.5305   11.1074    0.5555
5602.5710   11.1014    0.5007
5602.0792   11.0953    0.4457
5604.2174   11.0677    0.1959
5604.2675   11.0520    0.0537
5604.3204   11.0261   -0.1811
5603.8863   11.0672    0.1908
5603.5306   11.0761    0.2713
5604.3759   11.0460   -0.0006
5604.4334   11.0442   -0.0173
5604.4929   11.0267   -0.1756
5604.1295   11.0427   -0.0303
5603.7292   11.0658    0.1782
5603.1475   11.0746    0.2585
5602.7468   11.0680    0.1980
5603.2901   11.0660    0.1808
5602.8229   11.0701    0.2173
5602.3260   11.0649    0.1704
5603.5915   11.0802    0.3088
5604.0024   11.0760    0.2709
5603.6579   11.0861    0.3619
5605.7944   11.0334   -0.1145
5605.7431   11.0130   -0.2994
5605.6225   10.9959   -0.4543
5605.6422   11.0004   -0.4131
5605.4992   11.0106   -0.3212
5605.6614   11.0025   -0.3949
5605.5501   10.9904   -0.5043
5605.2831   11.0400   -0.0551
5605.3128   11.0171   -0.2627
5605.0875   10.9897   -0.5104
5604.7844   11.0003   -0.4142
5604.8226   11.0471    0.0093
5604.5206   11.0152   -0.2798
5604.8628   11.0160   -0.2722
5604.9050   11.0473    0.0107
5604.6111   11.0071   -0.3531
5605.4079   11.0176   -0.2579
5605.2383   11.0408   -0.0482
5604.9488   11.0615    0.1400
5604.9940   11.0443   -0.0159
5604.7101   11.0717    0.2316
5605.0404   11.0532    0.0644
5604.8157   11.0602    0.1282
5605.3764   11.0135   -0.2952
5605.3447   11.0288   -0.1562
5605.1606   11.0481    0.0186
5604.1391   10.9839   -0.5628
5604.1701   11.0092   -0.3341
5603.7976   10.9718   -0.6728
5603.3630   11.0136   -0.2944
5603.3930   10.9774   -0.6216
5602.9602   10.9968   -0.4462
5603.4292   10.9608   -0.7725
5603.4713   10.9609   -0.7707
5603.0371   10.9803   -0.5955
5602.4754   11.0514    0.0484
5602.4971   11.0231   -0.2079
5602.0144   11.0511    0.0454
5601.4984   11.1010    0.4970
5601.5103   11.0810    0.3161
5600.9896   11.0817    0.3224
5601.5331   11.0423   -0.0346
5601.5666   11.0379   -0.0743
5601.0356   11.0525    0.0585
5602.6187   10.9927   -0.4832
5602.6774   11.0295   -0.1499
5602.1838   11.0498    0.0335
5601.6107   11.0327   -0.1213
5601.6653   11.0313   -0.1334
5601.1268   11.0499    0.0350
5601.7301   11.0475    0.0132
5601.8046   11.0717    0.2316
5601.2614   11.0362   -0.0892
5602.5710   10.9730   -0.6618
5602.5305   10.9959   -0.4543
5602.0792   11.0023   -0.3966
5604.5540   11.0607    0.1324
5604.2775   11.0644    0.1663
5603.8013   11.0741    0.2534
5603.8875   11.0762    0.2730
5603.4610   11.0941    0.4346
5603.9769   11.0840    0.3437
5603.6547   11.1111    0.5888
5602.9051   11.0906    0.4029
5602.9963   11.0957    0.4496
5602.5039   11.0984    0.4741
5601.8891   11.0921    0.4165
5601.9824   11.1005    0.4930
5601.4369   11.0712    0.2270
5602.0842   11.0982    0.4718
5602.1941   11.0952    0.4443
5601.6498   11.0823    0.3275
5603.3085   11.1369    0.8223
5602.9465   11.1275    0.7375
5602.3117   11.1060    0.5428
5602.4359   11.1131    0.6070
5601.8963   11.1140    0.6145
5602.5664   11.1132    0.6072
5602.1714   11.1088    0.5682
5603.2006   11.1204    0.6726
5603.0963   11.1081    0.5614
5602.7121   11.1140    0.6146
5604.4929   11.0576    0.1040
5604.4334   11.0729    0.2428
5604.3759   11.0566    0.0951
5604.1295   11.0684    0.2019
5603.7292   11.0753    0.2648
5604.3204   11.0281   -0.1624
5604.2675   10.9870   -0.5353
5604.2174   10.9879   -0.5271
5603.8863   10.9708   -0.6816
5603.5306   10.9965   -0.4492
5603.2901   11.0702    0.2185
5602.8229   11.0768    0.2779
5603.1475   11.0212   -0.2255
5602.7468   11.0560    0.0901
5602.3260   11.0842    0.3454
5603.6579   11.0530    0.0630
5604.0024   11.0383   -0.0705
5603.5915   11.0248   -0.1922
5605.7944   11.0425   -0.0323
5605.7944   11.0638    0.1607
5605.7944   11.0685    0.2027
5605.7296   11.0138   -0.2925
5605.6225   11.0294   -0.1508
5605.7944   11.0910    0.4066
5605.7944   11.0551    0.0818
5605.7944   11.0338   -0.1110
5605.7944   11.0318   -0.1295
5605.7295   11.0289   -0.1555
5605.6221   11.0275   -0.1678
5605.6221   11.0201   -0.2350
5605.4715   11.0183   -0.2517
5605.2814   11.0257   -0.1843
5605.4712   11.0422   -0.0355
5605.2811   11.0393   -0.0611
5605.2822   11.0360   -0.0914
5605.0513   11.0185   -0.2500
5604.7838   11.0090   -0.3353
5605.6215   11.0429   -0.0287
5605.7295   11.0392   -0.0619
5605.6214   11.0237   -0.2022
5605.7944   11.0229   -0.2103
5605.7944   11.0201   -0.2351
5605.7944   11.0326   -0.1222
5605.7944   11.0373   -0.0791
5605.7295   10.9981   -0.4344
5605.6221   10.9883   -0.5227
5605.6221   11.0196   -0.2396
5605.7944   11.0407   -0.0486
5605.7944   11.0122   -0.3063
5605.7944   11.0506    0.0406
5605.7296   11.0481    0.0185
5605.6225   11.0366   -0.0855
5605.4712   11.0385   -0.0685
5605.2822   11.0395   -0.0599
5605.2811   11.0465    0.0039
5605.4715   11.0485    0.0216
5605.2814   11.0528    0.0609
5605.0513   11.0596    0.1220
5604.7838   11.0664    0.1844
5605.6214   11.0375   -0.0780
5605.7295   11.0389   -0.0652
5605.6215   11.0446   -0.0138
5604.4634   11.0265   -0.1772
5604.1238   11.0302   -0.1437
5604.4452   11.0712    0.2279
5604.1136   11.0495    0.0312
5604.1085   11.0708    0.2241
5603.7515   11.0339   -0.1107
5603.3505   11.0404   -0.0510
5604.4452   11.0939    0.4332
5604.1085   11.0886    0.3852
5604.1136   11.0962    0.4533
5604.4634   11.0836    0.3399
5604.1238   11.1013    0.5004
5603.7515   11.0976    0.4661
5603.3505   11.0939    0.4327
5602.9171   11.0567    0.0961
5602.4648   11.0875    0.3749
5602.9171   11.1155    0.6287
5602.4648   11.1173    0.6447
5601.9901   11.1168    0.6402
5603.3414   11.0735    0.2480
5603.7400   11.0862    0.3637
5603.3414   11.1013    0.5003
5604.7719   11.0294   -0.1507
5605.0439   11.0272   -0.1707
5605.2764   11.0070   -0.3540
5604.7638   11.0483    0.0200
5604.7598   11.0540    0.0717
5605.4709   11.0057   -0.3656
5605.6212   11.0004   -0.4135
5605.7294   10.9993   -0.4231
5605.6212   10.9764   -0.6306
5605.4709   10.9986   -0.4297
5604.7598   11.0730    0.2434
5604.7638   11.0823    0.3277
5605.2764   11.0264   -0.1781
5605.0439   11.0477    0.0148
5604.7719   11.0654    0.1750
5605.0369   11.0334   -0.1146
5605.2749   11.0152   -0.2799
5605.2749   11.0136   -0.2941
5602.7024   11.0571    0.1002
5602.5664   11.0985    0.4749
5602.4359   11.1975    1.3712
5602.3117   11.1433    0.8803
5602.9465   11.1135    0.6102
5603.4232   11.0112   -0.3153
5603.3085   11.0526    0.0591
5602.1941   11.0731    0.2443
5602.0842   11.0416   -0.0406
5601.9824   11.0420   -0.0368
5601.8891   11.0268   -0.1744
5602.5039   11.0645    0.1668
5602.9963   11.0914    0.4104
5602.9051   11.0272   -0.1707
5603.6547   11.0152   -0.2796
5604.0690   10.9652   -0.7319
5603.9769   11.0113   -0.3150
5603.4610   11.0465    0.0036
5603.8875   11.0145   -0.2862
5603.8013   11.0091   -0.3352
5604.2775   11.0343   -0.1066
5604.6273   11.0104   -0.3227
5604.5540   10.9826   -0.5750
5603.2006   11.1061    0.5432
5602.7121   11.1564    0.9988
5603.0963   11.1225    0.6919
5601.8046   11.0625    0.1484
5601.7301   11.0756    0.2671
5601.6653   11.1175    0.6465
5601.6107   11.1380    0.8319
5602.1838   11.0046   -0.3759
5602.6774   11.1309    0.7675
5602.6187   11.0959    0.4509
5601.5666   11.0998    0.4863
5601.5331   11.0552    0.0830
5601.5103   10.9782   -0.6146
5601.4984   11.0469    0.0073
5602.0144   11.0750    0.2621
5602.4971   11.2049    1.4381
5602.4754   11.1051    0.5341
5603.0371   11.0606    0.1316
5603.4713   11.0488    0.0248
5603.4292   11.0493    0.0289
5602.9602   11.1462    0.9067
5603.3930   11.0914    0.4102
5603.3630   11.0654    0.1747
5603.7976   11.0632    0.1550
5604.1701   10.9954   -0.4585
5604.1391   11.0133   -0.2965
5602.5710   11.0971    0.4618
5602.0792   11.1389    0.8403
5602.5305   11.1422    0.8706
5604.8157   10.9707   -0.6822
5605.0876   10.9998   -0.4194
5605.0404   10.9886   -0.5208
5604.7101   11.0122   -0.3071
5604.9940   10.9425   -0.9378
5604.9488   10.9801   -0.5975
5605.2383   10.9758   -0.6361
5605.4407   10.9949   -0.4632
5605.4079   11.0078   -0.3468
5604.6111   10.9240   -1.1055
5604.9050   11.0590    0.1167
5604.8628   10.9410   -0.9510
5604.5206   11.0348   -0.1021
5604.8226   11.0100   -0.3269
5604.7844   11.0479    0.0161
5605.0875   11.0375   -0.0780
5605.3128   10.9861   -0.5432
5605.2831   11.0759    0.2697
5605.5501   11.0009   -0.4094
5605.6800   10.9674   -0.7125
5605.6614   11.0167   -0.2663
5605.4992   11.0772    0.2820
5605.6422   11.0324   -0.1236
5605.6225   11.0614    0.1383
5605.7431   11.0005   -0.4131
5605.8008   11.0366   -0.0860
5605.7944   11.0021   -0.3984
5605.3764   11.0202   -0.2346
5605.1606   11.1031    0.5161
5605.3447   11.0837    0.3405
5604.4929   10.9486   -0.8821
5604.1295   10.9756   -0.6385
5603.7292   10.9896   -0.5111
5604.4334   11.0192   -0.2433
5604.3759   10.9669   -0.7169
5603.2901   11.0100   -0.3264
5602.8229   10.9325   -1.0287
5602.3260   11.0271   -0.1715
5602.7468   10.9476   -0.8917
5603.1475   11.0298   -0.1470
5604.3204   11.0438   -0.0210
5604.2675   11.0105   -0.3220
5603.5306   11.0150   -0.2811
5603.8863   11.0009   -0.4086
5604.2174   11.0771    0.2807
5604.0024   10.9998   -0.4186
5603.6579   10.9761   -0.6331
5603.5915   11.0473    0.0113
5601.4984   10.9903   -0.5046
5601.5103   11.0805    0.3116
5601.5331   11.1584    1.0166
5601.5666   11.0854    0.3564
5602.0144   11.1269    0.7314
5602.4754   11.0594    0.1208
5602.4971   11.0848    0.3502
5601.6107   11.0855    0.3571
5601.6653   11.0708    0.2241
5601.7301   11.0265   -0.1777
5601.8046   11.0364   -0.0877
5602.1838   11.0950    0.4432
5602.6187   10.9809   -0.5897
5602.6774   10.9732   -0.6595
5602.9602   10.9678   -0.7090
5603.3630   11.0396   -0.0586
5603.3930   11.0384   -0.0693
5603.0371   11.0013   -0.4056
5603.4292   11.0664    0.1844
5603.4713   10.9962   -0.4515
5603.7976   11.0052   -0.3702
5604.1391   11.0582    0.1094
5604.1701   11.0548    0.0793
5602.5305   11.0650    0.1711
5602.0792   11.0637    0.1592
5602.5710   11.0830    0.3342
5601.8891   11.0382   -0.0714
5601.9824   11.0142   -0.2887
5602.0842   10.9931   -0.4795
5602.1941   11.0881    0.3804
5602.5039   11.0382   -0.0711
5602.9051   11.0842    0.3455
5602.9963   11.0607    0.1326
5602.3117   11.0870    0.3704
5602.4359   11.0945    0.4382
5602.5664   11.1224    0.6912
5602.7024   11.1529    0.9669
5602.9465   11.1149    0.6231
5603.3085   11.0977    0.4671
5603.4232   11.0394   -0.0602
5603.4610   11.0147   -0.2841
5603.8013   11.0053   -0.3695
5603.8875   11.0146   -0.2847
5603.6547   11.0104   -0.3233
5603.9769   11.0322   -0.1260
5604.0690   10.9934   -0.4767
5604.2775   11.0122   -0.3070
5604.5540   10.9429   -0.9341
5604.6273   10.9779   -0.6176
5603.0963   11.0911    0.4072
5602.7121   11.0757    0.2678
5603.2006   11.0927    0.4225
5604.5206   11.0297   -0.1485
5604.7844   10.9623   -0.7587
5604.8226   10.9846   -0.5567
5604.6111   11.0275   -0.1681
5604.8628   11.0520    0.0540
5604.9050   11.1478    0.9211
5605.0875   11.0641    0.1628
5605.2831   11.0846    0.3490
5605.3128   11.1223    0.6897
5604.7101   11.0498    0.0337
5604.9488   11.0779    0.2878
5604.9940   11.0129   -0.3000
5604.8157   10.9671   -0.7151
5605.0404   11.0210   -0.2269
5605.0876   10.9766   -0.6289
5605.2383   11.0501    0.0366
5605.4079   11.1097    0.5762
5605.4407   11.0288   -0.1564
5605.4992   11.0964    0.4553
5605.6225   11.1437    0.8836
5605.6422   11.0955    0.4476
5605.5501   11.1278    0.7396
5605.6614   11.1713    1.1335
5605.6800   11.0837    0.3403
5605.7431   11.1997    1.3908
5605.7944   11.1466    0.9099
5605.8008   11.1228    0.6947
5605.3447   11.1182    0.6527
5605.1606   11.1051    0.5343
5605.3764   11.1495    0.9365
5604.2174   10.9774   -0.6216
5603.8863   10.9994   -0.4225
5603.5306   10.9874   -0.5315
5604.2675   10.9562   -0.8139
5604.3204   10.9950   -0.4620
5603.1475   11.0547    0.0781
5602.7468   10.9975   -0.4394
5602.3260   11.0352   -0.0984
5602.8229   11.0240   -0.2000
5603.2901   11.0358   -0.0930
5604.3759   11.0317   -0.1302
5604.4334   11.0002   -0.4151
5603.7292   11.0327   -0.1209
5604.1295   11.0003   -0.4148
5604.4929   10.9836   -0.5659
5604.0024   10.9693   -0.6951
5603.5915   11.0133   -0.2968
5603.6579   11.0413   -0.0436
5605.8160   11.0352   -0.0983
5605.8008   11.0349   -0.1013
5605.8008   10.9974   -0.4404
5605.8160   10.9790   -0.6076
5605.8008   11.0015   -0.4035
5605.8008   11.0855    0.3572
5605.7553   11.0266   -0.1760
5605.6800   11.0277   -0.1660
5605.6800   11.0009   -0.4086
5605.8160   11.0783    0.2916
5605.8008   11.1008    0.4950
5605.8008   11.0724    0.2382
5605.8160   11.0561    0.0909
5605.8008   11.1097    0.5757
5605.8008   11.0708    0.2235
5605.7553   11.0446   -0.0137
5605.6798   11.0249   -0.1916
5605.6798   11.1000    0.4884
5605.5737   11.0260   -0.1822
5605.4407   11.0042   -0.3789
5605.4396   11.0183   -0.2512
5605.5736   11.0110   -0.3178
5605.4395   11.0151   -0.2808
5605.4403   11.0226   -0.2126
5605.2769   11.0347   -0.1030
5605.0876   11.0466    0.0044
5605.0872   11.0481    0.0184
5605.6794   11.0511    0.0453
5605.7553   11.0650    0.1711
5605.6793   11.0455   -0.0050
5605.8160   11.0888    0.3868
5605.8008   11.0651    0.1718
5605.8008   11.1048    0.5318
5605.8160   11.0865    0.3656
5605.8008   11.0754    0.2651
5605.8008   11.1305    0.7640
5605.7553   11.0829    0.3331
5605.6798   11.0848    0.3507
5605.6798   11.1686    1.1088
5605.8160   11.0943    0.4362
5605.8008   11.1071    0.5522
5605.8008   11.0995    0.4835
5605.8160   11.1169    0.6409
5605.8008   11.1153    0.6263
5605.8008   11.0614    0.1388
5605.7553   11.1263    0.7264
5605.6800   11.0257   -0.1847
5605.6800   11.0229   -0.2098
5605.5736   11.0868    0.3687
5605.4403   11.1071    0.5521
5605.4395   11.0780    0.2891
5605.5737   11.1035    0.5201
5605.4396   11.0963    0.4548
5605.4407   11.1342    0.7977
5605.2769   11.0762    0.2723
5605.0872   11.0590    0.1173
5605.0876   11.0810    0.3166
5605.6793   11.1572    1.0062
5605.7553   11.1022    0.5080
5605.6794   11.1151    0.6245
5604.8594   11.0177   -0.2567
5604.6273   11.0378   -0.0752
5604.6168   11.0230   -0.2092
5604.8469   11.0170   -0.2632
5604.6098   11.0104   -0.3230
5604.6062   11.0029   -0.3912
5604.3496   11.0084   -0.3415
5604.0690   11.0306   -0.1404
5604.0604   11.0192   -0.2435
5604.8469   11.0342   -0.1075
5604.6062   10.9901   -0.5071
5604.6098   11.0180   -0.2545
5604.8594   11.0521    0.0546
5604.6168   11.0610    0.1355
5604.6273   11.0385   -0.0689
5604.3496   10.9837   -0.5646
5604.0604   10.9707   -0.6823
5604.0690   10.9742   -0.6507
5603.7460   11.0205   -0.2318
5603.4232   11.0358   -0.0934
5603.4158   11.0185   -0.2501
5603.7460   10.9607   -0.7731
5603.4158   10.9754   -0.6396
5603.4232   10.9577   -0.8005
5603.0668   11.0123   -0.3063
5602.7024   11.0294   -0.1510
5602.7024   11.0021   -0.3977
5604.0541   11.0053   -0.3693
5604.3417   10.9875   -0.5306
5604.0541   10.9828   -0.5728
5605.0790   11.0354   -0.0966
5605.2719   11.0373   -0.0794
5605.4363   10.9953   -0.4599
5605.0735   11.0044   -0.3773
5605.0707   11.0169   -0.2639
5605.5734   11.1070    0.5513
5605.6792   11.1685    1.1082
5605.7552   11.0740    0.2529
5605.6792   11.0913    0.4098
5605.5734   11.1251    0.7151
5605.0707   11.0325   -0.1230
5605.0735   11.0454   -0.0065
5605.4363   11.1279    0.7408
5605.2719   11.0778    0.2869
5605.0790   11.0418   -0.0388
5605.2672   11.0296   -0.1494
5605.4353   11.0499    0.0342
5605.4353   11.1155    0.6281
5605.7944   11.0432   -0.0257
5605.7296   11.0523    0.0565
5605.6225   11.0412   -0.0446
5605.7944   11.0808    0.3142
5605.7944   11.0167   -0.2664
5605.4715   11.0375   -0.0780
5605.2814   11.0668    0.1879
5605.0513   11.0213   -0.2244
5604.7838   10.9446   -0.9189
5605.2811   11.0280   -0.1636
5605.4712   10.9944   -0.4678
5605.2822   10.9904   -0.5042
5605.7944   11.0495    0.0306
5605.7944   11.1018    0.5040
5605.6221   11.0194   -0.2418
5605.7295   10.9568   -0.8080
5605.6221   10.9273   -1.0756
5605.7944   11.0427   -0.0304
5605.7944   10.9964   -0.4498
5605.7295   11.0928    0.4229
5605.6215   11.0014   -0.4048
5605.6214   11.0507    0.0421
5604.4634   11.0138   -0.2920
5604.1238   11.0702    0.2182
5603.7515   11.0416   -0.0405
5603.3505   11.0484    0.0210
5604.1136   11.0558    0.0876
5604.4452   11.0180   -0.2544
5604.1085   11.0214   -0.2237
5602.9171   10.9713   -0.6773
5602.4648   11.0215   -0.2225
5601.9901   11.0426   -0.0318
5602.4648   10.9840   -0.5620
5602.9171   10.9940   -0.4711
5604.1085   11.0490    0.0262
5604.4452   10.9845   -0.5577
5604.1136   11.0942    0.4355
5603.3505   11.0829    0.3329
5603.7515   11.0805    0.3113
5604.1238   11.0525    0.0583
5604.4634   11.0282   -0.1617
5603.7400   11.0312   -0.1344
5603.3414   11.0271   -0.1721
5603.3414   11.0665    0.1851
5605.7944   11.0098   -0.3285
5605.7944   11.0169   -0.2638
5605.6221   10.9495   -0.8745
5605.7295   11.0267   -0.1757
5605.6221   11.0097   -0.3296
5605.7944   11.0618    0.1421
5605.7944   11.0903    0.4004
5605.2822   11.0108   -0.3198
5605.4712   11.0168   -0.2648
5605.2811   11.0397   -0.0576
5604.7838   10.9893   -0.5138
5605.0513   10.9409   -0.9526
5605.2814   11.0294   -0.1507
5605.4715   11.0391   -0.0635
5605.7944   11.1491    0.9329
5605.7944   11.1398    0.8485
5605.6225   11.1041    0.5252
5605.7296   11.1780    1.1946
5605.7944   11.0347   -0.1028
5605.7295   11.0792    0.2997
5605.6214   11.0644    0.1663
5605.6215   11.1282    0.7430
5605.7294   10.9553   -0.8223
5605.6212   10.9131   -1.2039
5605.4709   10.9735   -0.6574
5605.6212   10.9320   -1.0328
5605.4709   10.9602   -0.7772
5605.2764   10.9774   -0.6215
5605.0439   10.9754   -0.6397
5604.7719   10.9897   -0.5103
5604.7638   10.9893   -0.5144
5604.7598   10.9290   -1.0599
5605.2764   10.9263   -1.0847
5605.0439   10.9672   -0.7140
5604.7598   10.9756   -0.6385
5604.7638   10.9919   -0.4903
5604.7719   11.0126   -0.3034
5605.2749   10.9334   -1.0200
5605.2749   10.9814   -0.5858
5605.0369   10.9479   -0.8884
5603.0668   11.0444   -0.0156
5603.4158   10.9875   -0.5308
5603.7460   10.9668   -0.7176
5603.4158   10.9844   -0.5587
5603.7460   10.9659   -0.7262
5604.0604   10.9978   -0.4370
5604.3496   11.0157   -0.2751
5604.6168   10.9885   -0.5211
5604.8594   11.0087   -0.3382
5604.6098   11.0168   -0.2652
5604.6062   11.0474    0.0120
5604.8469   11.0494    0.0303
5604.0604   11.0061   -0.3623
5604.3496   11.0150   -0.2810
5604.6062   11.0380   -0.0730
5604.6098   11.0360   -0.0911
5604.8469   11.0400   -0.0554
5604.6168   11.0355   -0.0956
5604.8594   11.0419   -0.0380
5604.0541   11.0203   -0.2338
5604.0541   11.0057   -0.3659
5604.3417   11.0262   -0.1803
5605.0872   11.0433   -0.0248
5605.2769   10.9905   -0.5031
5605.4396   10.9610   -0.7701
5605.5737   10.9755   -0.6392
5605.4395   11.0120   -0.3089
5605.4403   11.0287   -0.1570
5605.5736   11.0054   -0.3684
5605.6800   10.9688   -0.7000
5605.7553   10.9864   -0.5399
5605.8008   10.9807   -0.5915
5605.8160   11.0166   -0.2668
5605.8008   11.0092   -0.3341
5605.8008   11.0245   -0.1954
5605.8160   11.0537    0.0689
5605.6798   11.0248   -0.1928
5605.6798   11.0350   -0.1000
5605.7553   11.0254   -0.1875
5605.8008   11.0134   -0.2955
5605.8008   11.0146   -0.2854
5605.8160   10.9962   -0.4514
5605.8008   11.0252   -0.1889
5605.8008   11.0478    0.0154
5605.8160   11.0243   -0.1971
5605.6793   10.9964   -0.4497
5605.6794   10.9904   -0.5039
5605.7553   11.0097   -0.3293
5605.0872   11.0973    0.4641
5605.2769   11.1171    0.6426
5605.4403   11.1415    0.8635
5605.4395   11.1282    0.7431
5605.5736   11.0910    0.4067
5605.4396   11.1058    0.5409
5605.5737   11.0909    0.4059
5605.6798   11.0615    0.1400
5605.6798   11.0418   -0.0392
5605.7553   11.0425   -0.0320
5605.8008   11.0408   -0.0478
5605.8008   11.0402   -0.0530
5605.8160   11.0310   -0.1368
5605.8008   11.0120   -0.3083
5605.8008   11.0103   -0.3240
5605.8160   11.0432   -0.0264
5605.6800   11.0635    0.1576
5605.7553   11.0655    0.1761
5605.8008   11.0234   -0.2050
5605.8008   11.0500    0.0354
5605.8160   11.0453   -0.0074
5605.8008   11.0651    0.1722
5605.8160   11.0598    0.1241
5605.6794   11.0640    0.1624
5605.6793   11.0577    0.1056
5605.7553   11.0242   -0.1984
5605.0790   11.0697    0.2134
5605.0735   11.0558    0.0878
5605.0707   11.0583    0.1110
5605.2719   11.1068    0.5494
5605.4363   11.0854    0.3562
5605.0707   11.0432   -0.0259
5605.0735   11.0530    0.0622
5605.0790   11.0255   -0.1860
5605.2719   11.0196   -0.2400
5605.4363   11.0525    0.0583
5605.5734   11.0646    0.1674
5605.6792   11.0552    0.0830
5605.5734   11.0612    0.1370
5605.6792   11.0549    0.0803
5605.7552   11.0489    0.0255
5605.4353   11.0687    0.2050
5605.2672   11.0727    0.2408
5605.4353   11.0785    0.2933
5605.7944   11.0180   -0.2542
5605.7431   11.0284   -0.1599
5605.6614   11.0400   -0.0552
5605.5501   11.0297   -0.1484
5605.6422   11.0378   -0.0745
5605.6225   11.0382   -0.0709
5605.4992   11.0400   -0.0549
5605.4079   11.0138   -0.2919
5605.2383   11.0269   -0.1737
5605.0404   11.0452   -0.0079
5604.8157   11.0483    0.0198
5604.9940   11.0487    0.0234
5604.9488   11.0383   -0.0705
5604.7101   11.0362   -0.0894
5605.3128   11.0468    0.0062
5605.2831   11.0479    0.0169
5605.0875   11.0446   -0.0136
5604.9050   11.0387   -0.0669
5604.8628   11.0447   -0.0128
5604.6111   11.0319   -0.1286
5604.8226   11.0384   -0.0697
5604.7844   11.0442   -0.0173
5604.5206   11.0413   -0.0436
5605.3447   11.0356   -0.0952
5605.3764   11.0318   -0.1288
5605.1606   11.0425   -0.0320
5604.5540   11.0397   -0.0579
5604.2775   11.0342   -0.1076
5603.9769   11.0330   -0.1181
5603.6547   11.0339   -0.1107
5603.8875   11.0341   -0.1084
5603.8013   11.0318   -0.1291
5603.4610   11.0327   -0.1215
5603.3085   11.0412   -0.0440
5602.9465   11.0432   -0.0257
5602.5664   11.0428   -0.0300
5602.1714   11.0408   -0.0477
5602.4359   11.0423   -0.0342
5602.3117   11.0311   -0.1357
5601.8963   11.0343   -0.1064
5602.9963   11.0322   -0.1259
5602.9051   11.0271   -0.1721
5602.5039   11.0268   -0.1744
5602.1941   11.0257   -0.1843
5602.0842   11.0257   -0.1849
5601.6498   11.0224   -0.2147
5601.9824   11.0173   -0.2609
5601.8891   11.0155   -0.2771
5601.4369   11.0157   -0.2747
5603.0963   11.0360   -0.0913
5603.2006   11.0365   -0.0867
5602.7121   11.0350   -0.1003
5604.1701   11.0457   -0.0034
5604.1391   11.0548    0.0791
5603.7976   11.0582    0.1099
5603.4713   11.0374   -0.0786
5603.4292   11.0532    0.0648
5603.0371   11.0390   -0.0645
5603.3930   11.0690    0.2072
5603.3630   11.0683    0.2011
5602.9602   11.0586    0.1134
5602.6774   11.0292   -0.1530
5602.6187   11.0347   -0.1034
5602.1838   11.0132   -0.2980
5601.8046   11.0073   -0.3510
5601.7301   11.0054   -0.3681
5601.2614   11.0104   -0.3229
5601.6653   10.9993   -0.4235
5601.6107   11.0083   -0.3416
5601.1268   11.0023   -0.3965
5602.4971   11.0588    0.1148
5602.4754   11.0623    0.1469
5602.0144   11.0533    0.0654
5601.5666   11.0150   -0.2815
5601.5331   11.0376   -0.0764
5601.0356   11.0355   -0.0954
5601.5103   11.0513    0.0477
5601.4984   11.0593    0.1194
5600.9896   11.0509    0.0435
5602.5305   11.0551    0.0820
5602.5710   11.0361   -0.0902
5602.0792   11.0191   -0.2442
5604.2174   11.0421   -0.0358
5604.2675   11.0262   -0.1801
5604.3204   11.0253   -0.1878
5603.8863   11.0378   -0.0752
5603.5306   11.0149   -0.2819
5604.3759   11.0265   -0.1768
5604.4334   11.0299   -0.1463
5604.4929   11.0374   -0.0785
5604.1295   11.0335   -0.1141
5603.7292   11.0298   -0.1471
5603.1475   11.0208   -0.2285
5602.7468   11.0271   -0.1715
5603.2901   11.0263   -0.1791
5602.8229   11.0275   -0.1679
5602.3260   11.0159   -0.2728
5603.5915   11.0260   -0.1822
5604.0024   11.0256   -0.1856
5603.6579   11.0260   -0.1822
5605.7944   11.0472    0.0102
5605.7431   11.0406   -0.0500
5605.6225   11.0560    0.0896
5605.6422   11.0424   -0.0334
5605.4992   11.0385   -0.0686
5605.6614   11.0313   -0.1341
5605.5501   11.0257   -0.1846
5605.2831   11.0456   -0.0047
5605.3128   11.0362   -0.0898
5605.0875   11.0269   -0.1739
5604.7844   11.0210   -0.2274
5604.8226   11.0167   -0.2657
5604.5206   11.0227   -0.2115
5604.8628   11.0159   -0.2732
5604.9050   11.0186   -0.2492
5604.6111   11.0227   -0.2119
5605.4079   11.0237   -0.2026
5605.2383   11.0209   -0.2280
5604.9488   11.0258   -0.1835
5604.9940   11.0400   -0.0552
5604.7101   11.0449   -0.0110
5605.0404   11.0112   -0.3155
5604.8157   11.0400   -0.0554
5605.3764   11.0341   -0.1082
5605.3447   11.0315   -0.1316
5605.1606   11.0268   -0.1741
5604.1391   11.0492    0.0281
5604.1701   11.0322   -0.1260
5603.7976   11.0389   -0.0649
5603.3630   11.0586    0.1131
5603.3930   11.0483    0.0201
5602.9602   11.0566    0.0951
5603.4292   11.0350   -0.1001
5603.4713   11.0154   -0.2780
5603.0371   11.0263   -0.1793
5602.4754   11.0667    0.1866
5602.4971   11.0430   -0.0279
5602.0144   11.0583    0.1110
5601.4984   11.0627    0.1501
5601.5103   11.0532    0.0644
5600.9896   11.0446   -0.0137
5601.5331   11.0446   -0.0131
5601.5666   11.0437   -0.0217
5601.0356   11.0313   -0.1339
5602.6187   11.0311   -0.1355
5602.6774   11.0298   -0.1472
5602.1838   11.0193   -0.2427
5601.6107   11.0395   -0.0597
5601.6653   11.0367   -0.0853
5601.1268   11.0349   -0.1009
5601.7301   11.0135   -0.2947
5601.8046   11.0251   -0.1896
5601.2614   11.0215   -0.2223
5602.5710   11.0367   -0.0847
5602.5305   11.0475    0.0126
5602.0792   11.0378   -0.0746
5604.5540   11.0337   -0.1119
5604.2775   11.0347   -0.1029
5603.8013   11.0336   -0.1133
5603.8875   11.0180   -0.2545
5603.4610   11.0275   -0.1678
5603.9769   11.0228   -0.2110
5603.6547   11.0174   -0.2598
5602.9051   11.0308   -0.1380
5602.9963   11.0298   -0.1470
5602.5039   11.0282   -0.1621
5601.8891   11.0260   -0.1821
5601.9824   11.0250   -0.1905
5601.4369   11.0291   -0.1534
5602.0842   11.0219   -0.2191
5602.1941   11.0132   -0.2978
5601.6498   11.0265   -0.1769
5603.3085   11.0075   -0.3492
5602.9465   11.0073   -0.3506
5602.3117   11.0033   -0.3875
5602.4359   11.0155   -0.2768
5601.8963   11.0264   -0.1777
5602.5664   11.0260   -0.1822
5602.1714   11.0205   -0.2314
5603.2006   11.0014   -0.4046
5603.0963   11.0169   -0.2646
5602.7121   11.0017   -0.4017
5604.4929   11.0651    0.1724
5604.4334   11.0694    0.2112
5604.3759   11.0108   -0.3198
5604.1295   11.0375   -0.0778
5603.7292   11.0312   -0.1351
5604.3204   11.0280   -0.1636
5604.2675   11.0389   -0.0649
5604.2174   11.0254   -0.1870
5603.8863   11.0306   -0.1399
5603.5306   11.0185   -0.2495
5603.2901   11.0221   -0.2173
5602.8229   11.0328   -0.1201
5603.1475   11.0232   -0.2074
5602.7468   11.0292   -0.1526
5602.3260   11.0301   -0.1448
5603.6579   11.0220   -0.2177
5604.0024   11.0348   -0.1025
5603.5915   11.0280   -0.1634
5605.7944   11.0633    0.1558
5605.7944   11.0608    0.1329
5605.7944   11.0528    0.0607
5605.7296   11.0637    0.1596
5605.6225   11.0684    0.2021
5605.7944   11.0602    0.1277
5605.7944   11.0256   -0.1855
5605.7944   11.0538    0.0698
5605.7944   11.0378   -0.0753
5605.7295   11.0625    0.1483
5605.6221   11.0579    0.1069
5605.6221   11.0527    0.0599
5605.4715   11.0631    0.1544
5605.2814   11.0396   -0.0588
5605.4712   11.0870    0.3701
5605.2811   11.0481    0.0184
5605.2822   11.0756    0.2674
5605.0513   11.0409   -0.0473
5604.7838   11.0104   -0.3231
5605.6215   11.0675    0.1935
5605.7295   11.0581    0.1092
5605.6214   11.0535    0.0668
5605.7944   11.0431   -0.0271
5605.7944   11.0424   -0.0337
5605.7944   11.0187   -0.2483
5605.7944   11.0078   -0.3468
5605.7295   11.0243   -0.1975
5605.6221   11.0070   -0.3537
5605.6221   11.0067   -0.3565
5605.7944   11.0306   -0.1399
5605.7944   11.0080   -0.3444
5605.7944   11.0166   -0.2670
5605.7296   11.0220   -0.2184
5605.6225   11.0425   -0.0327
5605.4712   11.0204   -0.2329
5605.2822   11.0323   -0.1250
5605.2811   11.0374   -0.0789
5605.4715   11.0423   -0.0339
5605.2814   11.0479    0.0169
5605.0513   11.0449   -0.0106
5604.7838   11.0441   -0.0180
5605.6214   11.0168   -0.2653
5605.7295   11.0107   -0.3206
5605.6215   11.0282   -0.1622
5604.4634   11.0394   -0.0604
5604.1238   11.0432   -0.0260
5604.4452   11.0383   -0.0703
5604.1136   11.0696    0.2133
5604.1085   11.0369   -0.0834
5603.7515   11.0398   -0.0570
5603.3505   11.0540    0.0721
5604.4452   11.0481    0.0181
5604.1085   11.0546    0.0772
5604.1136   11.0639    0.1613
5604.4634   11.0454   -0.0060
5604.1238   11.0539    0.0709
5603.7515   11.0711    0.2262
5603.3505   11.0840    0.3429
5602.9171   11.0549    0.0798
5602.4648   11.0749    0.2610
5602.9171   11.0733    0.2461
5602.4648   11.0703    0.2193
5601.9901   11.0706    0.2220
5603.3414   11.0492    0.0286
5603.7400   11.0613    0.1380
5603.3414   11.0536    0.0680
5604.7719   11.0496    0.0315
5605.0439   11.0651    0.1722
5605.2764   11.0425   -0.0322
5604.7638   11.0398   -0.0571
5604.7598   11.0147   -0.2839
5605.4709   11.0399   -0.0558
5605.6212   11.0240   -0.1999
5605.7294   11.0252   -0.1894
5605.6212   11.0181   -0.2530
5605.4709   11.0242   -0.1977
5604.7598   11.0303   -0.1428
5604.7638   11.0277   -0.1666
5605.2764   11.0360   -0.0909
5605.0439   11.0342   -0.1078
5604.7719   11.0383   -0.0704
5605.0369   11.0462    0.0007
5605.2749   11.0396   -0.0585
5605.2749   11.0318   -0.1290
5602.7024   11.0928    0.4228
5602.5664   11.0909    0.4061
5602.4359   11.0679    0.1977
5602.3117   11.0454   -0.0062
5602.9465   11.0636    0.1590
5603.4232   11.1317    0.7748
5603.3085   11.0959    0.4515
5602.1941   11.0427   -0.0307
5602.0842   11.0363   -0.0885
5601.9824   11.0408   -0.0479
5601.8891   11.0515    0.0494
5602.5039   11.0436   -0.0223
5602.9963   11.0403   -0.0527
5602.9051   11.0447   -0.0124
5603.6547   11.0888    0.3870
5604.0690   11.1141    0.6154
5603.9769   11.0608    0.1333
5603.4610   11.0451   -0.0085
5603.8875   11.0635    0.1580
5603.8013   11.0368   -0.0836
5604.2775   11.0598    0.1242
5604.6273   11.0611    0.1358
5604.5540   11.0617    0.1410
5603.2006   11.0575    0.1038
5602.7121   11.0427   -0.0308
5603.0963   11.0519    0.0526
5601.8046   11.0571    0.0996
5601.7301   11.0523    0.0560
5601.6653   11.0411   -0.0453
5601.6107   11.0319   -0.1287
5602.1838   11.0570    0.0988
5602.6774   11.0643    0.1647
5602.6187   11.0627    0.1509
5601.5666   11.0374   -0.0787
5601.5331   11.0459   -0.0015
5601.5103   11.0521    0.0549
5601.4984   11.0554    0.0843
5602.0144   11.0599    0.1250
5602.4971   11.0691    0.2087
5602.4754   11.0714    0.2296
5603.0371   11.0659    0.1795
5603.4713   11.0703    0.2193
5603.4292   11.0664    0.1841
5602.9602   11.0753    0.2647
5603.3930   11.0754    0.2655
5603.3630   11.0849    0.3512
5603.7976   11.0647    0.1690
5604.1701   11.0619    0.1436
5604.1391   11.0651    0.1726
5602.5710   11.0548    0.0790
5602.0792   11.0440   -0.0188
5602.5305   11.0629    0.1518
5604.8157   11.0726    0.2404
5605.0876   11.0903    0.4003
5605.0404   11.0850    0.3521
5604.7101   11.0657    0.1779
5604.9940   11.0741    0.2537
5604.9488   11.0721    0.2354
5605.2383   11.0865    0.3663
5605.4407   11.0996    0.4843
5605.4079   11.0813    0.3186
5604.6111   11.0716    0.2311
5604.9050   11.0734    0.2471
5604.8628   11.0748    0.2602
5604.5206   11.0595    0.1216
5604.8226   11.0613    0.1380
5604.7844   11.0435   -0.0233
5605.0875   11.0734    0.2470
5605.3128   11.0744    0.2559
5605.2831   11.0693    0.2103
5605.5501   11.0647    0.1686
5605.6800   11.0612    0.1366
5605.6614   11.0554    0.0843
5605.4992   11.0608    0.1332
5605.6422   11.0501    0.0364
5605.6225   11.0534    0.0667
5605.7431   11.0439   -0.0200
5605.8008   11.0415   -0.0417
5605.7944   11.0437   -0.0214
5605.3764   11.0680    0.1986
5605.1606   11.0709    0.2247
5605.3447   11.0688    0.2053
5604.4929   11.0599    0.1248
5604.1295   11.0536    0.0682
5603.7292   11.0466    0.0045
5604.4334   11.0589    0.1161
5604.3759   11.0656    0.1769
5603.2901   11.0489    0.0256
5602.8229   11.0528    0.0608
5602.3260   11.0569    0.0975
5602.7468   11.0631    0.1542
5603.1475   11.0665    0.1848
5604.3204   11.0698    0.2150
5604.2675   11.0691    0.2086
5603.5306   11.0661    0.1812
5603.8863   11.0676    0.1953
5604.2174   11.0660    0.1800
5604.0024   11.0626    0.1491
5603.6579   11.0587    0.1142
5603.5915   11.0615    0.1392
5601.4984   11.0515    0.0495
5601.5103   11.0519    0.0525
5601.5331   11.0506    0.0412
5601.5666   11.0500    0.0357
5602.0144   11.0610    0.1350
5602.4754   11.0697    0.2139
5602.4971   11.0641    0.1633
5601.6107   11.0433   -0.0255
5601.6653   11.0329   -0.1191
5601.7301   11.0251   -0.1896
5601.8046   11.0042   -0.3789
5602.1838   11.0294   -0.1511
5602.6187   11.0331   -0.1176
5602.6774   11.0075   -0.3492
5602.9602   11.0770    0.2800
5603.3630   11.0818    0.3234
5603.3930   11.0753    0.2649
5603.0371   11.0433   -0.0251
5603.4292   11.0579    0.1072
5603.4713   11.0291   -0.1539
5603.7976   11.0646    0.1673
5604.1391   11.0677    0.1960
5604.1701   11.0549    0.0796
5602.5305   11.0582    0.1099
5602.0792   11.0528    0.0607
5602.5710   11.0541    0.0726
5601.8891   11.0281   -0.1624
5601.9824   11.0568    0.0973
5602.0842   11.0724    0.2387
5602.1941   11.0707    0.2231
5602.5039   11.0543    0.0744
5602.9051   11.0331   -0.1176
5602.9963   11.0293   -0.1521
5602.3117   11.0969    0.4603
5602.4359   11.0980    0.4705
5602.5664   11.1610    1.0404
5602.7024   11.1517    0.9564
5602.9465   11.1678    1.1023
5603.3085   11.1059    0.5418
5603.4232   11.0995    0.4835
5603.4610   10.9876   -0.5298
5603.8013   10.9822   -0.5785
5603.8875   10.9796   -0.6017
5603.6547   11.0300   -0.1454
5603.9769   10.9816   -0.5837
5604.0690   11.0209   -0.2280
5604.2775   10.9941   -0.4708
5604.5540   11.0018   -0.4012
5604.6273   11.0063   -0.3597
5603.0963   11.0334   -0.1150
5602.7121   11.0799    0.3064
5603.2006   11.1005    0.4926
5604.5206   11.0569    0.0982
5604.7844   11.0540    0.0717
5604.8226   11.0611    0.1359
5604.6111   11.0321   -0.1269
5604.8628   11.0508    0.0424
5604.9050   11.0350   -0.1002
5605.0875   11.0605    0.1306
5605.2831   11.0683    0.2014
5605.3128   11.0628    0.1515
5604.7101   10.9937   -0.4746
5604.9488   11.0251   -0.1896
5604.9940   11.0242   -0.1982
5604.8157   11.0159   -0.2728
5605.0404   11.0293   -0.1517
5605.0876   11.0392   -0.0620
5605.2383   11.0515    0.0493
5605.4079   11.0719    0.2338
5605.4407   11.0714    0.2296
5605.4992   11.0637    0.1596
5605.6225   11.0674    0.1926
5605.6422   11.0665    0.1845
5605.5501   11.0732    0.2455
5605.6614   11.0686    0.2034
5605.6800   11.0843    0.3463
5605.7431   11.0704    0.2197
5605.7944   11.0710    0.2252
5605.8008   11.0783    0.2917
5605.3447   11.0601    0.1270
5605.1606   11.0464    0.0032
5605.3764   11.0627    0.1508
5604.2174   11.0506    0.0409
5603.8863   11.0203   -0.2331
5603.5306   10.9948   -0.4646
5604.2675   11.0246   -0.1946
5604.3204   10.9913   -0.4962
5603.1475   10.9747   -0.6463
5602.7468   10.9953   -0.4593
5602.3260   11.0286   -0.1584
5602.8229   11.0211   -0.2265
5603.2901   11.0078   -0.3464
5604.3759   10.9848   -0.5552
5604.4334   10.9820   -0.5805
5603.7292   10.9697   -0.6916
5604.1295   10.9867   -0.5378
5604.4929   10.9948   -0.4639
5604.0024   10.9688   -0.6999
5603.5915   10.9538   -0.8350
5603.6579   10.9556   -0.8188
5605.8160   11.0493    0.0293
5605.8008   11.0611    0.1359
5605.8008   11.0518    0.0518
5605.8160   11.0360   -0.0914
5605.8008   11.0436   -0.0225
5605.8008   11.0449   -0.0104
5605.7553   11.0646    0.1680
5605.6800   11.1204    0.6731
5605.6800   11.1021    0.5075
5605.8160   11.0356   -0.0950
5605.8008   11.0334   -0.1146
5605.8008   11.0241   -0.1986
5605.8160   11.0645    0.1669
5605.8008   11.0500    0.0355
5605.8008   11.0489    0.0260
5605.7553   11.0351   -0.0998
5605.6798   11.0339   -0.1100
5605.6798   11.0373   -0.0791
5605.5737   11.1412    0.8614
5605.4407   11.1894    1.2972
5605.4396   11.0818    0.3237
5605.5736   11.0401   -0.0542
5605.4395   11.0648    0.1695
5605.4403   11.0624    0.1476
5605.2769   11.1134    0.6097
5605.0876   11.1219    0.6860
5605.0872   11.0817    0.3226
5605.6794   11.0685    0.2026
5605.7553   11.0402   -0.0534
5605.6793   11.0409   -0.0466
5605.8160   11.0530    0.0631
5605.8008   11.0410   -0.0462
5605.8008   11.0571    0.0999
5605.8160   11.0588    0.1154
5605.8008   11.0618    0.1423
5605.8008   11.0731    0.2445
5605.7553   11.0626    0.1492
5605.6798   11.0641    0.1631
5605.6798   11.0752    0.2639
5605.8160   11.0837    0.3405
5605.8008   11.0897    0.3949
5605.8008   11.0965    0.4561
5605.8160   11.0923    0.4185
5605.8008   11.0968    0.4588
5605.8008   11.0972    0.4629
5605.7553   11.1041    0.5256
5605.6800   11.1190    0.6604
5605.6800   11.1225    0.6918
5605.5736   11.0799    0.3059
5605.4403   11.0921    0.4169
5605.4395   11.0964    0.4556
5605.5737   11.1167    0.6393
5605.4396   11.1058    0.5409
5605.4407   11.1334    0.7906
5605.2769   11.1037    0.5217
5605.0872   11.1380    0.8318
5605.0876   11.1425    0.8725
5605.6793   11.0917    0.4127
5605.7553   11.0909    0.4054
5605.6794   11.1078    0.5588
5604.8594   11.0348   -0.1020
5604.6273   11.0613    0.1381
5604.6168   11.0483    0.0200
5604.8469   11.0615    0.1399
5604.6098   11.0572    0.1003
5604.6062   11.0770    0.2798
5604.3496   11.0666    0.1859
5604.0690   11.1570    1.0043
5604.0604   11.1093    0.5725
5604.8469   11.1188    0.6580
5604.6062   11.0842    0.3455
5604.6098   11.0959    0.4508
5604.8594   11.1580    1.0134
5604.6168   11.0404   -0.0514
5604.6273   11.1788    1.2019
5604.3496   11.1082    0.5624
5604.0604   11.1397    0.8479
5604.0690   11.1274    0.7365
5603.7460   11.1255    0.7191
5603.4232   11.0855    0.3572
5603.4158   11.1457    0.9019
5603.7460   11.1604    1.0349
5603.4158   11.1835    1.2444
5603.4232   11.1167    0.6397
5603.0668   11.1156    0.6298
5602.7024   11.0815    0.3207
5602.7024   11.1177    0.6482
5604.0541   11.0914    0.4104
5604.3417   11.1069    0.5506
5604.0541   11.1706    1.1273
5605.0790   11.1107    0.5851
5605.2719   11.0804    0.3106
5605.4363   11.0509    0.0436
5605.0735   11.0698    0.2146
5605.0707   11.0646    0.1679
5605.5734   11.0454   -0.0065
5605.6792   11.0512    0.0465
5605.7552   11.0504    0.0391
5605.6792   11.0622    0.1457
5605.5734   11.0678    0.1965
5605.0707   11.0915    0.4113
5605.0735   11.0603    0.1286
5605.4363   11.0752    0.2635
5605.2719   11.0802    0.3087
5605.0790   11.0888    0.3872
5605.2672   11.0869    0.3697
5605.4353   11.0562    0.0913
5605.4353   11.0704    0.2201
5605.7944   11.0328   -0.1201
5605.7296   11.0244   -0.1963
5605.6225   11.0502    0.0375
5605.7944   11.0186   -0.2486
5605.7944   11.0338   -0.1111
5605.4715   11.0688    0.2057
5605.2814   11.0658    0.1782
5605.0513   11.0443   -0.0165
5604.7838   11.0442   -0.0169
5605.2811   11.0634    0.1572
5605.4712   11.0644    0.1656
5605.2822   11.0710    0.2252
5605.7944   11.0288   -0.1567
5605.7944   11.0550    0.0808
5605.6221   11.0709    0.2251
5605.7295   11.0722    0.2361
5605.6221   11.0834    0.3381
5605.7944   11.0693    0.2098
5605.7944   11.0729    0.2429
5605.7295   11.0489    0.0256
5605.6215   11.0642    0.1637
5605.6214   11.0683    0.2009
5604.4634   11.0539    0.0704
5604.1238   11.0750    0.2621
5603.7515   11.0877    0.3766
5603.3505   11.0901    0.3985
5604.1136   11.0837    0.3409
5604.4452   11.0740    0.2524
5604.1085   11.0878    0.3773
5602.9171   11.0850    0.3523
5602.4648   11.0756    0.2675
5601.9901   11.0624    0.1480
5602.4648   11.0697    0.2139
5602.9171   11.0774    0.2834
5604.1085   11.0807    0.3134
5604.4452   11.0802    0.3091
5604.1136   11.0760    0.2706
5603.3505   11.0732    0.2452
5603.7515   11.0755    0.2663
5604.1238   11.0773    0.2828
5604.4634   11.0674    0.1926
5603.7400   11.0873    0.3728
5603.3414   11.0910    0.4067
5603.3414   11.0785    0.2936
5605.7944   11.0477    0.0151
5605.7944   11.0480    0.0170
5605.6221   11.0600    0.1259
5605.7295   11.0507    0.0423
5605.6221   11.0583    0.1104
5605.7944   11.0526    0.0589
5605.7944   11.0599    0.1253
5605.2822   11.0548    0.0787
5605.4712   11.0516    0.0503
5605.2811   11.0495    0.0307
5604.7838   11.0570    0.0989
5605.0513   11.0515    0.0491
5605.2814   11.0533    0.0650
5605.4715   11.0677    0.1953
5605.7944   11.0723    0.2372
5605.7944   11.0791    0.2989
5605.6225   11.0756    0.2672
5605.7296   11.0724    0.2382
5605.7944   11.0795    0.3029
5605.7295   11.0632    0.1554
5605.6214   11.0579    0.1072
5605.6215   11.0654    0.1751
5605.7294   11.0680    0.1981
5605.6212   11.0849    0.3512
5605.4709   11.0779    0.2880
5605.6212   11.0676    0.1947
5605.4709   11.0684    0.2019
5605.2764   11.0799    0.3059
5605.0439   11.0684    0.2021
5604.7719   11.0510    0.0447
5604.7638   11.0651    0.1726
5604.7598   11.0714    0.2291
5605.2764   11.0698    0.2150
5605.0439   11.0691    0.2088
5604.7598   11.0794    0.3014
5604.7638   11.0743    0.2559
5604.7719   11.0683    0.2009
5605.2749   11.0774    0.2833
5605.2749   11.0721    0.2359
5605.0369   11.0803    0.3094
5603.0668   11.1245    0.7100
5603.4158   11.1336    0.7928
5603.7460   11.1154    0.6277
5603.4158   11.1138    0.6132
5603.7460   11.0016   -0.4030
5604.0604   11.1324    0.7814
5604.3496   11.0718    0.2332
5604.6168   11.0304   -0.1416
5604.8594   11.0522    0.0551
5604.6098   11.1054    0.5372
5604.6062   11.0649    0.1705
5604.8469   11.0945    0.4380
5604.0604   11.0221   -0.2167
5604.3496   11.0303   -0.1431
5604.6062   11.0644    0.1655
5604.6098   11.0344   -0.1060
5604.8469   11.0130   -0.2993
5604.6168   11.0202   -0.2339
5604.8594   11.0024   -0.3958
5604.0541   11.0208   -0.2286
5604.0541   11.1076    0.5567
5604.3417   11.0709    0.2245
5605.0872   11.0860    0.3616
5605.2769   11.0926    0.4208
5605.4396   11.1058    0.5405
5605.5737   11.0999    0.4872
5605.4395   11.1135    0.6105
5605.4403   11.0904    0.4013
5605.5736   11.0804    0.3103
5605.6800   11.0838    0.3416
5605.7553   11.0581    0.1088
5605.8008   11.0463    0.0019
5605.8160   11.0423   -0.0345
5605.8008   11.0540    0.0718
5605.8008   11.0492    0.0283
5605.8160   11.0655    0.1755
5605.6798   11.1160    0.6326
5605.6798   11.1119    0.5955
5605.7553   11.0861    0.3625
5605.8008   11.0846    0.3489
5605.8008   11.0688    0.2061
5605.8160   11.0617    0.1412
5605.8008   11.0111   -0.3167
5605.8008   11.0611    0.1357
5605.8160   10.9392   -0.9673
5605.6793   11.0889    0.3874
5605.6794   11.0985    0.4750
5605.7553   11.0893    0.3909
5605.0872   10.9764   -0.6305
5605.2769   11.0441   -0.0178
5605.4403   11.1001    0.4886
5605.4395   11.0716    0.2310
5605.5736   11.1157    0.6300
5605.4396   11.0398   -0.0571
5605.5737   11.0540    0.0714
5605.6798   11.0901    0.3986
5605.6798   11.0298   -0.1470
5605.7553   11.0327   -0.1209
5605.8008   11.0734    0.2477
5605.8008   11.0690    0.2077
5605.8160   11.0464    0.0030
5605.8008   10.9551   -0.8236
5605.8008   10.9867   -0.5374
5605.8160   11.0376   -0.0767
5605.6800   11.0653    0.1737
5605.7553   11.0969    0.4605
5605.8008   11.0680    0.1982
5605.8008   11.1028    0.5139
5605.8160   11.0940    0.4335
5605.8008   11.1417    0.8658
5605.8160   11.0871    0.3709
5605.6794   11.0894    0.3925
5605.6793   11.0557    0.0870
5605.7553   11.0275   -0.1681
5605.0790   11.0502    0.0373
5605.0735   11.0420   -0.0365
5605.0707   11.0279   -0.1650
5605.2719   11.0603    0.1291
5605.4363   11.0543    0.0748
5605.0707   11.0671    0.1902
5605.0735   11.0712    0.2275
5605.0790   11.1229    0.6957
5605.2719   11.1274    0.7363
5605.4363   11.1651    1.0775
5605.5734   11.0630    0.1535
5605.6792   11.0795    0.3027
5605.5734   11.1397    0.8474
5605.6792   11.0766    0.2760
5605.7552   11.0776    0.2856
5605.4353   11.0635    0.1581
5605.2672   11.0635    0.1582
5605.4353   11.0660    0.1807
5605.7944   11.0506    0.0406
5605.7431   11.0667    0.1864
5605.6614   11.1148    0.6224
5605.5501   11.1758    1.1747
5605.6422   11.0726    0.2405
5605.6225   11.1370    0.8228
5605.4992   11.1432    0.8789
5605.4079   11.1525    0.9634
5605.2383   11.1735    1.1534
5605.0404   11.1102    0.5806
5604.8157   11.0693    0.2099
5604.9940   11.1235    0.7006
5604.9488   11.1082    0.5628
5604.7101   11.1390    0.8415
5605.3128   11.1159    0.6321
5605.2831   11.1242    0.7074
5605.0875   11.0261   -0.1809
5604.9050   11.0451   -0.0088
5604.8628   10.9764   -0.6305
5604.6111   11.0264   -0.1782
5604.8226   11.0403   -0.0525
5604.7844   11.0619    0.1434
5604.5206   11.0729    0.2425
5605.3447   11.0816    0.3214
5605.3764   11.1921    1.3216
5605.1606   11.0894    0.3920
5604.5540   11.0751    0.2629
5604.2775   11.1238    0.7035
5603.9769   11.0807    0.3138
5603.6547   11.1517    0.9566
5603.8875   11.1272    0.7345
5603.8013   11.1126    0.6019
5603.4610   11.1269    0.7315
5603.3085   11.1063    0.5449
5602.9465   11.0746    0.2578
5602.5664   11.0666    0.1854
5602.1714   11.0485    0.0222
5602.4359   11.0212   -0.2250
5602.3117   10.9680   -0.7069
5601.8963   10.9978   -0.4371
5602.9963   11.1213    0.6806
5602.9051   11.0471    0.0092
5602.5039   11.0576    0.1046
5602.1941   11.0168   -0.2647
5602.0842   11.0530    0.0630
5601.6498   10.9846   -0.5566
5601.9824   11.0049   -0.3725
5601.8891   11.0024   -0.3951
5601.4369   10.9823   -0.5775
5603.0963   11.0777    0.2862
5603.2006   11.0492    0.0284
5602.7121   11.0079   -0.3458
5604.1701   11.0599    0.1254
5604.1391   11.0634    0.1569
5603.7976   11.0667    0.1870
5603.4713   11.0187   -0.2480
5603.4292   11.0069   -0.3547
5603.0371   10.9953   -0.4599
5603.3930   11.0732    0.2453
5603.3630   11.1040    0.5243
5602.9602   11.0708    0.2240
5602.6774   11.0233   -0.2062
5602.6187   11.0445   -0.0145
5602.1838   11.0420   -0.0368
5601.8046   11.0321   -0.1266
5601.7301   11.0386   -0.0679
5601.2614   11.0498    0.0337
5601.6653   11.0450   -0.0095
5601.6107   11.0528    0.0611
5601.1268   11.0439   -0.0196
5602.4971   11.0386   -0.0680
5602.4754   11.0885    0.3842
5602.0144   11.0192   -0.2434
5601.5666   11.0280   -0.1637
5601.5331   11.0430   -0.0278
5601.0356   11.0307   -0.1389
5601.5103   11.0545    0.0762
5601.4984   11.0511    0.0451
5600.9896   11.0705    0.2215
5602.5305   11.0081   -0.3438
5602.5710   11.0277   -0.1664
5602.0792   11.0256   -0.1856
5604.2174   11.0660    0.1800
5604.2675   11.1013    0.4999
5604.3204   11.0612    0.1371
5603.8863   11.0654    0.1750
5603.5306   11.0697    0.2137
5604.3759   11.1115    0.5921
5604.4334   11.1231    0.6975
5604.4929   11.0988    0.4777
5604.1295   11.0827    0.3311
5603.7292   11.1015    0.5020
5603.1475   11.0919    0.4152
5602.7468   11.0872    0.3718
5603.2901   11.0991    0.4798
5602.8229   11.0736    0.2491
5602.3260   11.0439   -0.0195
5603.5915   11.0992    0.4813
5604.0024   11.1342    0.7977
5603.6579   11.0957    0.4488
5605.7944   11.0360   -0.0917
5605.7431   11.0567    0.0963
5605.6225   11.1177    0.6488
5605.6422   11.1678    1.1016
5605.4992   11.1729    1.1477
5605.6614   11.0982    0.4718
5605.5501   11.1139    0.6142
5605.2831   11.0185   -0.2500
5605.3128   11.0895    0.3928
5605.0875   10.9778   -0.6179
5604.7844   10.9852   -0.5515
5604.8226   10.9836   -0.5660
5604.5206   11.0332   -0.1162
5604.8628   10.9581   -0.7960
5604.9050   10.9582   -0.7954
5604.6111   10.9359   -0.9971
5605.4079   11.1100    0.5782
5605.2383   11.1117    0.5941
5604.9488   11.0377   -0.0756
5604.9940   10.9979   -0.4363
5604.7101   11.0555    0.0856
5605.0404   11.0546    0.0773
5604.8157   11.0234   -0.2058
5605.3764   11.1490    0.9314
5605.3447   11.0844    0.3470
5605.1606   11.0275   -0.1683
5604.1391   10.9530   -0.8424
5604.1701   10.9866   -0.5388
5603.7976   10.9614   -0.7669
5603.3630   11.0273   -0.1696
5603.3930   10.9893   -0.5140
5602.9602   11.0684    0.2020
5603.4292   11.0143   -0.2875
5603.4713   11.0450   -0.0096
5603.0371   11.0445   -0.0148
5602.4754   11.0661    0.1809
5602.4971   11.0791    0.2986
5602.0144   11.1061    0.5429
5601.4984   11.0822    0.3273
5601.5103   11.0690    0.2073
5600.9896   11.1176    0.6478
5601.5331   11.1300    0.7598
5601.5666   11.1275    0.7369
5601.0356   11.0769    0.2789
5602.6187   11.0908    0.4051
5602.6774   11.0760    0.2712
5602.1838   11.0583    0.1106
5601.6107   11.1096    0.5750
5601.6653   11.1067    0.5486
5601.1268   11.1090    0.5696
5601.7301   11.0912    0.4087
5601.8046   11.1005    0.4923
5601.2614   11.0912    0.4088
5602.5710   11.0690    0.2071
5602.5305   11.0702    0.2184
5602.0792   11.1320    0.7781
5604.5540   11.0380   -0.0730
5604.2775   11.0106   -0.3212
5603.8013   11.0343   -0.1063
5603.8875   11.0072   -0.3521
5603.4610   11.0258   -0.1832
5603.9769   10.9819   -0.5809
5603.6547   10.9770   -0.6256
5602.9051   10.9813   -0.5865
5602.9963   10.9768   -0.6271
5602.5039   11.0253   -0.1883
5601.8891   11.0561    0.0907
5601.9824   11.0240   -0.2000
5601.4369   11.0463    0.0020
5602.0842   11.0363   -0.0886
5602.1941   11.0106   -0.3212
5601.6498   11.0478    0.0152
5603.3085   10.9683   -0.7045
5602.9465   10.9913   -0.4961
5602.3117   11.0494    0.0304
5602.4359   11.0545    0.0760
5601.8963   11.0887    0.3860
5602.5664   11.0186   -0.2489
5602.1714   11.0330   -0.1185
5603.2006   11.0031   -0.3892
5603.0963   11.0223   -0.2149
5602.7121   10.9970   -0.4439
5604.4929   11.0393   -0.0613
5604.4334   11.0486    0.0225
5604.3759   10.9945   -0.4668
5604.1295   11.0152   -0.2796
5603.7292   11.0074   -0.3506
5604.3204   10.9542   -0.8317
5604.2675   10.9965   -0.4485
5604.2174   10.9682   -0.7046
5603.8863   11.0071   -0.3528
5603.5306   10.9957   -0.4560
5603.2901   10.9764   -0.6305
5602.8229   11.0382   -0.0710
5603.1475   11.0290   -0.1548
5602.7468   11.0778    0.2869
5602.3260   11.0896    0.3940
5603.6579   10.9665   -0.7201
5604.0024   11.0100   -0.3264
5603.5915   11.0384   -0.0697
5605.7944   11.1654    1.0806
5605.7944   11.1188    0.6584
5605.7944   11.1042    0.5260
5605.7296   11.1618    1.0480
5605.6225   11.0651    0.1721
5605.7944   11.0484    0.0208
5605.7944   11.0137   -0.2930
5605.7944   11.0261   -0.1805
5605.7944   11.0644    0.1656
5605.7295   11.0152   -0.2800
5605.6221   11.0174   -0.2599
5605.6221   11.0544    0.0750
5605.4715   10.9997   -0.4196
5605.2814   10.9774   -0.6222
5605.4712   11.0520    0.0539
5605.2811   11.0507    0.0420
5605.2822   11.0004   -0.4139
5605.0513   11.0893    0.3910
5604.7838   11.0250   -0.1905
5605.6215   11.0144   -0.2871
5605.7295   11.0124   -0.3052
5605.6214   10.9619   -0.7623
5605.7944   11.1257    0.7208
5605.7944   11.0311   -0.1356
5605.7944   10.9807   -0.5923
5605.7944   11.0947    0.4402
5605.7295   11.0744    0.2566
5605.6221   11.1321    0.7783
5605.6221   11.1581    1.0137
5605.7944   11.0086   -0.3393
5605.7944   11.0798    0.3051
5605.7944   11.0745    0.2575
5605.7296   11.0822    0.3266
5605.6225   11.1060    0.5426
5605.4712   11.1543    0.9798
5605.2822   11.0463    0.0019
5605.2811   11.0649    0.1704
5605.4715   11.1073    0.5542
5605.2814   11.0671    0.1900
5605.0513   11.0579    0.1067
5604.7838   11.0266   -0.1766
5605.6214   11.1031    0.5166
5605.7295   11.0031   -0.3889
5605.6215   11.0445   -0.0146
5604.4634   11.0129   -0.3001
5604.1238   11.0524    0.0572
5604.4452   11.0964    0.4556
5604.1136   11.1047    0.5303
5604.1085   11.1063    0.5451
5603.7515   11.0385   -0.0691
5603.3505   11.0177   -0.2567
5604.4452   11.1209    0.6772
5604.1085   11.1416    0.8644
5604.1136   11.1911    1.3127
5604.4634   11.0207   -0.2299
5604.1238   11.1152    0.6254
5603.7515   11.1489    0.9309
5603.3505   11.1534    0.9719
5602.9171   11.0368   -0.0838
5602.4648   11.0091   -0.3343
5602.9171   11.0683    0.2015
5602.4648   11.0140   -0.2906
5601.9901   11.0122   -0.3065
5603.3414   11.0262   -0.1799
5603.7400   11.1624    1.0526
5603.3414   11.1100    0.5791
5604.7719   11.0456   -0.0046
5605.0439   11.0356   -0.0950
5605.2764   11.0106   -0.3215
5604.7638   11.0453   -0.0075
5604.7598   11.0285   -0.1594
5605.4709   11.0787    0.2951
5605.6212   11.0940    0.4340
5605.7294   11.0656    0.1766
5605.6212   11.0864    0.3654
5605.4709   11.1172    0.6443
5604.7598   11.1107    0.5846
5604.7638   11.0844    0.3472
5605.2764   11.1002    0.4904
5605.0439   11.0289   -0.1552
5604.7719   11.0166   -0.2667
5605.0369   11.0109   -0.3185
5605.2749   11.0329   -0.1197
5605.2749   11.1058    0.5403
5602.7024   11.1130    0.6057
5602.5664   11.0994    0.4828
5602.4359   11.0893    0.3910
5602.3117   11.0817    0.3226
5602.9465   11.0769    0.2787
5603.4232   11.0572    0.1011
5603.3085   11.0597    0.1232
5602.1941   11.0758    0.2689
5602.0842   11.0698    0.2144
5601.9824   11.0695    0.2116
5601.8891   11.0700    0.2162
5602.5039   11.0683    0.2012
5602.9963   11.0665    0.1847
5602.9051   11.0714    0.2289
5603.6547   11.0472    0.0099
5604.0690   11.0365   -0.0872
5603.9769   11.0431   -0.0267
5603.4610   11.0591    0.1183
5603.8875   11.0526    0.0593
5603.8013   11.0612    0.1369
5604.2775   11.0457   -0.0036
5604.6273   11.0465    0.0041
5604.5540   11.0522    0.0554
5603.2006   11.0631    0.1538
5602.7121   11.0709    0.2249
5603.0963   11.0638    0.1606
5601.8046   11.0801    0.3076
5601.7301   11.0623    0.1464
5601.6653   11.0582    0.1101
5601.6107   11.0439   -0.0196
5602.1838   11.0742    0.2542
5602.6774   11.0763    0.2738
5602.6187   11.0664    0.1837
5601.5666   11.0304   -0.1420
5601.5331   10.9760   -0.6346
5601.5103   11.0056   -0.3666
5601.4984   11.0664    0.1842
5602.0144   11.0292   -0.1530
5602.4971   11.0582    0.1096
5602.4754   11.0684    0.2023
5603.0371   11.0697    0.2138
5603.4713   11.0638    0.1601
5603.4292   11.0677    0.1957
5602.9602   11.0640    0.1623
5603.3930   11.0663    0.1828
5603.3630   11.0678    0.1970
5603.7976   11.0542    0.0733
5604.1701   11.0483    0.0201
5604.1391   11.0424   -0.0331
5602.5710   11.0640    0.1624
5602.0792   11.0546    0.0771
5602.5305   11.0464    0.0031
5604.8157   11.0463    0.0023
5605.0876   11.0459   -0.0019
5605.0404   11.0377   -0.0760
5604.7101   11.0385   -0.0683
5604.9940   11.0363   -0.0888
5604.9488   11.0302   -0.1440
5605.2383   11.0342   -0.1078
5605.4407   11.0278   -0.1659
5605.4079   11.0258   -0.1838
5604.6111   11.0370   -0.0818
5604.9050   11.0293   -0.1520
5604.8628   11.0332   -0.1168
5604.5206   11.0520    0.0535
5604.8226   11.0411   -0.0451
5604.7844   11.0366   -0.0855
5605.0875   11.0301   -0.1444
5605.3128   11.0288   -0.1561
5605.2831   11.0301   -0.1450
5605.5501   11.0247   -0.1934
5605.6800   11.0282   -0.1619
5605.6614   11.0279   -0.1642
5605.4992   11.0289   -0.1556
5605.6422   11.0295   -0.1497
5605.6225   11.0316   -0.1314
5605.7431   11.0331   -0.1179
5605.8008   11.0356   -0.0947
5605.7944   11.0360   -0.0911
5605.3764   11.0260   -0.1820
5605.1606   11.0285   -0.1589
5605.3447   11.0290   -0.1543
5604.4929   11.0479    0.0160
5604.1295   11.0571    0.0994
5603.7292   11.0667    0.1868
5604.4334   11.0501    0.0366
5604.3759   11.0480    0.0176
5603.2901   11.0726    0.2403
5602.8229   11.0733    0.2463
5602.3260   11.0740    0.2525
5602.7468   11.0806    0.3121
5603.1475   11.0779    0.2881
5604.3204   11.0501    0.0361
5604.2675   11.0501    0.0363
5603.5306   11.0725    0.2395
5603.8863   11.0603    0.1283
5604.2174   11.0510    0.0447
5604.0024   11.0604    0.1297
5603.6579   11.0710    0.2256
5603.5915   11.0732    0.2454
5601.4984   11.0834    0.3379
5601.5103   11.0176   -0.2581
5601.5331   11.0294   -0.1507
5601.5666   11.0739    0.2521
5602.0144   11.0998    0.4859
5602.4754   11.0333   -0.1157
5602.4971   11.0347   -0.1032
5601.6107   11.0812    0.3182
5601.6653   11.1198    0.6677
5601.7301   11.0939    0.4326
5601.8046   11.1580    1.0132
5602.1838   11.1021    0.5068
5602.6187   11.1246    0.7108
5602.6774   11.0725    0.2388
5602.9602   11.0325   -0.1229
5603.3630   11.0591    0.1179
5603.3930   11.1029    0.5147
5603.0371   11.0605    0.1307
5603.4292   11.0204   -0.2327
5603.4713   11.1514    0.9534
5603.7976   11.1007    0.4943
5604.1391   11.0532    0.0643
5604.1701   11.0344   -0.1057
5602.5305   10.9882   -0.5239
5602.0792   11.0608    0.1329
5602.5710   11.0286   -0.1581
5601.8891   11.1668    1.0926
5601.9824   11.1535    0.9724
5602.0842   11.0708    0.2235
5602.1941   11.0488    0.0250
5602.5039   11.0998    0.4863
5602.9051   11.0901    0.3983
5602.9963   11.0721    0.2359
5602.3117   11.0049   -0.3729
5602.4359   10.9699   -0.6900
5602.5664   10.9820   -0.5805
5602.7024   10.9789   -0.6085
5602.9465   10.9545   -0.8292
5603.3085   10.9890   -0.5163
5603.4232   11.0111   -0.3165
5603.4610   11.0393   -0.0612
5603.8013   11.1132    0.6080
5603.8875   11.1092    0.5718
5603.6547   11.0240   -0.1997
5603.9769   11.0552    0.0827
5604.0690   11.0563    0.0925
5604.2775   11.1280    0.7417
5604.5540   11.2238    1.6092
5604.6273   11.1734    1.1528
5603.0963   11.0473    0.0110
5602.7121   11.0333   -0.1159
5603.2006   11.0242   -0.1984
5604.5206   11.0315   -0.1323
5604.7844   11.0703    0.2191
5604.8226   10.9876   -0.5296
5604.6111   11.0354   -0.0969
5604.8628   11.0141   -0.2897
5604.9050   11.0902    0.3994
5605.0875   11.0212   -0.2255
5605.2831   11.1074    0.5551
5605.3128   11.0804    0.3104
5604.7101   11.1254    0.7180
5604.9488   11.0687    0.2051
5604.9940   11.0454   -0.0059
5604.8157   11.2040    1.4293
5605.0404   11.0800    0.3075
5605.0876   11.1600    1.0316
5605.2383   11.0198   -0.2382
5605.4079   11.0769    0.2794
5605.4407   11.0551    0.0818
5605.4992   11.0795    0.3023
5605.6225   11.1016    0.5026
5605.6422   11.0616    0.1407
5605.5501   11.0562    0.0914
5605.6614   11.0481    0.0184
5605.6800   11.0353   -0.0979
5605.7431   11.0549    0.0796
5605.7944   11.0499    0.0347
5605.8008   11.0652    0.1735
5605.3447   11.0378   -0.0747
5605.1606   11.0427   -0.0305
5605.3764   11.0612    0.1367
5604.2174   10.9934   -0.4766
5603.8863   11.0527    0.0603
5603.5306   11.0564    0.0937
5604.2675   10.9832   -0.5693
5604.3204   11.0753    0.2644
5603.1475   11.0878    0.3773
5602.7468   11.0848    0.3509
5602.3260   11.0950    0.4433
5602.8229   11.0883    0.3819
5603.2901   11.1193    0.6632
5604.3759   11.2526    1.8699
5604.4334   11.2601    1.9378
5603.7292   11.1835    1.2437
5604.1295   11.1789    1.2022
5604.4929   11.2425    1.7783
5604.0024   11.2193    1.5677
5603.5915   11.1035    0.5199
5603.6579   11.1867    1.2728
5605.8160   11.0409   -0.0465
5605.8008   11.0407   -0.0488
5605.8008   11.0423   -0.0338
5605.8160   11.0443   -0.0162
5605.8008   11.0446   -0.0132
5605.8008   11.0488    0.0246
5605.7553   11.0402   -0.0535
5605.6800   11.0384   -0.0696
5605.6800   11.0488    0.0244
5605.8160   11.0507    0.0416
5605.8008   11.0477    0.0146
5605.8008   11.0542    0.0732
5605.8160   11.0683    0.2013
5605.8008   11.0692    0.2089
5605.8008   11.0917    0.4127
5605.7553   11.0668    0.1880
5605.6798   11.0610    0.1354
5605.6798   11.0766    0.2763
5605.5737   11.0599    0.1248
5605.4407   11.0665    0.1849
5605.4396   11.0642    0.1641
5605.5736   11.0626    0.1499
5605.4395   11.0617    0.1413
5605.4403   11.0679    0.1976
5605.2769   11.0689    0.2068
5605.0876   11.0765    0.2752
5605.0872   11.0663    0.1831
5605.6794   11.0509    0.0441
5605.7553   11.0497    0.0327
5605.6793   11.0519    0.0524
5605.8160   11.0677    0.1956
5605.8008   11.0908    0.4051
5605.8008   11.0664    0.1840
5605.8160   11.0450   -0.0101
5605.8008   11.0525    0.0585
5605.8008   11.0510    0.0444
5605.7553   11.0609    0.1346
5605.6798   11.0689    0.2067
5605.6798   11.0439   -0.0196
5605.8160   11.0618    0.1419
5605.8008   11.0484    0.0214
5605.8008   11.0539    0.0709
5605.8160   11.0531    0.0635
5605.8008   11.0482    0.0188
5605.8008   11.0499    0.0346
5605.7553   11.0436   -0.0222
5605.6800   11.0420   -0.0368
5605.6800   11.0359   -0.0922
5605.5736   11.0533    0.0650
5605.4403   11.0655    0.1757
5605.4395   11.0592    0.1191
5605.5737   11.0478    0.0156
5605.4396   11.0546    0.0774
5605.4407   11.0491    0.0274
5605.2769   11.0631    0.1543
5605.0872   11.0712    0.2274
5605.0876   11.0601    0.1273
5605.6793   11.0422   -0.0354
5605.7553   11.0386   -0.0681
5605.6794   11.0438   -0.0204
5604.8594   11.0722    0.2360
5604.6273   11.0556    0.0861
5604.6168   11.0561    0.0907
5604.8469   11.0606    0.1311
5604.6098   11.0575    0.1030
5604.6062   11.0554    0.0846
5604.3496   11.0417   -0.0397
5604.0690   11.0465    0.0038
5604.0604   11.0492    0.0285
5604.8469   11.0813    0.3191
5604.6062   11.0761    0.2715
5604.6098   11.0816    0.3217
5604.8594   11.0816    0.3213
5604.6168   11.0822    0.3267
5604.6273   11.0803    0.3095
5604.3496   11.0776    0.2851
5604.0604   11.0703    0.2191
5604.0690   11.0732    0.2459
5603.7460   11.0380   -0.0727
5603.4232   11.0261   -0.1810
5603.4158   11.0251   -0.1901
5603.7460   11.0545    0.0761
5603.4158   11.0365   -0.0868
5603.4232   11.0347   -0.1033
5603.0668   11.0473    0.0110
5602.7024   11.0346   -0.1041
5602.7024   11.0488    0.0250
5604.0541   11.0558    0.0882
5604.3417   11.0658    0.1783
5604.0541   11.0641    0.1631
5605.0790   11.0649    0.1705
5605.2719   11.0620    0.1442
5605.4363   11.0640    0.1626
5605.0735   11.0652    0.1733
5605.0707   11.0722    0.2362
5605.5734   11.0732    0.2452
5605.6792   11.0719    0.2336
5605.7552   11.0949    0.4422
5605.6792   11.0719    0.2341
5605.5734   11.0763    0.2732
5605.0707   11.0827    0.3319
5605.0735   11.0844    0.3468
5605.4363   11.0739    0.2516
5605.2719   11.0769    0.2793
5605.0790   11.0816    0.3212
5605.2672   11.0803    0.3097
5605.4353   11.0748    0.2597
5605.4353   11.0810    0.3164
5605.7944   11.0414   -0.0427
5605.7296   11.0394   -0.0601
5605.6225   11.0314   -0.1331
5605.7944   11.0420   -0.0374
5605.7944   11.0414   -0.0427
5605.4715   11.0297   -0.1479
5605.2814   11.0308   -0.1383
5605.0513   11.0346   -0.1042
5604.7838   11.0328   -0.1202
5605.2811   11.0325   -0.1233
5605.4712   11.0326   -0.1222
5605.2822   11.0396   -0.0584
5605.7944   11.0451   -0.0087
5605.7944   11.0598    0.1239
5605.6221   11.0358   -0.0933
5605.7295   11.0480    0.0173
5605.6221   11.0399   -0.0561
5605.7944   11.0557    0.0871
5605.7944   11.0603    0.1287
5605.7295   11.0378   -0.0751
5605.6215   11.0291   -0.1538
5605.6214   11.0284   -0.1600
5604.4634   11.0368   -0.0837
5604.1238   11.0428   -0.0294
5603.7515   11.0521    0.0546
5603.3505   11.0844    0.3468
5604.1136   11.0561    0.0903
5604.4452   11.0478    0.0153
5604.1085   11.0690    0.2072
5602.9171   11.0878    0.3781
5602.4648   10.9959   -0.4543
5601.9901   11.0317   -0.1305
5602.4648   10.9927   -0.4833
5602.9171   11.0067   -0.3565
5604.1085   11.0508    0.0429
5604.4452   11.0850    0.3521
5604.1136   11.0548    0.0794
5603.3505   11.0041   -0.3800
5603.7515   11.0139   -0.2918
5604.1238   11.0746    0.2580
5604.4634   11.0194   -0.2416
5603.7400   11.0576    0.1047
5603.3414   11.0697    0.2137
5603.3414   11.0651    0.1725
5605.7944   11.0802    0.3093
5605.7944   11.0562    0.0919
5605.6221   11.0669    0.1887
5605.7295   11.0325   -0.1229
5605.6221   11.0549    0.0796
5605.7944   11.0314   -0.1330
5605.7944   11.0547    0.0783
5605.2822   11.1155    0.6283
5605.4712   11.0955    0.4475
5605.2811   11.0953    0.4457
5604.7838   11.0857    0.3590
5605.0513   11.1107    0.5854
5605.2814   11.0973    0.4636
5605.4715   11.1054    0.5369
5605.7944   11.0625    0.1490
5605.7944   11.0590    0.1167
5605.6225   11.1141    0.6161
5605.7296   11.0878    0.3776
5605.7944   11.0585    0.1123
5605.7295   11.0662    0.1822
5605.6214   11.0733    0.2462
5605.6215   11.0970    0.4611
5605.7294   11.0424   -0.0332
5605.6212   11.0451   -0.0093
5605.4709   11.0450   -0.0100
5605.6212   11.0576    0.1038
5605.4709   11.0945    0.4384
5605.2764   11.0455   -0.0055
5605.0439   11.0432   -0.0261
5604.7719   11.0383   -0.0700
5604.7638   11.0411   -0.0455
5604.7598   11.0585    0.1128
5605.2764   11.1200    0.6691
5605.0439   11.1018    0.5044
5604.7598   11.0949    0.4418
5604.7638   11.1031    0.5162
5604.7719   11.0769    0.2789
5605.2749   11.0832    0.3362
5605.2749   11.0556    0.0862
5605.0369   11.0668    0.1871
5603.0668   11.1125    0.6016
5603.4158   11.0688    0.2055
5603.7460   11.0446   -0.0137
5603.4158   11.0912    0.4085
5603.7460   11.0643    0.1648
5604.0604   11.0319   -0.1280
5604.3496   11.0286   -0.1587
5604.6168   11.0288   -0.1568
5604.8594   11.0414   -0.0422
5604.6098   11.0256   -0.1852
5604.6062   11.0225   -0.2132
5604.8469   11.0244   -0.1961
5604.0604   11.0432   -0.0256
5604.3496   11.0228   -0.2109
5604.6062   11.0293   -0.1518
5604.6098   11.0355   -0.0962
5604.8469   11.0369   -0.0829
5604.6168   11.0217   -0.2203
5604.8594   11.0299   -0.1464
5604.0541   11.0445   -0.0147
5604.0541   11.0380   -0.0736
5604.3417   11.0309   -0.1375
5605.0872   11.0737    0.2502
5605.2769   11.0693    0.2099
5605.4396   11.0280   -0.1640
5605.5737   11.0230   -0.2091
5605.4395   11.0915    0.4114
5605.4403   11.0828    0.3322
5605.5736   11.0497    0.0327
5605.6800   11.0260   -0.1816
5605.7553   11.0336   -0.1133
5605.8008   11.0361   -0.0903
5605.8160   11.0379   -0.0738
5605.8008   11.0360   -0.0914
5605.8008   11.0324   -0.1235
5605.8160   11.0379   -0.0742
5605.6798   11.0260   -0.1820
5605.6798   11.0288   -0.1561
5605.7553   11.0242   -0.1981
5605.8008   11.0303   -0.1426
5605.8008   11.0291   -0.1537
5605.8160   11.0358   -0.0930
5605.8008   11.0343   -0.1063
5605.8008   11.0469    0.0072
5605.8160   11.0502    0.0372
5605.6793   11.0241   -0.1994
5605.6794   11.0262   -0.1801
5605.7553   11.0272   -0.1710
5605.0872   11.0479    0.0167
5605.2769   11.0515    0.0491
5605.4403   11.0655    0.1760
5605.4395   11.0646    0.1674
5605.5736   11.0721    0.2359
5605.4396   11.0636    0.1588
5605.5737   11.0784    0.2925
5605.6798   11.0572    0.1005
5605.6798   11.0699    0.2158
5605.7553   11.0629    0.1520
5605.8008   11.0575    0.1032
5605.8008   11.0585    0.1125
5605.8160   11.0612    0.1373
5605.8008   11.0625    0.1489
5605.8008   11.0663    0.1832
5605.8160   11.0605    0.1301
5605.6800   11.0891    0.3893
5605.7553   11.0878    0.3774
5605.8008   11.0749    0.2608
5605.8008   11.0866    0.3665
5605.8160   11.0788    0.2965
5605.8008   11.0851    0.3536
5605.8160   11.0878    0.3780
5605.6794   11.0820    0.3253
5605.6793   11.0726    0.2403
5605.7553   11.0769    0.2787
5605.0790   11.0505    0.0399
5605.0735   11.0449   -0.0108
5605.0707   11.0320   -0.1278
5605.2719   11.0551    0.0814
5605.4363   11.0548    0.0790
5605.0707   11.0247   -0.1940
5605.0735   11.0255   -0.1867
5605.0790   11.0470    0.0080
5605.2719   11.0463    0.0016
5605.4363   11.0312   -0.1346
5605.5734   11.0457   -0.0031
5605.6792   11.0433   -0.0250
5605.5734   11.0315   -0.1316
5605.6792   11.0297   -0.1480
5605.7552   11.0445   -0.0144
5605.4353   11.0368   -0.0842
5605.2672   11.0292   -0.1526
5605.4353   11.0310   -0.1361
5605.7944   11.0323   -0.1252
5605.7431   11.0364   -0.0875
5605.6614   11.0419   -0.0380
5605.5501   11.0522    0.0552
5605.6422   11.0399   -0.0556
5605.6225   11.0622    0.1458
5605.4992   11.0535    0.0676
5605.4079   11.0655    0.1758
5605.2383   11.0711    0.2262
5605.0404   11.0766    0.2764
5604.8157   11.0773    0.2825
5604.9940   11.0756    0.2675
5604.9488   11.0719    0.2334
5604.7101   11.0619    0.1429
5605.3128   11.0655    0.1762
5605.2831   11.0673    0.1920
5605.0875   11.0706    0.2221
5604.9050   11.0665    0.1847
5604.8628   11.0720    0.2345
5604.6111   11.0537    0.0688
5604.8226   11.0644    0.1662
5604.7844   11.0419   -0.0381
5604.5206   11.0536    0.0678
5605.3447   11.0675    0.1935
5605.3764   11.0652    0.1735
5605.1606   11.0737    0.2503
5604.5540   11.0714    0.2288
5604.2775   11.0619    0.1429
5603.9769   11.0495    0.0310
5603.6547   11.0393   -0.0616
5603.8875   11.0632    0.1549
5603.8013   11.0627    0.1505
5603.4610   11.0489    0.0255
5603.3085   11.0227   -0.2120
5602.9465   11.0984    0.4740
5602.5664   11.0071   -0.3527
5602.1714   11.0190   -0.2451
5602.4359   11.0153   -0.2785
5602.3117   11.0366   -0.0859
5601.8963   11.0068   -0.3556
5602.9963   11.0404   -0.0511
5602.9051   11.0297   -0.1486
5602.5039   11.0314   -0.1328
5602.1941   11.0454   -0.0061
5602.0842   11.0412   -0.0441
5601.6498   11.0374   -0.0782
5601.9824   11.0349   -0.1010
5601.8891   11.0281   -0.1630
5601.4369   11.0320   -0.1274
5603.0963   11.0421   -0.0362
5603.2006   11.0377   -0.0760
5602.7121   11.0462    0.0014
5604.1701   11.0391   -0.0631
5604.1391   11.0650    0.1714
5603.7976   11.0606    0.1318
5603.4713   11.0520    0.0532
5603.4292   11.0571    0.0999
5603.0371   11.0558    0.0881
5603.3930   11.0483    0.0197
5603.3630   11.0236   -0.2037
5602.9602   11.0255   -0.1867
5602.6774   11.0282   -0.1620
5602.6187   11.0360   -0.0916
5602.1838   11.0329   -0.1196
5601.8046   11.0280   -0.1633
5601.7301   11.0339   -0.1107
5601.2614   11.0364   -0.0879
5601.6653   11.0304   -0.1415
5601.6107   11.0286   -0.1581
5601.1268   11.0358   -0.0927
5602.4971   11.0224   -0.2147
5602.4754   11.0288   -0.1567
5602.0144   11.0230   -0.2093
5601.5666   11.0322   -0.1260
5601.5331   11.0321   -0.1263
5601.0356   11.0374   -0.0782
5601.5103   11.0357   -0.0936
5601.4984   11.0417   -0.0397
5600.9896   11.0445   -0.0140
5602.5305   11.0291   -0.1536
5602.5710   11.0280   -0.1636
5602.0792   11.0246   -0.1940
5604.2174   11.0574    0.1023
5604.2675   11.0420   -0.0365
5604.3204   11.0520    0.0533
5603.8863   11.0693    0.2105
5603.5306   11.0526    0.0588
5604.3759   11.0543    0.0744
5604.4334   11.0644    0.1654
5604.4929   11.0740    0.2525
5604.1295   11.0726    0.2398
5603.7292   11.0592    0.1185
5603.1475   11.0478    0.0152
5602.7468   11.0303   -0.1433
5603.2901   11.0440   -0.0186
5602.8229   11.0237   -0.2029
5602.3260   11.0276   -0.1673
5603.5915   11.0454   -0.0063
5604.0024   11.0497    0.0328
5603.6579   11.0504    0.0394
5605.7944   11.0942    0.4354
5605.7431   11.1003    0.4905
5605.6225   11.0945    0.4380
5605.6422   11.0956    0.4484
5605.4992   11.0961    0.4531
5605.6614   11.1073    0.5546
5605.5501   11.1207    0.6752
5605.2831   11.0743    0.2551
5605.3128   11.0871    0.3710
5605.0875   11.0706    0.2222
5604.7844   11.0237   -0.2024
5604.8226   11.0660    0.1807
5604.5206   11.0428   -0.0298
5604.8628   11.0706    0.2215
5604.9050   11.0830    0.3340
5604.6111   11.0882    0.3815
5605.4079   11.1163    0.6361
5605.2383   11.1133    0.6085
5604.9488   11.0905    0.4025
5604.9940   11.1077    0.5579
5604.7101   11.1020    0.5058
5605.0404   11.1369    0.8222
5604.8157   11.2150    1.5295
5605.3764   11.1086    0.5660
5605.3447   11.0934    0.4283
5605.1606   11.0884    0.3832
5604.1391   10.9818   -0.5823
5604.1701   11.0050   -0.3717
5603.7976   11.0592    0.1190
5603.3630   11.0453   -0.0073
5603.3930   11.0454   -0.0058
5602.9602   11.0549    0.0795
5603.4292   11.0559    0.0893
5603.4713   11.1134    0.6092
5603.0371   11.0410   -0.0463
5602.4754   11.0484    0.0211
5602.4971   11.0586    0.1133
5602.0144   11.0573    0.1012
5601.4984   11.0492    0.0282
5601.5103   11.0575    0.1036
5600.9896   11.0547    0.0783
5601.5331   11.0607    0.1325
5601.5666   11.0648    0.1694
5601.0356   11.0656    0.1765
5602.6187   11.0507    0.0419
5602.6774   11.0468    0.0065
5602.1838   11.0668    0.1874
5601.6107   11.0692    0.2089
5601.6653   11.0748    0.2596
5601.1268   11.0724    0.2382
5601.7301   11.0695    0.2124
5601.8046   11.0655    0.1755
5601.2614   11.0743    0.2552
5602.5710   11.0632    0.1546
5602.5305   11.0623    0.1471
5602.0792   11.0637    0.1597
5604.5540   11.0900    0.3972
5604.2775   11.1021    0.5069
5603.8013   11.1151    0.6246
5603.8875   11.0896    0.3943
5603.4610   11.1381    0.8331
5603.9769   11.0991    0.4802
5603.6547   11.1157    0.6306
5602.9051   11.1168    0.6399
5602.9963   11.1499    0.9397
5602.5039   11.1198    0.6678
5601.8891   11.0842    0.3454
5601.9824   11.1019    0.5054
5601.4369   11.0673    0.1918
5602.0842   11.1006    0.4940
5602.1941   11.1314    0.7726
5601.6498   11.0636    0.1589
5603.3085   11.1503    0.9435
5602.9465   11.1794    1.2070
5602.3117   11.1011    0.4981
5602.4359   11.1244    0.7094
5601.8963   11.0624    0.1474
5602.5664   11.1402    0.8521
5602.1714   11.0326   -0.1217
5603.2006   11.1341    0.7966
5603.0963   11.1525    0.9637
5602.7121   11.1497    0.9384
5604.4929   11.0904    0.4010
5604.4334   11.0969    0.4602
5604.3759   11.1129    0.6048
5604.1295   11.0954    0.4469
5603.7292   11.1263    0.7263
5604.3204   11.1496    0.9371
5604.2675   11.1526    0.9639
5604.2174   11.1306    0.7653
5603.8863   11.1627    1.0562
5603.5306   11.1691    1.1135
5603.2901   11.1467    0.9109
5602.8229   11.1195    0.6643
5603.1475   11.1486    0.9280
5602.7468   11.1171    0.6432
5602.3260   11.0847    0.3500
5603.6579   11.1394    0.8451
5604.0024   11.1547    0.9829
5603.5915   11.2007    1.4000
5605.7944   11.0880    0.3797
5605.7944   11.0834    0.3379
5605.7944   11.0759    0.2703
5605.7296   11.0914    0.4105
5605.6225   11.0903    0.4001
5605.7944   11.0691    0.2085
5605.7944   11.0685    0.2029
5605.7944   11.0673    0.1917
5605.7944   11.0722    0.2362
5605.7295   11.0776    0.2851
5605.6221   11.0653    0.1736
5605.6221   11.0695    0.2118
5605.4715   11.0845    0.3476
5605.2814   11.0666    0.1855
5605.4712   11.0615    0.1398
5605.2811   11.0516    0.0502
5605.2822   11.0160   -0.2720
5605.0513   11.0469    0.0071
5604.7838   11.0002   -0.4154
5605.6215   11.0845    0.3479
5605.7295   11.0789    0.2971
5605.6214   11.0798    0.3053
5605.7944   11.0699    0.2155
5605.7944   11.0586    0.1130
5605.7944   11.0458   -0.0025
5605.7944   11.0411   -0.0450
5605.7295   11.0611    0.1364
5605.6221   11.0712    0.2278
5605.6221   11.0645    0.1664
5605.7944   11.0413   -0.0435
5605.7944   11.0403   -0.0525
5605.7944   11.0365   -0.0869
5605.7296   11.0420   -0.0373
5605.6225   11.0564    0.0931
5605.4712   11.0642    0.1641
5605.2822   11.0648    0.1691
5605.2811   11.0575    0.1033
5605.4715   11.0592    0.1187
5605.2814   11.0634    0.1571
5605.0513   11.0544    0.0756
5604.7838   11.0453   -0.0071
5605.6214   11.0561    0.0907
5605.7295   11.0483    0.0199
5605.6215   11.0560    0.0902
5604.4634   10.9852   -0.5509
5604.1238   11.0338   -0.1113
5604.4452   11.0169   -0.2641
5604.1136   11.0301   -0.1445
5604.1085   11.0357   -0.0936
5603.7515   11.0422   -0.0351
5603.3505   11.0385   -0.0688
5604.4452   11.0479    0.0165
5604.1085   11.0657    0.1775
5604.1136   11.0562    0.0918
5604.4634   11.0434   -0.0245
5604.1238   11.0786    0.2941
5603.7515   11.0476    0.0136
5603.3505   11.0267   -0.1758
5602.9171   11.0452   -0.0077
5602.4648   11.0393   -0.0615
5602.9171   11.0491    0.0272
5602.4648   11.0419   -0.0379
5601.9901   11.0410   -0.0462
5603.3414   11.0525    0.0581
5603.7400   11.0385   -0.0687
5603.3414   11.0534    0.0666
5604.7719   11.0206   -0.2311
5605.0439   11.0284   -0.1599
5605.2764   11.0379   -0.0740
5604.7638   11.0230   -0.2086
5604.7598   11.0210   -0.2269
5605.4709   11.0482    0.0191
5605.6212   11.0689    0.2065
5605.7294   11.0802    0.3090
5605.6212   11.0629    0.1522
5605.4709   11.0613    0.1377
5604.7598   11.0023   -0.3960
5604.7638   11.0467    0.0058
5605.2764   11.0586    0.1138
5605.0439   11.0500    0.0356
5604.7719   11.0428   -0.0295
5605.0369   11.0204   -0.2327
5605.2749   11.0184   -0.2506
5605.2749   11.0393   -0.0609
5603.0668   10.9691   -0.6967
5603.4158   10.9967   -0.4472
5603.7460   10.9882   -0.5236
5603.4158   11.0245   -0.1950
5603.7460   11.0725    0.2395
5604.0604   11.0285   -0.1591
5604.3496   11.0684    0.2019
5604.6168   11.1434    0.8808
5604.8594   11.0210   -0.2274
5604.6098   11.0624    0.1474
5604.6062   11.0650    0.1716
5604.8469   11.1067    0.5487
5604.0604   11.0539    0.0707
5604.3496   11.0686    0.2038
5604.6062   11.0592    0.1187
5604.6098   11.0411   -0.0455
5604.8469   11.0122   -0.3071
5604.6168   11.0432   -0.0258
5604.8594   11.1045    0.5286
5604.0541   11.0606    0.1317
5604.0541   11.0540    0.0719
5604.3417   11.0626    0.1493
5605.0872   11.0235   -0.2048
5605.2769   11.0880    0.3794
5605.4396   11.0634    0.1568
5605.5737   11.0074   -0.3502
5605.4395   11.1232    0.6980
5605.4403   11.1444    0.8905
5605.5736   11.1350    0.8049
5605.6800   11.0026   -0.3939
5605.7553   11.0270   -0.1724
5605.8008   11.0420   -0.0366
5605.8160   11.0573    0.1017
5605.8008   11.0398   -0.0573
5605.8008   11.0068   -0.3552
5605.8160   11.0480    0.0176
5605.6798   11.1394    0.8451
5605.6798   11.0751    0.2625
5605.7553   11.1306    0.7649
5605.8008   11.0416   -0.0404
5605.8008   11.1074    0.5552
5605.8160   11.0516    0.0503
5605.8008   11.1318    0.7757
5605.8008   11.1161    0.6336
5605.8160   11.1570    1.0044
5605.6793   11.1353    0.8076
5605.6794   11.0297   -0.1487
5605.7553   11.0212   -0.2253
5605.0872   11.1614    1.0440
5605.2769   11.1816    1.2271
5605.4403   11.0897    0.3947
5605.4395   11.1309    0.7674
5605.5736   11.1331    0.7881
5605.4396   11.1316    0.7745
5605.5737   11.0828    0.3327
5605.6798   11.0905    0.4021
5605.6798   11.0833    0.3371
5605.7553   11.0845    0.3479
5605.8008   11.0958    0.4505
5605.8008   11.1058    0.5402
5605.8160   11.0746    0.2578
5605.8008   11.0408   -0.0477
5605.8008   11.0670    0.1894
5605.8160   11.0180   -0.2543
5605.6800   11.0462    0.0009
5605.7553   11.0526    0.0590
5605.8008   11.0587    0.1139
5605.8008   11.0526    0.0587
5605.8160   11.0211   -0.2263
5605.8008   11.0465    0.0039
5605.8160   11.0480    0.0174
5605.6794   11.0850    0.3519
5605.6793   11.1102    0.5804
5605.7553   11.1099    0.5780
5605.0790   11.0813    0.3193
5605.0735   11.0894    0.3920
5605.0707   11.1013    0.5001
5605.2719   11.0710    0.2256
5605.4363   11.0702    0.2187
5605.0707   11.0843    0.3458
5605.0735   11.1003    0.4911
5605.0790   11.1253    0.7168
5605.2719   11.1209    0.6772
5605.4363   11.0519    0.0531
5605.5734   11.0762    0.2730
5605.6792   11.1070    0.5516
5605.5734   11.0825    0.3301
5605.6792   11.1034    0.5186
5605.7552   11.0915    0.4114
5605.4353   11.0889    0.3876
5605.2672   11.0782    0.2903
5605.4353   11.1079    0.5597
5605.7944   11.0595    0.1215
5605.7431   11.0573    0.1019
5605.6614   11.0351   -0.0993
5605.5501   11.0100   -0.3268
5605.6422   11.0479    0.0168
5605.6225   11.0606    0.1314
5605.4992   11.0354   -0.0965
5605.4079   11.0118   -0.3106
5605.2383   11.0239   -0.2011
5605.0404   11.0257   -0.1846
5604.8157   11.0343   -0.1069
5604.9940   10.9982   -0.4334
5604.9488   11.0052   -0.3698
5604.7101   10.9994   -0.4229
5605.3128   11.0452   -0.0081
5605.2831   11.0706    0.2223
5605.0875   11.0248   -0.1931
5604.9050   11.0135   -0.2953
5604.8628   11.0216   -0.2215
5604.6111   11.0423   -0.0338
5604.8226   11.0752    0.2635
5604.7844   11.1259    0.7225
5604.5206   11.1123    0.5992
5605.3447   11.0183   -0.2519
5605.3764   11.0067   -0.3561
5605.1606   11.0020   -0.3987
5604.5540   11.0283   -0.1608
5604.2775   11.0308   -0.1380
5603.9769   11.0145   -0.2857
5603.6547   11.0324   -0.1237
5603.8875   11.0108   -0.3195
5603.8013   11.0087   -0.3386
5603.4610   11.0229   -0.2101
5603.3085   11.0602    0.1282
5602.9465   11.0808    0.3146
5602.5664   11.0910    0.4069
5602.1714   11.0834    0.3375
5602.4359   11.0439   -0.0197
5602.3117   11.0275   -0.1684
5601.8963   11.0274   -0.1688
5602.9963   10.9810   -0.5893
5602.9051   11.0107   -0.3201
5602.5039   11.0049   -0.3732
5602.1941   11.0223   -0.2155
5602.0842   11.0350   -0.1004
5601.6498   11.0679    0.1975
5601.9824   11.0364   -0.0879
5601.8891   11.0487    0.0236
5601.4369   11.0486    0.0232
5603.0963   11.0194   -0.2415
5603.2006   11.0400   -0.0553
5602.7121   11.0140   -0.2900
5604.1701   11.1166    0.6385
5604.1391   11.1665    1.0903
5603.7976   11.1105    0.5836
5603.4713   11.0728    0.2415
5603.4292   11.1056    0.5392
5603.0371   11.0786    0.2942
5603.3930   11.0668    0.1876
5603.3630   11.0344   -0.1053
5602.9602   11.0338   -0.1108
5602.6774   11.1028    0.5138
5602.6187   11.0867    0.3676
5602.1838   11.0694    0.2115
5601.8046   11.0579    0.1068
5601.7301   11.0693    0.2106
5601.2614   11.0603    0.1291
5601.6653   11.0622    0.1456
5601.6107   11.0838    0.3419
5601.1268   11.0881    0.3807
5602.4971   11.0116   -0.3121
5602.4754   11.0184   -0.2510
5602.0144   11.1019    0.5056
5601.5666   11.0555    0.0853
5601.5331   11.0925    0.4204
5601.0356   11.0651    0.1723
5601.5103   11.0842    0.3447
5601.4984   11.0637    0.1595
5600.9896   11.0591    0.1183
5602.5305   11.0497    0.0325
5602.5710   11.0713    0.2283
5602.0792   11.1297    0.7566
5604.2174   11.0884    0.3828
5604.2675   11.0821    0.3265
5604.3204   11.0602    0.1274
5603.8863   11.0794    0.3021
5603.5306   11.0717    0.2323
5604.3759   11.0326   -0.1221
5604.4334   10.9957   -0.4561
5604.4929   11.0148   -0.2829
5604.1295   11.0009   -0.4093
5603.7292   11.0084   -0.3415
5603.1475   11.0892    0.3908
5602.7468   11.0774    0.2832
5603.2901   11.0266   -0.1766
5602.8229   11.0513    0.0475
5602.3260   11.0561    0.0908
5603.5915   11.0656    0.1770
5604.0024   11.0516    0.0498
5603.6579   11.0337   -0.1120
5605.7944   11.0455   -0.0055
5605.7431   11.0488    0.0246
5605.6225   11.0512    0.0463
5605.6422   11.0419   -0.0375
5605.4992   11.0460   -0.0005
5605.6614   11.0397   -0.0580
5605.5501   11.0432   -0.0259
5605.2831   11.0337   -0.1122
5605.3128   11.0482    0.0191
5605.0875   11.0523    0.0559
5604.7844   11.0508    0.0423
5604.8226   11.0519    0.0523
5604.5206   11.0470    0.0080
5604.8628   11.0490    0.0263
5604.9050   11.0470    0.0079
5604.6111   11.0437   -0.0219
5605.4079   11.0512    0.0464
5605.2383   11.0515    0.0491
5604.9488   11.0488    0.0251
5604.9940   11.0502    0.0376
5604.7101   11.0531    0.0633
5605.0404   11.0515    0.0489
5604.8157   11.0626    0.1496
5605.3764   11.0493    0.0290
5605.3447   11.0493    0.0289
5605.1606   11.0510    0.0445
5604.1391   11.0333   -0.1157
5604.1701   11.0494    0.0296
5603.7976   11.0407   -0.0484
5603.3630   11.0176   -0.2574
5603.3930   11.0310   -0.1364
5602.9602   11.0446   -0.0134
5603.4292   11.0392   -0.0622
5603.4713   11.0406   -0.0495
5603.0371   11.0386   -0.0679
5602.4754   10.9724   -0.6667
5602.4971   11.0508    0.0423
5602.0144   11.0460   -0.0003
5601.4984   11.0523    0.0560
5601.5103   11.0201   -0.2351
5600.9896   11.0603    0.1287
5601.5331   11.0498    0.0337
5601.5666   11.0478    0.0153
5601.0356   11.0200   -0.2364
5602.6187   11.0383   -0.0708
5602.6774   11.0396   -0.0586
5602.1838   11.0460   -0.0005
5601.6107   11.0416   -0.0401
5601.6653   11.0399   -0.0563
5601.1268   11.0043   -0.3783
5601.7301   11.0313   -0.1339
5601.8046   11.0347   -0.1028
5601.2614   11.0110   -0.3173
5602.5710   11.0469    0.0075
5602.5305   11.0610    0.1347
5602.0792   11.0673    0.1923
5604.5540   11.0801    0.3083
5604.2775   11.0859    0.3603
5603.8013   11.0807    0.3133
5603.8875   11.0858    0.3592
5603.4610   11.0864    0.3650
5603.9769   11.0795    0.3026
5603.6547   11.0628    0.1516
5602.9051   11.0718    0.2326
5602.9963   11.0807    0.3137
5602.5039   11.0710    0.2259
5601.8891   11.0513    0.0473
5601.9824   11.0669    0.1885
5601.4369   11.0393   -0.0610
5602.0842   11.0665    0.1852
5602.1941   11.0528    0.0612
5601.6498   11.0659    0.1799
5603.3085   11.0469    0.0073
5602.9465   11.0326   -0.1218
5602.3117   11.0442   -0.0173
5602.4359   11.0431   -0.0269
5601.8963   11.0293   -0.1522
5602.5664   11.0405   -0.0506
5602.1714   11.0490    0.0260
5603.2006   11.0727    0.2413
5603.0963   11.0871    0.3713
5602.7121   11.0796    0.3035
5604.4929   11.0704    0.2198
5604.4334   11.0631    0.1543
5604.3759   11.0536    0.0685
5604.1295   11.0725    0.2391
5603.7292   11.0722    0.2362
5604.3204   11.0442   -0.0173
5604.2675   11.0432   -0.0261
5604.2174   11.0370   -0.0820
5603.8863   11.0345   -0.1051
5603.5306   11.0385   -0.0686
5603.2901   11.0645    0.1667
5602.8229   11.0519    0.0523
5603.1475   11.0390   -0.0642
5602.7468   11.0433   -0.0248
5602.3260   11.0474    0.0121
5603.6579   11.0582    0.1098
5604.0024   11.0527    0.0600
5603.5915   11.0427   -0.0309
5605.7944   11.0298   -0.1470
5605.7944   10.9954   -0.4589
5605.7944   11.0408   -0.0475
5605.7296   11.0423   -0.0346
5605.6225   11.0674    0.1929
5605.7944   11.0227   -0.2117
5605.7944   11.0056   -0.3662
5605.7944   11.0084   -0.3409
5605.7944   11.0858    0.3598
5605.7295   10.9864   -0.5403
5605.6221   11.0184   -0.2502
5605.6221   11.0433   -0.0247
5605.4715   11.0460   -0.0006
5605.2814   11.0475    0.0132
5605.4712   11.0432   -0.0264
5605.2811   11.0497    0.0328
5605.2822   11.0560    0.0902
5605.0513   11.0566    0.0949
5604.7838   11.0768    0.2777
5605.6215   11.0241   -0.1994
5605.7295   11.0599    0.1248
5605.6214   11.0527    0.0596
5605.7944   11.1400    0.8502
5605.7944   11.1485    0.9270
5605.7944   11.1119    0.5961
5605.7944   11.0487    0.0233
5605.7295   11.1518    0.9567
5605.6221   11.1670    1.0946
5605.6221   11.1476    0.9192
5605.7944   11.0713    0.2287
5605.7944   11.0798    0.3054
5605.7944   11.0713    0.2282
5605.7296   11.0829    0.3337
5605.6225   11.0993    0.4821
5605.4712   11.1402    0.8520
5605.2822   11.1518    0.9568
5605.2811   11.1382    0.8338
5605.4715   11.1062    0.5441
5605.2814   11.0880    0.3793
5605.0513   11.1396    0.8465
5604.7838   11.1817    1.2275
5605.6214   11.1508    0.9480
5605.7295   11.1288    0.7488
5605.6215   11.1324    0.7814
5604.4634   11.0359   -0.0923
5604.1238   11.0383   -0.0709
5604.4452   11.0196   -0.2399
5604.1136   11.0490    0.0266
5604.1085   10.9999   -0.4179
5603.7515   11.0101   -0.3258
5603.3505   11.0220   -0.2182
5604.4452   11.0771    0.2805
5604.1085   11.0858    0.3600
5604.1136   11.1213    0.6809
5604.4634   11.0897    0.3947
5604.1238   11.0725    0.2393
5603.7515   11.1087    0.5673
5603.3505   11.0492    0.0281
5602.9171   11.0346   -0.1039
5602.4648   11.0806    0.3121
5602.9171   11.0361   -0.0905
5602.4648   11.0169   -0.2642
5601.9901   11.0122   -0.3068
5603.3414   11.0440   -0.0190
5603.7400   11.0369   -0.0835
5603.3414   11.0308   -0.1384
5604.7719   11.0447   -0.0123
5605.0439   11.0440   -0.0185
5605.2764   11.0212   -0.2257
5604.7638   11.0119   -0.3096
5604.7598   10.9880   -0.5256
5605.4709   11.0750    0.2616
5605.6212   10.9946   -0.4663
5605.7294   11.0931    0.4260
5605.6212   11.1580    1.0132
5605.4709   11.1531    0.9685
5604.7598   11.0769    0.2787
5604.7638   11.1106    0.5837
5605.2764   11.1432    0.8788
5605.0439   11.1317    0.7749
5604.7719   11.1308    0.7665
5605.0369   11.0243   -0.1968
5605.2749   11.0616    0.1409
5605.2749   11.1216    0.6835
5601.8224   11.0974    0.4648
5601.6685   11.1067    0.5491
5601.5206   11.1114    0.5913
5601.3805   11.1088    0.5678
5601.1425   11.1017    0.5031
5600.7658   11.1037    0.5212
5600.5984   11.1056    0.5391
5601.2460   11.0931    0.4257
5601.1226   11.0800    0.3075
5601.0078   11.0560    0.0900
5600.9032   11.0221   -0.2169
5600.5750   11.0588    0.1152
5600.1427   11.0635    0.1575
5600.0122   11.0484    0.0211
5600.0314   11.0918    0.4141
5599.6393   11.0715    0.2302
5599.4565   11.0771    0.2810
5599.7096   11.0753    0.2648
5599.2855   11.0720    0.2347
5599.1283   11.0527    0.0603
5598.8692   11.0612    0.1368
5598.4646   11.0383   -0.0705
5598.2747   11.0430   -0.0282
5600.4350   11.0903    0.4003
5600.8411   11.0925    0.4203
5600.2825   11.0837    0.3402
5600.8007   11.0329   -0.1195
5600.7173   11.0630    0.1533
5600.6446   11.0523    0.0562
5600.5835   11.0579    0.1073
5600.1554   11.0504    0.0388
5599.6641   11.0194   -0.2418
5599.5809   11.0321   -0.1263
5600.5328   11.0681    0.1997
5600.4952   11.0615    0.1393
5600.4695   11.0705    0.2207
5600.4561   11.0619    0.1436
5599.9398   11.0731    0.2449
5599.4054   11.0509    0.0439
5599.3743   11.0538    0.0701
5598.9898   11.0250   -0.1913
5598.4809   11.0239   -0.2007
5598.3968   11.0216   -0.2218
5598.8645   11.0323   -0.1250
5598.3294   11.0195   -0.2406
5598.2796   11.0196   -0.2400
5597.7981   11.0207   -0.2294
5597.2756   11.0041   -0.3798
5597.1990   11.0029   -0.3905
5599.5067   11.0275   -0.1684
5600.0227   11.0510    0.0443
5599.4479   11.0384   -0.0692
5597.6470   11.0358   -0.0934
5597.2643   11.0199   -0.2367
5597.0444   11.0333   -0.1153
5597.2642   11.0489    0.0259
5596.8433   11.0483    0.0201
5596.6631   11.0435   -0.0238
5596.4410   11.0305   -0.1410
5596.0612   11.0408   -0.0475
5595.8422   11.0321   -0.1266
5596.9619   11.0175   -0.2585
5596.5015   11.0290   -0.1548
5596.3647   11.0113   -0.3150
5596.7463   10.9929   -0.4813
5596.2501   10.9974   -0.4405
5596.1591   11.0013   -0.4051
5595.7707   11.0132   -0.2974
5595.3128   11.0382   -0.0713
5595.1854   11.0242   -0.1979
5595.2431   11.0344   -0.1056
5594.8785   11.0850    0.3523
5594.6596   11.0933    0.4279
5594.8746   11.0553    0.0832
5594.4667   11.0559    0.0891
5594.3018   11.0556    0.0865
5594.0867   11.1118    0.5947
5593.7386   11.1079    0.5598
5593.5297   11.0960    0.4519
5595.6402   11.0349   -0.1013
5596.0610   11.0399   -0.0556
5595.4630   11.0357   -0.0936
5598.0736   11.0473    0.0112
5598.5134   11.0492    0.0279
5598.9621   11.0304   -0.1420
5597.8900   11.0462    0.0009
5597.7262   11.0430   -0.0279
5599.4217   11.0371   -0.0816
5599.8811   11.0211   -0.2258
5600.3423   11.0134   -0.2962
5599.7646   10.9961   -0.4523
5599.1755   11.0197   -0.2391
5597.5799   11.0248   -0.1930
5597.4570   11.0155   -0.2770
5598.5703   11.0235   -0.2044
5597.9651   11.0160   -0.2721
5597.3552   11.0054   -0.3681
5598.1994   11.0214   -0.2235
5598.8153   11.0209   -0.2278
5598.6841   11.0174   -0.2595
5600.4561   11.0747    0.2588
5600.4695   11.0800    0.3073
5600.4952   11.0763    0.2732
5600.5328   11.0713    0.2285
5599.9398   11.0624    0.1480
5599.3743   11.0518    0.0521
5599.4054   11.0482    0.0194
5600.5835   11.0604    0.1297
5600.6446   11.0623    0.1468
5600.7173   11.0455   -0.0056
5600.8007   11.0458   -0.0027
5600.1554   11.0373   -0.0794
5599.5809   11.0334   -0.1149
5599.6641   11.0243   -0.1971
5598.8645   11.0353   -0.0978
5598.2796   11.0334   -0.1152
5598.3294   11.0283   -0.1607
5598.9898   11.0161   -0.2714
5598.3968   11.0164   -0.2686
5598.4809   11.0231   -0.2082
5597.7981   11.0297   -0.1482
5597.1990   11.0524    0.0568
5597.2756   11.0511    0.0454
5599.4479   11.0456   -0.0040
5600.0227   11.0552    0.0822
5599.5067   11.0419   -0.0382
5600.9032   11.0487    0.0241
5601.0078   11.0612    0.1365
5601.1226   11.0524    0.0571
5601.2460   11.0523    0.0567
5600.5750   11.0535    0.0670
5600.0122   11.0550    0.0804
5600.1427   11.0579    0.1066
5601.3805   11.0631    0.1544
5601.5206   11.0625    0.1490
5601.6685   11.0536    0.0681
5601.8224   11.0331   -0.1178
5601.1425   11.0577    0.1052
5600.5984   11.0559    0.0889
5600.7658   11.0608    0.1333
5599.7096   11.0561    0.0909
5599.1283   11.0552    0.0823
5599.2855   11.0624    0.1481
5600.0314   11.0644    0.1659
5599.4565   11.0663    0.1831
5599.6393   11.0628    0.1512
5598.8692   11.0747    0.2595
5598.2747   11.0694    0.2110
5598.4646   11.0660    0.1802
5600.2825   11.0472    0.0105
5600.8411   11.0494    0.0299
5600.4350   11.0467    0.0055
5596.7463   11.0522    0.0554
5596.1591   11.0517    0.0509
5596.2501   11.0463    0.0021
5596.9619   11.0529    0.0621
5596.3647   11.0570    0.0990
5596.5015   11.0480    0.0171
5595.7707   11.0412   -0.0444
5595.1854   11.0284   -0.1597
5595.3128   11.0328   -0.1205
5597.2642   11.0407   -0.0485
5596.6631   11.0397   -0.0579
5596.8433   11.0281   -0.1627
5597.6470   11.0503    0.0382
5597.0444   11.0438   -0.0205
5597.2643   11.0497    0.0329
5596.4410   11.0479    0.0163
5595.8422   11.0466    0.0049
5596.0612   11.0628    0.1515
5594.8746   11.0317   -0.1303
5594.3018   11.0235   -0.2041
5594.4667   11.0276   -0.1674
5595.2431   11.0415   -0.0413
5594.6596   11.0208   -0.2285
5594.8785   11.0376   -0.0763
5594.0867   11.0150   -0.2815
5593.5297   11.0222   -0.2161
5593.7386   11.0290   -0.1543
5595.4630   11.0522    0.0550
5596.0610   11.0468    0.0065
5595.6402   11.0527    0.0600
5597.3552   11.0436   -0.0221
5597.9651   11.0245   -0.1958
5598.5703   11.0214   -0.2237
5597.4570   11.0459   -0.0019
5597.5799   11.0400   -0.0548
5599.1755   11.0248   -0.1928
5599.7646   11.0381   -0.0718
5600.3423   11.0488    0.0249
5599.8811   11.0529    0.0615
5599.4217   11.0516    0.0503
5597.7262   11.0295   -0.1505
5597.8900   11.0370   -0.0821
5598.9621   11.0458   -0.0024
5598.5134   11.0473    0.0115
5598.0736   11.0491    0.0273
5598.1994   11.0323   -0.1251
5598.6841   11.0276   -0.1669
5598.8153   11.0410   -0.0458
5592.8882   11.0719    0.2337
5592.6634   11.0734    0.2476
5592.3724   11.0542    0.0737
5592.3929   11.0652    0.1727
5592.1190   11.0471    0.0091
5591.9057   11.0661    0.1816
5591.8782   11.0404   -0.0514
5591.6731   11.0330   -0.1183
5591.4103   11.0178   -0.2559
5592.0558   11.0291   -0.1534
5591.7317   11.0573    0.1017
5591.6015   11.0391   -0.0631
5591.8852   11.0224   -0.2142
5591.5138   11.0204   -0.2321
5591.4695   11.0255   -0.1867
5591.1742   11.0189   -0.2464
5590.8696   11.0286   -0.1584
5590.7779   11.0269   -0.1732
5590.9649   10.9904   -0.5037
5590.7866   11.0104   -0.3229
5590.5540   10.9945   -0.4670
5590.5979   11.0029   -0.3905
5590.3668   10.9988   -0.4282
5590.2268   11.0194   -0.2419
5590.1738   11.0081   -0.3437
5590.0206   11.0397   -0.0578
5589.8276   11.0145   -0.2862
5591.1850   10.9869   -0.5355
5591.4415   11.0323   -0.1248
5591.0042   10.9921   -0.4884
5591.8852   11.0141   -0.2893
5591.4695   11.0000   -0.4176
5591.5138   11.0036   -0.3849
5592.0558   11.0067   -0.3569
5591.6015   11.0099   -0.3271
5591.7317   11.0243   -0.1975
5591.1742   11.0131   -0.2990
5590.7779   10.9998   -0.4188
5590.8696   11.0048   -0.3737
5592.3929   11.0224   -0.2142
5591.9057   11.0310   -0.1363
5592.1190   11.0273   -0.1697
5592.8882   11.0204   -0.2322
5592.3724   11.0281   -0.1627
5592.6634   11.0305   -0.1408
5591.8782   11.0326   -0.1224
5591.4103   11.0316   -0.1309
5591.6731   11.0281   -0.1628
5590.5979   11.0238   -0.2017
5590.2268   11.0358   -0.0926
5590.3668   11.0353   -0.0975
5590.9649   11.0371   -0.0809
5590.5540   11.0443   -0.0165
5590.7866   11.0501    0.0363
5590.1738   11.0612    0.1371
5589.8276   11.0622    0.1463
5590.0206   11.0614    0.1383
5591.0042   11.0292   -0.1524
5591.4415   11.0268   -0.1750
5591.1850   11.0242   -0.1980
5589.5024   11.0071   -0.3527
5589.3898   11.0384   -0.0691
5589.2291   11.0053   -0.3688
5589.2891   11.0065   -0.3586
5589.1211   11.0118   -0.3100
5589.0670   11.0250   -0.1913
5588.9930   11.0037   -0.3835
5588.9059   11.0322   -0.1255
5588.7962   11.0018   -0.4009
5589.2891   11.0488    0.0246
5589.0670   11.0538    0.0700
5589.1211   11.0556    0.0866
5589.5024   11.0761    0.2722
5589.2291   11.0813    0.3187
5589.3898   11.0742    0.2549
5588.9930   11.0773    0.2824
5588.7962   11.0751    0.2626
5588.9059   11.0759    0.2704
5588.6377   11.0054   -0.3687
5588.5782   11.0380   -0.0736
5588.5216   11.0129   -0.3000
5588.6377   11.0660    0.1802
5588.5216   11.0369   -0.0834
5588.5782   11.0684    0.2018
5588.4464   11.0061   -0.3623
5588.4128   11.0231   -0.2076
5588.4128   11.0447   -0.0129
5588.7400   11.0079   -0.3457
5588.8836   11.0323   -0.1245
5588.7400   11.0414   -0.0422
5589.6690   11.0027   -0.3928
5589.8760   11.0059   -0.3633
5590.1214   11.0240   -0.1998
5589.5624   11.0029   -0.3911
5589.5089   11.0428   -0.0294
5590.4082   11.0355   -0.0960
5590.7277   11.0202   -0.2343
5591.0827   11.0106   -0.3208
5590.7277   11.0059   -0.3635
5590.4082   11.0049   -0.3731
5589.5089   11.0386   -0.0680
5589.5624   11.0317   -0.1301
5590.1214   11.0388   -0.0656
5589.8760   11.0530    0.0626
5589.6690   11.0650    0.1715
5589.7694   11.0164   -0.2690
5590.0701   11.0166   -0.2669
5590.0701   11.0093   -0.3327
5593.2478   11.0490    0.0264
5593.6406   11.0364   -0.0875
5594.0627   11.0374   -0.0782
5593.0020   11.0541    0.0723
5592.7950   11.0381   -0.0724
5594.5178   11.0615    0.1397
5594.9924   11.0201   -0.2351
5595.4901   11.0050   -0.3721
5596.0056   11.0040   -0.3812
5594.8325   11.0183   -0.2517
5594.1937   11.0059   -0.3634
5594.7075   11.0093   -0.3331
5592.6260   11.0238   -0.2020
5592.4995   11.0054   -0.3683
5593.5693   11.0151   -0.2806
5592.9777   11.0244   -0.1963
5593.4852   11.0227   -0.2120
5592.4142   11.0241   -0.1990
5592.3710   11.0206   -0.2309
5593.2297   11.0241   -0.1986
5593.8627   11.0419   -0.0376
5593.6977   11.0042   -0.3788
5596.5647   11.0057   -0.3653
5597.1090   11.0051   -0.3714
5597.6638   11.0182   -0.2521
5598.2228   11.0217   -0.2206
5597.0485   11.0140   -0.2905
5596.4407   11.0179   -0.2552
5597.0181   11.0080   -0.3449
5598.7913   11.0377   -0.0763
5599.3514   11.0607    0.1328
5599.9084   11.0739    0.2517
5599.3514   11.0558    0.0881
5598.7913   11.0422   -0.0354
5597.0181   11.0110   -0.3173
5596.4407   11.0219   -0.2185
5597.0485   11.0119   -0.3090
5598.2228   11.0358   -0.0934
5597.6638   11.0189   -0.2465
5597.1090   11.0422   -0.0349
5596.5647   11.0672    0.1910
5597.6047   11.0175   -0.2590
5598.1980   11.0302   -0.1433
5598.1980   11.0330   -0.1181
5592.3710   11.0253   -0.1882
5592.4142   11.0080   -0.3446
5593.4852   11.0222   -0.2166
5592.9777   11.0087   -0.3384
5593.5693   11.0185   -0.2495
5592.4995   11.0075   -0.3495
5592.6260   11.0138   -0.2920
5594.7075   11.0228   -0.2105
5594.1937   11.0201   -0.2350
5594.8325   11.0301   -0.1444
5596.0056   11.0677    0.1955
5595.4901   11.0410   -0.0461
5594.9924   11.0274   -0.1691
5594.5178   11.0299   -0.1469
5592.7950   11.0121   -0.3073
5593.0020   11.0131   -0.2988
5594.0627   11.0176   -0.2577
5593.6406   11.0130   -0.2999
5593.2478   11.0128   -0.3012
5593.2297   11.0139   -0.2909
5593.6977   11.0178   -0.2556
5593.8627   11.0189   -0.2461
5592.8907   11.0279   -0.1647
5593.4442   11.0278   -0.1650
5594.0250   11.0166   -0.2672
5593.4442   11.0074   -0.3502
5594.0250   11.0238   -0.2018
5594.6384   11.0197   -0.2388
5595.2649   11.0239   -0.2008
5595.9095   11.0220   -0.2177
5595.8449   11.0272   -0.1713
5595.8125   11.0169   -0.2640
5594.6384   11.0058   -0.3649
5595.2649   11.0302   -0.1442
5595.8125   11.0213   -0.2246
5595.8449   11.0340   -0.1096
5595.9095   11.0618    0.1419
5594.5993   10.9854   -0.5491
5594.5993   11.0058   -0.3649
5595.1975   11.0025   -0.3947
5601.6685   11.0730    0.2441
5601.1425   11.0853    0.3553
5600.5984   11.0980    0.4702
5601.5206   11.0491    0.0270
5601.3805   11.0441   -0.0176
5600.0314   11.0740    0.2526
5599.4565   11.0547    0.0778
5598.8692   11.0416   -0.0406
5598.2747   11.0243   -0.1972
5599.2855   11.0402   -0.0529
5599.7096   11.0513    0.0477
5599.1283   11.0391   -0.0632
5601.2460   11.0474    0.0122
5601.1226   11.0841    0.3441
5600.1427   11.0682    0.1999
5600.5750   11.0873    0.3735
5600.0122   11.0766    0.2763
5601.0078   11.0865    0.3659
5600.9032   11.0867    0.3675
5600.8411   11.0591    0.1177
5600.4350   11.0821    0.3257
5600.2825   11.0660    0.1805
5597.6470   11.0213   -0.2242
5597.0444   11.0256   -0.1857
5596.4410   11.0412   -0.0446
5595.8422   11.0546    0.0767
5596.8433   11.0356   -0.0952
5597.2642   11.0298   -0.1473
5596.6631   11.0414   -0.0424
5595.2431   11.0833    0.3369
5594.6596   11.1379    0.8310
5594.0867   11.0859    0.3608
5593.5297   11.0777    0.2863
5594.4667   11.0836    0.3394
5594.8746   11.0865    0.3659
5594.3018   11.0763    0.2740
5596.5015   11.0419   -0.0383
5596.9619   11.0468    0.0062
5596.3647   11.0631    0.1540
5595.3128   11.0711    0.2268
5595.7707   11.0617    0.1411
5595.1854   11.0690    0.2079
5596.2501   11.0707    0.2231
5596.7463   11.0785    0.2933
5596.1591   11.0743    0.2555
5596.0610   11.0468    0.0064
5595.6402   11.0786    0.2946
5595.4630   11.0765    0.2750
5600.8007   11.0928    0.4231
5600.7173   11.0937    0.4314
5599.6641   11.0917    0.4133
5600.1554   11.1055    0.5381
5599.5809   11.1031    0.5165
5600.6446   11.0950    0.4424
5600.5835   11.0784    0.2929
5598.4809   11.0904    0.4016
5598.9898   11.0998    0.4867
5598.3968   11.0920    0.4161
5597.2756   11.0852    0.3546
5597.7981   11.0842    0.3447
5597.1990   11.0778    0.2874
5598.3294   11.0566    0.0951
5598.8645   11.0235   -0.2041
5598.2796   11.0751    0.2627
5600.5328   11.0415   -0.0417
5600.4952   11.0785    0.2931
5599.4054   11.0267   -0.1751
5599.9398   11.0555    0.0850
5599.3743   11.0579    0.1071
5600.4695   11.0706    0.2218
5600.4561   11.0714    0.2288
5600.0227   11.0535    0.0668
5599.5067   11.1011    0.4982
5599.4479   11.0491    0.0277
5600.3423   11.1161    0.6337
5599.8811   11.0950    0.4426
5599.4217   11.0613    0.1378
5599.7646   11.1053    0.5358
5599.1755   11.0638    0.1606
5598.9621   11.0389   -0.0652
5598.5134   11.0254   -0.1869
5598.0736   11.0203   -0.2329
5597.8900   11.0255   -0.1862
5597.7262   11.0334   -0.1144
5598.5703   11.0683    0.2012
5597.9651   11.0720    0.2348
5597.5799   11.0379   -0.0743
5597.4570   11.0524    0.0572
5597.3552   11.0797    0.3042
5598.6841   11.0451   -0.0086
5598.8153   11.0383   -0.0703
5598.1994   11.0363   -0.0887
5592.8882   11.0777    0.2862
5592.3724   11.0639    0.1616
5591.8782   11.0522    0.0555
5591.4103   11.0350   -0.1007
5592.1190   11.0661    0.1811
5592.3929   11.0805    0.3120
5591.9057   11.0761    0.2713
5590.9649   11.0323   -0.1251
5590.5540   11.0411   -0.0452
5590.1738   11.0527    0.0596
5589.8276   11.0621    0.1449
5590.3668   11.0617    0.1417
5590.5979   11.0632    0.1548
5590.2268   11.0723    0.2378
5591.7317   11.0798    0.3050
5592.0558   11.0849    0.3516
5591.6015   11.0947    0.4399
5590.8696   11.0735    0.2482
5591.1742   11.0906    0.4033
5590.7779   11.0845    0.3476
5591.5138   11.0995    0.4840
5591.8852   11.0921    0.4169
5591.4695   11.0816    0.3213
5591.4415   11.0656    0.1765
5591.1850   11.0506    0.0409
5591.0042   11.0613    0.1382
5589.5024   11.0661    0.1810
5589.2291   11.0568    0.0973
5588.9930   11.0518    0.0515
5588.7962   11.0480    0.0171
5589.1211   11.0650    0.1714
5589.2891   11.0655    0.1762
5589.0670   11.0610    0.1348
5588.6377   11.0395   -0.0593
5588.5216   11.0312   -0.1350
5588.4464   11.0268   -0.1745
5588.4128   11.0076   -0.3485
5588.5216   11.0366   -0.0861
5588.6377   11.0321   -0.1264
5588.5782   11.0081   -0.3439
5589.0670   11.0518    0.0516
5589.2891   11.0486    0.0232
5589.1211   11.0452   -0.0083
5588.7962   11.0318   -0.1292
5588.9930   11.0350   -0.1000
5588.9059   11.0209   -0.2279
5589.2291   11.0321   -0.1264
5589.5024   11.0295   -0.1504
5589.3898   11.0260   -0.1821
5588.8836   11.0555    0.0855
5588.7400   11.0578    0.1061
5588.7400   11.0559    0.0887
5591.4695   11.0477    0.0146
5591.8852   11.0583    0.1108
5591.5138   11.0483    0.0202
5590.7779   11.0317   -0.1301
5591.1742   11.0318   -0.1295
5590.8696   11.0267   -0.1751
5591.6015   11.0436   -0.0226
5592.0558   11.0441   -0.0179
5591.7317   11.0367   -0.0846
5590.2268   11.0370   -0.0825
5590.5979   11.0272   -0.1706
5590.3668   11.0306   -0.1398
5589.8276   11.0324   -0.1243
5590.1738   11.0283   -0.1611
5590.0206   11.0266   -0.1761
5590.5540   11.0250   -0.1907
5590.9649   11.0266   -0.1764
5590.7866   11.0274   -0.1694
5591.9057   11.0339   -0.1100
5592.3929   11.0407   -0.0491
5592.1190   11.0373   -0.0796
5591.4103   11.0320   -0.1272
5591.8782   11.0379   -0.0737
5591.6731   11.0397   -0.0575
5592.3724   11.0458   -0.0030
5592.8882   11.0537    0.0691
5592.6634   11.0561    0.0909
5591.4415   11.0269   -0.1737
5591.0042   11.0185   -0.2496
5591.1850   11.0241   -0.1993
5591.0827   11.0403   -0.0527
5590.7277   11.0754    0.2655
5590.4082   11.0767    0.2771
5590.7277   11.0261   -0.1807
5590.4082   11.0439   -0.0195
5590.1214   11.0793    0.3011
5589.8760   11.0772    0.2817
5589.6690   11.0683    0.2011
5589.5624   11.0783    0.2919
5589.5089   11.0666    0.1854
5590.1214   11.0470    0.0084
5589.8760   11.0472    0.0105
5589.5089   11.0543    0.0745
5589.5624   11.0502    0.0376
5589.6690   11.0441   -0.0181
5590.0701   11.0478    0.0160
5590.0701   11.0681    0.1994
5589.7694   11.0596    0.1223
5600.4561   11.0682    0.1999
5600.4695   11.0223   -0.2152
5599.3743   11.0358   -0.0931
5599.9398   11.0005   -0.4129
5599.4054   11.0230   -0.2088
5600.4952   11.0214   -0.2231
5600.5328   11.0123   -0.3055
5598.2796   11.0165   -0.2682
5598.8645   11.0138   -0.2927
5598.3294   11.0122   -0.3070
5597.1990   11.0266   -0.1760
5597.7981   11.0187   -0.2478
5597.2756   11.0341   -0.1086
5598.3968   11.0136   -0.2938
5598.9898   11.0403   -0.0527
5598.4809   11.0280   -0.1641
5600.5835   11.0050   -0.3718
5600.6446   11.0048   -0.3738
5599.5809   11.0084   -0.3413
5600.1554   11.0050   -0.3720
5599.6641   11.0175   -0.2583
5600.7173   11.0167   -0.2656
5600.8007   11.0222   -0.2164
5600.0227   11.0053   -0.3689
5599.4479   11.0199   -0.2374
5599.5067   11.0164   -0.2683
5596.1591   11.0450   -0.0098
5596.7463   11.0358   -0.0931
5596.2501   11.0480    0.0176
5595.1854   11.0611    0.1356
5595.7707   11.0628    0.1515
5595.3128   11.0678    0.1966
5596.3647   11.0593    0.1197
5596.9619   11.0528    0.0612
5596.5015   11.0694    0.2113
5594.3018   11.0639    0.1609
5594.8746   11.0728    0.2416
5594.4667   11.0658    0.1788
5593.5297   11.0551    0.0812
5594.0867   11.0571    0.0993
5593.7386   11.0565    0.0939
5594.6596   11.0670    0.1892
5595.2431   11.0787    0.2952
5594.8785   11.0720    0.2350
5596.6631   11.0772    0.2820
5597.2642   11.0703    0.2191
5596.8433   11.0755    0.2663
5595.8422   11.0822    0.3273
5596.4410   11.0808    0.3139
5596.0612   11.0714    0.2296
5597.0444   11.0671    0.1905
5597.6470   11.0548    0.0794
5597.2643   11.0517    0.0511
5596.0610   11.0826    0.3309
5595.4630   11.0821    0.3265
5595.6402   11.0852    0.3540
5600.9032   11.0341   -0.1082
5601.0078   11.0716    0.2311
5600.0122   11.0478    0.0156
5600.5750   11.0631    0.1544
5600.1427   11.0460   -0.0008
5601.1226   11.0588    0.1155
5601.2460   11.0767    0.2773
5599.1283   11.0596    0.1228
5599.7096   11.0670    0.1893
5599.2855   11.0728    0.2419
5598.2747   11.0481    0.0187
5598.8692   11.0529    0.0621
5598.4646   11.0465    0.0035
5599.4565   11.0795    0.3023
5600.0314   11.0904    0.4010
5599.6393   11.0661    0.1809
5601.3805   11.0412   -0.0444
5601.5206   11.0261   -0.1805
5600.5984   11.0659    0.1796
5601.1425   11.0574    0.1023
5600.7658   11.0635    0.1575
5601.6685   11.0434   -0.0243
5601.8224   11.0272   -0.1710
5600.8411   11.0578    0.1059
5600.2825   11.0545    0.0765
5600.4350   11.0600    0.1261
5600.3423   11.0724    0.2384
5599.7646   11.0367   -0.0847
5599.1755   11.0240   -0.1999
5599.8811   11.0630    0.1532
5599.4217   11.0452   -0.0080
5598.5703   11.0176   -0.2578
5597.9651   11.0129   -0.3002
5597.3552   11.0294   -0.1511
5597.4570   11.0308   -0.1383
5597.5799   11.0439   -0.0194
5598.9621   11.0513    0.0470
5598.5134   11.0584    0.1119
5597.7262   11.0600    0.1264
5597.8900   11.0687    0.2048
5598.0736   11.0585    0.1120
5598.8153   11.0473    0.0111
5598.6841   11.0303   -0.1425
5598.1994   11.0368   -0.0840
5599.9084   11.0294   -0.1506
5599.3514   11.0330   -0.1185
5598.7913   11.0474    0.0123
5599.3514   11.0620    0.1437
5598.7913   11.0649    0.1702
5598.2228   11.0703    0.2192
5597.6638   11.0793    0.3010
5597.1090   11.0774    0.2833
5596.5647   11.0772    0.2820
5597.0485   11.0670    0.1890
5597.0181   11.0486    0.0226
5596.4407   11.0602    0.1280
5598.2228   11.0370   -0.0820
5597.6638   11.0541    0.0722
5597.0181   11.0661    0.1809
5597.0485   11.0570    0.0989
5596.4407   11.0645    0.1664
5597.1090   11.0350   -0.0999
5596.5647   11.0408   -0.0482
5598.1980   11.0434   -0.0239
5598.1980   11.0354   -0.0970
5597.6047   11.0515    0.0495
5596.0056   11.0759    0.2702
5595.4901   11.0799    0.3059
5594.9924   11.0898    0.3955
5594.5178   11.0893    0.3917
5594.8325   11.1034    0.5189
5594.7075   11.1010    0.4971
5594.1937   11.1046    0.5300
5594.0627   11.0827    0.3314
5593.6406   11.0796    0.3033
5593.2478   11.0796    0.3037
5593.0020   11.0745    0.2571
5592.7950   11.0820    0.3249
5593.5693   11.0973    0.4636
5593.4852   11.0741    0.2541
5592.9777   11.0976    0.4668
5592.6260   11.0886    0.3853
5592.4995   11.0891    0.3893
5592.4142   11.0853    0.3549
5592.3710   11.0809    0.3148
5593.6977   11.1007    0.4943
5593.8627   11.0896    0.3937
5593.2297   11.0907    0.4039
5596.0056   11.0472    0.0097
5595.4901   11.0543    0.0746
5594.7075   11.0623    0.1471
5594.8325   11.0552    0.0824
5594.1937   11.0541    0.0727
5594.9924   11.0550    0.0808
5594.5178   11.0576    0.1040
5593.4852   11.0688    0.2055
5593.5693   11.0528    0.0606
5592.9777   11.0554    0.0843
5592.3710   11.0625    0.1484
5592.4142   11.0578    0.1059
5592.4995   11.0491    0.0274
5592.6260   11.0445   -0.0144
5594.0627   11.0581    0.1084
5593.6406   11.0536    0.0678
5592.7950   11.0440   -0.0186
5593.0020   11.0491    0.0274
5593.2478   11.0533    0.0657
5593.8627   11.0504    0.0390
5593.6977   11.0474    0.0121
5593.2297   11.0469    0.0071
5595.9095   11.0561    0.0907
5595.8449   11.0719    0.2337
5595.8125   11.0813    0.3193
5595.2649   11.0678    0.1964
5594.6384   11.0748    0.2598
5595.8125   11.0752    0.2639
5595.8449   11.0769    0.2792
5595.9095   11.0940    0.4335
5595.2649   11.0962    0.4538
5594.6384   11.0729    0.2431
5594.0250   11.0747    0.2590
5593.4442   11.0681    0.1992
5594.0250   11.0631    0.1540
5593.4442   11.0907    0.4039
5592.8907   11.0740    0.2530
5594.5993   11.0880    0.3795
5595.1975   11.0920    0.4160
5594.5993   11.0735    0.2482
5601.6685   11.0300   -0.1457
5601.5206   11.0290   -0.1547
5601.3805   11.0305   -0.1412
5601.1425   11.0395   -0.0599
5600.5984   11.0443   -0.0160
5601.2460   11.0299   -0.1469
5601.1226   11.0333   -0.1155
5601.0078   11.0336   -0.1129
5600.9032   11.0247   -0.1933
5600.5750   11.0304   -0.1423
5600.1427   11.0563    0.0923
5600.0122   11.0500    0.0357
5600.0314   11.0637    0.1596
5599.4565   11.0898    0.3955
5599.7096   11.0638    0.1601
5599.2855   11.0846    0.3484
5599.1283   11.0691    0.2087
5598.8692   11.0745    0.2576
5598.2747   11.0702    0.2185
5600.4350   11.0565    0.0947
5600.8411   11.0386   -0.0680
5600.2825   11.0572    0.1003
5600.8007   11.0526    0.0589
5600.7173   11.0243   -0.1975
5600.6446   11.0162   -0.2706
5600.5835   11.0370   -0.0820
5600.1554   11.0241   -0.1986
5599.6641   11.0342   -0.1078
5599.5809   11.0333   -0.1153
5600.5328   11.0184   -0.2504
5600.4952   11.0174   -0.2601
5600.4695   11.0351   -0.0991
5600.4561   11.0414   -0.0422
5599.9398   11.0252   -0.1891
5599.4054   11.0441   -0.0181
5599.3743   11.0478    0.0153
5598.9898   11.0353   -0.0980
5598.4809   11.0470    0.0086
5598.3968   11.0493    0.0290
5598.8645   11.0564    0.0936
5598.3294   11.0493    0.0288
5598.2796   11.0704    0.2204
5597.7981   11.0441   -0.0177
5597.2756   11.0214   -0.2236
5597.1990   11.0299   -0.1469
5599.5067   11.0201   -0.2350
5600.0227   11.0215   -0.2227
5599.4479   11.0258   -0.1840
5597.6470   11.0615    0.1396
5597.0444   11.0526    0.0592
5597.2642   11.0574    0.1021
5596.8433   11.0534    0.0664
5596.6631   11.0630    0.1530
5596.4410   11.0592    0.1188
5595.8422   11.0669    0.1882
5596.9619   11.0440   -0.0190
5596.5015   11.0506    0.0410
5596.3647   11.0400   -0.0550
5596.7463   11.0133   -0.2970
5596.2501   11.0213   -0.2248
5596.1591   11.0078   -0.3466
5595.7707   11.0389   -0.0651
5595.3128   11.0580    0.1076
5595.1854   11.0433   -0.0256
5595.2431   11.0628    0.1513
5594.6596   11.0530    0.0630
5594.8746   11.0733    0.2461
5594.4667   11.0656    0.1771
5594.3018   11.0715    0.2301
5594.0867   11.0384   -0.0693
5593.5297   11.0347   -0.1034
5595.6402   11.0834    0.3383
5596.0610   11.0699    0.2155
5595.4630   11.0756    0.2668
5598.0736   11.0575    0.1034
5598.5134   11.0642    0.1638
5598.9621   11.0684    0.2020
5597.8900   11.0487    0.0238
5597.7262   11.0551    0.0814
5599.4217   11.0534    0.0659
5599.8811   11.0352   -0.0985
5600.3423   11.0146   -0.2847
5599.7646   11.0212   -0.2249
5599.1755   11.0373   -0.0797
5597.5799   11.0451   -0.0084
5597.4570   11.0389   -0.0651
5598.5703   11.0369   -0.0830
5597.9651   11.0440   -0.0187
5597.3552   11.0319   -0.1283
5598.1994   11.0455   -0.0056
5598.8153   11.0430   -0.0275
5598.6841   11.0417   -0.0395
5600.4561   11.0473    0.0112
5600.4695   11.0362   -0.0893
5600.4952   11.0440   -0.0186
5600.5328   11.0223   -0.2153
5599.9398   11.0566    0.0951
5599.3743   11.0507    0.0420
5599.4054   11.0857    0.3588
5600.5835   10.9958   -0.4552
5600.6446   11.0074   -0.3498
5600.7173   11.0115   -0.3131
5600.8007   11.0170   -0.2633
5600.1554   11.0177   -0.2573
5599.5809   11.0483    0.0199
5599.6641   11.0449   -0.0111
5598.8645   11.0973    0.4635
5598.2796   11.0869    0.3695
5598.3294   11.0849    0.3516
5598.9898   11.0753    0.2643
5598.3968   11.0662    0.1822
5598.4809   11.0460   -0.0011
5597.7981   11.0682    0.2002
5597.1990   11.0866    0.3665
5597.2756   11.0583    0.1107
5599.4479   11.0926    0.4208
5600.0227   11.0273   -0.1697
5599.5067   11.0582    0.1097
5600.9032   11.0117   -0.3112
5601.0078   11.0130   -0.2995
5601.1226   11.0163   -0.2700
5601.2460   11.0214   -0.2238
5600.5750   11.0084   -0.3412
5600.0122   11.0123   -0.3057
5600.1427   11.0135   -0.2947
5601.3805   11.0299   -0.1464
5601.5206   11.0431   -0.0267
5601.6685   11.0447   -0.0125
5601.8224   11.0382   -0.0714
5601.1425   11.0439   -0.0198
5600.5984   11.0343   -0.1070
5600.7658   11.0316   -0.1313
5599.7096   11.0225   -0.2139
5599.1283   11.0208   -0.2292
5599.2855   11.0287   -0.1575
5600.0314   11.0358   -0.0934
5599.4565   11.0408   -0.0478
5599.6393   11.0469    0.0071
5598.8692   11.0381   -0.0724
5598.2747   11.0467    0.0059
5598.4646   11.0495    0.0305
5600.2825   11.0230   -0.2089
5600.8411   11.0235   -0.2048
5600.4350   11.0322   -0.1261
5596.7463   11.0590    0.1169
5596.1591   11.0597    0.1235
5596.2501   11.0439   -0.0202
5596.9619   11.0303   -0.1432
5596.3647   11.0388   -0.0663
5596.5015   11.0335   -0.1139
5595.7707   11.0539    0.0706
5595.1854   11.0650    0.1713
5595.3128   11.0639    0.1617
5597.2642   11.0343   -0.1064
5596.6631   11.0292   -0.1530
5596.8433   11.0348   -0.1025
5597.6470   11.0484    0.0210
5597.0444   11.0405   -0.0505
5597.2643   11.0382   -0.0712
5596.4410   11.0299   -0.1462
5595.8422   11.0329   -0.1198
5596.0612   11.0335   -0.1136
5594.8746   11.0762    0.2724
5594.3018   11.0931    0.4256
5594.4667   11.0840    0.3432
5595.2431   11.0469    0.0077
5594.6596   11.0636    0.1586
5594.8785   11.0513    0.0475
5594.0867   11.0737    0.2499
5593.5297   11.0672    0.1914
5593.7386   11.0643    0.1645
5595.4630   11.0567    0.0963
5596.0610   11.0368   -0.0839
5595.6402   11.0436   -0.0223
5597.3552   11.0507    0.0415
5597.9651   11.0437   -0.0219
5598.5703   11.0484    0.0206
5597.4570   11.0386   -0.0674
5597.5799   11.0355   -0.0961
5599.1755   11.0457   -0.0037
5599.7646   11.0313   -0.1342
5600.3423   11.0176   -0.2576
5599.8811   11.0193   -0.2424
5599.4217   11.0202   -0.2341
5597.7262   11.0392   -0.0625
5597.8900   11.0363   -0.0885
5598.9621   11.0238   -0.2021
5598.5134   11.0232   -0.2075
5598.0736   11.0421   -0.0361
5598.1994   11.0422   -0.0349
5598.6841   11.0495    0.0311
5598.8153   11.0326   -0.1218
5592.8882   11.0356   -0.0947
5592.3724   11.0304   -0.1418
5592.3929   11.0284   -0.1605
5592.1190   11.0373   -0.0792
5591.9057   11.0288   -0.1566
5591.8782   11.0160   -0.2726
5591.4103   11.0249   -0.1920
5592.0558   11.0203   -0.2331
5591.7317   11.0258   -0.1836
5591.6015   11.0240   -0.1997
5591.8852   10.9932   -0.4790
5591.5138   11.0196   -0.2396
5591.4695   11.0005   -0.4123
5591.1742   11.0287   -0.1570
5590.8696   11.0198   -0.2376
5590.7779   11.0151   -0.2801
5590.9649   11.0255   -0.1865
5590.5540   11.0431   -0.0270
5590.5979   11.0076   -0.3485
5590.3668   11.0623    0.1468
5590.2268   11.0331   -0.1171
5590.1738   11.0316   -0.1315
5589.8276   11.0481    0.0183
5591.1850   11.0105   -0.3220
5591.4415   11.0286   -0.1585
5591.0042   11.0139   -0.2916
5591.8852   11.0217   -0.2210
5591.4695   10.9796   -0.6021
5591.5138   11.0127   -0.3025
5592.0558   11.0330   -0.1180
5591.6015   11.0198   -0.2378
5591.7317   11.0310   -0.1364
5591.1742   11.0089   -0.3363
5590.7779   10.9989   -0.4269
5590.8696   11.0131   -0.2987
5592.3929   11.0390   -0.0639
5591.9057   11.0339   -0.1106
5592.1190   11.0113   -0.3148
5592.8882   11.0502    0.0375
5592.3724   11.0343   -0.1063
5592.6634   11.0418   -0.0384
5591.8782   11.0210   -0.2273
5591.4103   11.0183   -0.2516
5591.6731   11.0107   -0.3201
5590.5979   11.0120   -0.3087
5590.2268   11.0129   -0.3001
5590.3668   10.9944   -0.4676
5590.9649   10.9852   -0.5508
5590.5540   11.0032   -0.3883
5590.7866   10.9880   -0.5260
5590.1738   10.9846   -0.5567
5589.8276   11.0044   -0.3777
5590.0206   10.9968   -0.4461
5591.0042   11.0233   -0.2064
5591.4415   11.0365   -0.0871
5591.1850   11.0199   -0.2373
5589.5024   11.0686    0.2035
5589.2291   11.0769    0.2788
5589.2891   11.0619    0.1432
5589.1211   11.0741    0.2536
5589.0670   11.0635    0.1578
5588.9930   11.0770    0.2800
5588.7962   11.0746    0.2584
5589.2891   11.0370   -0.0823
5589.0670   11.0492    0.0282
5589.1211   11.0433   -0.0248
5589.5024   11.0180   -0.2546
5589.2291   11.0348   -0.1018
5589.3898   11.0299   -0.1469
5588.9930   11.0520    0.0531
5588.7962   11.0605    0.1306
5588.9059   11.0426   -0.0316
5588.6377   11.0746    0.2583
5588.5216   11.0684    0.2020
5588.6377   11.0509    0.0436
5588.5216   11.0489    0.0256
5588.5782   11.0453   -0.0072
5588.4464   11.0563    0.0922
5588.4128   11.0298   -0.1472
5588.7400   11.0774    0.2836
5588.8836   11.0513    0.0472
5588.7400   11.0526    0.0587
5589.6690   11.0548    0.0793
5589.8760   11.0535    0.0673
5590.1214   11.0153   -0.2782
5589.5624   11.0603    0.1290
5589.5089   11.0377   -0.0757
5590.4082   11.0001   -0.4162
5590.7277   10.9755   -0.6388
5591.0827   10.9978   -0.4370
5590.7277   10.9775   -0.6212
5590.4082   10.9854   -0.5495
5589.5089   11.0280   -0.1635
5589.5624   11.0239   -0.2011
5590.1214   11.0103   -0.3238
5589.8760   11.0105   -0.3223
5589.6690   11.0139   -0.2917
5589.7694   11.0280   -0.1634
5590.0701   11.0083   -0.3421
5590.0701   10.9968   -0.4465
5593.2478   11.0381   -0.0723
5593.6406   11.0520    0.0534
5594.0627   11.0609    0.1337
5593.0020   11.0397   -0.0579
5592.7950   11.0490    0.0267
5594.5178   11.0490    0.0262
5594.9924   11.0325   -0.1233
5595.4901   11.0148   -0.2829
5596.0056   11.0109   -0.3181
5594.8325   11.0227   -0.2115
5594.1937   11.0445   -0.0140
5594.7075   11.0270   -0.1723
5592.6260   11.0465    0.0035
5592.4995   11.0582    0.1096
5593.5693   11.0516    0.0502
5592.9777   11.0571    0.1002
5593.4852   11.0654    0.1751
5592.4142   11.0656    0.1767
5592.3710   11.0431   -0.0274
5593.2297   11.0580    0.1081
5593.8627   11.0609    0.1343
5593.6977   11.0617    0.1416
5596.5647   11.0257   -0.1841
5597.1090   11.0427   -0.0303
5597.6638   11.0697    0.2137
5598.2228   11.0768    0.2777
5597.0485   11.0735    0.2481
5596.4407   11.0627    0.1506
5597.0181   11.0952    0.4450
5598.7913   11.0667    0.1863
5599.3514   11.0443   -0.0163
5599.9084   11.0331   -0.1175
5599.3514   11.0467    0.0053
5598.7913   11.0637    0.1598
5597.0181   11.1025    0.5108
5596.4407   11.0996    0.4841
5597.0485   11.1073    0.5546
5598.2228   11.0895    0.3929
5597.6638   11.0978    0.4681
5597.1090   11.0995    0.4840
5596.5647   11.0896    0.3940
5597.6047   11.0972    0.4632
5598.1980   11.0783    0.2920
5598.1980   11.0870    0.3701
5592.3710   11.0441   -0.0182
5592.4142   11.0452   -0.0079
5593.4852   11.0634    0.1567
5592.9777   11.0465    0.0040
5593.5693   11.0617    0.1417
5592.4995   11.0393   -0.0609
5592.6260   11.0541    0.0723
5594.7075   11.0733    0.2461
5594.1937   11.0665    0.1844
5594.8325   11.0690    0.2079
5596.0056   11.0767    0.2769
5595.4901   11.0634    0.1572
5594.9924   11.0655    0.1757
5594.5178   11.0754    0.2655
5592.7950   11.0687    0.2049
5593.0020   11.0703    0.2191
5594.0627   11.0890    0.3885
5593.6406   11.0959    0.4515
5593.2478   11.0695    0.2124
5593.2297   11.0692    0.2089
5593.6977   11.0643    0.1650
5593.8627   11.0797    0.3039
5592.8907   11.0662    0.1820
5593.4442   11.0654    0.1753
5594.0250   11.0593    0.1200
5593.4442   11.0743    0.2551
5594.0250   11.0723    0.2376
5594.6384   11.0366   -0.0859
5595.2649   11.0292   -0.1527
5595.9095   11.0254   -0.1874
5595.8449   11.0376   -0.0766
5595.8125   11.0539    0.0704
5594.6384   11.0718    0.2327
5595.2649   11.0675    0.1939
5595.8125   11.0958    0.4499
5595.8449   11.0832    0.3358
5595.9095   11.0836    0.3397
5594.5993   11.0771    0.2804
5594.5993   11.0512    0.0464
5595.1975   11.0647    0.1686
5601.6685   11.0364   -0.0874
5601.5206   11.0331   -0.1174
5601.3805   11.0582    0.1097
5601.1425   11.0231   -0.2079
5600.5984   11.0080   -0.3446
5601.2460   11.0313   -0.1336
5601.1226   11.0183   -0.2518
5601.0078   11.0238   -0.2018
5600.9032   11.0802    0.3091
5600.5750   11.0398   -0.0572
5600.1427   11.0505    0.0404
5600.0122   11.0372   -0.0808
5600.0314   11.0328   -0.1204
5599.4565   11.0582    0.1098
5599.7096   11.0795    0.3028
5599.2855   11.0596    0.1224
5599.1283   11.0650    0.1717
5598.8692   11.0565    0.0940
5598.2747   11.0524    0.0571
5600.4350   11.0306   -0.1399
5600.8411   11.0269   -0.1733
5600.2825   11.0644    0.1660
5600.8007   11.0913    0.4098
5600.7173   11.0701    0.2175
5600.6446   11.0927    0.4219
5600.5835   11.1112    0.5900
5600.1554   11.0812    0.3181
5599.6641   11.0975    0.4655
5599.5809   11.1080    0.5607
5600.5328   11.1065    0.5468
5600.4952   11.0696    0.2128
5600.4695   11.0698    0.2150
5600.4561   11.1304    0.7634
5599.9398   11.0614    0.1390
5599.4054   11.0967    0.4587
5599.3743   11.0701    0.2177
5598.9898   11.1192    0.6616
5598.4809   11.1135    0.6101
5598.3968   11.1102    0.5809
5598.8645   11.1010    0.4970
5598.3294   11.1082    0.5620
5598.2796   11.0993    0.4815
5597.7981   11.1024    0.5096
5597.2756   11.0852    0.3545
5597.1990   11.0813    0.3189
5599.5067   11.1203    0.6722
5600.0227   11.1341    0.7968
5599.4479   11.1151    0.6250
5597.6470   11.0484    0.0211
5597.0444   11.0396   -0.0591
5597.2642   11.0508    0.0430
5596.8433   11.0083   -0.3421
5596.6631   11.0336   -0.1133
5596.4410   11.0358   -0.0929
5595.8422   11.0323   -0.1247
5596.9619   11.0351   -0.0990
5596.5015   11.0441   -0.0182
5596.3647   11.0393   -0.0614
5596.7463   11.0647    0.1685
5596.2501   11.0483    0.0200
5596.1591   11.0640    0.1625
5595.7707   11.0456   -0.0040
5595.3128   11.0483    0.0197
5595.1854   11.0440   -0.0185
5595.2431   11.0471    0.0091
5594.6596   11.0541    0.0728
5594.8746   11.0481    0.0183
5594.4667   11.0529    0.0617
5594.3018   11.0503    0.0379
5594.0867   11.0569    0.0983
5593.5297   11.0540    0.0715
5595.6402   11.0353   -0.0972
5596.0610   11.0375   -0.0780
5595.4630   11.0466    0.0046
5598.0736   11.0480    0.0175
5598.5134   11.0522    0.0552
5598.9621   11.0523    0.0566
5597.8900   11.0476    0.0141
5597.7262   11.0563    0.0928
5599.4217   11.0480    0.0170
5599.8811   11.0527    0.0599
5600.3423   11.0576    0.1041
5599.7646   11.0807    0.3136
5599.1755   11.0923    0.4188
5597.5799   11.0558    0.0880
5597.4570   11.0554    0.0841
5598.5703   11.1033    0.5183
5597.9651   11.0960    0.4523
5597.3552   11.0762    0.2727
5598.1994   11.0607    0.1322
5598.8153   11.0546    0.0767
5598.6841   11.0804    0.3103
5600.4561   11.1146    0.6202
5600.4695   11.0633    0.1562
5600.4952   11.0444   -0.0150
5600.5328   11.0006   -0.4116
5599.9398   11.0428   -0.0301
5599.3743   11.0821    0.3262
5599.4054   11.0557    0.0870
5600.5835   11.0102   -0.3252
5600.6446   11.0213   -0.2242
5600.7173   11.0067   -0.3563
5600.8007   10.9649   -0.7346
5600.1554   10.9870   -0.5352
5599.5809   10.9461   -0.9047
5599.6641   10.8825   -1.4813
5598.8645   11.0991    0.4797
5598.2796   11.1158    0.6309
5598.3294   11.1145    0.6197
5598.9898   10.9734   -0.6580
5598.3968   11.0671    0.1901
5598.4809   10.9584   -0.7939
5597.7981   11.1059    0.5419
5597.1990   11.1032    0.5175
5597.2756   11.0796    0.3036
5599.4479   11.0403   -0.0521
5600.0227   11.0347   -0.1034
5599.5067   10.9814   -0.5854
5600.9032   10.9305   -1.0462
5601.0078   10.9295   -1.0553
5601.1226   10.9783   -0.6140
5601.2460   10.9309   -1.0427
5600.5750   10.9856   -0.5475
5600.0122   10.9831   -0.5699
5600.1427   10.9820   -0.5799
5601.3805   11.0324   -0.1234
5601.5206   11.1042    0.5263
5601.6685   11.0920    0.4159
5601.8224   11.0814    0.3201
5601.1425   11.1154    0.6273
5600.5984   11.0478    0.0156
5600.7658   10.9767   -0.6281
5599.7096   10.9337   -1.0171
5599.1283   10.9906   -0.5022
5599.2855   11.0286   -0.1581
5600.0314   11.0160   -0.2727
5599.4565   11.0177   -0.2570
5599.6393   10.9733   -0.6593
5598.8692   11.0447   -0.0129
5598.2747   11.0173   -0.2605
5598.4646   10.9626   -0.7555
5600.2825   10.9567   -0.8090
5600.8411   11.0137   -0.2933
5600.4350   11.1004    0.4920
5596.7463   11.0544    0.0755
5596.1591   11.0174   -0.2597
5596.2501   11.0232   -0.2069
5596.9619   11.0062   -0.3613
5596.3647   10.9734   -0.6576
5596.5015   10.9978   -0.4375
5595.7707   11.0032   -0.3883
5595.1854   11.0088   -0.3379
5595.3128   11.0183   -0.2513
5597.2642   11.0280   -0.1641
5596.6631   11.0132   -0.2976
5596.8433   10.9834   -0.5673
5597.6470   10.9615   -0.7656
5597.0444   10.9509   -0.8618
5597.2643   10.9570   -0.8068
5596.4410   11.0007   -0.4112
5595.8422   11.0168   -0.2655
5596.0612   11.0187   -0.2475
5594.8746   11.0131   -0.2984
5594.3018   11.0237   -0.2027
5594.4667   11.0136   -0.2944
5595.2431   11.0283   -0.1611
5594.6596   11.0302   -0.1441
5594.8785   11.0445   -0.0144
5594.0867   11.0268   -0.1749
5593.5297   11.0282   -0.1615
5593.7386   11.0538    0.0699
5595.4630   11.0148   -0.2830
5596.0610   11.0029   -0.3911
5595.6402   11.0079   -0.3457
5597.3552   11.0511    0.0455
5597.9651   11.0708    0.2237
5598.5703   10.9644   -0.7397
5597.4570   11.0628    0.1518
5597.5799   11.0378   -0.0754
5599.1755   10.9609   -0.7707
5599.7646   10.8889   -1.4231
5600.3423   10.9039   -1.2868
5599.8811   10.8914   -1.4006
5599.4217   10.9771   -0.6243
5597.7262   11.0362   -0.0898
5597.8900   11.0366   -0.0859
5598.9621   11.0408   -0.0477
5598.5134   11.0491    0.0274
5598.0736   11.0648    0.1696
5598.1994   10.9996   -0.4210
5598.6841   10.9875   -0.5306
5598.8153   11.0652    0.1730
5592.8882   11.0436   -0.0226
5592.3724   11.0211   -0.2262
5592.3929   11.0268   -0.1742
5592.1190   11.0145   -0.2861
5591.9057   11.0267   -0.1757
5591.8782   11.0017   -0.4018
5591.4103   11.0005   -0.4129
5592.0558   11.0309   -0.1374
5591.7317   11.0028   -0.3916
5591.6015   11.0177   -0.2566
5591.8852   11.0216   -0.2215
5591.5138   11.0261   -0.1813
5591.4695   11.0168   -0.2647
5591.1742   11.0040   -0.3812
5590.8696   10.9930   -0.4803
5590.7779   11.0118   -0.3103
5590.9649   10.9971   -0.4436
5590.5540   10.9833   -0.5680
5590.5979   11.0058   -0.3646
5590.3668   11.0049   -0.3727
5590.2268   11.0079   -0.3461
5590.1738   10.9994   -0.4223
5589.8276   11.0131   -0.2983
5591.1850   11.0040   -0.3809
5591.4415   10.9642   -0.7410
5591.0042   10.9941   -0.4703
5591.8852   11.0111   -0.3170
5591.4695   11.0280   -0.1633
5591.5138   11.0363   -0.0887
5592.0558   11.0503    0.0383
5591.6015   11.0507    0.0419
5591.7317   11.0558    0.0881
5591.1742   11.0427   -0.0308
5590.7779   11.0301   -0.1446
5590.8696   11.0350   -0.1005
5592.3929   11.0289   -0.1551
5591.9057   11.0363   -0.0884
5592.1190   11.0194   -0.2415
5592.8882   11.0295   -0.1501
5592.3724   11.0224   -0.2146
5592.6634   11.0431   -0.0266
5591.8782   11.0143   -0.2877
5591.4103   11.0075   -0.3495
5591.6731   11.0105   -0.3224
5590.5979   11.0035   -0.3854
5590.2268   11.0119   -0.3091
5590.3668   10.9483   -0.8855
5590.9649   10.9834   -0.5676
5590.5540   10.9219   -1.1240
5590.7866   10.9950   -0.4620
5590.1738   10.8772   -1.5286
5589.8276   10.9376   -0.9820
5590.0206   10.9837   -0.5643
5591.0042   11.0229   -0.2095
5591.4415   11.0374   -0.0788
5591.1850   10.9867   -0.5374
5589.5024   11.0257   -0.1841
5589.2291   11.0398   -0.0571
5589.2891   11.0375   -0.0781
5589.1211   11.0421   -0.0362
5589.0670   11.0308   -0.1387
5588.9930   11.0460   -0.0009
5588.7962   11.0443   -0.0160
5589.2891   10.9887   -0.5197
5589.0670   11.0168   -0.2651
5589.1211   11.0019   -0.4001
5589.5024   10.9830   -0.5714
5589.2291   10.9800   -0.5984
5589.3898   10.9910   -0.4983
5588.9930   10.9850   -0.5529
5588.7962   10.9722   -0.6690
5588.9059   10.9638   -0.7450
5588.6377   11.0290   -0.1546
5588.5216   11.0384   -0.0696
5588.6377   10.9673   -0.7134
5588.5216   11.0282   -0.1621
5588.5782   10.9584   -0.7942
5588.4464   11.0374   -0.0783
5588.4128   10.9909   -0.4998
5588.7400   11.0239   -0.2006
5588.8836   11.0168   -0.2648
5588.7400   11.0093   -0.3326
5589.6690   11.0254   -0.1876
5589.8760   11.0190   -0.2455
5590.1214   11.0107   -0.3200
5589.5624   11.0321   -0.1266
5589.5089   11.0385   -0.0682
5590.4082   11.0216   -0.2218
5590.7277   11.0249   -0.1920
5591.0827   11.0281   -0.1627
5590.7277   11.0283   -0.1610
5590.4082   11.0363   -0.0888
5589.5089   11.0419   -0.0379
5589.5624   10.9419   -0.9435
5590.1214   11.0199   -0.2368
5589.8760   10.9767   -0.6278
5589.6690   10.9369   -0.9887
5589.7694   11.0333   -0.1157
5590.0701   11.0341   -0.1081
5590.0701   11.0259   -0.1828
5593.2478   11.0492    0.0285
5593.6406   11.0501    0.0363
5594.0627   11.0467    0.0058
5593.0020   11.0390   -0.0641
5592.7950   11.0426   -0.0316
5594.5178   11.0435   -0.0234
5594.9924   11.0474    0.0120
5595.4901   11.0526    0.0592
5596.0056   11.0685    0.2029
5594.8325   11.0380   -0.0728
5594.1937   11.0288   -0.1561
5594.7075   11.0356   -0.0947
5592.6260   11.0458   -0.0023
5592.4995   11.0623    0.1472
5593.5693   11.0341   -0.1089
5592.9777   11.0376   -0.0769
5593.4852   11.0139   -0.2914
5592.4142   11.0475    0.0132
5592.3710   11.0062   -0.3609
5593.2297   11.0528    0.0605
5593.8627   11.0455   -0.0048
5593.6977   11.0411   -0.0450
5596.5647   11.0740    0.2526
5597.1090   11.0604    0.1301
5597.6638   11.0770    0.2796
5598.2228   11.0841    0.3443
5597.0485   11.0517    0.0508
5596.4407   11.0342   -0.1074
5597.0181   11.0337   -0.1121
5598.7913   11.0978    0.4678
5599.3514   11.0148   -0.2833
5599.9084   11.0420   -0.0374
5599.3514   11.0465    0.0039
5598.7913   11.0719    0.2335
5597.0181   11.0480    0.0178
5596.4407   11.0711    0.2264
5597.0485   11.0714    0.2288
5598.2228   11.0900    0.3972
5597.6638   11.1059    0.5415
5597.1090   11.0994    0.4826
5596.5647   11.0630    0.1528
5597.6047   11.0511    0.0450
5598.1980   11.0806    0.3122
5598.1980   11.0912    0.4081
5592.3710   11.0184   -0.2505
5592.4142   10.9941   -0.4701
5593.4852   11.0290   -0.1547
5592.9777   11.0307   -0.1391
5593.5693   11.0451   -0.0092
5592.4995   10.9904   -0.5039
5592.6260   11.0439   -0.0195
5594.7075   11.0220   -0.2176
5594.1937   11.0426   -0.0311
5594.8325   11.0333   -0.1153
5596.0056   11.0390   -0.0643
5595.4901   11.0312   -0.1345
5594.9924   11.0199   -0.2370
5594.5178   11.0168   -0.2654
5592.7950   11.0376   -0.0770
5593.0020   11.0226   -0.2128
5594.0627   11.0432   -0.0262
5593.6406   11.0275   -0.1683
5593.2478   11.0220   -0.2177
5593.2297   11.0373   -0.0797
5593.6977   11.0270   -0.1730
5593.8627   11.0274   -0.1689
5592.8907   11.0272   -0.1707
5593.4442   11.0173   -0.2603
5594.0250   11.0154   -0.2780
5593.4442   11.0213   -0.2247
5594.0250   11.0238   -0.2015
5594.6384   11.0121   -0.3076
5595.2649   11.0270   -0.1729
5595.9095   11.0582    0.1100
5595.8449   11.0311   -0.1353
5595.8125   11.0269   -0.1732
5594.6384   11.0227   -0.2121
5595.2649   11.0191   -0.2442
5595.8125   11.0399   -0.0558
5595.8449   11.0519    0.0529
5595.9095   11.0221   -0.2173
5594.5993   11.0163   -0.2699
5594.5993   11.0159   -0.2730
5595.1975   11.0285   -0.1590
5601.6685   11.0212   -0.2254
5601.5206   11.0537    0.0694
5601.3805   11.0414   -0.0423
5601.1425   10.9933   -0.4778
5600.5984   10.9577   -0.7997
5601.2460   11.0343   -0.1065
5601.1226   11.0352   -0.0983
5601.0078   11.0709    0.2247
5600.9032   11.0810    0.3161
5600.5750   11.0583    0.1106
5600.1427   11.0337   -0.1122
5600.0122   11.0684    0.2019
5600.0314   10.9682   -0.7049
5599.4565   10.9514   -0.8571
5599.7096   11.0096   -0.3300
5599.2855   10.9935   -0.4758
5599.1283   11.0239   -0.2010
5598.8692   10.9563   -0.8131
5598.2747   10.9356   -1.0000
5600.4350   10.9922   -0.4877
5600.8411   11.0013   -0.4050
5600.2825   10.9668   -0.7177
5600.8007   11.0810    0.3158
5600.7173   11.0794    0.3019
5600.6446   11.0753    0.2649
5600.5835   11.0737    0.2499
5600.1554   11.0782    0.2912
5599.6641   11.0781    0.2899
5599.5809   11.0731    0.2446
5600.5328   11.0706    0.2223
5600.4952   11.0677    0.1960
5600.4695   11.0623    0.1470
5600.4561   11.0577    0.1051
5599.9398   11.0679    0.1973
5599.4054   11.0634    0.1564
5599.3743   11.0629    0.1527
5598.9898   11.0588    0.1154
5598.4809   11.0484    0.0208
5598.3968   11.0492    0.0285
5598.8645   11.0547    0.0784
5598.3294   11.0465    0.0038
5598.2796   11.0448   -0.0112
5597.7981   11.0337   -0.1121
5597.2756   11.0181   -0.2537
5597.1990   11.0168   -0.2650
5599.5067   11.0689    0.2067
5600.0227   11.0718    0.2326
5599.4479   11.0623    0.1465
5597.6470   10.9606   -0.7735
5597.0444   10.9869   -0.5353
5597.2642   11.0064   -0.3588
5596.8433   11.0035   -0.3854
5596.6631   11.0164   -0.2690
5596.4410   11.0090   -0.3360
5595.8422   11.0344   -0.1060
5596.9619   11.0204   -0.2326
5596.5015   11.0255   -0.1862
5596.3647   11.0271   -0.1722
5596.7463   11.0178   -0.2563
5596.2501   11.0246   -0.1945
5596.1591   11.0204   -0.2324
5595.7707   11.0322   -0.1253
5595.3128   11.0446   -0.0130
5595.1854   11.0373   -0.0793
5595.2431   11.0457   -0.0037
5594.6596   11.0566    0.0950
5594.8746   11.0568    0.0971
5594.4667   11.0650    0.1710
5594.3018   11.0663    0.1830
5594.0867   11.0641    0.1635
5593.5297   11.0703    0.2197
5595.6402   11.0434   -0.0240
5596.0610   11.0318   -0.1295
5595.4630   11.0471    0.0091
5598.0736   10.9874   -0.5313
5598.5134   11.0143   -0.2881
5598.9621   11.0446   -0.0136
5597.8900   11.0063   -0.3600
5597.7262   11.0225   -0.2132
5599.4217   11.0593    0.1197
5599.8811   11.0805    0.3115
5600.3423   11.0873    0.3736
5599.7646   11.0829    0.3330
5599.1755   11.0657    0.1777
5597.5799   11.0245   -0.1951
5597.4570   11.0218   -0.2201
5598.5703   11.0485    0.0217
5597.9651   11.0326   -0.1221
5597.3552   11.0203   -0.2330
5598.1994   11.0354   -0.0964
5598.8153   11.0490    0.0267
5598.6841   11.0504    0.0390
5600.4561   11.0526    0.0593
5600.4695   11.0472    0.0102
5600.4952   11.0426   -0.0312
5600.5328   11.0392   -0.0623
5599.9398   11.0500    0.0356
5599.3743   11.0551    0.0814
5599.4054   11.0550    0.0807
5600.5835   11.0366   -0.0858
5600.6446   11.0371   -0.0813
5600.7173   11.0384   -0.0691
5600.8007   11.0397   -0.0577
5600.1554   11.0431   -0.0273
5599.5809   11.0494    0.0300
5599.6641   11.0519    0.0528
5598.8645   11.0624    0.1481
5598.2796   11.0631    0.1543
5598.3294   11.0625    0.1482
5598.9898   11.0572    0.1011
5598.3968   11.0593    0.1195
5598.4809   11.0571    0.0995
5597.7981   11.0642    0.1637
5597.1990   11.0714    0.2293
5597.2756   11.0684    0.2025
5599.4479   11.0541    0.0726
5600.0227   11.0458   -0.0026
5599.5067   11.0520    0.0539
5600.9032   11.0390   -0.0644
5601.0078   11.0373   -0.0791
5601.1226   11.0357   -0.0941
5601.2460   11.0302   -0.1437
5600.5750   11.0405   -0.0509
5600.0122   11.0467    0.0055
5600.1427   11.0445   -0.0140
5601.3805   11.0317   -0.1304
5601.5206   11.0331   -0.1175
5601.6685   11.0282   -0.1621
5601.1425   11.0219   -0.2185
5600.5984   11.0540    0.0714
5599.7096   11.0510    0.0443
5599.1283   11.0402   -0.0532
5599.2855   11.0438   -0.0202
5600.0314   11.0541    0.0723
5599.4565   11.0462    0.0010
5598.8692   11.0391   -0.0635
5598.2747   11.0400   -0.0549
5600.2825   11.0508    0.0424
5600.8411   11.0414   -0.0427
5600.4350   11.0472    0.0101
5596.7463   11.0774    0.2840
5596.1591   11.0841    0.3445
5596.2501   11.0832    0.3363
5596.9619   11.0638    0.1600
5596.3647   11.0788    0.2961
5596.5015   11.0628    0.1513
5595.7707   11.0807    0.3138
5595.1854   11.0810    0.3162
5595.3128   11.0790    0.2979
5597.2642   11.0399   -0.0555
5596.6631   11.0427   -0.0305
5596.8433   11.0559    0.0888
5597.6470   11.0428   -0.0294
5597.0444   11.0521    0.0546
5596.4410   11.0613    0.1374
5595.8422   11.0701    0.2177
5594.8746   11.0923    0.4183
5594.3018   11.0713    0.2287
5594.4667   11.0759    0.2703
5595.2431   11.0751    0.2630
5594.6596   11.0711    0.2267
5594.0867   11.0564    0.0931
5593.5297   11.0659    0.1793
5595.4630   11.0768    0.2781
5596.0610   11.0637    0.1596
5595.6402   11.0752    0.2636
5597.3552   11.0649    0.1701
5597.9651   11.0551    0.0818
5598.5703   11.0560    0.0895
5597.4570   11.0594    0.1205
5597.5799   11.0534    0.0660
5599.1755   11.0566    0.0949
5599.7646   11.0517    0.0510
5600.3423   11.0440   -0.0188
5599.8811   11.0496    0.0319
5599.4217   11.0490    0.0263
5597.7262   11.0394   -0.0607
5597.8900   11.0319   -0.1288
5598.9621   11.0432   -0.0263
5598.5134   11.0337   -0.1119
5598.0736   11.0360   -0.0911
5598.1994   11.0480    0.0171
5598.6841   11.0534    0.0663
5598.8153   11.0491    0.0273
5592.8882   11.0648    0.1694
5592.3724   11.0470    0.0088
5592.3929   11.0425   -0.0328
5592.1190   11.0422   -0.0356
5591.9057   11.0324   -0.1238
5591.8782   11.0295   -0.1501
5591.4103   11.0273   -0.1705
5592.0558   11.0287   -0.1575
5591.7317   11.0344   -0.1058
5591.6015   11.0364   -0.0873
5591.8852   11.0297   -0.1480
5591.5138   11.0362   -0.0897
5591.4695   11.0393   -0.0614
5591.1742   11.0435   -0.0236
5590.8696   11.0395   -0.0596
5590.7779   11.0436   -0.0223
5590.9649   11.0230   -0.2085
5590.5540   11.0067   -0.3568
5590.5979   11.0367   -0.0853
5590.3668   11.0281   -0.1629
5590.2268   11.0273   -0.1698
5590.1738   11.0025   -0.3944
5589.8276   11.0121   -0.3079
5591.1850   11.0347   -0.1033
5591.4415   11.0334   -0.1151
5591.0042   11.0374   -0.0787
5591.8852   11.0297   -0.1478
5591.4695   11.0373   -0.0798
5591.5138   11.0349   -0.1015
5592.0558   11.0331   -0.1173
5591.6015   11.0332   -0.1163
5591.7317   11.0356   -0.0952
5591.1742   11.0366   -0.0858
5590.7779   11.0370   -0.0821
5590.8696   11.0351   -0.0997
5592.3929   11.0474    0.0117
5591.9057   11.0397   -0.0573
5592.1190   11.0454   -0.0062
5592.8882   11.0635    0.1577
5592.3724   11.0538    0.0696
5591.8782   11.0455   -0.0056
5591.4103   11.0380   -0.0733
5590.5979   11.0257   -0.1844
5590.2268   11.0221   -0.2175
5590.3668   11.0208   -0.2291
5590.9649   11.0294   -0.1506
5590.5540   11.0252   -0.1888
5590.1738   11.0213   -0.2240
5589.8276   11.0177   -0.2565
5591.0042   11.0282   -0.1614
5591.4415   11.0331   -0.1177
5591.1850   11.0324   -0.1242
5589.5024   11.0126   -0.3034
5589.2291   11.0008   -0.4103
5589.2891   11.0205   -0.2314
5589.1211   11.0097   -0.3294
5589.0670   11.0131   -0.2982
5588.9930   10.9847   -0.5556
5588.7962   10.9794   -0.6034
5589.2891   11.0143   -0.2877
5589.0670   11.0185   -0.2495
5589.1211   11.0086   -0.3393
5589.5024   11.0182   -0.2527
5589.2291   11.0179   -0.2548
5588.9930   11.0135   -0.2948
5588.7962   11.0104   -0.3229
5588.6377   10.9840   -0.5622
5588.5216   10.9889   -0.5173
5588.6377   11.0091   -0.3351
5588.5216   11.0075   -0.3489
5588.4464   10.9909   -0.4997
5588.7400   10.9928   -0.4819
5588.8836   11.0019   -0.4001
5588.7400   10.9994   -0.4225
5589.6690   11.0212   -0.2256
5589.8760   11.0178   -0.2560
5590.1214   11.0261   -0.1809
5589.5624   11.0087   -0.3386
5589.5089   11.0191   -0.2444
5590.4082   11.0374   -0.0783
5590.7277   11.0397   -0.0580
5591.0827   11.0386   -0.0681
5590.7277   11.0354   -0.0966
5590.4082   11.0311   -0.1357
5589.5089   11.0120   -0.3088
5589.5624   11.0151   -0.2804
5590.1214   11.0242   -0.1985
5589.8760   11.0151   -0.2809
5589.6690   11.0097   -0.3297
5589.7694   11.0178   -0.2559
5590.0701   11.0229   -0.2095
5590.0701   11.0253   -0.1883
5593.2478   11.0711    0.2267
5593.6406   11.0693    0.2102
5594.0627   11.0568    0.0970
5593.0020   11.0601    0.1270
5592.7950   11.0431   -0.0274
5594.5178   11.0423   -0.0346
5594.9924   11.0302   -0.1436
5595.4901   11.0247   -0.1935
5596.0056   11.0209   -0.2275
5594.8325   11.0264   -0.1780
5594.1937   11.0302   -0.1437
5594.7075   11.0300   -0.1452
5592.6260   11.0324   -0.1242
5592.4995   11.0259   -0.1829
5593.5693   11.0383   -0.0705
5592.9777   11.0275   -0.1682
5593.4852   11.0374   -0.0784
5592.4142   11.0260   -0.1814
5592.3710   11.0262   -0.1802
5593.2297   11.0398   -0.0573
5593.8627   11.0437   -0.0214
5593.6977   11.0343   -0.1069
5596.5647   11.0169   -0.2644
5597.1090   11.0216   -0.2216
5597.6638   11.0368   -0.0839
5598.2228   11.0465    0.0035
5597.0485   11.0311   -0.1358
5596.4407   11.0331   -0.1172
5597.0181   11.0418   -0.0386
5598.7913   11.0559    0.0892
5599.3514   11.0609    0.1340
5599.9084   11.0612    0.1367
5599.3514   11.0602    0.1279
5598.7913   11.0576    0.1047
5597.0181   11.0546    0.0773
5596.4407   11.0586    0.1132
5597.0485   11.0628    0.1514
5598.2228   11.0585    0.1128
5597.6638   11.0649    0.1704
5597.1090   11.0690    0.2074
5596.5647   11.0694    0.2110
5597.6047   11.0460   -0.0012
5598.1980   11.0482    0.0188
5598.1980   11.0513    0.0476
5592.3710   11.0283   -0.1607
5592.4142   11.0312   -0.1348
5593.4852   11.0406   -0.0500
5592.9777   11.0440   -0.0184
5593.5693   11.0528    0.0611
5592.4995   11.0375   -0.0780
5592.6260   11.0401   -0.0545
5594.7075   11.0528    0.0610
5594.1937   11.0571    0.0999
5594.8325   11.0758    0.2692
5596.0056   11.0771    0.2810
5595.4901   11.0801    0.3084
5594.9924   11.0695    0.2122
5594.5178   11.0691    0.2087
5592.7950   11.0552    0.0828
5593.0020   11.0654    0.1752
5594.0627   11.0703    0.2189
5593.6406   11.0742    0.2541
5593.2478   11.0727    0.2410
5593.2297   11.0566    0.0952
5593.6977   11.0541    0.0723
5593.8627   11.0686    0.2035
5592.8907   11.0352   -0.0986
5593.4442   11.0345   -0.1047
5594.0250   11.0432   -0.0259
5593.4442   11.0447   -0.0125
5594.0250   11.0585    0.1128
5594.6384   11.0384   -0.0696
5595.2649   11.0314   -0.1329
5595.9095   11.0238   -0.2015
5595.8449   11.0306   -0.1404
5595.8125   11.0420   -0.0366
5594.6384   11.0560    0.0898
5595.2649   11.0617    0.1412
5595.8125   11.0529    0.0616
5595.8449   11.0607    0.1326
5595.9095   11.0687    0.2046
5594.5993   11.0623    0.1465
5594.5993   11.0539    0.0705
5595.1975   11.0521    0.0545
