3893.2090   13.3315   -0.0230
3901.3562   13.3020   -0.2442
3901.3562   13.3515    0.1271
3901.3562   13.3578    0.1740
3901.3562   13.3655    0.2316
3901.3562   13.3634    0.2161
3901.3562   13.3409    0.0475
3901.3562   13.3004   -0.2562
3901.3562   13.3319   -0.0200
3901.3562   13.3789    0.3326
3901.3562   13.3387    0.0312
3893.2090   13.3485    0.1041
3896.0180   13.3706    0.2704
3896.0180   13.3449    0.0776
3900.5760   13.2844   -0.3763
3896.0180   13.3450    0.0784
3900.5760   13.3730    0.2881
3896.0180   13.3233   -0.0843
3900.5760   13.3627    0.2109
3896.0180   13.3444    0.0738
3900.5760   13.3391    0.0342
3900.5760   13.3596    0.1875
3903.4010   13.3265   -0.0602
3903.4010   13.3588    0.1819
3903.4010   13.2953   -0.2946
3903.4010   13.3243   -0.0769
3900.5760   13.2461   -0.6637
3903.4010   13.3203   -0.1069
3903.4010   13.3312   -0.0252
3900.5760   13.2890   -0.3420
3903.4010   13.3075   -0.2030
3903.4010   13.2640   -0.5293
3900.5760   13.3413    0.0502
3903.4010   13.3655    0.2322
3903.4010   13.3866    0.3901
3900.5760   13.3302   -0.0326
3900.5760   13.3642    0.2221
3896.0180   13.3414    0.0516
3896.0180   13.3595    0.1872
3896.0180   13.3640    0.2209
3896.0180   13.3095   -0.1880
3896.0180   13.3570    0.1680
3893.9673   13.3444    0.0734
3893.9673   13.3234   -0.0839
3895.2410   13.3407    0.0463
3898.7527   13.3259   -0.0649
3898.0544   13.3439    0.0700
3900.7867   13.3179   -0.1253
3898.0544   13.3471    0.0940
3898.7527   13.3122   -0.1676
3900.7867   13.3243   -0.0770
3893.9673   13.3409    0.0473
3895.2410   13.3533    0.1403
3898.0544   13.3513    0.1252
3900.7867   13.2640   -0.5291
3898.0544   13.3201   -0.1085
3898.7527   13.3359    0.0101
3900.7867   13.3284   -0.0465
3893.9673   13.3431    0.0640
3895.2410   13.4042    0.5219
3898.7527   13.2992   -0.2650
3898.0544   13.3922    0.4322
3900.7867   13.3612    0.2000
3898.0544   13.3896    0.4127
3900.7867   13.3815    0.3520
3893.9673   13.4068    0.5414
3895.2410   13.3332   -0.0106
3898.7527   13.3621    0.2068
3898.0544   13.3296   -0.0369
3900.7867   13.3598    0.1893
3898.0544   13.3233   -0.0841
3900.7867   13.3624    0.2085
3895.2410   13.2548   -0.5984
3898.0544   13.3452    0.0797
3900.7867   13.3667    0.2410
3898.0544   13.3400    0.0410
3900.7867   13.3762    0.3123
3902.8482   13.3571    0.1690
3902.6196   13.3466    0.0902
3902.6196   13.3076   -0.2022
3902.8482   13.3235   -0.0833
3903.4010   13.3140   -0.1543
3902.8482   13.3294   -0.0384
3902.8482   13.3271   -0.0557
3902.8482   13.3367    0.0162
3902.6196   13.3517    0.1282
3902.8482   13.3237   -0.0811
3903.4010   13.3219   -0.0951
3902.8482   13.3328   -0.0130
3902.6196   13.3342   -0.0024
3902.8482   13.3155   -0.1431
3903.4010   13.3253   -0.0693
3902.6196   13.2600   -0.5590
3900.7867   13.2932   -0.3105
3902.6196   13.2569   -0.5822
3900.7867   13.3108   -0.1779
3902.8482   13.3250   -0.0719
3902.6196   13.3544    0.1488
3902.6196   13.3795    0.3371
3902.8482   13.3427    0.0607
3903.4010   13.3314   -0.0237
3902.8482   13.3579    0.1751
3902.8482   13.3440    0.0708
3903.4010   13.3240   -0.0796
3902.6196   13.3365    0.0148
3900.7867   13.2944   -0.3010
3902.6196   13.3359    0.0099
3900.7867   13.2976   -0.2775
3902.8482   13.3573    0.1703
3902.6196   13.3723    0.2829
3902.6196   13.3354    0.0062
3902.8482   13.3245   -0.0757
3903.4010   13.2826   -0.3896
3902.8482   13.3226   -0.0899
3902.8482   13.3050   -0.2215
3903.4010   13.3443    0.0728
3902.6196   13.3099   -0.1853
3900.7867   13.3680    0.2506
3902.6196   13.3468    0.0920
3900.7867   13.3476    0.0978
3902.8482   13.3760    0.3106
3902.6196   13.3677    0.2488
3902.6196   13.3330   -0.0118
3902.8482   13.3508    0.1215
3903.4010   13.3565    0.1647
3902.8482   13.3369    0.0175
3902.8482   13.3374    0.0215
3903.4010   13.3069   -0.2072
3902.6196   13.3259   -0.0652
3900.7867   13.4105    0.5691
3902.6196   13.2972   -0.2804
3900.7867   13.3310   -0.0271
3903.4010   13.3163   -0.1368
3902.6196   13.2870   -0.3568
3900.7867   13.3446    0.0749
3902.6196   13.3122   -0.1675
3900.7867   13.3687    0.2562
3898.7527   13.3602    0.1924
3898.0544   13.3442    0.0721
3898.0544   13.3527    0.1361
3898.7527   13.3426    0.0600
3895.2410   13.3533    0.1405
3893.9673   13.3458    0.0839
3893.9673   13.3897    0.4132
3898.0544   13.3463    0.0878
3895.2410   13.3473    0.0957
3893.9673   13.3518    0.1291
3898.0544   13.3573    0.1706
3898.7527   13.3706    0.2703
3898.0544   13.2911   -0.3257
3898.0544   13.3127   -0.1641
3898.7527   13.3284   -0.0464
3895.2410   13.3262   -0.0630
3893.9673   13.3117   -0.1716
3898.0544   13.3586    0.1805
3898.0544   13.3622    0.2075
3898.7527   13.3654    0.2309
3895.2410   13.3315   -0.0231
3893.9673   13.3676    0.2475
3898.0544   13.3307   -0.0292
3898.0544   13.2944   -0.3009
3895.2410   13.3560    0.1610
3893.4022   13.2887   -0.3437
3893.4022   13.2909   -0.3272
3893.7184   13.2862   -0.3627
3894.8618   13.3824    0.3591
3894.4335   13.3217   -0.0962
3895.4401   13.3344   -0.0015
3894.4335   13.4012    0.4998
3894.8618   13.3326   -0.0151
3895.4401   13.3333   -0.0097
3897.3486   13.2617   -0.5464
3896.9187   13.2703   -0.4816
3898.3060   13.3184   -0.1215
3900.1235   13.3468    0.0919
3899.7480   13.3551    0.1538
3901.0352   13.3167   -0.1342
3899.4608   13.3226   -0.0895
3899.3146   13.3212   -0.1000
3900.6297   13.2788   -0.4182
3896.9187   13.3261   -0.0632
3897.3486   13.2838   -0.3809
3898.3060   13.3592    0.1846
3899.3146   13.2907   -0.3288
3899.4608   13.2689   -0.4922
3900.6297   13.3243   -0.0768
3899.7480   13.3425    0.0592
3900.1235   13.3502    0.1170
3901.0352   13.3503    0.1177
3896.5406   13.3317   -0.0216
3896.5406   13.3057   -0.2166
3897.9098   13.3160   -0.1395
3893.4022   13.3385    0.0296
3893.7184   13.3252   -0.0700
3894.4335   13.3223   -0.0921
3895.4401   13.3339   -0.0048
3894.4335   13.3626    0.2100
3894.8618   13.2464   -0.6613
3895.4401   13.3467    0.0909
3896.9187   13.2714   -0.4736
3898.3060   13.3199   -0.1097
3899.7480   13.3472    0.0945
3901.0352   13.3243   -0.0772
3899.4608   13.2994   -0.2637
3899.3146   13.3387    0.0312
3900.6297   13.3530    0.1379
3896.9187   13.3022   -0.2426
3897.3486   13.3013   -0.2491
3898.3060   13.3443    0.0727
3899.3146   13.3072   -0.2053
3899.4608   13.3227   -0.0887
3900.6297   13.3016   -0.2470
3899.7480   13.3346    0.0004
3900.1235   13.3403    0.0430
3901.0352   13.3478    0.0991
3896.5406   13.3182   -0.1227
3896.5406   13.3420    0.0557
3897.9098   13.2963   -0.2868
3893.4022   13.3283   -0.0471
3893.7184   13.3501    0.1168
3894.8618   13.3418    0.0546
3894.4335   13.3646    0.2250
3895.4401   13.3212   -0.1004
3894.4335   13.3777    0.3236
3895.4401   13.3935    0.4417
3897.3486   13.2851   -0.3710
3896.9187   13.3363    0.0128
3898.3060   13.3736    0.2928
3900.1235   13.3407    0.0462
3899.7480   13.3662    0.2375
3901.0352   13.3473    0.0959
3899.4608   13.4420    0.8060
3899.3146   13.3842    0.3720
3900.6297   13.3756    0.3076
3896.9187   13.4105    0.5691
3898.3060   13.3625    0.2095
3899.3146   13.4006    0.4949
3899.4608   13.3671    0.2442
3900.6297   13.3821    0.3562
3899.7480   13.3725    0.2844
3901.0352   13.3350    0.0029
3896.5406   13.3416    0.0524
3896.5406   13.3393    0.0355
3897.9098   13.3178   -0.1255
3893.4022   13.3756    0.3079
3893.7184   13.3890    0.4084
3894.8618   13.3210   -0.1014
3894.4335   13.3873    0.3954
3895.4401   13.3355    0.0071
3894.4335   13.3383    0.0281
3895.4401   13.3355    0.0069
3897.3486   13.3624    0.2088
3896.9187   13.3633    0.2152
3898.3060   13.3384    0.0287
3900.1235   13.3625    0.2092
3899.7480   13.3128   -0.1631
3901.0352   13.3690    0.2583
3899.4608   13.3813    0.3507
3899.3146   13.3622    0.2074
3900.6297   13.3866    0.3903
3896.9187   13.3275   -0.0529
3898.3060   13.3329   -0.0125
3899.3146   13.3566    0.1651
3899.4608   13.4088    0.5567
3900.6297   13.3743    0.2980
3899.7480   13.3648    0.2268
3901.0352   13.3793    0.3351
3896.5406   13.3400    0.0404
3896.5406   13.3315   -0.0227
3897.9098   13.3574    0.1709
3893.7184   13.2997   -0.2613
3894.4335   13.2535   -0.6080
3895.4401   13.3321   -0.0184
3894.4335   13.3587    0.1813
3895.4401   13.3235   -0.0832
3896.9187   13.2965   -0.2858
3898.3060   13.3691    0.2590
3899.7480   13.3730    0.2879
3901.0352   13.3541    0.1462
3899.4608   13.3360    0.0109
3899.3146   13.3563    0.1627
3900.6297   13.3999    0.4897
3896.9187   13.3255   -0.0679
3898.3060   13.3591    0.1839
3899.3146   13.3233   -0.0845
3899.4608   13.3584    0.1789
3900.6297   13.3644    0.2235
3899.7480   13.3620    0.2054
3901.0352   13.3920    0.4304
3896.5406   13.2968   -0.2831
3896.5406   13.2970   -0.2818
3897.9098   13.3227   -0.0888
3902.1970   13.3360    0.0111
3901.9710   13.3417    0.0534
3901.8047   13.3444    0.0738
3901.7150   13.3421    0.0561
3902.7251   13.3223   -0.0923
3903.2601   13.3353    0.0059
3903.2007   13.3045   -0.2256
3901.7150   13.2837   -0.3818
3901.8047   13.2576   -0.5771
3901.9710   13.3028   -0.2383
3902.1970   13.3204   -0.1066
3902.7251   13.3117   -0.1714
3903.2007   13.3325   -0.0152
3903.2601   13.3505    0.1192
3903.4010   13.3132   -0.1605
3903.2601   13.3169   -0.1322
3903.2599   13.3279   -0.0497
3903.4010   13.3283   -0.0468
3903.2599   13.3312   -0.0250
3903.2601   13.3396    0.0376
3902.8336   13.3575    0.1721
3902.1970   13.3452    0.0796
3902.1970   13.3321   -0.0183
3903.2003   13.3178   -0.1255
3902.5984   13.3400    0.0409
3903.2003   13.3226   -0.0900
3902.1970   13.2944   -0.3008
3901.9710   13.2700   -0.4842
3903.2601   13.2880   -0.3491
3902.7251   13.2617   -0.5461
3903.2007   13.2861   -0.3638
3901.8047   13.3028   -0.2384
3901.7150   13.3694    0.2611
3903.2601   13.3102   -0.1830
3903.4010   13.3409    0.0477
3903.2599   13.3099   -0.1847
3902.1970   13.3189   -0.1174
3902.8336   13.3131   -0.1609
3902.1970   13.3650    0.2282
3903.2599   13.3087   -0.1941
3903.4010   13.2978   -0.2759
3903.2601   13.3242   -0.0781
3901.7150   13.3588    0.1816
3901.8047   13.3267   -0.0592
3903.2007   13.3176   -0.1269
3902.7251   13.3334   -0.0091
3903.2601   13.3492    0.1095
3901.9710   13.3129   -0.1625
3902.1970   13.3565    0.1643
3902.5984   13.3701    0.2668
3903.2003   13.3397    0.0384
3903.2003   13.3155   -0.1430
3902.8336   13.3334   -0.0088
3903.2599   13.3618    0.2046
3903.4010   13.3472    0.0948
3903.2599   13.3218   -0.0959
3903.4010   13.2843   -0.3766
3903.2007   13.3005   -0.2553
3902.7251   13.2928   -0.3135
3901.9710   13.3187   -0.1188
3901.0352   13.3264   -0.0611
3901.8047   13.2629   -0.5371
3901.7150   13.2453   -0.6694
3900.6297   13.2538   -0.6060
3903.2007   13.2895   -0.3377
3902.7251   13.3367    0.0163
3901.7150   13.2891   -0.3407
3901.8047   13.2752   -0.4450
3900.6297   13.3107   -0.1792
3901.9710   13.3065   -0.2107
3901.0352   13.2737   -0.4565
3903.2003   13.2838   -0.3807
3903.2003   13.3046   -0.2245
3902.5984   13.2515   -0.6231
3902.1970   13.2996   -0.2621
3901.9710   13.3590    0.1829
3901.8047   13.3550    0.1535
3901.7150   13.4045    0.5241
3902.7251   13.3373    0.0202
3903.2601   13.3067   -0.2093
3903.2007   13.3370    0.0179
3901.7150   13.3390    0.0334
3901.8047   13.3029   -0.2376
3901.9710   13.3233   -0.0843
3902.1970   13.3621    0.2066
3902.7251   13.3375    0.0221
3903.2007   13.3604    0.1934
3903.2601   13.3713    0.2752
3903.4010   13.3485    0.1047
3903.2601   13.3956    0.4576
3903.2599   13.3755    0.3067
3903.4010   13.2855   -0.3680
3903.2599   13.3351    0.0039
3903.2601   13.3315   -0.0227
3902.8336   13.3346   -0.0000
3902.1970   13.3411    0.0487
3902.1970   13.3332   -0.0100
3903.2003   13.3876    0.3976
3902.5984   13.3414    0.0515
3903.2003   13.3703    0.2678
3902.8336   13.2881   -0.3482
3903.2599   13.3147   -0.1487
3903.4010   13.3550    0.1530
3903.2599   13.2859   -0.3652
3903.4010   13.3020   -0.2439
3903.2007   13.3377    0.0234
3902.7251   13.3431    0.0641
3901.9710   13.3319   -0.0199
3901.0352   13.3093   -0.1892
3901.8047   13.3067   -0.2091
3901.7150   13.3125   -0.1652
3900.6297   13.2712   -0.4749
3903.2007   13.3270   -0.0568
3902.7251   13.3564    0.1635
3901.7150   13.3292   -0.0399
3901.8047   13.3397    0.0382
3900.6297   13.3046   -0.2246
3901.9710   13.3067   -0.2093
3901.0352   13.3089   -0.1925
3903.2003   13.3224   -0.0909
3903.2003   13.3321   -0.0188
3902.5984   13.3425    0.0592
3902.1970   13.3476    0.0978
3901.9710   13.3689    0.2573
3901.8047   13.3926    0.4354
3901.7150   13.3558    0.1592
3902.7251   13.3324   -0.0159
3903.2601   13.3198   -0.1104
3903.2007   13.2992   -0.2651
3901.7150   13.3617    0.2035
3901.8047   13.3595    0.1872
3901.9710   13.3705    0.2692
3902.1970   13.3994    0.4862
3902.7251   13.3020   -0.2442
3903.2007   13.2786   -0.4195
3903.2601   13.2336   -0.7574
3903.4010   13.2454   -0.6683
3903.2601   13.3101   -0.1835
3903.2599   13.2918   -0.3205
3903.4010   13.2797   -0.4116
3903.2599   13.2952   -0.2950
3903.2601   13.2589   -0.5672
3902.8336   13.3117   -0.1716
3902.1970   13.3368    0.0171
3902.1970   13.3668    0.2418
3903.2003   13.3061   -0.2138
3902.5984   13.3548    0.1520
3903.2003   13.2976   -0.2773
3902.8336   13.3240   -0.0794
3903.2599   13.3207   -0.1040
3903.4010   13.2852   -0.3699
3903.2599   13.2903   -0.3322
3903.4010   13.3294   -0.0388
3903.2007   13.2511   -0.6262
3902.7251   13.3023   -0.2418
3901.9710   13.3322   -0.0181
3901.0352   13.3585    0.1797
3901.8047   13.3555    0.1569
3901.7150   13.3594    0.1862
3900.6297   13.3535    0.1417
3903.2007   13.3317   -0.0215
3902.7251   13.3538    0.1445
3901.7150   13.3508    0.1219
3901.8047   13.3520    0.1309
3900.6297   13.3359    0.0100
3901.9710   13.3409    0.0473
3901.0352   13.3492    0.1095
3903.2003   13.2802   -0.4080
3903.2003   13.2812   -0.4004
3902.5984   13.3029   -0.2371
3902.1970   13.3966    0.4648
3901.9710   13.4225    0.6592
3901.8047   13.3619    0.2049
3901.7150   13.3641    0.2215
3902.7251   13.4179    0.6249
3903.2601   13.3660    0.2355
3903.2007   13.3555    0.1570
3901.7150   13.3382    0.0271
3901.8047   13.3589    0.1829
3901.9710   13.3563    0.1627
3902.1970   13.3346    0.0006
3902.7251   13.3599    0.1902
3903.2007   13.3640    0.2211
3903.2601   13.3649    0.2278
3903.4010   13.3603    0.1933
3903.2601   13.3429    0.0623
3903.2599   13.3453    0.0806
3903.4010   13.3377    0.0234
3903.2599   13.3712    0.2749
3903.2601   13.3414    0.0512
3902.8336   13.3335   -0.0080
3902.1970   13.3379    0.0253
3902.1970   13.3419    0.0551
3903.2003   13.3631    0.2138
3902.5984   13.3517    0.1286
3903.2003   13.3350    0.0032
3902.8336   13.4208    0.6465
3903.2599   13.3730    0.2882
3903.4010   13.3691    0.2592
3903.2599   13.3251   -0.0709
3903.4010   13.2619   -0.5451
3903.2007   13.3450    0.0783
3902.7251   13.3415    0.0521
3901.9710   13.3438    0.0690
3901.0352   13.3738    0.2943
3901.8047   13.3654    0.2310
3901.7150   13.3321   -0.0185
3900.6297   13.3731    0.2889
3903.2007   13.2673   -0.5041
3902.7251   13.2991   -0.2663
3901.7150   13.2874   -0.3540
3901.8047   13.2947   -0.2992
3900.6297   13.3100   -0.1840
3901.9710   13.3563    0.1627
3901.0352   13.3743    0.2983
3903.2003   13.2985   -0.2705
3903.2003   13.3206   -0.1044
3902.5984   13.2787   -0.4189
3902.8336   13.3509    0.1222
3903.2599   13.3536    0.1428
3903.4010   13.3309   -0.0278
3903.2599   13.3407    0.0462
3903.4010   13.3785    0.3297
3903.2007   13.3112   -0.1755
3902.7251   13.3249   -0.0725
3901.9710   13.3567    0.1663
3901.0352   13.3157   -0.1418
3901.8047   13.3398    0.0395
3901.7150   13.3553    0.1552
3900.6297   13.3569    0.1674
3903.2007   13.3588    0.1814
3902.7251   13.3123   -0.1668
3901.7150   13.3452    0.0794
3901.8047   13.3383    0.0281
3900.6297   13.3595    0.1871
3901.9710   13.3260   -0.0640
3901.0352   13.3461    0.0861
3903.2003   13.3300   -0.0341
3903.2003   13.3005   -0.2557
3902.5984   13.3234   -0.0839
3900.1235   13.3211   -0.1014
3899.7480   13.2945   -0.3005
3899.4608   13.3290   -0.0417
3899.3146   13.3077   -0.2015
3898.3060   13.3561    0.1612
3897.3486   13.3599    0.1901
3896.9187   13.3615    0.2021
3899.3146   13.2902   -0.3325
3899.4608   13.3335   -0.0077
3899.7480   13.3363    0.0130
3900.1235   13.3193   -0.1148
3898.3060   13.3566    0.1652
3896.9187   13.3571    0.1688
3897.3486   13.3532    0.1400
3895.4401   13.3436    0.0674
3894.8618   13.3302   -0.0330
3894.4335   13.3334   -0.0087
3895.4401   13.3551    0.1544
3894.4335   13.3561    0.1614
3894.8618   13.3548    0.1517
3893.7184   13.3526    0.1355
3893.4022   13.3557    0.1585
3893.4022   13.3687    0.2557
3896.5406   13.3603    0.1928
3897.9098   13.3421    0.0563
3896.5406   13.3517    0.1285
3899.7480   13.3321   -0.0184
3898.3060   13.3570    0.1685
3896.9187   13.3479    0.1000
3899.4608   13.3568    0.1664
3899.3146   13.3643    0.2229
3895.4401   13.3432    0.0648
3894.4335   13.3519    0.1298
3893.7184   13.3475    0.0973
3893.4022   13.3515    0.1272
3894.4335   13.3531    0.1390
3895.4401   13.3582    0.1772
3894.8618   13.3759    0.3097
3899.3146   13.3644    0.2234
3899.4608   13.3598    0.1890
3896.9187   13.3615    0.2019
3898.3060   13.3535    0.1418
3897.3486   13.3347    0.0008
3899.7480   13.3661    0.2366
3900.1235   13.3590    0.1835
3897.9098   13.3471    0.0943
3896.5406   13.3485    0.1043
3896.5406   13.3562    0.1619
3899.7480   13.2988   -0.2685
3899.4608   13.2804   -0.4065
3899.3146   13.2684   -0.4965
3898.3060   13.3162   -0.1374
3896.9187   13.3349    0.0021
3899.3146   13.2490   -0.6417
3899.4608   13.2809   -0.4021
3899.7480   13.3085   -0.1956
3900.1235   13.3108   -0.1782
3898.3060   13.3290   -0.0419
3896.9187   13.3248   -0.0729
3897.3486   13.3365    0.0148
3895.4401   13.3484    0.1034
3894.4335   13.3569    0.1673
3895.4401   13.3012   -0.2503
3894.4335   13.3125   -0.1652
3894.8618   13.3139   -0.1549
3893.7184   13.3643    0.2228
3893.4022   13.3398    0.0396
3896.5406   13.3090   -0.1918
3897.9098   13.2973   -0.2793
3896.5406   13.3277   -0.0517
3899.7480   13.3345   -0.0008
3899.4608   13.3488    0.1070
3899.3146   13.3492    0.1096
3898.3060   13.3477    0.0989
3896.9187   13.3654    0.2313
3899.3146   13.3429    0.0626
3899.4608   13.3509    0.1226
3899.7480   13.3666    0.2401
3900.1235   13.3732    0.2899
3898.3060   13.3551    0.1539
3896.9187   13.3623    0.2080
3897.3486   13.3721    0.2813
3895.4401   13.3397    0.0384
3894.4335   13.3301   -0.0334
3895.4401   13.3489    0.1074
3894.4335   13.3697    0.2638
3894.8618   13.3633    0.2156
3893.7184   13.3942    0.4474
3893.4022   13.3702    0.2671
3896.5406   13.3381    0.0262
3897.9098   13.3599    0.1898
3896.5406   13.3719    0.2802
3899.7480   13.3578    0.1744
3899.4608   13.3595    0.1871
3899.3146   13.3534    0.1410
3898.3060   13.3577    0.1738
3896.9187   13.3611    0.1987
3899.3146   13.3522    0.1320
3899.4608   13.3598    0.1894
3899.7480   13.3818    0.3542
3898.3060   13.3270   -0.0569
3896.9187   13.2799   -0.4099
3895.4401   13.3561    0.1613
3894.4335   13.3503    0.1181
3895.4401   13.3662    0.2371
3894.4335   13.3668    0.2418
3893.7184   13.3490    0.1080
3896.5406   13.3294   -0.0387
3897.9098   13.3245   -0.0756
3896.5406   13.2939   -0.3052
3893.2575   13.3173   -0.1293
3893.2575   13.2647   -0.5241
3893.3363   13.2709   -0.4777
3893.6403   13.3117   -0.1712
3893.5130   13.3141   -0.1534
3893.7811   13.3273   -0.0546
3893.5130   13.2988   -0.2681
3893.6403   13.3318   -0.0208
3893.7811   13.3395    0.0373
3894.3771   13.3656    0.2327
3894.1547   13.3102   -0.1827
3894.5942   13.3341   -0.0038
3895.4122   13.3612    0.1998
3895.1104   13.3841    0.3714
3895.6844   13.3459    0.0848
3894.9030   13.3715    0.2768
3894.7981   13.3180   -0.1241
3895.2911   13.3266   -0.0600
3894.1547   13.3142   -0.1530
3894.3771   13.2788   -0.4184
3894.5942   13.3697    0.2638
3894.7981   13.3033   -0.2345
3894.9030   13.3192   -0.1149
3895.2911   13.3401    0.0412
3895.1104   13.3687    0.2562
3895.4122   13.3468    0.0916
3895.6844   13.3585    0.1797
3894.0307   13.3711    0.2739
3894.0307   13.3558    0.1593
3894.3743   13.3311   -0.0261
3896.6676   13.2916   -0.3219
3896.4328   13.2636   -0.5321
3897.1028   13.2794   -0.4138
3898.0481   13.3009   -0.2524
3897.8027   13.3144   -0.1513
3898.5069   13.3485    0.1046
3897.6049   13.3158   -0.1407
3897.4636   13.2845   -0.3755
3898.1542   13.3551    0.1541
3899.4490   13.3299   -0.0349
3899.2383   13.3452    0.0800
3899.9214   13.3133   -0.1594
3900.7633   13.2799   -0.4101
3900.5793   13.3069   -0.2075
3901.1880   13.2681   -0.4986
3900.4118   13.3236   -0.0825
3900.2686   13.3673    0.2453
3900.9006   13.3312   -0.0253
3898.7605   13.3059   -0.2148
3898.6765   13.3196   -0.1120
3899.3684   13.3122   -0.1679
3900.1408   13.3038   -0.2309
3900.0499   13.3369    0.0173
3900.6959   13.2708   -0.4782
3899.9861   13.3244   -0.0765
3899.9530   13.2891   -0.3410
3900.5895   13.2748   -0.4481
3898.8721   13.3538    0.1445
3899.0341   13.3268   -0.0583
3899.5859   13.3741    0.2965
3896.4328   13.3603    0.1931
3896.6676   13.3404    0.0440
3897.1028   13.3241   -0.0783
3897.4636   13.3582    0.1774
3897.6049   13.3561    0.1616
3898.1542   13.3448    0.0771
3897.8027   13.3211   -0.1013
3898.0481   13.2915   -0.3230
3898.5069   13.3334   -0.0084
3898.6765   13.2878   -0.3505
3898.7605   13.2941   -0.3032
3899.3684   13.2664   -0.5111
3899.9530   13.2969   -0.2826
3899.9861   13.2813   -0.3995
3900.5895   13.3114   -0.1741
3900.0499   13.2731   -0.4608
3900.1408   13.2939   -0.3046
3900.6959   13.3163   -0.1366
3899.2383   13.3221   -0.0933
3899.4490   13.3310   -0.0268
3899.9214   13.3345   -0.0005
3900.2686   13.3098   -0.1859
3900.4118   13.3305   -0.0304
3900.9006   13.3226   -0.0895
3900.5793   13.3251   -0.0707
3900.7633   13.3550    0.1535
3901.1880   13.3479    0.1001
3899.0341   13.3983    0.4777
3898.8721   13.3206   -0.1048
3899.5859   13.3207   -0.1042
3896.1493   13.3366    0.0155
3895.9539   13.3191   -0.1162
3895.8548   13.3560    0.1605
3896.6889   13.3297   -0.0364
3897.2804   13.3409    0.0474
3895.8548   13.4379    0.7746
3895.9539   13.3575    0.1716
3896.1493   13.3036   -0.2323
3896.6889   13.2760   -0.4390
3897.2804   13.3089   -0.1923
3897.9462   13.3374    0.0210
3898.6079   13.3319   -0.0202
3897.9462   13.2932   -0.3102
3898.6079   13.3327   -0.0140
3899.2868   13.3021   -0.2435
3897.2022   13.3156   -0.1421
3896.4939   13.3079   -0.1997
3897.2022   13.3006   -0.2544
3893.2575   13.3300   -0.0344
3893.3363   13.3219   -0.0946
3893.5130   13.3057   -0.2162
3893.7811   13.3003   -0.2572
3893.5130   13.3101   -0.1837
3893.6403   13.3111   -0.1762
3893.7811   13.3496    0.1128
3894.1547   13.3438    0.0696
3894.5942   13.3232   -0.0853
3895.1104   13.3327   -0.0138
3895.6844   13.3552    0.1549
3894.9030   13.3031   -0.2361
3894.7981   13.3172   -0.1299
3895.2911   13.2738   -0.4560
3894.1547   13.3395    0.0373
3894.3771   13.2651   -0.5207
3894.5942   13.2870   -0.3564
3894.7981   13.3818    0.3543
3894.9030   13.3897    0.4138
3895.2911   13.3305   -0.0307
3895.1104   13.3098   -0.1859
3895.4122   13.3080   -0.1995
3895.6844   13.3282   -0.0480
3894.0307   13.3493    0.1108
3894.0307   13.3499    0.1153
3894.3743   13.3048   -0.2235
3896.4328   13.3247   -0.0736
3897.1028   13.2697   -0.4867
3897.8027   13.2722   -0.4675
3898.5069   13.3009   -0.2527
3897.6049   13.2579   -0.5748
3897.4636   13.3113   -0.1744
3898.1542   13.3615    0.2018
3899.2383   13.3200   -0.1096
3899.9214   13.3546    0.1504
3900.5793   13.3643    0.2230
3901.1880   13.3353    0.0056
3900.4118   13.3525    0.1347
3900.2686   13.3266   -0.0596
3900.9006   13.3182   -0.1225
3898.7605   13.3210   -0.1016
3898.6765   13.3129   -0.1622
3899.3684   13.2885   -0.3457
3900.1408   13.2996   -0.2625
3900.0499   13.2867   -0.3592
3900.6959   13.2960   -0.2895
3899.9861   13.3420    0.0561
3899.9530   13.3541    0.1464
3900.5895   13.3821    0.3562
3898.8721   13.3543    0.1482
3899.0341   13.3290   -0.0419
3899.5859   13.3353    0.0052
3896.4328   13.3129   -0.1627
3896.6676   13.3191   -0.1161
3897.1028   13.3098   -0.1860
3897.4636   13.3320   -0.0191
3897.6049   13.2964   -0.2865
3898.1542   13.3110   -0.1770
3897.8027   13.2948   -0.2980
3898.0481   13.3051   -0.2207
3898.5069   13.3413    0.0503
3898.6765   13.3105   -0.1804
3898.7605   13.3417    0.0538
3899.3684   13.3165   -0.1356
3899.9530   13.3043   -0.2269
3899.9861   13.3137   -0.1568
3900.5895   13.3430    0.0632
3900.0499   13.3417    0.0532
3900.1408   13.3084   -0.1960
3900.6959   13.3379    0.0249
3899.2383   13.3481    0.1011
3899.4490   13.3360    0.0105
3899.9214   13.3655    0.2323
3900.2686   13.3440    0.0705
3900.4118   13.3588    0.1815
3900.9006   13.3602    0.1919
3900.5793   13.3679    0.2501
3900.7633   13.3246   -0.0749
3901.1880   13.3522    0.1322
3899.0341   13.3334   -0.0088
3898.8721   13.3561    0.1617
3899.5859   13.3234   -0.0840
3896.1493   13.3572    0.1697
3895.9539   13.3429    0.0627
3895.8548   13.3377    0.0237
3896.6889   13.3529    0.1378
3897.2804   13.3227   -0.0893
3895.8548   13.3447    0.0757
3895.9539   13.3612    0.1996
3896.1493   13.3478    0.0990
3896.6889   13.3015   -0.2480
3897.2804   13.3252   -0.0702
3897.9462   13.3358    0.0095
3898.6079   13.2916   -0.3221
3897.9462   13.3601    0.1915
3898.6079   13.3341   -0.0039
3899.2868   13.3094   -0.1887
3897.2022   13.3369    0.0175
3896.4939   13.3023   -0.2422
3897.2022   13.3095   -0.1877
3893.2575   13.3480    0.1009
3893.3363   13.2897   -0.3364
3893.6403   13.3287   -0.0439
3893.5130   13.3296   -0.0372
3893.7811   13.3524    0.1338
3893.5130   13.3233   -0.0847
3893.7811   13.3064   -0.2110
3894.3771   13.3495    0.1117
3894.1547   13.3883    0.4030
3894.5942   13.3697    0.2631
3895.4122   13.3103   -0.1821
3895.1104   13.3451    0.0794
3895.6844   13.3172   -0.1302
3894.9030   13.3760    0.3109
3894.7981   13.3694    0.2612
3895.2911   13.3562    0.1623
3894.1547   13.3510    0.1233
3894.5942   13.3813    0.3502
3894.7981   13.3929    0.4376
3894.9030   13.3788    0.3316
3895.2911   13.3770    0.3181
3895.1104   13.4012    0.4995
3895.6844   13.3362    0.0126
3894.0307   13.3360    0.0106
3894.0307   13.3568    0.1667
3894.3743   13.3235   -0.0832
3896.6676   13.3243   -0.0767
3896.4328   13.3438    0.0692
3897.1028   13.3212   -0.0999
3898.0481   13.2860   -0.3639
3897.8027   13.3393    0.0357
3898.5069   13.3353    0.0057
3897.6049   13.3728    0.2865
3897.4636   13.3480    0.1009
3898.1542   13.3929    0.4372
3899.4490   13.3181   -0.1237
3899.2383   13.2986   -0.2700
3899.9214   13.3181   -0.1238
3900.7633   13.3699    0.2651
3900.5793   13.3431    0.0643
3901.1880   13.3720    0.2809
3900.4118   13.3802    0.3423
3900.2686   13.3901    0.4165
3900.9006   13.3341   -0.0033
3898.7605   13.4011    0.4987
3898.6765   13.3913    0.4257
3899.3684   13.4276    0.6976
3900.1408   13.4131    0.5889
3900.0499   13.3982    0.4772
3900.6959   13.4008    0.4969
3899.9861   13.3698    0.2644
3899.9530   13.3565    0.1642
3900.5895   13.3836    0.3679
3898.8721   13.4166    0.6149
3899.0341   13.3750    0.3034
3899.5859   13.4052    0.5300
3896.4328   13.3205   -0.1058
3897.1028   13.3755    0.3067
3897.4636   13.3842    0.3724
3897.6049   13.3990    0.4831
3898.1542   13.3775    0.3222
3897.8027   13.3633    0.2152
3898.5069   13.3516    0.1280
3898.6765   13.3947    0.4508
3898.7605   13.3731    0.2888
3899.3684   13.3850    0.3779
3899.9530   13.3059   -0.2150
3899.9861   13.3726    0.2852
3900.5895   13.3255   -0.0679
3900.0499   13.3591    0.1837
3900.1408   13.4005    0.4944
3900.6959   13.3782    0.3273
3899.2383   13.3724    0.2838
3899.9214   13.3552    0.1546
3900.2686   13.3630    0.2130
3900.4118   13.3572    0.1697
3900.9006   13.3245   -0.0754
3900.5793   13.3326   -0.0148
3901.1880   13.3118   -0.1707
3899.0341   13.3582    0.1774
3898.8721   13.3745    0.2992
3899.5859   13.3726    0.2850
3896.1493   13.3904    0.4188
3895.9539   13.3814    0.3512
3895.8548   13.4077    0.5486
3896.6889   13.3102   -0.1831
3897.2804   13.3234   -0.0836
3895.8548   13.3662    0.2374
3895.9539   13.3089   -0.1926
3896.1493   13.3010   -0.2519
3896.6889   13.3033   -0.2347
3897.2804   13.3296   -0.0371
3897.9462   13.3996    0.4877
3898.6079   13.3025   -0.2403
3897.9462   13.3041   -0.2286
3898.6079   13.3565    0.1643
3899.2868   13.3667    0.2407
3897.2022   13.3567    0.1663
3896.4939   13.3823    0.3580
3897.2022   13.3268   -0.0583
3893.2575   13.3518    0.1294
3893.3363   13.3658    0.2342
3893.6403   13.4086    0.5551
3893.5130   13.4038    0.5191
3893.7811   13.3471    0.0937
3893.5130   13.3773    0.3202
3893.7811   13.3571    0.1689
3894.3771   13.3392    0.0349
3894.1547   13.3666    0.2403
3894.5942   13.3709    0.2723
3895.4122   13.3569    0.1677
3895.1104   13.3708    0.2718
3895.6844   13.3448    0.0771
3894.9030   13.3745    0.2992
3894.7981   13.3633    0.2157
3895.2911   13.3325   -0.0157
3894.1547   13.3247   -0.0743
3894.5942   13.3380    0.0255
3894.7981   13.3314   -0.0239
3894.9030   13.3415    0.0523
3895.2911   13.3329   -0.0123
3895.1104   13.3304   -0.0311
3895.6844   13.3041   -0.2282
3894.0307   13.3324   -0.0161
3894.0307   13.3422    0.0575
3894.3743   13.3696    0.2630
3896.6676   13.3427    0.0608
3896.4328   13.3515    0.1271
3897.1028   13.3715    0.2771
3898.0481   13.4059    0.5349
3897.8027   13.3675    0.2472
3898.5069   13.3150   -0.1464
3897.6049   13.3757    0.3088
3897.4636   13.3324   -0.0166
3898.1542   13.3390    0.0334
3899.4490   13.3378    0.0241
3899.2383   13.3495    0.1118
3899.9214   13.3202   -0.1076
3900.7633   13.3661    0.2363
3900.5793   13.3575    0.1719
3901.1880   13.3738    0.2944
3900.4118   13.3247   -0.0741
3900.2686   13.3179   -0.1251
3900.9006   13.3526    0.1350
3898.7605   13.3179   -0.1251
3898.6765   13.3535    0.1417
3899.3684   13.3483    0.1031
3900.1408   13.3676    0.2478
3900.0499   13.4089    0.5575
3900.6959   13.3624    0.2084
3899.9861   13.3713    0.2757
3899.9530   13.3437    0.0684
3900.5895   13.3733    0.2902
3898.8721   13.3098   -0.1854
3899.0341   13.2912   -0.3256
3899.5859   13.3534    0.1413
3896.4328   13.3054   -0.2191
3897.1028   13.2977   -0.2767
3897.4636   13.3520    0.1309
3897.6049   13.3471    0.0942
3898.1542   13.3351    0.0043
3897.8027   13.3076   -0.2019
3898.5069   13.2815   -0.3982
3898.6765   13.3282   -0.0475
3898.7605   13.3484    0.1041
3899.3684   13.3863    0.3881
3899.9530   13.3589    0.1827
3899.9861   13.3555    0.1566
3900.5895   13.3503    0.1181
3900.0499   13.3976    0.4728
3900.1408   13.4201    0.6417
3900.6959   13.3904    0.4183
3899.2383   13.3125   -0.1653
3899.9214   13.3211   -0.1012
3900.2686   13.3800    0.3409
3900.4118   13.3648    0.2271
3900.9006   13.3566    0.1652
3900.5793   13.3548    0.1520
3901.1880   13.3891    0.4090
3899.0341   13.3586    0.1801
3898.8721   13.3291   -0.0409
3899.5859   13.3835    0.3671
3896.1493   13.3264   -0.0615
3895.9539   13.3679    0.2501
3895.8548   13.3245   -0.0756
3896.6889   13.3724    0.2834
3897.2804   13.3370    0.0179
3895.8548   13.3237   -0.0812
3895.9539   13.3248   -0.0731
3896.1493   13.3393    0.0358
3896.6889   13.3520    0.1305
3897.2804   13.3040   -0.2290
3897.9462   13.3287   -0.0440
3898.6079   13.3406    0.0455
3897.9462   13.3414    0.0512
3898.6079   13.3228   -0.0879
3899.2868   13.3264   -0.0615
3897.2022   13.3153   -0.1445
3896.4939   13.3210   -0.1014
3897.2022   13.3502    0.1172
3893.3363   13.3295   -0.0383
3893.5130   13.3330   -0.0117
3893.7811   13.3073   -0.2043
3893.5130   13.3769    0.3173
3893.7811   13.3717    0.2782
3894.1547   13.2646   -0.5244
3894.5942   13.2287   -0.7937
3895.1104   13.2709   -0.4774
3895.6844   13.3620    0.2055
3894.9030   13.2564   -0.5861
3894.7981   13.2626   -0.5398
3895.2911   13.2924   -0.3160
3894.1547   13.3565    0.1647
3894.5942   13.3543    0.1478
3894.7981   13.2870   -0.3567
3894.9030   13.3086   -0.1944
3895.2911   13.2881   -0.3483
3895.1104   13.3419    0.0547
3895.6844   13.3037   -0.2316
3894.0307   13.3527    0.1361
3894.0307   13.2668   -0.5080
3894.3743   13.2796   -0.4124
3896.4328   13.3220   -0.0941
3897.1028   13.3297   -0.0361
3897.8027   13.3311   -0.0256
3898.5069   13.3473    0.0956
3897.6049   13.3343   -0.0020
3897.4636   13.2997   -0.2618
3898.1542   13.3647    0.2261
3899.2383   13.3600    0.1906
3899.9214   13.3660    0.2359
3900.5793   13.3522    0.1320
3901.1880   13.3593    0.1852
3900.4118   13.3674    0.2461
3900.2686   13.3399    0.0399
3900.9006   13.3334   -0.0085
3898.7605   13.3743    0.2978
3898.6765   13.3652    0.2296
3899.3684   13.3787    0.3307
3900.1408   13.3479    0.0996
3900.0499   13.3725    0.2845
3900.6959   13.3807    0.3459
3899.9861   13.3851    0.3792
3899.9530   13.3472    0.0948
3900.5895   13.3689    0.2572
3898.8721   13.3870    0.3935
3899.0341   13.3716    0.2776
3899.5859   13.3541    0.1467
3896.4328   13.3280   -0.0495
3897.1028   13.3510    0.1231
3897.4636   13.3441    0.0713
3897.6049   13.3383    0.0277
3898.1542   13.3406    0.0449
3897.8027   13.3529    0.1375
3898.5069   13.3573    0.1702
3898.6765   13.3262   -0.0624
3898.7605   13.3327   -0.0142
3899.3684   13.3479    0.0998
3899.9530   13.3417    0.0533
3899.9861   13.3416    0.0528
3900.5895   13.3535    0.1417
3900.0499   13.3533    0.1402
3900.1408   13.3666    0.2405
3900.6959   13.3698    0.2645
3899.2383   13.3546    0.1504
3899.9214   13.3862    0.3873
3900.2686   13.3681    0.2514
3900.4118   13.3767    0.3159
3900.9006   13.4056    0.5330
3900.5793   13.4140    0.5955
3901.1880   13.3724    0.2837
3899.0341   13.3502    0.1176
3898.8721   13.3606    0.1955
3899.5859   13.3506    0.1200
3896.1493   13.2780   -0.4240
3895.9539   13.2909   -0.3278
3895.8548   13.2600   -0.5592
3896.6889   13.2980   -0.2743
3897.2804   13.3175   -0.1280
3895.8548   13.3138   -0.1560
3895.9539   13.3100   -0.1844
3896.1493   13.3430    0.0636
3896.6889   13.2872   -0.3556
3897.2804   13.3022   -0.2424
3897.9462   13.3400    0.0410
3898.6079   13.3318   -0.0206
3897.9462   13.3594    0.1860
3898.6079   13.3386    0.0302
3899.2868   13.3372    0.0194
3897.2022   13.3618    0.2044
3896.4939   13.3165   -0.1353
3897.2022   13.3272   -0.0551
3901.7965   13.3394    0.0365
3901.6531   13.3398    0.0393
3901.5232   13.3487    0.1058
3901.4102   13.3398    0.0393
3902.0800   13.3438    0.0690
3902.5498   13.3364    0.0137
3902.4546   13.3486    0.1049
3901.3162   13.3248   -0.0734
3901.2439   13.3364    0.0138
3901.1943   13.3311   -0.0263
3901.1682   13.3130   -0.1619
3901.7521   13.3836    0.3676
3902.2422   13.3283   -0.0467
3902.2028   13.3738    0.2946
3902.7850   13.3382    0.0275
3903.0865   13.3536    0.1426
3903.0402   13.3353    0.0054
3902.6695   13.3323   -0.0167
3902.9960   13.3117   -0.1711
3902.9550   13.3265   -0.0602
3903.2308   13.3237   -0.0817
3903.3656   13.3312   -0.0251
3903.3506   13.3130   -0.1617
3902.3776   13.3398    0.0392
3901.8811   13.3502    0.1176
3902.3063   13.3171   -0.1312
3901.1682   13.2758   -0.4405
3901.1943   13.2495   -0.6380
3901.2439   13.2367   -0.7342
3901.3162   13.2876   -0.3519
3901.7521   13.2676   -0.5024
3902.2028   13.2999   -0.2598
3902.2422   13.2770   -0.4320
3901.4102   13.3208   -0.1029
3901.5232   13.3331   -0.0109
3901.6531   13.3179   -0.1249
3901.7965   13.2919   -0.3200
3902.0800   13.2889   -0.3421
3902.4546   13.2952   -0.2951
3902.5498   13.3277   -0.0518
3902.6695   13.2862   -0.3624
3902.9550   13.3189   -0.1177
3902.9960   13.3139   -0.1549
3902.7850   13.2993   -0.2643
3903.0402   13.3218   -0.0954
3903.0865   13.3281   -0.0483
3903.2308   13.3351    0.0039
3903.3506   13.3321   -0.0182
3903.3656   13.3520    0.1309
3902.3063   13.2668   -0.5079
3901.8811   13.2929   -0.3123
3902.3776   13.3064   -0.2109
3903.4010   13.3190   -0.1165
3903.3656   13.3154   -0.1435
3903.3656   13.3205   -0.1051
3903.4010   13.3323   -0.0171
3903.3656   13.3166   -0.1349
3903.3655   13.3139   -0.1546
3903.2591   13.3192   -0.1154
3903.0865   13.3244   -0.0760
3903.0863   13.3288   -0.0432
3903.4010   13.3270   -0.0565
3903.3655   13.3306   -0.0295
3903.3656   13.3349    0.0025
3903.4010   13.3408    0.0464
3903.3656   13.3330   -0.0119
3903.3656   13.3433    0.0658
3903.2591   13.3195   -0.1131
3903.0863   13.3339   -0.0053
3903.0865   13.3366    0.0149
3902.8373   13.3503    0.1181
3902.5498   13.3475    0.0972
3902.5407   13.3493    0.1108
3902.8373   13.3275   -0.0534
3902.5407   13.3460    0.0856
3902.5498   13.3390    0.0336
3902.1890   13.3415    0.0523
3901.7965   13.3397    0.0388
3901.7965   13.3375    0.0219
3903.0807   13.3369    0.0178
3903.2590   13.3237   -0.0817
3903.0807   13.3188   -0.1180
3903.3506   13.3008   -0.2529
3903.1992   13.3013   -0.2495
3902.9545   13.3204   -0.1060
3903.3505   13.2924   -0.3163
3903.3505   13.3183   -0.1219
3902.6037   13.3548    0.1519
3902.1895   13.3288   -0.0435
3901.7035   13.3380    0.0255
3902.1895   13.3445    0.0744
3902.6037   13.3649    0.2277
3903.3505   13.3103   -0.1822
3903.3505   13.3173   -0.1294
3902.9545   13.3538    0.1441
3903.1992   13.3452    0.0799
3903.3506   13.3257   -0.0663
3903.1989   13.3272   -0.0550
3902.9464   13.3477    0.0983
3902.9464   13.3292   -0.0400
3901.7965   13.3263   -0.0623
3901.6531   13.3223   -0.0918
3902.5498   13.3047   -0.2242
3902.0800   13.2971   -0.2807
3902.4546   13.2793   -0.4142
3901.5232   13.2903   -0.3320
3901.4102   13.2818   -0.3958
3903.0865   13.2852   -0.3702
3902.7850   13.2565   -0.5858
3903.0402   13.2619   -0.5451
3903.3656   13.2868   -0.3579
3903.2308   13.2883   -0.3468
3903.3506   13.2919   -0.3203
3902.9960   13.2794   -0.4139
3902.6695   13.2901   -0.3334
3902.9550   13.2989   -0.2677
3901.3162   13.2881   -0.3484
3901.2439   13.3305   -0.0308
3902.2422   13.3245   -0.0758
3901.7521   13.3541    0.1463
3902.2028   13.3444    0.0736
3901.1943   13.3790    0.3333
3901.1682   13.4116    0.5774
3901.8811   13.2774   -0.4291
3902.3776   13.2483   -0.6467
3902.3063   13.2690   -0.4915
3903.3656   13.3099   -0.1852
3903.4010   13.3220   -0.0942
3903.3656   13.3220   -0.0941
3903.0865   13.3171   -0.1313
3903.2591   13.3215   -0.0977
3903.0863   13.3094   -0.1884
3903.3656   13.3206   -0.1049
3903.4010   13.3350    0.0032
3903.3655   13.3130   -0.1617
3902.5498   13.3162   -0.1378
3902.8373   13.3012   -0.2506
3902.5407   13.3205   -0.1057
3901.7965   13.3003   -0.2573
3902.1890   13.3338   -0.0058
3901.7965   13.3340   -0.0041
3902.5407   13.3335   -0.0080
3902.8373   13.3259   -0.0651
3902.5498   13.3619    0.2051
3903.3655   13.3015   -0.2478
3903.4010   13.3257   -0.0667
3903.3656   13.3076   -0.2020
3903.0863   13.3151   -0.1457
3903.2591   13.3155   -0.1429
3903.0865   13.3060   -0.2141
3903.3656   13.3221   -0.0934
3903.4010   13.3482    0.1019
3903.3656   13.3363    0.0127
3903.2590   13.3096   -0.1872
3903.0807   13.2950   -0.2969
3903.0807   13.3027   -0.2391
3901.1682   13.3632    0.2149
3901.1943   13.3342   -0.0030
3902.2028   13.3363    0.0131
3901.7521   13.3440    0.0710
3902.2422   13.3267   -0.0590
3901.2439   13.3390    0.0334
3901.3162   13.3348    0.0014
3902.9550   13.3278   -0.0506
3902.6695   13.3187   -0.1192
3902.9960   13.3321   -0.0185
3903.3506   13.3400    0.0410
3903.2308   13.3572    0.1698
3903.3656   13.3390    0.0332
3903.0402   13.3276   -0.0526
3902.7850   13.3443    0.0727
3903.0865   13.3597    0.1884
3901.4102   13.3455    0.0817
3901.5232   13.3236   -0.0824
3902.4546   13.3157   -0.1415
3902.0800   13.3213   -0.0992
3902.5498   13.3196   -0.1121
3901.6531   13.3452    0.0798
3901.7965   13.3541    0.1463
3901.8811   13.3346    0.0003
3902.3063   13.3273   -0.0544
3902.3776   13.3298   -0.0359
3901.7035   13.3880    0.4005
3902.1895   13.3626    0.2101
3902.6037   13.3575    0.1718
3902.1895   13.3558    0.1595
3902.6037   13.3113   -0.1746
3902.9545   13.3558    0.1591
3903.1992   13.3253   -0.0698
3903.3506   13.3026   -0.2398
3903.3505   13.3529    0.1378
3903.3505   13.3592    0.1844
3902.9545   13.2983   -0.2717
3903.1992   13.3150   -0.1468
3903.3505   13.3578    0.1743
3903.3505   13.3199   -0.1098
3903.3506   13.3333   -0.0094
3902.9464   13.3068   -0.2081
3902.9464   13.3402    0.0421
3903.1989   13.3629    0.2127
3902.1890   13.3230   -0.0868
3902.5407   13.3201   -0.1084
3902.8373   13.3382    0.0276
3902.5407   13.3226   -0.0901
3902.8373   13.3088   -0.1935
3903.0863   13.3540    0.1458
3903.2591   13.3532    0.1400
3903.3656   13.3416    0.0528
3903.4010   13.3372    0.0201
3903.3656   13.3528    0.1370
3903.3655   13.3547    0.1509
3903.4010   13.3447    0.0764
3903.0863   13.3351    0.0037
3903.2591   13.3054   -0.2184
3903.3655   13.3342   -0.0031
3903.3656   13.3074   -0.2040
3903.4010   13.3091   -0.1912
3903.3656   13.2932   -0.3105
3903.4010   13.2916   -0.3220
3903.0807   13.3454    0.0812
3903.0807   13.3455    0.0821
3903.2590   13.3497    0.1133
3903.3506   13.3178   -0.1257
3903.2308   13.3078   -0.2008
3903.0402   13.3081   -0.1987
3902.7850   13.3133   -0.1591
3902.9960   13.2926   -0.3144
3902.9550   13.2805   -0.4052
3902.6695   13.2790   -0.4166
3902.4546   13.3152   -0.1452
3902.0800   13.3266   -0.0597
3901.6531   13.3359    0.0101
3901.1880   13.3356    0.0081
3901.5232   13.3239   -0.0802
3901.4102   13.2895   -0.3383
3900.9006   13.3117   -0.1712
3902.2422   13.2635   -0.5331
3902.2028   13.2403   -0.7067
3901.7521   13.2488   -0.6430
3901.3162   13.2821   -0.3937
3901.2439   13.2619   -0.5449
3900.6959   13.2801   -0.4087
3901.1943   13.2624   -0.5413
3901.1682   13.2650   -0.5220
3900.5895   13.2442   -0.6778
3902.3063   13.2818   -0.3960
3902.3776   13.2978   -0.2759
3901.8811   13.2878   -0.3507
3903.3506   13.2920   -0.3196
3903.2308   13.3054   -0.2185
3902.9550   13.2803   -0.4070
3902.9960   13.3204   -0.1060
3902.6695   13.3019   -0.2448
3903.0402   13.3219   -0.0953
3902.7850   13.3233   -0.0843
3902.2028   13.2641   -0.5288
3902.2422   13.2629   -0.5372
3901.7521   13.2955   -0.2931
3901.1682   13.3021   -0.2435
3901.1943   13.3030   -0.2371
3900.5895   13.2717   -0.4716
3901.2439   13.3103   -0.1820
3901.3162   13.2897   -0.3367
3900.6959   13.3215   -0.0983
3902.4546   13.3264   -0.0614
3902.0800   13.3072   -0.2052
3901.4102   13.2976   -0.2775
3901.5232   13.2886   -0.3450
3900.9006   13.2885   -0.3451
3901.6531   13.2805   -0.4052
3901.1880   13.2834   -0.3837
3902.3776   13.3280   -0.0490
3902.3063   13.3033   -0.2344
3901.8811   13.2865   -0.3604
3903.3506   13.2804   -0.4061
3903.3505   13.3067   -0.2093
3903.3505   13.3059   -0.2151
3903.1992   13.2604   -0.5565
3902.9545   13.2683   -0.4971
3903.3505   13.3150   -0.1470
3903.3505   13.3329   -0.0125
3903.3506   13.3227   -0.0893
3903.1992   13.2962   -0.2879
3902.9545   13.2698   -0.4857
3902.6037   13.2563   -0.5870
3902.1895   13.2791   -0.4162
3902.6037   13.2387   -0.7188
3902.1895   13.2391   -0.7158
3901.7035   13.2794   -0.4138
3902.9464   13.2802   -0.4074
3903.1989   13.2856   -0.3670
3902.9464   13.2770   -0.4315
3901.7965   13.3132   -0.1600
3901.6531   13.3265   -0.0607
3901.5232   13.3549    0.1525
3901.4102   13.3277   -0.0515
3902.0800   13.3087   -0.1938
3902.5498   13.3319   -0.0203
3902.4546   13.3229   -0.0878
3901.3162   13.3350    0.0033
3901.2439   13.3587    0.1808
3901.1943   13.3998    0.4893
3901.1682   13.3746    0.2999
3901.7521   13.3830    0.3632
3902.2422   13.3567    0.1657
3902.2028   13.4186    0.6301
3902.7850   13.2999   -0.2597
3903.0865   13.3132   -0.1605
3903.0402   13.2785   -0.4203
3902.6695   13.3089   -0.1921
3902.9960   13.3205   -0.1058
3902.9550   13.3071   -0.2059
3903.2308   13.2775   -0.4278
3903.3656   13.2880   -0.3490
3903.3506   13.2874   -0.3539
3902.3776   13.3266   -0.0597
3901.8811   13.3241   -0.0784
3902.3063   13.3346    0.0002
3901.1682   13.3563    0.1628
3901.1943   13.3361    0.0113
3901.2439   13.3754    0.3062
3901.3162   13.3574    0.1711
3901.7521   13.2963   -0.2871
3902.2028   13.3752    0.3047
3902.2422   13.3263   -0.0619
3901.4102   13.3352    0.0051
3901.5232   13.3255   -0.0680
3901.6531   13.3452    0.0799
3901.7965   13.3588    0.1816
3902.0800   13.3408    0.0465
3902.4546   13.3598    0.1893
3902.5498   13.3730    0.2882
3902.6695   13.3978    0.4740
3902.9550   13.3968    0.4668
3902.9960   13.3789    0.3324
3902.7850   13.3079   -0.2000
3903.0402   13.3592    0.1850
3903.0865   13.3452    0.0797
3903.2308   13.3722    0.2824
3903.3506   13.3389    0.0326
3903.3656   13.3503    0.1177
3902.3063   13.2853   -0.3697
3901.8811   13.3242   -0.0774
3902.3776   13.3300   -0.0339
3903.4010   13.3297   -0.0364
3903.3656   13.3699    0.2653
3903.3656   13.3708    0.2720
3903.4010   13.3293   -0.0393
3903.3656   13.3773    0.3207
3903.3655   13.3362    0.0125
3903.2591   13.4151    0.6042
3903.0865   13.3775    0.3220
3903.0863   13.3908    0.4219
3903.4010   13.2935   -0.3079
3903.3655   13.3140   -0.1541
3903.3656   13.3190   -0.1170
3903.4010   13.3207   -0.1042
3903.3656   13.3213   -0.0997
3903.3656   13.3288   -0.0431
3903.2591   13.3283   -0.0473
3903.0863   13.3383    0.0277
3903.0865   13.3230   -0.0866
3902.8373   13.3495    0.1121
3902.5498   13.3542    0.1472
3902.5407   13.3501    0.1164
3902.8373   13.3414    0.0512
3902.5407   13.3308   -0.0283
3902.5498   13.3352    0.0051
3902.1890   13.3278   -0.0509
3901.7965   13.3353    0.0056
3901.7965   13.3415    0.0516
3903.0807   13.3311   -0.0258
3903.2590   13.3319   -0.0204
3903.0807   13.3264   -0.0609
3903.3506   13.3084   -0.1959
3903.1992   13.3559    0.1599
3902.9545   13.3546    0.1504
3903.3505   13.3576    0.1725
3903.3505   13.3711    0.2740
3902.6037   13.3943    0.4479
3902.1895   13.4099    0.5646
3901.7035   13.3527    0.1358
3902.1895   13.3537    0.1435
3902.6037   13.3495    0.1118
3903.3505   13.3373    0.0205
3903.3505   13.2870   -0.3564
3902.9545   13.3338   -0.0055
3903.1992   13.3327   -0.0143
3903.3506   13.3143   -0.1521
3903.1989   13.3945    0.4492
3902.9464   13.3890    0.4084
3902.9464   13.3259   -0.0648
3902.1890   13.3124   -0.1661
3902.5407   13.3139   -0.1548
3902.8373   13.3254   -0.0690
3902.5407   13.3406    0.0450
3902.8373   13.3109   -0.1777
3903.0863   13.3314   -0.0236
3903.2591   13.3230   -0.0866
3903.3656   13.3425    0.0595
3903.4010   13.3246   -0.0750
3903.3656   13.3351    0.0041
3903.3655   13.3066   -0.2094
3903.4010   13.3169   -0.1325
3903.0863   13.3246   -0.0751
3903.2591   13.3284   -0.0466
3903.3655   13.2885   -0.3454
3903.3656   13.3063   -0.2118
3903.4010   13.3107   -0.1792
3903.3656   13.3337   -0.0066
3903.4010   13.3342   -0.0024
3903.0807   13.3104   -0.1812
3903.0807   13.2831   -0.3859
3903.2590   13.2935   -0.3082
3903.3506   13.3594    0.1866
3903.2308   13.3771    0.3188
3903.0402   13.3836    0.3681
3902.7850   13.3582    0.1776
3902.9960   13.3498    0.1141
3902.9550   13.3387    0.0310
3902.6695   13.3261   -0.0632
3902.4546   13.3519    0.1297
3902.0800   13.3284   -0.0459
3901.6531   13.3183   -0.1219
3901.1880   13.3185   -0.1207
3901.5232   13.3145   -0.1503
3901.4102   13.3061   -0.2136
3900.9006   13.2973   -0.2791
3902.2422   13.3230   -0.0870
3902.2028   13.3236   -0.0824
3901.7521   13.3049   -0.2222
3901.3162   13.3146   -0.1498
3901.2439   13.2943   -0.3023
3900.6959   13.2833   -0.3846
3901.1943   13.3035   -0.2333
3901.1682   13.3061   -0.2135
3900.5895   13.2822   -0.3926
3902.3063   13.3326   -0.0147
3902.3776   13.3344   -0.0013
3901.8811   13.3195   -0.1127
3903.3506   13.3345   -0.0008
3903.2308   13.3342   -0.0028
3902.9550   13.3203   -0.1068
3902.9960   13.3432    0.0647
3902.6695   13.3564    0.1638
3903.0402   13.3391    0.0337
3902.7850   13.3273   -0.0542
3902.2028   13.3271   -0.0562
3902.2422   13.3411    0.0490
3901.7521   13.3373    0.0206
3901.1682   13.3159   -0.1400
3901.1943   13.3142   -0.1527
3900.5895   13.3041   -0.2284
3901.2439   13.3212   -0.1004
3901.3162   13.3193   -0.1142
3900.6959   13.3014   -0.2490
3902.4546   13.3180   -0.1246
3902.0800   13.3147   -0.1489
3901.4102   13.2993   -0.2646
3901.5232   13.2982   -0.2727
3900.9006   13.2942   -0.3026
3901.6531   13.3137   -0.1568
3901.1880   13.3237   -0.0816
3902.3776   13.3177   -0.1265
3902.3063   13.3477    0.0984
3901.8811   13.3210   -0.1015
3903.3506   13.2926   -0.3150
3903.3505   13.3041   -0.2283
3903.3505   13.3147   -0.1493
3903.1992   13.3362    0.0120
3902.9545   13.3275   -0.0532
3903.3505   13.3353    0.0054
3903.3505   13.3347    0.0010
3903.3506   13.3399    0.0401
3903.1992   13.3202   -0.1079
3902.9545   13.3300   -0.0340
3902.6037   13.3232   -0.0853
3902.1895   13.3188   -0.1185
3902.6037   13.3343   -0.0020
3902.1895   13.3280   -0.0495
3901.7035   13.3129   -0.1623
3902.9464   13.3191   -0.1157
3903.1989   13.3221   -0.0937
3902.9464   13.3310   -0.0267
3901.7965   13.3936    0.4427
3901.6531   13.3589    0.1825
3901.5232   13.3822    0.3575
3901.4102   13.3855    0.3822
3902.0800   13.3551    0.1542
3902.5498   13.3500    0.1161
3902.4546   13.3171   -0.1311
3901.3162   13.3935    0.4418
3901.2439   13.3732    0.2897
3901.1943   13.3494    0.1113
3901.1682   13.3375    0.0217
3901.7521   13.3865    0.3893
3902.2422   13.3712    0.2747
3902.2028   13.3752    0.3048
3902.7850   13.3005   -0.2557
3903.0865   13.3429    0.0623
3903.0402   13.2980   -0.2744
3902.6695   13.3361    0.0113
3902.9960   13.2857   -0.3665
3902.9550   13.3051   -0.2208
3903.2308   13.2857   -0.3668
3903.3656   13.2888   -0.3435
3903.3506   13.3006   -0.2548
3902.3776   13.3622    0.2073
3901.8811   13.3787    0.3307
3902.3063   13.3788    0.3314
3901.1682   13.3652    0.2299
3901.1943   13.3654    0.2309
3901.2439   13.3792    0.3347
3901.3162   13.3657    0.2331
3901.7521   13.3821    0.3568
3902.2028   13.3771    0.3192
3902.2422   13.3391    0.0343
3901.4102   13.3532    0.1398
3901.5232   13.3795    0.3371
3901.6531   13.3787    0.3312
3901.7965   13.4186    0.6305
3902.0800   13.3865    0.3892
3902.4546   13.3683    0.2532
3902.5498   13.3611    0.1989
3902.6695   13.2959   -0.2899
3902.9550   13.3036   -0.2325
3902.9960   13.2785   -0.4202
3902.7850   13.3098   -0.1859
3903.0402   13.2631   -0.5358
3903.0865   13.2721   -0.4686
3903.2308   13.2418   -0.6956
3903.3506   13.2447   -0.6738
3903.3656   13.2402   -0.7079
3902.3063   13.3233   -0.0843
3901.8811   13.3526    0.1353
3902.3776   13.3459    0.0847
3903.4010   13.2724   -0.4659
3903.3656   13.2959   -0.2902
3903.3656   13.2746   -0.4501
3903.4010   13.2736   -0.4573
3903.3656   13.2740   -0.4543
3903.3655   13.2700   -0.4841
3903.2591   13.2700   -0.4843
3903.0865   13.3049   -0.2222
3903.0863   13.3081   -0.1984
3903.4010   13.2943   -0.3022
3903.3655   13.2817   -0.3967
3903.3656   13.2894   -0.3384
3903.4010   13.2543   -0.6021
3903.3656   13.2391   -0.7163
3903.3656   13.2585   -0.5701
3903.2591   13.2611   -0.5509
3903.0863   13.2711   -0.4759
3903.0865   13.2738   -0.4554
3902.8373   13.3349    0.0028
3902.5498   13.3347    0.0011
3902.5407   13.3261   -0.0637
3902.8373   13.3014   -0.2487
3902.5407   13.3231   -0.0863
3902.5498   13.3363    0.0131
3902.1890   13.3403    0.0427
3901.7965   13.3511    0.1242
3901.7965   13.3900    0.4160
3903.0807   13.2874   -0.3536
3903.2590   13.2772   -0.4300
3903.0807   13.2600   -0.5589
3903.3506   13.2671   -0.5056
3903.1992   13.3010   -0.2518
3902.9545   13.3427    0.0608
3903.3505   13.3007   -0.2542
3903.3505   13.3027   -0.2387
3902.6037   13.3605    0.1948
3902.1895   13.3545    0.1496
3901.7035   13.3653    0.2305
3902.1895   13.3433    0.0656
3902.6037   13.3261   -0.0638
3903.3505   13.2737   -0.4563
3903.3505   13.2780   -0.4244
3902.9545   13.3104   -0.1811
3903.1992   13.2826   -0.3894
3903.3506   13.2859   -0.3648
3903.1989   13.2710   -0.4766
3902.9464   13.3685    0.2545
3902.9464   13.2992   -0.2650
3902.1890   13.3849    0.3777
3902.5407   13.3353    0.0056
3902.8373   13.3370    0.0184
3902.5407   13.3668    0.2420
3902.8373   13.3589    0.1822
3903.0863   13.3550    0.1533
3903.2591   13.3313   -0.0247
3903.3656   13.3087   -0.1941
3903.4010   13.2833   -0.3844
3903.3656   13.3214   -0.0985
3903.3655   13.3438    0.0693
3903.4010   13.3284   -0.0460
3903.0863   13.2997   -0.2614
3903.2591   13.3280   -0.0490
3903.3655   13.3539    0.1449
3903.3656   13.3205   -0.1058
3903.4010   13.3203   -0.1074
3903.3656   13.3506    0.1204
3903.4010   13.3472    0.0951
3903.0807   13.3329   -0.0124
3903.0807   13.3193   -0.1145
3903.2590   13.3430    0.0630
3903.3506   13.2652   -0.5204
3903.2308   13.2748   -0.4485
3903.0402   13.2876   -0.3524
3902.7850   13.3151   -0.1463
3902.9960   13.2569   -0.5824
3902.9550   13.2754   -0.4437
3902.6695   13.3176   -0.1270
3902.4546   13.3138   -0.1557
3902.0800   13.3309   -0.0275
3901.6531   13.3420    0.0554
3901.1880   13.3578    0.1746
3901.5232   13.3485    0.1041
3901.4102   13.3593    0.1856
3900.9006   13.3653    0.2304
3902.2422   13.3672    0.2451
3902.2028   13.3420    0.0558
3901.7521   13.3495    0.1123
3901.3162   13.3689    0.2578
3901.2439   13.3628    0.2117
3900.6959   13.3607    0.1957
3901.1943   13.3620    0.2058
3901.1682   13.3401    0.0413
3900.5895   13.3500    0.1161
3902.3063   13.3222   -0.0928
3902.3776   13.2954   -0.2935
3901.8811   13.3452    0.0795
3903.3506   13.3346    0.0006
3903.2308   13.3431    0.0637
3902.9550   13.3422    0.0572
3902.9960   13.3539    0.1447
3902.6695   13.3547    0.1509
3903.0402   13.3399    0.0398
3902.7850   13.3253   -0.0691
3902.2028   13.3561    0.1618
3902.2422   13.3557    0.1585
3901.7521   13.3602    0.1925
3901.1682   13.3561    0.1614
3901.1943   13.3516    0.1280
3900.5895   13.3495    0.1122
3901.2439   13.3413    0.0503
3901.3162   13.3595    0.1871
3900.6959   13.3519    0.1302
3902.4546   13.3366    0.0150
3902.0800   13.3301   -0.0338
3901.4102   13.3443    0.0727
3901.5232   13.3387    0.0313
3900.9006   13.3443    0.0726
3901.6531   13.3369    0.0177
3901.1880   13.3352    0.0051
3902.3776   13.3430    0.0631
3902.3063   13.3503    0.1180
3901.8811   13.3410    0.0486
3903.3506   13.3320   -0.0193
3903.3505   13.2844   -0.3764
3903.3505   13.3042   -0.2281
3903.1992   13.3079   -0.1997
3902.9545   13.2909   -0.3272
3903.3505   13.3121   -0.1687
3903.3505   13.3124   -0.1664
3903.3506   13.2732   -0.4601
3903.1992   13.2752   -0.4448
3902.9545   13.2715   -0.4730
3902.6037   13.3227   -0.0891
3902.1895   13.3404    0.0440
3902.6037   13.3081   -0.1983
3902.1895   13.3295   -0.0378
3901.7035   13.3430    0.0636
3902.9464   13.2750   -0.4464
3903.1989   13.2454   -0.6683
3902.9464   13.2553   -0.5945
3901.7965   13.3926    0.4353
3901.6531   13.4155    0.6067
3901.5232   13.4006    0.4955
3901.4102   13.3884    0.4040
3902.0800   13.4266    0.6899
3902.5498   13.4264    0.6884
3902.4546   13.4207    0.6462
3901.3162   13.3630    0.2133
3901.2439   13.3813    0.3502
3901.1943   13.3669    0.2427
3901.1682   13.3616    0.2029
3901.7521   13.3714    0.2761
3902.2422   13.3693    0.2605
3902.2028   13.3637    0.2181
3902.7850   13.3693    0.2606
3903.0865   13.3871    0.3936
3903.0402   13.3909    0.4222
3902.6695   13.3858    0.3842
3902.9960   13.3646    0.2256
3902.9550   13.3698    0.2640
3903.2308   13.3608    0.1968
3903.3656   13.3831    0.3642
3903.3506   13.3640    0.2204
3902.3776   13.4176    0.6228
3901.8811   13.3879    0.3999
3902.3063   13.3936    0.4430
3901.1682   13.3535    0.1419
3901.1943   13.3553    0.1554
3901.2439   13.3799    0.3402
3901.3162   13.3708    0.2716
3901.7521   13.3427    0.0612
3902.2028   13.3262   -0.0626
3902.2422   13.3580    0.1758
3901.4102   13.3664    0.2387
3901.5232   13.3416    0.0530
3901.6531   13.3412    0.0498
3901.7965   13.3647    0.2263
3902.0800   13.3499    0.1154
3902.4546   13.3507    0.1211
3902.5498   13.3516    0.1280
3902.6695   13.3578    0.1741
3902.9550   13.3534    0.1410
3902.9960   13.3624    0.2088
3902.7850   13.3497    0.1132
3903.0402   13.3850    0.3783
3903.0865   13.3532    0.1401
3903.2308   13.3727    0.2863
3903.3506   13.3680    0.2510
3903.3656   13.3940    0.4457
3902.3063   13.3549    0.1525
3901.8811   13.3691    0.2589
3902.3776   13.3701    0.2668
3903.4010   13.3590    0.1830
3903.3656   13.3638    0.2191
3903.3656   13.3476    0.0979
3903.4010   13.3441    0.0712
3903.3656   13.3568    0.1667
3903.3655   13.3479    0.1002
3903.2591   13.3486    0.1052
3903.0865   13.3480    0.1006
3903.0863   13.3482    0.1022
3903.4010   13.3608    0.1970
3903.3655   13.3495    0.1120
3903.3656   13.3482    0.1024
3903.4010   13.3336   -0.0070
3903.3656   13.3363    0.0131
3903.3656   13.3531    0.1393
3903.2591   13.3489    0.1077
3903.0863   13.3523    0.1329
3903.0865   13.3369    0.0173
3902.8373   13.3326   -0.0149
3902.5498   13.3342   -0.0026
3902.5407   13.3309   -0.0276
3902.8373   13.3322   -0.0174
3902.5407   13.3236   -0.0819
3902.5498   13.3264   -0.0613
3902.1890   13.3343   -0.0017
3901.7965   13.3428    0.0617
3901.7965   13.3384    0.0289
3903.0807   13.3415    0.0516
3903.2590   13.3513    0.1253
3903.0807   13.3411    0.0492
3903.3506   13.3611    0.1991
3903.1992   13.3623    0.2079
3902.9545   13.3639    0.2198
3903.3505   13.3613    0.2002
3903.3505   13.3596    0.1876
3902.6037   13.3599    0.1903
3902.1895   13.3565    0.1647
3901.7035   13.3515    0.1268
3902.1895   13.3431    0.0637
3902.6037   13.3648    0.2271
3903.3505   13.3513    0.1255
3903.3505   13.3322   -0.0174
3902.9545   13.3461    0.0866
3903.1992   13.3395    0.0372
3903.3506   13.3254   -0.0686
3903.1989   13.3723    0.2826
3902.9464   13.3749    0.3026
3902.9464   13.3477    0.0989
3902.1890   13.3865    0.3893
3902.5407   13.4010    0.4984
3902.8373   13.4004    0.4939
3902.5407   13.3833    0.3652
3902.8373   13.3737    0.2932
3903.0863   13.3815    0.3518
3903.2591   13.3732    0.2900
3903.3656   13.3633    0.2154
3903.4010   13.3701    0.2667
3903.3656   13.3518    0.1292
3903.3655   13.3501    0.1165
3903.4010   13.3386    0.0300
3903.0863   13.3403    0.0430
3903.2591   13.3017   -0.2463
3903.3655   13.3367    0.0159
3903.3656   13.2858   -0.3660
3903.4010   13.3146   -0.1497
3903.3656   13.2596   -0.5623
3903.4010   13.2371   -0.7307
3903.0807   13.3754    0.3064
3903.0807   13.3792    0.3350
3903.2590   13.3617    0.2036
3903.3506   13.3617    0.2032
3903.2308   13.3545    0.1494
3903.0402   13.3470    0.0931
3902.7850   13.3392    0.0346
3902.9960   13.3478    0.0989
3902.9550   13.3348    0.0016
3902.6695   13.3369    0.0177
3902.4546   13.3329   -0.0121
3902.0800   13.3341   -0.0035
3901.6531   13.3347    0.0008
3901.1880   13.3664    0.2390
3901.5232   13.3544    0.1485
3901.4102   13.3658    0.2340
3900.9006   13.3788    0.3314
3902.2422   13.3431    0.0637
3902.2028   13.3266   -0.0597
3901.7521   13.3540    0.1456
3901.3162   13.3959    0.4597
3901.2439   13.3818    0.3544
3900.6959   13.3995    0.4873
3901.1943   13.3553    0.1555
3901.1682   13.3238   -0.0808
3900.5895   13.3483    0.1027
3902.3063   13.3453    0.0808
3902.3776   13.3401    0.0416
3901.8811   13.3602    0.1925
3903.3506   13.2537   -0.6066
3903.2308   13.2653   -0.5195
3902.9550   13.3233   -0.0844
3902.9960   13.2558   -0.5903
3902.6695   13.3172   -0.1301
3903.0402   13.2735   -0.4581
3902.7850   13.3176   -0.1271
3902.2028   13.2742   -0.4528
3902.2422   13.2898   -0.3355
3901.7521   13.2765   -0.4355
3901.1682   13.3019   -0.2453
3901.1943   13.2873   -0.3547
3900.5895   13.3154   -0.1435
3901.2439   13.2904   -0.3312
3901.3162   13.3096   -0.1870
3900.6959   13.3210   -0.1018
3902.4546   13.3506    0.1204
3902.0800   13.3776    0.3231
3901.4102   13.3409    0.0477
3901.5232   13.3683    0.2530
3900.9006   13.3486    0.1053
3901.6531   13.3978    0.4740
3901.1880   13.3919    0.4296
3902.3776   13.3351    0.0042
3902.3063   13.3056   -0.2171
3901.8811   13.3226   -0.0900
3903.3506   13.2728   -0.4635
3903.3505   13.2897   -0.3362
3903.3505   13.2761   -0.4388
3903.1992   13.3128   -0.1634
3902.9545   13.3006   -0.2546
3903.3505   13.3253   -0.0693
3903.3505   13.3454    0.0816
3903.3506   13.3603    0.1932
3903.1992   13.3420    0.0557
3902.9545   13.3238   -0.0809
3902.6037   13.2805   -0.4057
3902.1895   13.2886   -0.3445
3902.6037   13.3093   -0.1895
3902.1895   13.3008   -0.2530
3901.7035   13.3058   -0.2159
3902.9464   13.2934   -0.3086
3903.1989   13.2967   -0.2839
3902.9464   13.3009   -0.2525
3902.1890   13.3593    0.1853
3902.5407   13.3447    0.0761
3902.8373   13.3366    0.0152
3902.5407   13.3397    0.0387
3902.8373   13.3376    0.0226
3903.0863   13.3339   -0.0047
3903.2591   13.3323   -0.0172
3903.3656   13.3370    0.0181
3903.4010   13.3333   -0.0094
3903.3656   13.3433    0.0654
3903.3655   13.3267   -0.0588
3903.4010   13.3266   -0.0598
3903.0863   13.3409    0.0478
3903.2591   13.3681    0.2512
3903.3655   13.3360    0.0108
3903.3656   13.3853    0.3807
3903.4010   13.3514    0.1259
3903.3656   13.3628    0.2116
3903.4010   13.3920    0.4310
3903.0807   13.3295   -0.0379
3903.0807   13.3495    0.1121
3903.2590   13.3319   -0.0197
3903.3506   13.3386    0.0300
3903.2308   13.3155   -0.1433
3903.0402   13.3425    0.0598
3902.7850   13.3123   -0.1672
3902.9960   13.3107   -0.1788
3902.9550   13.2764   -0.4360
3902.6695   13.2960   -0.2892
3902.4546   13.3592    0.1846
3902.0800   13.3722    0.2822
3901.6531   13.3471    0.0940
3901.1880   13.3018   -0.2459
3901.5232   13.3251   -0.0710
3901.4102   13.3505    0.1195
3900.9006   13.3397    0.0382
3902.2422   13.3210   -0.1018
3902.2028   13.3261   -0.0633
3901.7521   13.3455    0.0821
3901.3162   13.3403    0.0427
3901.2439   13.3509    0.1225
3900.6959   13.3530    0.1383
3901.1943   13.3638    0.2194
3901.1682   13.3666    0.2401
3900.5895   13.3631    0.2137
3902.3063   13.3403    0.0429
3902.3776   13.3304   -0.0313
3901.8811   13.3533    0.1402
3903.3506   13.3746    0.3005
3903.2308   13.3472    0.0947
3902.9550   13.3209   -0.1026
3902.9960   13.3215   -0.0981
3902.6695   13.3027   -0.2386
3903.0402   13.3293   -0.0393
3902.7850   13.3179   -0.1253
3902.2028   13.3258   -0.0659
3902.2422   13.3266   -0.0597
3901.7521   13.3489    0.1074
3901.1682   13.3559    0.1600
3901.1943   13.3610    0.1979
3900.5895   13.3658    0.2341
3901.2439   13.3639    0.2202
3901.3162   13.3527    0.1357
3900.6959   13.3686    0.2552
3902.4546   13.3248   -0.0731
3902.0800   13.3282   -0.0474
3901.4102   13.3403    0.0433
3901.5232   13.3396    0.0376
3900.9006   13.3557    0.1587
3901.6531   13.3440    0.0709
3901.1880   13.3367    0.0163
3902.3776   13.3042   -0.2274
3902.3063   13.3172   -0.1299
3901.8811   13.3260   -0.0646
3903.3506   13.3751    0.3040
3903.3505   13.3664    0.2390
3903.3505   13.3138   -0.1557
3903.1992   13.3437    0.0688
3902.9545   13.3065   -0.2104
3903.3505   13.3030   -0.2364
3903.3505   13.3078   -0.2011
3903.3506   13.3248   -0.0731
3903.1992   13.2897   -0.3365
3902.9545   13.2897   -0.3365
3902.6037   13.3089   -0.1928
3902.1895   13.3339   -0.0049
3902.6037   13.3076   -0.2022
3902.1895   13.3447    0.0762
3901.7035   13.3604    0.1936
3902.9464   13.3020   -0.2442
3903.1989   13.3010   -0.2520
3902.9464   13.3048   -0.2231
3900.7633   13.3126   -0.1650
3900.5793   13.2883   -0.3467
3900.4118   13.2712   -0.4750
3900.2686   13.2854   -0.3684
3899.9214   13.3079   -0.2001
3899.4490   13.3524    0.1341
3899.2383   13.3418    0.0546
3900.1408   13.3077   -0.2011
3900.0499   13.3121   -0.1683
3899.9861   13.3058   -0.2158
3899.9530   13.2643   -0.5269
3899.3684   13.3236   -0.0819
3898.7605   13.3344   -0.0012
3898.6765   13.3258   -0.0656
3898.5069   13.3569    0.1676
3898.0481   13.3642    0.2220
3897.8027   13.3552    0.1545
3898.1542   13.3589    0.1826
3897.6049   13.3582    0.1775
3897.4636   13.3535    0.1417
3897.1028   13.3646    0.2251
3896.6676   13.3541    0.1467
3896.4328   13.3537    0.1433
3899.0341   13.3366    0.0149
3899.5859   13.3056   -0.2173
3898.8721   13.3338   -0.0057
3899.9530   13.2557   -0.5916
3899.9861   13.2738   -0.4555
3900.0499   13.2936   -0.3074
3900.1408   13.3085   -0.1955
3899.3684   13.3095   -0.1882
3898.6765   13.3250   -0.0721
3898.7605   13.3458    0.0843
3900.2686   13.3213   -0.0996
3900.4118   13.3276   -0.0521
3900.5793   13.3312   -0.0249
3900.7633   13.3310   -0.0269
3899.9214   13.3278   -0.0508
3899.2383   13.3399    0.0400
3899.4490   13.3346    0.0005
3898.1542   13.3575    0.1717
3897.4636   13.3591    0.1842
3897.6049   13.3597    0.1887
3898.5069   13.3507    0.1207
3897.8027   13.3573    0.1706
3898.0481   13.3506    0.1200
3897.1028   13.3568    0.1666
3896.4328   13.3595    0.1871
3896.6676   13.3610    0.1983
3898.8721   13.3541    0.1462
3899.5859   13.3406    0.0450
3899.0341   13.3509    0.1226
3895.6844   13.3447    0.0759
3895.4122   13.3302   -0.0329
3895.1104   13.3252   -0.0702
3895.2911   13.3435    0.0671
3894.9030   13.3368    0.0171
3894.7981   13.3485    0.1044
3894.5942   13.3280   -0.0492
3894.3771   13.3350    0.0036
3894.1547   13.3383    0.0280
3895.2911   13.3557    0.1587
3894.7981   13.3536    0.1426
3894.9030   13.3550    0.1536
3895.6844   13.3577    0.1735
3895.1104   13.3564    0.1638
3895.4122   13.3548    0.1519
3894.5942   13.3593    0.1855
3894.1547   13.3597    0.1882
3894.3771   13.3625    0.2091
3893.7811   13.3409    0.0475
3893.6403   13.3514    0.1263
3893.5130   13.3433    0.0659
3893.7811   13.3581    0.1765
3893.5130   13.3554    0.1563
3893.6403   13.3707    0.2711
3893.3363   13.3650    0.2280
3893.2575   13.3437    0.0685
3893.2575   13.3788    0.3317
3894.0307   13.3432    0.0646
3894.3743   13.3503    0.1178
3894.0307   13.3552    0.1546
3896.1493   13.3535    0.1423
3896.6889   13.3568    0.1670
3897.2804   13.3473    0.0955
3895.9539   13.3404    0.0441
3895.8548   13.3517    0.1288
3897.9462   13.3311   -0.0258
3898.6079   13.3229   -0.0877
3899.2868   13.2920   -0.3195
3898.6079   13.3211   -0.1013
3897.9462   13.3441    0.0714
3895.8548   13.3539    0.1450
3895.9539   13.3542    0.1475
3897.2804   13.3506    0.1199
3896.6889   13.3546    0.1502
3896.1493   13.3573    0.1707
3896.4939   13.3599    0.1901
3897.2022   13.3498    0.1142
3897.2022   13.3499    0.1151
3900.5793   13.3415    0.0523
3899.9214   13.3354    0.0060
3899.2383   13.3543    0.1482
3900.4118   13.3278   -0.0507
3900.2686   13.3295   -0.0377
3898.5069   13.3577    0.1735
3897.8027   13.3536    0.1424
3897.1028   13.3503    0.1183
3896.4328   13.3401    0.0417
3897.6049   13.3468    0.0918
3898.1542   13.3469    0.0925
3897.4636   13.3419    0.0550
3900.1408   13.3479    0.0997
3900.0499   13.3554    0.1565
3898.7605   13.3514    0.1260
3899.3684   13.3491    0.1087
3898.6765   13.3502    0.1170
3899.9861   13.3618    0.2043
3899.9530   13.3642    0.2220
3899.5859   13.3467    0.0909
3899.0341   13.3501    0.1166
3898.8721   13.3526    0.1355
3895.6844   13.3352    0.0044
3895.1104   13.3377    0.0235
3894.5942   13.3412    0.0495
3894.1547   13.3472    0.0948
3894.9030   13.3456    0.0827
3895.2911   13.3506    0.1203
3894.7981   13.3495    0.1121
3893.7811   13.3531    0.1391
3893.5130   13.3437    0.0684
3893.3363   13.3428    0.0617
3893.2575   13.3481    0.1012
3893.5130   13.3589    0.1823
3893.7811   13.3556    0.1575
3893.6403   13.3513    0.1254
3894.7981   13.3347    0.0008
3895.2911   13.3552    0.1544
3894.9030   13.3460    0.0861
3894.1547   13.3508    0.1219
3894.5942   13.3569    0.1672
3894.3771   13.3571    0.1688
3895.1104   13.3646    0.2254
3895.6844   13.3689    0.2572
3895.4122   13.3622    0.2075
3894.3743   13.3518    0.1290
3894.0307   13.3504    0.1186
3894.0307   13.3544    0.1485
3899.9530   13.3616    0.2025
3899.9861   13.3579    0.1753
3898.6765   13.3618    0.2041
3899.3684   13.3548    0.1516
3898.7605   13.3557    0.1586
3900.0499   13.3585    0.1793
3900.1408   13.3622    0.2073
3897.4636   13.3568    0.1668
3898.1542   13.3574    0.1713
3897.6049   13.3635    0.2171
3896.4328   13.3707    0.2709
3897.1028   13.3569    0.1673
3896.6676   13.3337   -0.0066
3897.8027   13.3530    0.1379
3898.5069   13.3639    0.2198
3898.0481   13.3483    0.1032
3900.2686   13.3611    0.1988
3900.4118   13.3527    0.1363
3899.2383   13.3686    0.2554
3899.9214   13.3646    0.2254
3899.4490   13.3762    0.3122
3900.5793   13.3481    0.1012
3900.7633   13.3494    0.1116
3899.5859   13.3605    0.1942
3898.8721   13.3638    0.2191
3899.0341   13.3654    0.2313
3899.2868   13.3534    0.1413
3898.6079   13.3522    0.1320
3897.9462   13.3444    0.0739
3898.6079   13.3502    0.1172
3897.9462   13.3564    0.1635
3897.2804   13.3445    0.0746
3896.6889   13.3444    0.0738
3896.1493   13.3498    0.1143
3895.9539   13.3464    0.0886
3895.8548   13.3433    0.0655
3897.2804   13.3616    0.2025
3896.6889   13.3606    0.1949
3895.8548   13.3565    0.1643
3895.9539   13.3506    0.1203
3896.1493   13.3540    0.1458
3897.2022   13.3554    0.1563
3897.2022   13.3481    0.1012
3896.4939   13.3443    0.0730
3900.5793   13.3211   -0.1012
3900.4118   13.3021   -0.2436
3900.2686   13.2919   -0.3197
3899.9214   13.3105   -0.1806
3899.2383   13.3176   -0.1270
3900.1408   13.2810   -0.4017
3900.0499   13.2839   -0.3803
3899.9861   13.2795   -0.4131
3899.9530   13.2734   -0.4588
3899.3684   13.2666   -0.5099
3898.7605   13.2800   -0.4095
3898.6765   13.2678   -0.5009
3898.5069   13.3248   -0.0733
3897.8027   13.3427    0.0610
3898.1542   13.2994   -0.2635
3897.6049   13.3301   -0.0334
3897.4636   13.3151   -0.1460
3897.1028   13.3471    0.0939
3896.4328   13.3521    0.1314
3899.0341   13.3046   -0.2248
3899.5859   13.2903   -0.3319
3898.8721   13.2959   -0.2903
3899.9530   13.2623   -0.5419
3899.9861   13.2508   -0.6279
3900.0499   13.2655   -0.5182
3900.1408   13.2834   -0.3838
3899.3684   13.2769   -0.4322
3898.6765   13.2765   -0.4358
3898.7605   13.2901   -0.3332
3900.2686   13.2900   -0.3343
3900.4118   13.3017   -0.2466
3900.5793   13.3077   -0.2013
3900.7633   13.3166   -0.1345
3899.9214   13.3129   -0.1625
3899.2383   13.3342   -0.0028
3899.4490   13.3232   -0.0849
3898.1542   13.3172   -0.1305
3897.4636   13.3275   -0.0531
3897.6049   13.3228   -0.0880
3898.5069   13.3512    0.1244
3897.8027   13.3484    0.1039
3898.0481   13.3334   -0.0089
3897.1028   13.3264   -0.0614
3896.4328   13.3227   -0.0889
3896.6676   13.3240   -0.0795
3898.8721   13.2992   -0.2654
3899.5859   13.2874   -0.3539
3899.0341   13.3135   -0.1582
3895.6844   13.3523    0.1328
3895.1104   13.3489    0.1075
3895.2911   13.3421    0.0568
3894.9030   13.3490    0.1080
3894.7981   13.3348    0.0016
3894.5942   13.3528    0.1369
3894.1547   13.3756    0.3074
3895.2911   13.2959   -0.2899
3894.7981   13.3122   -0.1679
3894.9030   13.3100   -0.1841
3895.6844   13.2976   -0.2775
3895.1104   13.2739   -0.4551
3895.4122   13.3144   -0.1516
3894.5942   13.2787   -0.4193
3894.1547   13.3081   -0.1987
3894.3771   13.3022   -0.2425
3893.7811   13.3716    0.2779
3893.5130   13.3701    0.2667
3893.7811   13.3346   -0.0001
3893.5130   13.3589    0.1827
3893.6403   13.3234   -0.0839
3893.3363   13.3718    0.2791
3893.2575   13.3481    0.1015
3894.0307   13.3881    0.4014
3894.3743   13.3503    0.1177
3894.0307   13.3266   -0.0601
3896.1493   13.3419    0.0548
3896.6889   13.3166   -0.1349
3897.2804   13.3089   -0.1924
3895.9539   13.3232   -0.0851
3895.8548   13.3270   -0.0570
3897.9462   13.2880   -0.3489
3898.6079   13.2760   -0.4391
3899.2868   13.2626   -0.5400
3898.6079   13.2621   -0.5432
3897.9462   13.3110   -0.1766
3895.8548   13.3174   -0.1288
3895.9539   13.2944   -0.3015
3897.2804   13.3279   -0.0499
3896.6889   13.3048   -0.2232
3896.1493   13.3003   -0.2567
3896.4939   13.3234   -0.0835
3897.2022   13.3153   -0.1444
3897.2022   13.3255   -0.0677
3900.5793   13.3271   -0.0556
3900.4118   13.3284   -0.0460
3900.2686   13.3505    0.1193
3899.9214   13.3378    0.0240
3899.2383   13.3287   -0.0443
3900.1408   13.3508    0.1216
3900.0499   13.3325   -0.0153
3899.9861   13.3356    0.0074
3899.9530   13.3460    0.0857
3899.3684   13.3191   -0.1159
3898.7605   13.3499    0.1148
3898.6765   13.3456    0.0826
3898.5069   13.3396    0.0380
3897.8027   13.3467    0.0907
3898.1542   13.3593    0.1857
3897.6049   13.3534    0.1415
3897.4636   13.3702    0.2670
3897.1028   13.3408    0.0465
3896.4328   13.3243   -0.0770
3899.0341   13.3398    0.0392
3899.5859   13.3486    0.1054
3898.8721   13.3549    0.1525
3899.9530   13.3352    0.0045
3899.9861   13.3541    0.1463
3900.0499   13.3508    0.1215
3900.1408   13.3494    0.1113
3899.3684   13.3561    0.1614
3898.6765   13.3584    0.1784
3898.7605   13.3492    0.1096
3900.2686   13.3607    0.1964
3900.4118   13.3594    0.1863
3900.5793   13.3641    0.2215
3900.7633   13.3766    0.3153
3899.9214   13.3705    0.2697
3899.2383   13.3596    0.1878
3899.4490   13.3707    0.2707
3898.1542   13.3588    0.1818
3897.4636   13.3535    0.1422
3897.6049   13.3584    0.1785
3898.5069   13.3611    0.1987
3897.8027   13.3595    0.1867
3898.0481   13.3712    0.2745
3897.1028   13.3583    0.1779
3896.4328   13.3604    0.1936
3896.6676   13.3659    0.2352
3898.8721   13.3583    0.1779
3899.5859   13.3604    0.1940
3899.0341   13.3574    0.1712
3895.6844   13.3220   -0.0943
3895.1104   13.3419    0.0548
3895.2911   13.3417    0.0533
3894.9030   13.3251   -0.0709
3894.7981   13.3363    0.0130
3894.5942   13.3316   -0.0224
3894.1547   13.3241   -0.0783
3895.2911   13.3384    0.0289
3894.7981   13.3545    0.1498
3894.9030   13.3600    0.1907
3895.6844   13.3600    0.1905
3895.1104   13.3608    0.1965
3895.4122   13.3531    0.1388
3894.5942   13.3707    0.2708
3894.1547   13.3853    0.3807
3894.3771   13.3635    0.2171
3893.7811   13.3482    0.1024
3893.5130   13.3752    0.3048
3893.7811   13.3898    0.4142
3893.5130   13.3925    0.4343
3893.6403   13.3737    0.2934
3893.3363   13.3714    0.2759
3893.2575   13.3526    0.1354
3894.0307   13.3530    0.1381
3894.3743   13.3694    0.2614
3894.0307   13.3915    0.4267
3896.1493   13.3468    0.0918
3896.6889   13.3562    0.1619
3897.2804   13.3535    0.1417
3895.9539   13.3355    0.0068
3895.8548   13.3442    0.0720
3897.9462   13.3492    0.1095
3898.6079   13.3451    0.0788
3899.2868   13.3375    0.0222
3898.6079   13.3531    0.1387
3897.9462   13.3585    0.1793
3895.8548   13.3527    0.1357
3895.9539   13.3372    0.0196
3897.2804   13.3735    0.2920
3896.6889   13.3432    0.0647
3896.1493   13.3580    0.1757
3896.4939   13.3462    0.0871
3897.2022   13.3523    0.1331
3897.2022   13.3576    0.1725
3900.5793   13.3764    0.3136
3900.4118   13.3645    0.2246
3900.2686   13.3443    0.0730
3899.9214   13.3658    0.2344
3899.2383   13.3543    0.1483
3900.1408   13.3417    0.0538
3900.0499   13.3571    0.1687
3899.9861   13.3484    0.1039
3899.9530   13.3328   -0.0133
3899.3684   13.3526    0.1352
3898.7605   13.3478    0.0990
3898.6765   13.3492    0.1101
3898.5069   13.3580    0.1759
3897.8027   13.3557    0.1583
3898.1542   13.3509    0.1226
3897.6049   13.3553    0.1557
3897.4636   13.3448    0.0766
3897.1028   13.3597    0.1881
3896.4328   13.3546    0.1503
3899.0341   13.3620    0.2059
3899.5859   13.3623    0.2077
3898.8721   13.3615    0.2023
3899.9530   13.3490    0.1081
3899.9861   13.3568    0.1667
3900.0499   13.3721    0.2813
3900.1408   13.3793    0.3354
3899.3684   13.3490    0.1082
3898.6765   13.3305   -0.0309
3898.7605   13.3306   -0.0298
3900.2686   13.3768    0.3164
3900.4118   13.3724    0.2835
3900.5793   13.3658    0.2343
3899.9214   13.3710    0.2734
3899.2383   13.3841    0.3718
3898.1542   13.2991   -0.2659
3897.4636   13.2879   -0.3502
3897.6049   13.3050   -0.2217
3898.5069   13.3585    0.1796
3897.8027   13.3265   -0.0605
3897.1028   13.2928   -0.3128
3896.4328   13.3186   -0.1197
3898.8721   13.3417    0.0538
3899.5859   13.3696    0.2624
3899.0341   13.3709    0.2723
3895.6844   13.3491    0.1087
3895.1104   13.3634    0.2161
3895.2911   13.3696    0.2630
3894.9030   13.3609    0.1975
3894.7981   13.3620    0.2058
3894.5942   13.3724    0.2834
3894.1547   13.3506    0.1199
3895.2911   13.3508    0.1216
3894.7981   13.3587    0.1812
3894.9030   13.3685    0.2544
3895.6844   13.3624    0.2090
3895.1104   13.3737    0.2938
3894.5942   13.3755    0.3068
3894.1547   13.3618    0.2041
3893.7811   13.3330   -0.0119
3893.5130   13.3308   -0.0284
3893.7811   13.3448    0.0768
3893.5130   13.3580    0.1760
3893.3363   13.3314   -0.0236
3894.0307   13.3423    0.0583
3894.3743   13.3585    0.1791
3894.0307   13.3479    0.0999
3896.1493   13.3630    0.2136
3896.6889   13.3507    0.1210
3897.2804   13.3293   -0.0397
3895.9539   13.3643    0.2226
3895.8548   13.3470    0.0935
3897.9462   13.3235   -0.0833
3898.6079   13.3388    0.0315
3899.2868   13.3549    0.1528
3898.6079   13.3338   -0.0061
3897.9462   13.3135   -0.1582
3895.8548   13.3255   -0.0677
3895.9539   13.3194   -0.1135
3897.2804   13.2756   -0.4421
3896.6889   13.2810   -0.4016
3896.1493   13.3182   -0.1229
3896.4939   13.3032   -0.2355
3897.2022   13.3205   -0.1057
3897.2022   13.2932   -0.3105
3893.2211   13.3100   -0.1842
3893.2211   13.2914   -0.3241
3893.2408   13.2716   -0.4725
3893.3180   13.3078   -0.2009
3893.2848   13.3250   -0.0717
3893.3528   13.3251   -0.0710
3893.2848   13.2743   -0.4520
3893.3180   13.2691   -0.4912
3893.3528   13.2741   -0.4536
3893.5098   13.2724   -0.4660
3893.4456   13.3082   -0.1977
3893.5608   13.2591   -0.5657
3893.7931   13.3126   -0.1647
3893.6990   13.3090   -0.1920
3893.8590   13.2875   -0.3532
3893.6358   13.3241   -0.0784
3893.6041   13.3034   -0.2334
3893.7341   13.3380    0.0256
3893.4456   13.2830   -0.3869
3893.5098   13.3164   -0.1359
3893.5608   13.2897   -0.3364
3893.6041   13.3041   -0.2286
3893.6358   13.3164   -0.1362
3893.7341   13.3196   -0.1121
3893.6990   13.2945   -0.3006
3893.7931   13.3415    0.0521
3893.8590   13.3149   -0.1474
3893.4127   13.2944   -0.3010
3893.4127   13.3101   -0.1833
3893.4967   13.2707   -0.4789
3894.1623   13.3464    0.0888
3894.0493   13.3312   -0.0251
3894.2519   13.3331   -0.0112
3894.6106   13.3544    0.1487
3894.4745   13.3438    0.0694
3894.7149   13.3432    0.0649
3894.3649   13.3274   -0.0537
3894.2830   13.3145   -0.1502
3894.5001   13.3638    0.2195
3895.1294   13.3795    0.3370
3894.9756   13.3764    0.3138
3895.2494   13.3491    0.1093
3895.7089   13.3403    0.0433
3895.5386   13.3728    0.2869
3895.8405   13.3299   -0.0348
3895.3904   13.3497    0.1137
3895.2655   13.3546    0.1506
3895.5506   13.3393    0.0356
3894.6592   13.3545    0.1493
3894.6055   13.3311   -0.0256
3894.8374   13.3384    0.0287
3895.1637   13.3699    0.2651
3895.0875   13.4262    0.6872
3895.3534   13.2969   -0.2826
3895.0362   13.3334   -0.0087
3895.0103   13.3261   -0.0632
3895.2536   13.3328   -0.0130
3894.7380   13.3588    0.1814
3894.8438   13.3530    0.1385
3894.9939   13.3711    0.2738
3894.0493   13.3213   -0.0997
3894.1623   13.2827   -0.3889
3894.2519   13.3048   -0.2233
3894.2830   13.3669    0.2424
3894.3649   13.3394    0.0360
3894.5001   13.3823    0.3576
3894.4745   13.3119   -0.1701
3894.6106   13.3099   -0.1853
3894.7149   13.3289   -0.0423
3894.6055   13.3477    0.0983
3894.6592   13.3830    0.3630
3894.8374   13.3495    0.1123
3895.0103   13.3170   -0.1314
3895.0362   13.3299   -0.0348
3895.2536   13.3265   -0.0609
3895.0875   13.3244   -0.0761
3895.1637   13.3070   -0.2069
3895.3534   13.3017   -0.2465
3894.9756   13.3409    0.0474
3895.1294   13.3489    0.1076
3895.2494   13.3599    0.1902
3895.2655   13.3568    0.1664
3895.3904   13.3742    0.2972
3895.5506   13.3796    0.3377
3895.5386   13.3606    0.1953
3895.7089   13.3278   -0.0505
3895.8405   13.3649    0.2272
3894.8438   13.3602    0.1924
3894.7380   13.3607    0.1963
3894.9939   13.3404    0.0436
3893.9565   13.3376    0.0225
3893.8941   13.3432    0.0647
3893.8628   13.3466    0.0901
3894.0776   13.3989    0.4823
3894.2213   13.3898    0.4142
3893.8628   13.3356    0.0080
3893.8941   13.3243   -0.0771
3893.9565   13.2798   -0.4110
3894.0776   13.3131   -0.1610
3894.2213   13.3153   -0.1448
3894.3891   13.3612    0.2001
3894.5761   13.3116   -0.1720
3894.3891   13.2996   -0.2625
3894.5761   13.3140   -0.1545
3894.7839   13.3293   -0.0396
3894.1913   13.3504    0.1191
3894.0152   13.3690    0.2582
3894.1913   13.3647    0.2262
3896.3381   13.3022   -0.2428
3896.2159   13.3251   -0.0711
3896.5418   13.2758   -0.4408
3897.0050   13.2682   -0.4977
3896.8769   13.2606   -0.5546
3897.2183   13.2611   -0.5507
3896.7640   13.2592   -0.5650
3896.6676   13.2518   -0.6208
3897.0027   13.2850   -0.3721
3897.6969   13.2752   -0.4451
3897.5688   13.2353   -0.7443
3897.9191   13.3030   -0.2366
3898.4006   13.3126   -0.1646
3898.2721   13.3223   -0.0923
3898.6245   13.3162   -0.1380
3898.1544   13.3293   -0.0398
3898.0490   13.3323   -0.0170
3898.4006   13.3394    0.0362
3897.2591   13.2773   -0.4297
3897.1846   13.2517   -0.6212
3897.5270   13.3056   -0.2171
3897.9545   13.3333   -0.0094
3897.8744   13.3247   -0.0737
3898.2238   13.3256   -0.0676
3897.8074   13.3059   -0.2151
3897.7542   13.3213   -0.0994
3898.0976   13.3416    0.0529
3897.3470   13.2700   -0.4838
3897.4506   13.2527   -0.6143
3897.6968   13.2992   -0.2655
3899.1027   13.3375    0.0219
3898.9917   13.3546    0.1502
3899.3393   13.3359    0.0102
3899.7897   13.3218   -0.0954
3899.6828   13.3224   -0.0915
3900.0190   13.3329   -0.0124
3899.5828   13.3224   -0.0911
3899.4909   13.3398    0.0391
3899.8309   13.3402    0.0421
3900.4485   13.3203   -0.1071
3900.3506   13.3328   -0.0130
3900.6688   13.2817   -0.3961
3901.0664   13.2902   -0.3330
3900.9763   13.2899   -0.3353
3901.2704   13.2860   -0.3645
3900.8898   13.2858   -0.3658
3900.8080   13.3055   -0.2182
3901.1095   13.2640   -0.5292
3900.0841   13.3531    0.1391
3900.0078   13.3443    0.0730
3900.3369   13.3446    0.0753
3900.7293   13.3174   -0.1285
3900.6571   13.3250   -0.0718
3900.9654   13.3194   -0.1140
3900.5900   13.3251   -0.0710
3900.5289   13.3192   -0.1155
3900.8409   13.3344   -0.0015
3900.1659   13.3256   -0.0675
3900.2550   13.3075   -0.2026
3900.4926   13.3164   -0.1362
3898.4073   13.3262   -0.0626
3898.3625   13.2883   -0.3468
3898.7129   13.3122   -0.1678
3899.1123   13.3085   -0.1957
3899.0631   13.3085   -0.1957
3899.4099   13.2930   -0.3119
3899.0237   13.3012   -0.2503
3898.9945   13.3067   -0.2090
3899.3366   13.3152   -0.1449
3899.8042   13.3430    0.0630
3899.7556   13.3076   -0.2022
3900.0916   13.3036   -0.2320
3900.4689   13.3163   -0.1371
3900.4201   13.3169   -0.1324
3900.7383   13.3083   -0.1970
3900.3776   13.3101   -0.1831
3900.3419   13.2983   -0.2717
3900.6596   13.2515   -0.6227
3899.6530   13.2944   -0.3013
3899.6348   13.2853   -0.3692
3899.9654   13.3015   -0.2480
3900.3122   13.3169   -0.1327
3900.2903   13.2999   -0.2602
3900.6063   13.2877   -0.3514
3900.2752   13.2801   -0.4087
3900.2674   13.2813   -0.3995
3900.5794   13.2718   -0.4707
3899.6778   13.2852   -0.3700
3899.7122   13.2926   -0.3149
3900.0139   13.3212   -0.1004
3898.4538   13.3352    0.0050
3898.5134   13.3474    0.0960
3898.5853   13.3348    0.0016
3898.8106   13.3186   -0.1198
3899.1646   13.3189   -0.1177
3898.6709   13.3288   -0.0435
3898.7667   13.3394    0.0360
3898.8740   13.3603    0.1929
3899.1313   13.3496    0.1126
3899.3937   13.3465    0.0898
3899.5185   13.3588    0.1817
3899.8630   13.3627    0.2107
3899.6625   13.3581    0.1764
3899.9312   13.3609    0.1974
3900.2009   13.3429    0.0623
3899.2311   13.3569    0.1673
3898.9476   13.3346   -0.0000
3899.3078   13.3659    0.2348
3896.2159   13.3828    0.3616
3896.3381   13.3351    0.0042
3896.5418   13.3677    0.2485
3896.6676   13.3301   -0.0334
3896.7640   13.3462    0.0872
3897.0027   13.3358    0.0089
3896.8769   13.3340   -0.0045
3897.0050   13.3149   -0.1471
3897.2183   13.3103   -0.1819
3897.1846   13.3385    0.0292
3897.2591   13.3416    0.0528
3897.5270   13.3537    0.1437
3897.7542   13.3681    0.2514
3897.8074   13.3677    0.2488
3898.0976   13.3505    0.1194
3897.8744   13.3661    0.2366
3897.9545   13.3682    0.2523
3898.2238   13.3520    0.1307
3897.5688   13.2990   -0.2666
3897.6969   13.2835   -0.3832
3897.9191   13.3092   -0.1899
3898.0490   13.3448    0.0766
3898.1544   13.3333   -0.0097
3898.4006   13.3493    0.1108
3898.2721   13.3187   -0.1187
3898.4006   13.2940   -0.3043
3898.6245   13.3264   -0.0611
3897.4506   13.3141   -0.1537
3897.3470   13.3300   -0.0346
3897.6968   13.3433    0.0654
3898.3625   13.3168   -0.1335
3898.4073   13.3274   -0.0536
3898.7129   13.2925   -0.3152
3898.9945   13.2814   -0.3983
3899.0237   13.2711   -0.4760
3899.3366   13.2795   -0.4132
3899.0631   13.2671   -0.5057
3899.1123   13.2680   -0.4993
3899.4099   13.2631   -0.5356
3899.6348   13.2709   -0.4774
3899.6530   13.2623   -0.5421
3899.9654   13.2847   -0.3741
3900.2674   13.2989   -0.2673
3900.2752   13.3027   -0.2387
3900.5794   13.3035   -0.2329
3900.2903   13.3081   -0.1981
3900.3122   13.3057   -0.2163
3900.6063   13.3208   -0.1035
3899.7556   13.2684   -0.4964
3899.8042   13.2757   -0.4418
3900.0916   13.2825   -0.3902
3900.3419   13.2926   -0.3144
3900.3776   13.2942   -0.3028
3900.6596   13.3148   -0.1483
3900.4201   13.3005   -0.2555
3900.4689   13.3186   -0.1194
3900.7383   13.3170   -0.1318
3899.7122   13.2601   -0.5587
3899.6778   13.2672   -0.5055
3900.0139   13.2739   -0.4548
3898.9917   13.3316   -0.0221
3899.1027   13.3226   -0.0897
3899.3393   13.3239   -0.0801
3899.4909   13.3599    0.1901
3899.5828   13.3269   -0.0572
3899.8309   13.3360    0.0106
3899.6828   13.3333   -0.0094
3899.7897   13.3399    0.0402
3900.0190   13.3333   -0.0098
3900.0078   13.3253   -0.0697
3900.0841   13.3327   -0.0140
3900.3369   13.3193   -0.1143
3900.5289   13.3187   -0.1191
3900.5900   13.3183   -0.1218
3900.8409   13.3250   -0.0718
3900.6571   13.3315   -0.0232
3900.7293   13.3392    0.0348
3900.9654   13.3339   -0.0048
3900.3506   13.3304   -0.0313
3900.4485   13.3540    0.1456
3900.6688   13.3460    0.0860
3900.8080   13.3389    0.0323
3900.8898   13.3369    0.0175
3901.1095   13.3489    0.1077
3900.9763   13.3502    0.1172
3901.0664   13.3491    0.1090
3901.2704   13.3534    0.1409
3900.2550   13.3273   -0.0542
3900.1659   13.3310   -0.0266
3900.4926   13.3303   -0.0320
3898.8740   13.3302   -0.0329
3898.7667   13.3721    0.2818
3898.6709   13.3736    0.2929
3899.1313   13.3649    0.2277
3899.3937   13.3780    0.3260
3898.5853   13.3430    0.0633
3898.5134   13.3300   -0.0340
3898.4538   13.3290   -0.0415
3898.8106   13.2945   -0.3008
3899.1646   13.2869   -0.3574
3899.6625   13.3404    0.0438
3899.9312   13.3122   -0.1674
3899.5185   13.2908   -0.3284
3899.8630   13.3044   -0.2263
3900.2009   13.3138   -0.1555
3899.3078   13.3596    0.1880
3898.9476   13.3480    0.1004
3899.2311   13.3179   -0.1249
3896.0509   13.3672    0.2447
3895.9070   13.3877    0.3988
3895.7859   13.3476    0.0978
3896.2807   13.3536    0.1426
3896.5277   13.3122   -0.1680
3895.6870   13.3156   -0.1421
3895.6130   13.3361    0.0117
3895.5631   13.3597    0.1886
3895.5378   13.3448    0.0771
3895.8928   13.3237   -0.0819
3896.2390   13.3226   -0.0897
3896.1898   13.3413    0.0506
3896.7939   13.3222   -0.0926
3897.0716   13.3439    0.0701
3896.6043   13.3358    0.0094
3896.9781   13.3465    0.0897
3896.9049   13.3379    0.0252
3897.3628   13.3526    0.1353
3897.6644   13.3547    0.1509
3896.4107   13.3186   -0.1197
3896.0403   13.3076   -0.2021
3896.3141   13.3115   -0.1727
3895.5378   13.3613    0.2002
3895.5631   13.3721    0.2815
3895.6130   13.3577    0.1739
3895.6870   13.3764    0.3136
3895.8928   13.3721    0.2817
3896.1898   13.3377    0.0232
3896.2390   13.2914   -0.3239
3895.7859   13.3123   -0.1667
3895.9070   13.3131   -0.1610
3896.0509   13.3103   -0.1820
3896.2807   13.2775   -0.4281
3896.5277   13.2896   -0.3373
3896.6043   13.2853   -0.3697
3896.9049   13.2884   -0.3463
3896.9781   13.3037   -0.2316
3896.7939   13.2551   -0.5960
3897.0716   13.2643   -0.5268
3897.3628   13.3072   -0.2051
3897.6644   13.2876   -0.3524
3896.3141   13.3054   -0.2186
3896.0403   13.3811    0.3487
3896.4107   13.2799   -0.4098
3897.9915   13.3334   -0.0088
3898.3098   13.3071   -0.2057
3897.9189   13.3295   -0.0379
3898.2744   13.3346    0.0001
3898.2567   13.3540    0.1457
3898.6343   13.3053   -0.2195
3898.9613   13.3083   -0.1973
3897.9189   13.3336   -0.0074
3898.2567   13.3276   -0.0521
3898.2744   13.3064   -0.2110
3897.9915   13.2955   -0.2931
3898.3098   13.2933   -0.3095
3898.6343   13.3210   -0.1017
3898.9613   13.3352    0.0049
3899.2938   13.3008   -0.2530
3899.6214   13.3060   -0.2143
3899.2938   13.3052   -0.2204
3899.6214   13.3032   -0.2350
3899.9471   13.2948   -0.2980
3898.9468   13.3371    0.0187
3898.5998   13.3340   -0.0039
3898.9468   13.3403    0.0431
3897.6082   13.3432    0.0644
3897.2310   13.3232   -0.0853
3896.8645   13.3272   -0.0552
3897.5704   13.3185   -0.1205
3897.5514   13.3305   -0.0305
3896.5056   13.3387    0.0313
3896.1658   13.3426    0.0602
3895.8419   13.3946    0.4500
3896.1658   13.3445    0.0748
3896.5056   13.3052   -0.2203
3897.5514   13.3502    0.1175
3897.5704   13.3418    0.0540
3896.8645   13.2787   -0.4191
3897.2310   13.2674   -0.5041
3897.6082   13.3060   -0.2143
3897.1916   13.3185   -0.1208
3896.8416   13.3212   -0.1004
3896.8416   13.2921   -0.3184
3893.2211   13.2723   -0.4668
3893.2408   13.2787   -0.4193
3893.2848   13.2503   -0.6320
3893.3528   13.3007   -0.2537
3893.2848   13.2984   -0.2711
3893.3180   13.3220   -0.0943
3893.3528   13.3205   -0.1059
3893.4456   13.3123   -0.1672
3893.5608   13.3210   -0.1019
3893.6990   13.3109   -0.1775
3893.8590   13.3132   -0.1602
3893.6358   13.2925   -0.3157
3893.6041   13.2967   -0.2838
3893.7341   13.3644    0.2240
3893.4456   13.3371    0.0187
3893.5098   13.3362    0.0125
3893.5608   13.3223   -0.0922
3893.6041   13.3496    0.1124
3893.6358   13.3237   -0.0814
3893.7341   13.3124   -0.1662
3893.6990   13.3138   -0.1555
3893.7931   13.3373    0.0207
3893.8590   13.3314   -0.0234
3893.4127   13.3112   -0.1755
3893.4127   13.3043   -0.2268
3893.4967   13.3123   -0.1672
3894.0493   13.3271   -0.0562
3894.2519   13.3158   -0.1406
3894.4745   13.3033   -0.2347
3894.7149   13.3255   -0.0682
3894.3649   13.3293   -0.0393
3894.2830   13.3483    0.1028
3894.5001   13.3284   -0.0466
3894.9756   13.3449    0.0773
3895.2494   13.3499    0.1151
3895.5386   13.3290   -0.0419
3895.8405   13.3213   -0.0992
3895.3904   13.3292   -0.0403
3895.2655   13.3491    0.1087
3895.5506   13.3516    0.1275
3894.6592   13.3215   -0.0978
3894.6055   13.3269   -0.0576
3894.8374   13.2838   -0.3807
3895.1637   13.3328   -0.0130
3895.0875   13.2719   -0.4696
3895.3534   13.3085   -0.1956
3895.0362   13.2656   -0.5170
3895.0103   13.3255   -0.0681
3895.2536   13.3027   -0.2388
3894.7380   13.3271   -0.0563
3894.8438   13.3344   -0.0011
3894.9939   13.3177   -0.1266
3894.0493   13.3509    0.1224
3894.1623   13.3123   -0.1667
3894.2519   13.3191   -0.1157
3894.2830   13.3321   -0.0185
3894.3649   13.3130   -0.1615
3894.5001   13.3306   -0.0297
3894.4745   13.2660   -0.5145
3894.6106   13.2521   -0.6183
3894.7149   13.2462   -0.6629
3894.6055   13.3727    0.2862
3894.6592   13.3572    0.1701
3894.8374   13.3791    0.3336
3895.0103   13.3493    0.1106
3895.0362   13.3717    0.2782
3895.2536   13.3357    0.0088
3895.0875   13.3476    0.0981
3895.1637   13.3304   -0.0309
3895.3534   13.3449    0.0773
3894.9756   13.2933   -0.3098
3895.1294   13.3126   -0.1649
3895.2494   13.3078   -0.2010
3895.2655   13.3019   -0.2451
3895.3904   13.2978   -0.2757
3895.5506   13.3314   -0.0240
3895.5386   13.3314   -0.0238
3895.7089   13.3431    0.0637
3895.8405   13.3459    0.0853
3894.8438   13.2969   -0.2822
3894.7380   13.3115   -0.1727
3894.9939   13.3455    0.0820
3893.9565   13.3431    0.0638
3893.8941   13.3161   -0.1386
3893.8628   13.3485    0.1047
3894.0776   13.3481    0.1014
3894.2213   13.3581    0.1768
3893.8628   13.3247   -0.0743
3893.8941   13.3396    0.0377
3893.9565   13.3374    0.0212
3894.0776   13.3506    0.1205
3894.2213   13.3514    0.1264
3894.3891   13.3554    0.1563
3894.5761   13.3338   -0.0056
3894.3891   13.3331   -0.0107
3894.5761   13.2933   -0.3091
3894.7839   13.3718    0.2793
3894.1913   13.3223   -0.0917
3894.0152   13.3137   -0.1564
3894.1913   13.3349    0.0024
3896.2159   13.3050   -0.2217
3896.5418   13.3229   -0.0873
3896.8769   13.3132   -0.1601
3897.2183   13.2847   -0.3736
3896.7640   13.3141   -0.1534
3896.6676   13.3033   -0.2345
3897.0027   13.2497   -0.6363
3897.5688   13.2854   -0.3689
3897.9191   13.2835   -0.3830
3898.2721   13.2963   -0.2868
3898.6245   13.2981   -0.2737
3898.1544   13.2861   -0.3633
3898.0490   13.2863   -0.3621
3898.4006   13.2994   -0.2641
3897.2591   13.2620   -0.5440
3897.1846   13.3001   -0.2587
3897.5270   13.2846   -0.3744
3897.9545   13.2805   -0.4055
3897.8744   13.3078   -0.2004
3898.2238   13.3422    0.0572
3897.8074   13.3453    0.0807
3897.7542   13.3857    0.3838
3898.0976   13.3753    0.3054
3897.3470   13.2502   -0.6325
3897.4506   13.2644   -0.5265
3897.6968   13.2561   -0.5888
3898.9917   13.3096   -0.1873
3899.3393   13.3243   -0.0769
3899.6828   13.3402    0.0421
3900.0190   13.3523    0.1333
3899.5828   13.3380    0.0260
3899.4909   13.3376    0.0227
3899.8309   13.3523    0.1334
3900.3506   13.3616    0.2026
3900.6688   13.3619    0.2053
3900.9763   13.3470    0.0936
3901.2704   13.3372    0.0198
3900.8898   13.3512    0.1246
3900.8080   13.3414    0.0510
3901.1095   13.3305   -0.0305
3900.0841   13.3486    0.1054
3900.0078   13.3373    0.0208
3900.3369   13.3412    0.0497
3900.7293   13.3373    0.0205
3900.6571   13.3398    0.0396
3900.9654   13.3221   -0.0936
3900.5900   13.3287   -0.0438
3900.5289   13.2881   -0.3486
3900.8409   13.2814   -0.3987
3900.1659   13.3637    0.2185
3900.2550   13.3671    0.2438
3900.4926   13.3619    0.2046
3898.4073   13.3251   -0.0713
3898.3625   13.3113   -0.1747
3898.7129   13.3125   -0.1652
3899.1123   13.3273   -0.0548
3899.0631   13.2938   -0.3060
3899.4099   13.3011   -0.2506
3899.0237   13.3008   -0.2536
3898.9945   13.3251   -0.0713
3899.3366   13.3131   -0.1606
3899.8042   13.2967   -0.2841
3899.7556   13.3136   -0.1576
3900.0916   13.2857   -0.3666
3900.4689   13.2742   -0.4530
3900.4201   13.2843   -0.3767
3900.7383   13.2906   -0.3295
3900.3776   13.2957   -0.2914
3900.3419   13.3144   -0.1509
3900.6596   13.3078   -0.2006
3899.6530   13.3421    0.0568
3899.6348   13.3344   -0.0009
3899.9654   13.3485    0.1048
3900.3122   13.3308   -0.0280
3900.2903   13.3361    0.0119
3900.6063   13.3664    0.2386
3900.2752   13.3510    0.1234
3900.2674   13.3805    0.3446
3900.5794   13.3640    0.2207
3899.6778   13.3286   -0.0444
3899.7122   13.2727   -0.4640
3900.0139   13.3194   -0.1137
3898.4538   13.3474    0.0965
3898.5134   13.3781    0.3268
3898.5853   13.3451    0.0788
3898.8106   13.3384    0.0287
3899.1646   13.3221   -0.0938
3898.6709   13.3111   -0.1761
3898.7667   13.3129   -0.1626
3898.8740   13.3010   -0.2515
3899.1313   13.3192   -0.1156
3899.3937   13.3405    0.0445
3899.5185   13.3118   -0.1708
3899.8630   13.3204   -0.1065
3899.6625   13.3440    0.0705
3899.9312   13.3548    0.1514
3900.2009   13.3069   -0.2077
3899.2311   13.3343   -0.0016
3898.9476   13.3420    0.0558
3899.3078   13.3397    0.0386
3896.2159   13.3173   -0.1293
3896.3381   13.3363    0.0132
3896.5418   13.3071   -0.2058
3896.6676   13.3273   -0.0542
3896.7640   13.3212   -0.0999
3897.0027   13.3065   -0.2105
3896.8769   13.3174   -0.1287
3897.0050   13.3204   -0.1060
3897.2183   13.3067   -0.2093
3897.1846   13.3324   -0.0160
3897.2591   13.3214   -0.0990
3897.5270   13.3109   -0.1772
3897.7542   13.3081   -0.1988
3897.8074   13.3111   -0.1758
3898.0976   13.3155   -0.1429
3897.8744   13.2998   -0.2606
3897.9545   13.2998   -0.2611
3898.2238   13.3229   -0.0878
3897.5688   13.2936   -0.3072
3897.6969   13.2898   -0.3356
3897.9191   13.2885   -0.3454
3898.0490   13.3180   -0.1243
3898.1544   13.3128   -0.1632
3898.4006   13.3453    0.0806
3898.2721   13.3096   -0.1875
3898.4006   13.3240   -0.0795
3898.6245   13.3382    0.0273
3897.4506   13.3013   -0.2498
3897.3470   13.3206   -0.1046
3897.6968   13.2974   -0.2788
3898.3625   13.3176   -0.1269
3898.4073   13.3433    0.0653
3898.7129   13.3198   -0.1104
3898.9945   13.3085   -0.1955
3899.0237   13.2936   -0.3072
3899.3366   13.3060   -0.2145
3899.0631   13.3011   -0.2507
3899.1123   13.3200   -0.1091
3899.4099   13.3246   -0.0746
3899.6348   13.3017   -0.2462
3899.6530   13.3120   -0.1693
3899.9654   13.3131   -0.1608
3900.2674   13.3523    0.1332
3900.2752   13.3186   -0.1196
3900.5794   13.3600    0.1905
3900.2903   13.3087   -0.1941
3900.3122   13.3345   -0.0002
3900.6063   13.3302   -0.0328
3899.7556   13.3217   -0.0963
3899.8042   13.3393    0.0356
3900.0916   13.3405    0.0447
3900.3419   13.3356    0.0079
3900.3776   13.3536    0.1424
3900.6596   13.3289   -0.0426
3900.4201   13.3475    0.0970
3900.4689   13.3278   -0.0505
3900.7383   13.3440    0.0708
3899.7122   13.3127   -0.1643
3899.6778   13.3171   -0.1311
3900.0139   13.3334   -0.0085
3898.9917   13.3485    0.1045
3899.1027   13.3533    0.1408
3899.3393   13.3448    0.0765
3899.4909   13.3371    0.0190
3899.5828   13.3469    0.0923
3899.8309   13.3554    0.1559
3899.6828   13.3435    0.0671
3899.7897   13.3455    0.0820
3900.0190   13.3385    0.0296
3900.0078   13.3507    0.1212
3900.0841   13.3451    0.0789
3900.3369   13.3573    0.1703
3900.5289   13.3234   -0.0841
3900.5900   13.3263   -0.0621
3900.8409   13.3380    0.0261
3900.6571   13.3375    0.0222
3900.7293   13.3505    0.1193
3900.9654   13.3529    0.1377
3900.3506   13.3624    0.2088
3900.4485   13.3542    0.1475
3900.6688   13.3426    0.0606
3900.8080   13.3595    0.1873
3900.8898   13.3653    0.2302
3901.1095   13.3493    0.1104
3900.9763   13.3626    0.2106
3901.0664   13.3628    0.2114
3901.2704   13.3564    0.1634
3900.2550   13.3691    0.2589
3900.1659   13.3575    0.1723
3900.4926   13.3614    0.2014
3898.8740   13.3296   -0.0376
3898.7667   13.3402    0.0423
3898.6709   13.3475    0.0972
3899.1313   13.3391    0.0342
3899.3937   13.3341   -0.0036
3898.5853   13.3516    0.1276
3898.5134   13.3464    0.0887
3898.4538   13.3431    0.0642
3898.8106   13.3314   -0.0237
3899.1646   13.3275   -0.0527
3899.6625   13.3178   -0.1258
3899.9312   13.3625    0.2098
3899.5185   13.3497    0.1135
3899.8630   13.3616    0.2030
3900.2009   13.3226   -0.0895
3899.3078   13.3304   -0.0315
3898.9476   13.3453    0.0808
3899.2311   13.3267   -0.0591
3896.0509   13.3380    0.0255
3895.9070   13.3541    0.1465
3895.7859   13.3744    0.2990
3896.2807   13.3332   -0.0100
3896.5277   13.3426    0.0602
3895.6870   13.3641    0.2214
3895.6130   13.3871    0.3939
3895.5631   13.3613    0.2007
3895.5378   13.3485    0.1041
3895.8928   13.3339   -0.0051
3896.2390   13.3379    0.0249
3896.1898   13.3051   -0.2212
3896.7939   13.3241   -0.0787
3897.0716   13.3422    0.0573
3896.6043   13.3459    0.0848
3896.9781   13.3463    0.0881
3896.9049   13.3395    0.0372
3897.3628   13.3340   -0.0040
3897.6644   13.3199   -0.1101
3896.4107   13.3368    0.0171
3896.0403   13.3625    0.2093
3896.3141   13.3464    0.0886
3895.5378   13.3106   -0.1798
3895.5631   13.2936   -0.3074
3895.6130   13.3183   -0.1222
3895.6870   13.3488    0.1069
3895.8928   13.3333   -0.0096
3896.1898   13.3498    0.1145
3896.2390   13.3498    0.1142
3895.7859   13.3518    0.1296
3895.9070   13.3612    0.2000
3896.0509   13.3261   -0.0637
3896.2807   13.3390    0.0331
3896.5277   13.3152   -0.1456
3896.6043   13.3397    0.0381
3896.9049   13.3307   -0.0293
3896.9781   13.3216   -0.0972
3896.7939   13.2962   -0.2875
3897.0716   13.3177   -0.1267
3897.3628   13.3475    0.0968
3897.6644   13.3767    0.3163
3896.3141   13.3344   -0.0009
3896.0403   13.3579    0.1753
3896.4107   13.3239   -0.0796
3897.9915   13.3188   -0.1180
3898.3098   13.3217   -0.0967
3897.9189   13.3161   -0.1388
3898.2744   13.3037   -0.2316
3898.2567   13.2870   -0.3568
3898.6343   13.2924   -0.3165
3898.9613   13.3000   -0.2592
3897.9189   13.3392    0.0346
3898.2567   13.3233   -0.0846
3898.2744   13.3468    0.0918
3897.9915   13.3409    0.0475
3898.3098   13.3255   -0.0680
3898.6343   13.3225   -0.0904
3898.9613   13.3194   -0.1141
3899.2938   13.3139   -0.1549
3899.6214   13.3004   -0.2561
3899.2938   13.2987   -0.2688
3899.6214   13.3171   -0.1307
3899.9471   13.3204   -0.1064
3898.9468   13.2930   -0.3120
3898.5998   13.3022   -0.2426
3898.9468   13.3336   -0.0075
3897.6082   13.2924   -0.3162
3897.2310   13.3230   -0.0869
3896.8645   13.3144   -0.1511
3897.5704   13.2999   -0.2600
3897.5514   13.3276   -0.0525
3896.5056   13.2734   -0.4584
3896.1658   13.2906   -0.3297
3895.8419   13.3325   -0.0157
3896.1658   13.3295   -0.0382
3896.5056   13.3204   -0.1065
3897.5514   13.3068   -0.2081
3897.5704   13.3293   -0.0393
3896.8645   13.3276   -0.0519
3897.2310   13.3108   -0.1782
3897.6082   13.3586    0.1801
3897.1916   13.3420    0.0561
3896.8416   13.3215   -0.0982
3896.8416   13.3341   -0.0038
3893.2211   13.3363    0.0128
3893.2408   13.3205   -0.1056
3893.3180   13.3291   -0.0407
3893.2848   13.2922   -0.3180
3893.3528   13.3003   -0.2570
3893.2848   13.3109   -0.1771
3893.3528   13.3034   -0.2336
3893.5098   13.3246   -0.0751
3893.4456   13.3434    0.0662
3893.5608   13.2990   -0.2668
3893.7931   13.3356    0.0080
3893.6990   13.3328   -0.0129
3893.8590   13.3614    0.2016
3893.6358   13.3287   -0.0442
3893.6041   13.3556    0.1575
3893.7341   13.3319   -0.0203
3893.4456   13.2884   -0.3461
3893.5608   13.3170   -0.1320
3893.6041   13.3086   -0.1944
3893.6358   13.3336   -0.0069
3893.7341   13.3612    0.2000
3893.6990   13.3438    0.0690
3893.8590   13.3337   -0.0063
3893.4127   13.2711   -0.4762
3893.4127   13.3247   -0.0743
3893.4967   13.2974   -0.2789
3894.1623   13.3321   -0.0182
3894.0493   13.3597    0.1883
3894.2519   13.3627    0.2111
3894.6106   13.3427    0.0611
3894.4745   13.3704    0.2688
3894.7149   13.3531    0.1388
3894.3649   13.3908    0.4217
3894.2830   13.3762    0.3126
3894.5001   13.3959    0.4600
3895.1294   13.3204   -0.1066
3894.9756   13.3431    0.0641
3895.2494   13.3168   -0.1334
3895.7089   13.3213   -0.0994
3895.5386   13.3315   -0.0230
3895.8405   13.3455    0.0821
3895.3904   13.3221   -0.0935
3895.2655   13.3594    0.1862
3895.5506   13.3209   -0.1021
3894.6592   13.3732    0.2901
3894.6055   13.3439    0.0697
3894.8374   13.3758    0.3093
3895.1637   13.3467    0.0908
3895.0875   13.3724    0.2840
3895.3534   13.3446    0.0753
3895.0362   13.3651    0.2286
3895.0103   13.4064    0.5384
3895.2536   13.3419    0.0552
3894.7380   13.3683    0.2529
3894.8438   13.3498    0.1141
3894.9939   13.3529    0.1371
3894.0493   13.3750    0.3031
3894.2519   13.3484    0.1034
3894.2830   13.3512    0.1244
3894.3649   13.3442    0.0719
3894.5001   13.3716    0.2781
3894.4745   13.3640    0.2210
3894.7149   13.3867    0.3910
3894.6055   13.3909    0.4224
3894.6592   13.3845    0.3745
3894.8374   13.3986    0.4799
3895.0103   13.3830    0.3635
3895.0362   13.4065    0.5398
3895.2536   13.4100    0.5659
3895.0875   13.3717    0.2787
3895.1637   13.3863    0.3880
3895.3534   13.3775    0.3217
3894.9756   13.3977    0.4735
3895.2494   13.3651    0.2292
3895.2655   13.3624    0.2088
3895.3904   13.3699    0.2647
3895.5506   13.3960    0.4604
3895.5386   13.3707    0.2708
3895.8405   13.3484    0.1037
3894.8438   13.3993    0.4854
3894.7380   13.4164    0.6139
3894.9939   13.3881    0.4015
3893.9565   13.2966   -0.2848
3893.8941   13.2872   -0.3548
3893.8628   13.3494    0.1110
3894.0776   13.3122   -0.1677
3894.2213   13.3683    0.2532
3893.8628   13.3375    0.0220
3893.8941   13.3568    0.1671
3893.9565   13.3881    0.4015
3894.0776   13.3972    0.4698
3894.2213   13.3654    0.2314
3894.3891   13.3297   -0.0363
3894.5761   13.3536    0.1428
3894.3891   13.3185   -0.1206
3894.5761   13.3364    0.0141
3894.7839   13.4123    0.5830
3894.1913   13.3123   -0.1666
3894.0152   13.3448    0.0766
3894.1913   13.3224   -0.0909
3896.3381   13.3280   -0.0491
3896.2159   13.3476    0.0978
3896.5418   13.3182   -0.1229
3897.0050   13.3148   -0.1485
3896.8769   13.3221   -0.0938
3897.2183   13.3156   -0.1424
3896.7640   13.3234   -0.0841
3896.6676   13.3443    0.0727
3897.0027   13.3472    0.0949
3897.6969   13.2781   -0.4231
3897.5688   13.3075   -0.2026
3897.9191   13.3103   -0.1820
3898.4006   13.2858   -0.3655
3898.2721   13.3090   -0.1920
3898.6245   13.3171   -0.1308
3898.1544   13.3335   -0.0079
3898.0490   13.3486    0.1054
3898.4006   13.3450    0.0780
3897.2591   13.3618    0.2045
3897.1846   13.3516    0.1278
3897.5270   13.3940    0.4459
3897.9545   13.3809    0.3474
3897.8744   13.3944    0.4487
3898.2238   13.4124    0.5839
3897.8074   13.3806    0.3452
3897.7542   13.3926    0.4349
3898.0976   13.3919    0.4300
3897.3470   13.3470    0.0930
3897.4506   13.3302   -0.0326
3897.6968   13.3468    0.0918
3899.1027   13.3341   -0.0032
3898.9917   13.3094   -0.1891
3899.3393   13.3265   -0.0608
3899.7897   13.3336   -0.0072
3899.6828   13.3138   -0.1559
3900.0190   13.3224   -0.0912
3899.5828   13.3035   -0.2333
3899.4909   13.3326   -0.0149
3899.8309   13.3294   -0.0384
3900.4485   13.3473    0.0958
3900.3506   13.3453    0.0809
3900.6688   13.3564    0.1638
3901.0664   13.3526    0.1354
3900.9763   13.3625    0.2099
3901.2704   13.3556    0.1580
3900.8898   13.3511    0.1243
3900.8080   13.3655    0.2319
3901.1095   13.3652    0.2296
3900.0841   13.3782    0.3273
3900.0078   13.3916    0.4276
3900.3369   13.3839    0.3700
3900.7293   13.3604    0.1936
3900.6571   13.3385    0.0297
3900.9654   13.3238   -0.0804
3900.5900   13.3577    0.1732
3900.5289   13.3722    0.2823
3900.8409   13.3455    0.0823
3900.1659   13.3422    0.0571
3900.2550   13.3254   -0.0691
3900.4926   13.3487    0.1061
3898.4073   13.3905    0.4195
3898.3625   13.3689    0.2577
3898.7129   13.3974    0.4711
3899.1123   13.4319    0.7302
3899.0631   13.4224    0.6587
3899.4099   13.4368    0.7670
3899.0237   13.4364    0.7640
3898.9945   13.4038    0.5190
3899.3366   13.3963    0.4629
3899.8042   13.4357    0.7585
3899.7556   13.4178    0.6244
3900.0916   13.4091    0.5589
3900.4689   13.3853    0.3805
3900.4201   13.4073    0.5453
3900.7383   13.3950    0.4531
3900.3776   13.4076    0.5474
3900.3419   13.3918    0.4294
3900.6596   13.3924    0.4335
3899.6530   13.3745    0.2996
3899.6348   13.3763    0.3131
3899.9654   13.3651    0.2292
3900.3122   13.3749    0.3021
3900.2903   13.3641    0.2214
3900.6063   13.3713    0.2755
3900.2752   13.3691    0.2593
3900.2674   13.3541    0.1466
3900.5794   13.3587    0.1806
3899.6778   13.3789    0.3326
3899.7122   13.3980    0.4757
3900.0139   13.3730    0.2885
3898.4538   13.3920    0.4304
3898.5134   13.4125    0.5848
3898.5853   13.4101    0.5666
3898.8106   13.4155    0.6073
3899.1646   13.4436    0.8174
3898.6709   13.3748    0.3018
3898.7667   13.3439    0.0699
3898.8740   13.3167   -0.1339
3899.1313   13.3354    0.0059
3899.3937   13.3687    0.2561
3899.5185   13.4396    0.7879
3899.8630   13.4303    0.7179
3899.6625   13.3856    0.3831
3899.9312   13.4119    0.5800
3900.2009   13.4119    0.5798
3899.2311   13.4145    0.5993
3898.9476   13.4087    0.5556
3899.3078   13.3931    0.4387
3896.2159   13.3672    0.2448
3896.5418   13.3169   -0.1324
3896.6676   13.3479    0.0998
3896.7640   13.3785    0.3292
3897.0027   13.4122    0.5824
3896.8769   13.3479    0.1002
3897.2183   13.3024   -0.2411
3897.1846   13.4050    0.5284
3897.2591   13.3976    0.4728
3897.5270   13.3965    0.4645
3897.7542   13.3781    0.3264
3897.8074   13.3887    0.4058
3898.0976   13.3787    0.3307
3897.8744   13.3814    0.3510
3897.9545   13.3939    0.4451
3898.2238   13.3991    0.4839
3897.5688   13.3060   -0.2142
3897.9191   13.3547    0.1506
3898.0490   13.3625    0.2094
3898.1544   13.3335   -0.0078
3898.4006   13.3490    0.1084
3898.2721   13.2977   -0.2761
3898.6245   13.3548    0.1514
3897.4506   13.3503    0.1178
3897.3470   13.3803    0.3429
3897.6968   13.3855    0.3818
3898.3625   13.3863    0.3882
3898.4073   13.3646    0.2251
3898.7129   13.3805    0.3447
3898.9945   13.4012    0.5000
3899.0237   13.3788    0.3315
3899.3366   13.3756    0.3075
3899.0631   13.3774    0.3212
3899.1123   13.3550    0.1534
3899.4099   13.3579    0.1748
3899.6348   13.3524    0.1339
3899.6530   13.3802    0.3421
3899.9654   13.3282   -0.0481
3900.2674   13.3351    0.0042
3900.2752   13.3098   -0.1857
3900.5794   13.2990   -0.2664
3900.2903   13.3506    0.1200
3900.3122   13.3692    0.2595
3900.6063   13.3612    0.1995
3899.7556   13.3422    0.0573
3899.8042   13.3552    0.1545
3900.0916   13.3712    0.2751
3900.3419   13.3804    0.3438
3900.3776   13.3854    0.3812
3900.6596   13.4000    0.4907
3900.4201   13.3817    0.3535
3900.4689   13.3935    0.4417
3900.7383   13.3819    0.3548
3899.7122   13.3564    0.1637
3899.6778   13.3892    0.4095
3900.0139   13.3562    0.1620
3898.9917   13.3446    0.0751
3899.3393   13.3699    0.2647
3899.4909   13.3658    0.2343
3899.5828   13.3532    0.1394
3899.8309   13.3665    0.2393
3899.6828   13.3305   -0.0308
3900.0190   13.3333   -0.0097
3900.0078   13.3810    0.3486
3900.0841   13.3663    0.2380
3900.3369   13.3653    0.2305
3900.5289   13.3664    0.2386
3900.5900   13.3531    0.1390
3900.8409   13.3547    0.1512
3900.6571   13.3546    0.1500
3900.7293   13.3453    0.0807
3900.9654   13.3193   -0.1147
3900.3506   13.3080   -0.1994
3900.6688   13.3015   -0.2478
3900.8080   13.3306   -0.0294
3900.8898   13.2876   -0.3519
3901.1095   13.3272   -0.0555
3900.9763   13.2819   -0.3949
3901.2704   13.3099   -0.1851
3900.2550   13.3215   -0.0979
3900.1659   13.3723    0.2827
3900.4926   13.3381    0.0265
3898.8740   13.3625    0.2098
3898.7667   13.3470    0.0933
3898.6709   13.3608    0.1967
3899.1313   13.3619    0.2048
3899.3937   13.3483    0.1027
3898.5853   13.3633    0.2157
3898.5134   13.3919    0.4303
3898.4538   13.3905    0.4192
3898.8106   13.3822    0.3570
3899.1646   13.3813    0.3507
3899.6625   13.3635    0.2169
3899.9312   13.3859    0.3850
3899.5185   13.3689    0.2575
3899.8630   13.3876    0.3979
3900.2009   13.3900    0.4160
3899.3078   13.3651    0.2287
3898.9476   13.3731    0.2893
3899.2311   13.3932    0.4398
3896.0509   13.3570    0.1681
3895.9070   13.3677    0.2487
3895.7859   13.3925    0.4344
3896.2807   13.3456    0.0829
3896.5277   13.3635    0.2168
3895.6870   13.4012    0.4999
3895.6130   13.4044    0.5240
3895.5631   13.4262    0.6870
3895.5378   13.4074    0.5462
3895.8928   13.3689    0.2576
3896.2390   13.3542    0.1474
3896.1898   13.3492    0.1094
3896.7939   13.3581    0.1761
3897.0716   13.3617    0.2039
3896.6043   13.3165   -0.1352
3896.9781   13.3042   -0.2281
3896.9049   13.3339   -0.0050
3897.3628   13.3792    0.3351
3897.6644   13.3944    0.4485
3896.4107   13.3575    0.1723
3896.0403   13.3705    0.2698
3896.3141   13.3465    0.0892
3895.5378   13.3967    0.4660
3895.5631   13.3614    0.2012
3895.6130   13.3533    0.1405
3895.6870   13.3070   -0.2067
3895.8928   13.3481    0.1014
3896.1898   13.3761    0.3113
3896.2390   13.3080   -0.1991
3895.7859   13.3098   -0.1854
3895.9070   13.3076   -0.2023
3896.0509   13.3498    0.1145
3896.2807   13.3323   -0.0169
3896.5277   13.3215   -0.0982
3896.6043   13.3209   -0.1022
3896.9049   13.3271   -0.0560
3896.9781   13.3087   -0.1941
3896.7939   13.3231   -0.0859
3897.0716   13.3128   -0.1635
3897.3628   13.3682    0.2524
3897.6644   13.3616    0.2030
3896.3141   13.3043   -0.2268
3896.0403   13.3019   -0.2450
3896.4107   13.3005   -0.2553
3897.9915   13.4009    0.4976
3898.3098   13.3843    0.3728
3897.9189   13.3936    0.4429
3898.2744   13.3454    0.0815
3898.2567   13.3504    0.1186
3898.6343   13.3457    0.0833
3898.9613   13.3436    0.0675
3897.9189   13.3174   -0.1286
3898.2567   13.3381    0.0268
3898.2744   13.3397    0.0382
3897.9915   13.3462    0.0872
3898.3098   13.3577    0.1731
3898.6343   13.4008    0.4967
3898.9613   13.3693    0.2601
3899.2938   13.3525    0.1343
3899.6214   13.3352    0.0046
3899.2938   13.3751    0.3040
3899.6214   13.3592    0.1846
3899.9471   13.3285   -0.0451
3898.9468   13.3430    0.0634
3898.5998   13.3124   -0.1664
3898.9468   13.3780    0.3260
3897.6082   13.4096    0.5628
3897.2310   13.3317   -0.0217
3896.8645   13.3526    0.1353
3897.5704   13.3693    0.2603
3897.5514   13.3253   -0.0697
3896.5056   13.3625    0.2095
3896.1658   13.3870    0.3931
3895.8419   13.3813    0.3502
3896.1658   13.3841    0.3711
3896.5056   13.3587    0.1809
3897.5514   13.3365    0.0143
3897.5704   13.3124   -0.1659
3896.8645   13.3481    0.1016
3897.2310   13.3121   -0.1682
3897.6082   13.3151   -0.1461
3897.1916   13.3501    0.1167
3896.8416   13.3360    0.0109
3896.8416   13.3648    0.2265
3893.2211   13.3516    0.1279
3893.2408   13.3514    0.1265
3893.3180   13.3706    0.2705
3893.2848   13.3641    0.2217
3893.3528   13.4026    0.5100
3893.2848   13.3574    0.1716
3893.3528   13.3783    0.3281
3893.5098   13.3897    0.4131
3893.4456   13.4220    0.6558
3893.5608   13.3930    0.4379
3893.7931   13.4355    0.7569
3893.6990   13.3617    0.2038
3893.8590   13.3904    0.4191
3893.6358   13.3808    0.3471
3893.6041   13.3716    0.2780
3893.7341   13.3700    0.2654
3893.4456   13.3483    0.1027
3893.5608   13.3433    0.0653
3893.6041   13.3624    0.2086
3893.6358   13.3871    0.3937
3893.7341   13.3855    0.3821
3893.6990   13.3475    0.0968
3893.8590   13.3603    0.1932
3893.4127   13.3490    0.1081
3893.4127   13.3719    0.2799
3893.4967   13.3546    0.1500
3894.1623   13.3605    0.1945
3894.0493   13.3862    0.3872
3894.2519   13.3624    0.2085
3894.6106   13.3157   -0.1413
3894.4745   13.3626    0.2102
3894.7149   13.3602    0.1922
3894.3649   13.3673    0.2455
3894.2830   13.3538    0.1442
3894.5001   13.3765    0.3144
3895.1294   13.3320   -0.0194
3894.9756   13.3290   -0.0419
3895.2494   13.3488    0.1068
3895.7089   13.3467    0.0913
3895.5386   13.3498    0.1145
3895.8405   13.3421    0.0568
3895.3904   13.3450    0.0780
3895.2655   13.3539    0.1450
3895.5506   13.3356    0.0075
3894.6592   13.3779    0.3252
3894.6055   13.3782    0.3271
3894.8374   13.3708    0.2716
3895.1637   13.3605    0.1945
3895.0875   13.3581    0.1762
3895.3534   13.3376    0.0228
3895.0362   13.3403    0.0428
3895.0103   13.3468    0.0921
3895.2536   13.3413    0.0503
3894.7380   13.3817    0.3532
3894.8438   13.3617    0.2038
3894.9939   13.3823    0.3583
3894.0493   13.3354    0.0062
3894.2519   13.3392    0.0345
3894.2830   13.3391    0.0338
3894.3649   13.3431    0.0636
3894.5001   13.3412    0.0495
3894.4745   13.3481    0.1015
3894.7149   13.3480    0.1006
3894.6055   13.3450    0.0783
3894.6592   13.3357    0.0088
3894.8374   13.3362    0.0125
3895.0103   13.3263   -0.0621
3895.0362   13.3392    0.0346
3895.2536   13.3103   -0.1819
3895.0875   13.3564    0.1637
3895.1637   13.3533    0.1402
3895.3534   13.3359    0.0098
3894.9756   13.3525    0.1344
3895.2494   13.3146   -0.1497
3895.2655   13.3147   -0.1493
3895.3904   13.3108   -0.1782
3895.5506   13.3278   -0.0505
3895.5386   13.3018   -0.2457
3895.8405   13.3038   -0.2304
3894.8438   13.3293   -0.0395
3894.7380   13.3367    0.0161
3894.9939   13.3381    0.0263
3893.9565   13.3355    0.0068
3893.8941   13.3455    0.0818
3893.8628   13.3559    0.1600
3894.0776   13.3292   -0.0406
3894.2213   13.3236   -0.0825
3893.8628   13.3582    0.1775
3893.8941   13.3487    0.1062
3893.9565   13.3661    0.2364
3894.0776   13.3489    0.1078
3894.2213   13.3585    0.1792
3894.3891   13.3533    0.1407
3894.5761   13.3604    0.1937
3894.3891   13.3773    0.3208
3894.5761   13.3661    0.2368
3894.7839   13.3384    0.0288
3894.1913   13.3333   -0.0097
3894.0152   13.3289   -0.0428
3894.1913   13.3570    0.1682
3896.3381   13.3284   -0.0463
3896.2159   13.3391    0.0342
3896.5418   13.3540    0.1457
3897.0050   13.3307   -0.0293
3896.8769   13.3368    0.0170
3897.2183   13.3664    0.2389
3896.7640   13.3583    0.1782
3896.6676   13.3600    0.1907
3897.0027   13.3677    0.2487
3897.6969   13.3678    0.2491
3897.5688   13.3808    0.3471
3897.9191   13.3465    0.0897
3898.4006   13.3938    0.4439
3898.2721   13.3479    0.1000
3898.6245   13.3388    0.0318
3898.1544   13.3567    0.1662
3898.0490   13.3779    0.3249
3898.4006   13.3285   -0.0456
3897.2591   13.3580    0.1755
3897.1846   13.3370    0.0183
3897.5270   13.3577    0.1739
3897.9545   13.3716    0.2781
3897.8744   13.3597    0.1885
3898.2238   13.3395    0.0374
3897.8074   13.3363    0.0127
3897.7542   13.3469    0.0922
3898.0976   13.3392    0.0346
3897.3470   13.3627    0.2106
3897.4506   13.3934    0.4416
3897.6968   13.3986    0.4802
3899.1027   13.3473    0.0954
3898.9917   13.3254   -0.0689
3899.3393   13.3361    0.0118
3899.7897   13.3399    0.0396
3899.6828   13.3281   -0.0486
3900.0190   13.3407    0.0457
3899.5828   13.3379    0.0252
3899.4909   13.3366    0.0150
3899.8309   13.3266   -0.0594
3900.4485   13.3620    0.2057
3900.3506   13.3740    0.2957
3900.6688   13.3752    0.3048
3901.0664   13.3786    0.3306
3900.9763   13.3749    0.3023
3901.2704   13.3586    0.1802
3900.8898   13.3671    0.2441
3900.8080   13.3426    0.0599
3901.1095   13.3555    0.1568
3900.0841   13.3222   -0.0931
3900.0078   13.3108   -0.1780
3900.3369   13.3244   -0.0764
3900.7293   13.3606    0.1950
3900.6571   13.3442    0.0721
3900.9654   13.3587    0.1808
3900.5900   13.3330   -0.0118
3900.5289   13.3405    0.0444
3900.8409   13.3462    0.0869
3900.1659   13.3204   -0.1059
3900.2550   13.3364    0.0134
3900.4926   13.3447    0.0757
3898.4073   13.3277   -0.0512
3898.3625   13.3495    0.1118
3898.7129   13.3524    0.1339
3899.1123   13.3468    0.0914
3899.0631   13.3327   -0.0140
3899.4099   13.3670    0.2432
3899.0237   13.3668    0.2418
3898.9945   13.3580    0.1759
3899.3366   13.3532    0.1397
3899.8042   13.3845    0.3741
3899.7556   13.3790    0.3334
3900.0916   13.3625    0.2095
3900.4689   13.3593    0.1856
3900.4201   13.3735    0.2922
3900.7383   13.3758    0.3093
3900.3776   13.3688    0.2566
3900.3419   13.4042    0.5222
3900.6596   13.3964    0.4637
3899.6530   13.3784    0.3284
3899.6348   13.3608    0.1971
3899.9654   13.3685    0.2545
3900.3122   13.3859    0.3850
3900.2903   13.3781    0.3265
3900.6063   13.3706    0.2706
3900.2752   13.3766    0.3154
3900.2674   13.3383    0.0283
3900.5794   13.3763    0.3130
3899.6778   13.3610    0.1983
3899.7122   13.3752    0.3045
3900.0139   13.3916    0.4279
3898.4538   13.3279   -0.0502
3898.5134   13.3270   -0.0571
3898.5853   13.3333   -0.0093
3898.8106   13.3495    0.1118
3899.1646   13.3316   -0.0224
3898.6709   13.3177   -0.1266
3898.7667   13.3209   -0.1024
3898.8740   13.3188   -0.1179
3899.1313   13.3254   -0.0684
3899.3937   13.3124   -0.1665
3899.5185   13.3682    0.2519
3899.8630   13.3602    0.1923
3899.6625   13.3170   -0.1314
3899.9312   13.3314   -0.0241
3900.2009   13.3459    0.0853
3899.2311   13.3272   -0.0553
3898.9476   13.3021   -0.2437
3899.3078   13.3092   -0.1903
3896.2159   13.3526    0.1351
3896.5418   13.3248   -0.0731
3896.6676   13.3065   -0.2107
3896.7640   13.2929   -0.3122
3897.0027   13.3130   -0.1617
3896.8769   13.3008   -0.2530
3897.2183   13.2849   -0.3728
3897.1846   13.3479    0.1003
3897.2591   13.3424    0.0588
3897.5270   13.3491    0.1090
3897.7542   13.3429    0.0622
3897.8074   13.3476    0.0974
3898.0976   13.3320   -0.0194
3897.8744   13.3474    0.0965
3897.9545   13.3535    0.1423
3898.2238   13.3205   -0.1051
3897.5688   13.2786   -0.4196
3897.9191   13.2907   -0.3288
3898.0490   13.3235   -0.0831
3898.1544   13.2940   -0.3044
3898.4006   13.3193   -0.1147
3898.2721   13.2797   -0.4118
3898.6245   13.2712   -0.4753
3897.4506   13.3062   -0.2126
3897.3470   13.3264   -0.0610
3897.6968   13.3468    0.0915
3898.3625   13.3233   -0.0845
3898.4073   13.3392    0.0350
3898.7129   13.3307   -0.0288
3898.9945   13.3577    0.1735
3899.0237   13.3639    0.2199
3899.3366   13.3735    0.2921
3899.0631   13.3668    0.2421
3899.1123   13.3841    0.3717
3899.4099   13.3982    0.4773
3899.6348   13.3594    0.1866
3899.6530   13.3498    0.1146
3899.9654   13.3678    0.2495
3900.2674   13.3496    0.1131
3900.2752   13.3453    0.0808
3900.5794   13.3488    0.1068
3900.2903   13.3733    0.2902
3900.3122   13.3657    0.2335
3900.6063   13.3715    0.2773
3899.7556   13.4049    0.5274
3899.8042   13.4261    0.6866
3900.0916   13.4066    0.5400
3900.3419   13.3781    0.3267
3900.3776   13.4073    0.5457
3900.6596   13.3701    0.2663
3900.4201   13.4000    0.4910
3900.4689   13.3954    0.4564
3900.7383   13.3733    0.2901
3899.7122   13.4104    0.5690
3899.6778   13.3780    0.3260
3900.0139   13.3711    0.2741
3898.9917   13.2832   -0.3855
3899.3393   13.3192   -0.1155
3899.4909   13.3336   -0.0070
3899.5828   13.3074   -0.2035
3899.8309   13.3634    0.2159
3899.6828   13.3264   -0.0614
3900.0190   13.3297   -0.0369
3900.0078   13.3719    0.2796
3900.0841   13.3645    0.2241
3900.3369   13.3655    0.2320
3900.5289   13.3862    0.3875
3900.5900   13.3666    0.2400
3900.8409   13.3626    0.2106
3900.6571   13.3567    0.1661
3900.7293   13.3710    0.2732
3900.9654   13.3777    0.3236
3900.3506   13.3326   -0.0149
3900.6688   13.3571    0.1688
3900.8080   13.3616    0.2029
3900.8898   13.3785    0.3293
3901.1095   13.3840    0.3709
3900.9763   13.3859    0.3847
3901.2704   13.3748    0.3020
3900.2550   13.3430    0.0631
3900.1659   13.3645    0.2242
3900.4926   13.3554    0.1565
3898.8740   13.2836   -0.3821
3898.7667   13.3126   -0.1644
3898.6709   13.3242   -0.0780
3899.1313   13.3031   -0.2361
3899.3937   13.3700    0.2657
3898.5853   13.3368    0.0164
3898.5134   13.3503    0.1179
3898.4538   13.3383    0.0282
3898.8106   13.3334   -0.0086
3899.1646   13.3671    0.2440
3899.6625   13.3799    0.3397
3899.9312   13.3842    0.3723
3899.5185   13.3931    0.4390
3899.8630   13.4040    0.5207
3900.2009   13.3996    0.4877
3899.3078   13.3730    0.2881
3898.9476   13.3548    0.1514
3899.2311   13.3611    0.1986
3896.0509   13.3230   -0.0869
3895.9070   13.3197   -0.1114
3895.7859   13.3249   -0.0725
3896.2807   13.3104   -0.1810
3896.5277   13.3278   -0.0504
3895.6870   13.3430    0.0633
3895.6130   13.3410    0.0484
3895.5631   13.3249   -0.0721
3895.5378   13.3331   -0.0113
3895.8928   13.3502    0.1171
3896.2390   13.3544    0.1484
3896.1898   13.3428    0.0617
3896.7939   13.3520    0.1306
3897.0716   13.3519    0.1303
3896.6043   13.3473    0.0958
3896.9781   13.3249   -0.0726
3896.9049   13.3331   -0.0110
3897.3628   13.3272   -0.0549
3897.6644   13.3224   -0.0912
3896.4107   13.3495    0.1123
3896.0403   13.3485    0.1043
3896.3141   13.3825    0.3594
3895.5378   13.3291   -0.0407
3895.5631   13.3158   -0.1410
3895.6130   13.3139   -0.1547
3895.6870   13.3271   -0.0562
3895.8928   13.3229   -0.0876
3896.1898   13.3320   -0.0192
3896.2390   13.3386    0.0304
3895.7859   13.3381    0.0262
3895.9070   13.3430    0.0630
3896.0509   13.3576    0.1726
3896.2807   13.3533    0.1404
3896.5277   13.3560    0.1608
3896.6043   13.3442    0.0724
3896.9049   13.3212   -0.1003
3896.9781   13.3217   -0.0965
3896.7939   13.3590    0.1835
3897.0716   13.3273   -0.0543
3897.3628   13.3207   -0.1038
3897.6644   13.3420    0.0560
3896.3141   13.3377    0.0237
3896.0403   13.3280   -0.0495
3896.4107   13.3416    0.0524
3897.9915   13.3335   -0.0082
3898.3098   13.3022   -0.2425
3897.9189   13.3452    0.0798
3898.2744   13.3229   -0.0872
3898.2567   13.3362    0.0120
3898.6343   13.3421    0.0565
3898.9613   13.3464    0.0890
3897.9189   13.3512    0.1244
3898.2567   13.3276   -0.0524
3898.2744   13.3118   -0.1708
3897.9915   13.3260   -0.0644
3898.3098   13.3326   -0.0146
3898.6343   13.3377    0.0234
3898.9613   13.3246   -0.0746
3899.2938   13.3603    0.1929
3899.6214   13.3284   -0.0463
3899.2938   13.3226   -0.0900
3899.6214   13.3371    0.0189
3899.9471   13.3525    0.1344
3898.9468   13.3355    0.0071
3898.5998   13.3382    0.0272
3898.9468   13.3217   -0.0966
3897.6082   13.3178   -0.1254
3897.2310   13.3063   -0.2117
3896.8645   13.3325   -0.0156
3897.5704   13.3340   -0.0042
3897.5514   13.3336   -0.0070
3896.5056   13.3477    0.0986
3896.1658   13.3224   -0.0909
3895.8419   13.3231   -0.0861
3896.1658   13.3164   -0.1364
3896.5056   13.3174   -0.1284
3897.5514   13.3293   -0.0397
3897.5704   13.3272   -0.0555
3896.8645   13.3349    0.0024
3897.2310   13.3235   -0.0827
3897.6082   13.3460    0.0855
3897.1916   13.3404    0.0436
3896.8416   13.2905   -0.3301
3896.8416   13.3143   -0.1517
3893.2408   13.3165   -0.1352
3893.2848   13.3270   -0.0565
3893.3528   13.3180   -0.1243
3893.2848   13.3604    0.1935
3893.3528   13.3534    0.1414
3893.4456   13.3055   -0.2180
3893.5608   13.2872   -0.3555
3893.6990   13.2645   -0.5254
3893.8590   13.2739   -0.4547
3893.6358   13.3133   -0.1593
3893.6041   13.3276   -0.0519
3893.7341   13.3189   -0.1176
3893.4456   13.3778    0.3244
3893.5608   13.3741    0.2965
3893.6041   13.3659    0.2347
3893.6358   13.3570    0.1679
3893.7341   13.3494    0.1112
3893.6990   13.3802    0.3420
3893.8590   13.4017    0.5035
3893.4127   13.3635    0.2173
3893.4127   13.3435    0.0671
3893.4967   13.3290   -0.0415
3894.0493   13.2854   -0.3684
3894.2519   13.2715   -0.4726
3894.4745   13.2245   -0.8252
3894.7149   13.2375   -0.7277
3894.3649   13.2550   -0.5964
3894.2830   13.2579   -0.5749
3894.5001   13.2705   -0.4806
3894.9756   13.2614   -0.5488
3895.2494   13.3214   -0.0984
3895.5386   13.3437    0.0685
3895.8405   13.3854    0.3810
3895.3904   13.3429    0.0622
3895.2655   13.2995   -0.2631
3895.5506   13.3708    0.2720
3894.6592   13.2776   -0.4273
3894.6055   13.2567   -0.5836
3894.8374   13.2579   -0.5746
3895.1637   13.2642   -0.5274
3895.0875   13.2525   -0.6151
3895.3534   13.2654   -0.5189
3895.0362   13.2573   -0.5793
3895.0103   13.2518   -0.6210
3895.2536   13.2468   -0.6584
3894.7380   13.2573   -0.5793
3894.8438   13.2423   -0.6923
3894.9939   13.2665   -0.5108
3894.0493   13.3747    0.3007
3894.2519   13.3305   -0.0301
3894.2830   13.3784    0.3286
3894.3649   13.3411    0.0487
3894.5001   13.3624    0.2085
3894.4745   13.3500    0.1155
3894.7149   13.3477    0.0983
3894.6055   13.3074   -0.2038
3894.6592   13.3340   -0.0044
3894.8374   13.2751   -0.4462
3895.0103   13.2559   -0.5901
3895.0362   13.2734   -0.4584
3895.2536   13.2550   -0.5968
3895.0875   13.2983   -0.2721
3895.1637   13.3066   -0.2097
3895.3534   13.3106   -0.1801
3894.9756   13.3214   -0.0988
3895.2494   13.3268   -0.0580
3895.2655   13.3157   -0.1417
3895.3904   13.3016   -0.2470
3895.5506   13.2829   -0.3873
3895.5386   13.3376    0.0229
3895.8405   13.3274   -0.0537
3894.8438   13.3672    0.2446
3894.7380   13.3164   -0.1360
3894.9939   13.3037   -0.2316
3893.9565   13.3884    0.4039
3893.8941   13.3627    0.2113
3893.8628   13.3487    0.1061
3894.0776   13.3700    0.2658
3894.2213   13.3665    0.2393
3893.8628   13.3080   -0.1992
3893.8941   13.2812   -0.3999
3893.9565   13.2686   -0.4950
3894.0776   13.2602   -0.5577
3894.2213   13.2605   -0.5552
3894.3891   13.3237   -0.0812
3894.5761   13.2777   -0.4262
3894.3891   13.2730   -0.4618
3894.5761   13.2755   -0.4427
3894.7839   13.2581   -0.5738
3894.1913   13.3006   -0.2548
3894.0152   13.3051   -0.2212
3894.1913   13.2775   -0.4278
3896.2159   13.3358    0.0089
3896.5418   13.3341   -0.0032
3896.8769   13.3287   -0.0443
3897.2183   13.3118   -0.1710
3896.7640   13.3225   -0.0903
3896.6676   13.3210   -0.1018
3897.0027   13.3054   -0.2187
3897.5688   13.3059   -0.2148
3897.9191   13.3270   -0.0570
3898.2721   13.3394    0.0363
3898.6245   13.3361    0.0113
3898.1544   13.3529    0.1377
3898.0490   13.3556    0.1577
3898.4006   13.3396    0.0376
3897.2591   13.3053   -0.2193
3897.1846   13.2870   -0.3570
3897.5270   13.3076   -0.2019
3897.9545   13.3513    0.1258
3897.8744   13.3400    0.0409
3898.2238   13.3723    0.2829
3897.8074   13.3219   -0.0952
3897.7542   13.3169   -0.1323
3898.0976   13.3542    0.1472
3897.3470   13.3268   -0.0582
3897.4506   13.3085   -0.1956
3897.6968   13.3192   -0.1149
3898.9917   13.3333   -0.0098
3899.3393   13.3424    0.0588
3899.6828   13.3413    0.0505
3900.0190   13.3540    0.1458
3899.5828   13.3683    0.2527
3899.4909   13.3798    0.3390
3899.8309   13.3926    0.4353
3900.3506   13.3438    0.0690
3900.6688   13.3393    0.0355
3900.9763   13.3431    0.0643
3901.2704   13.3555    0.1568
3900.8898   13.3586    0.1800
3900.8080   13.3637    0.2187
3901.1095   13.3594    0.1861
3900.0841   13.3614    0.2011
3900.0078   13.3522    0.1324
3900.3369   13.3422    0.0570
3900.7293   13.3623    0.2083
3900.6571   13.3536    0.1425
3900.9654   13.3498    0.1140
3900.5900   13.3408    0.0468
3900.5289   13.3478    0.0993
3900.8409   13.3462    0.0870
3900.1659   13.3579    0.1747
3900.2550   13.3621    0.2065
3900.4926   13.3709    0.2724
3898.4073   13.3780    0.3259
3898.3625   13.3623    0.2079
3898.7129   13.3689    0.2573
3899.1123   13.3477    0.0983
3899.0631   13.3793    0.3355
3899.4099   13.3700    0.2657
3899.0237   13.3806    0.3456
3898.9945   13.3670    0.2433
3899.3366   13.3731    0.2893
3899.8042   13.3424    0.0591
3899.7556   13.3631    0.2141
3900.0916   13.3579    0.1753
3900.4689   13.3559    0.1600
3900.4201   13.3619    0.2054
3900.7383   13.3684    0.2541
3900.3776   13.3802    0.3419
3900.3419   13.3862    0.3873
3900.6596   13.4030    0.5135
3899.6530   13.3719    0.2799
3899.6348   13.3587    0.1806
3899.9654   13.3736    0.2926
3900.3122   13.3949    0.4527
3900.2903   13.3824    0.3587
3900.6063   13.3781    0.3262
3900.2752   13.3625    0.2096
3900.2674   13.3581    0.1766
3900.5794   13.3668    0.2420
3899.6778   13.3764    0.3134
3899.7122   13.3720    0.2808
3900.0139   13.3752    0.3049
3898.4538   13.3895    0.4121
3898.5134   13.3891    0.4091
3898.5853   13.3718    0.2796
3898.8106   13.3853    0.3803
3899.1646   13.3446    0.0755
3898.6709   13.3483    0.1030
3898.7667   13.3519    0.1298
3898.8740   13.3356    0.0080
3899.1313   13.3622    0.2071
3899.3937   13.3645    0.2244
3899.5185   13.3177   -0.1267
3899.8630   13.3266   -0.0599
3899.6625   13.3473    0.0956
3899.9312   13.3385    0.0295
3900.2009   13.3398    0.0393
3899.2311   13.3569    0.1673
3898.9476   13.3669    0.2421
3899.3078   13.3779    0.3252
3896.2159   13.3370    0.0185
3896.5418   13.3511    0.1242
3896.6676   13.3221   -0.0932
3896.7640   13.3343   -0.0020
3897.0027   13.3300   -0.0339
3896.8769   13.3384    0.0288
3897.2183   13.3585    0.1798
3897.1846   13.3418    0.0545
3897.2591   13.3333   -0.0097
3897.5270   13.3305   -0.0302
3897.7542   13.3433    0.0653
3897.8074   13.3536    0.1430
3898.0976   13.3513    0.1254
3897.8744   13.3372    0.0197
3897.9545   13.3642    0.2221
3898.2238   13.3600    0.1911
3897.5688   13.3805    0.3444
3897.9191   13.3684    0.2536
3898.0490   13.3641    0.2218
3898.1544   13.3626    0.2105
3898.4006   13.3576    0.1730
3898.2721   13.3762    0.3121
3898.6245   13.3619    0.2049
3897.4506   13.3622    0.2070
3897.3470   13.3493    0.1109
3897.6968   13.3492    0.1097
3898.3625   13.3284   -0.0460
3898.4073   13.3393    0.0355
3898.7129   13.3334   -0.0090
3898.9945   13.3232   -0.0854
3899.0237   13.3309   -0.0276
3899.3366   13.3329   -0.0122
3899.0631   13.3375    0.0222
3899.1123   13.3569    0.1677
3899.4099   13.3559    0.1596
3899.6348   13.3314   -0.0236
3899.6530   13.3347    0.0009
3899.9654   13.3399    0.0402
3900.2674   13.3510    0.1229
3900.2752   13.3491    0.1092
3900.5794   13.3569    0.1674
3900.2903   13.3472    0.0949
3900.3122   13.3520    0.1308
3900.6063   13.3556    0.1574
3899.7556   13.3539    0.1450
3899.8042   13.3617    0.2036
3900.0916   13.3617    0.2033
3900.3419   13.3587    0.1811
3900.3776   13.3596    0.1878
3900.6596   13.3679    0.2501
3900.4201   13.3690    0.2581
3900.4689   13.3732    0.2901
3900.7383   13.3711    0.2737
3899.7122   13.3534    0.1413
3899.6778   13.3462    0.0873
3900.0139   13.3482    0.1025
3898.9917   13.3495    0.1121
3899.3393   13.3414    0.0515
3899.4909   13.3608    0.1968
3899.5828   13.3626    0.2104
3899.8309   13.3699    0.2652
3899.6828   13.3442    0.0724
3900.0190   13.3667    0.2408
3900.0078   13.3658    0.2345
3900.0841   13.3649    0.2276
3900.3369   13.3700    0.2657
3900.5289   13.3703    0.2681
3900.5900   13.3786    0.3304
3900.8409   13.3988    0.4821
3900.6571   13.3886    0.4052
3900.7293   13.3989    0.4828
3900.9654   13.4007    0.4960
3900.3506   13.3615    0.2023
3900.6688   13.3766    0.3155
3900.8080   13.3994    0.4864
3900.8898   13.4060    0.5358
3901.1095   13.3785    0.3297
3900.9763   13.3840    0.3705
3901.2704   13.3903    0.4179
3900.2550   13.3971    0.4690
3900.1659   13.3805    0.3444
3900.4926   13.4068    0.5419
3898.8740   13.3462    0.0876
3898.7667   13.3529    0.1373
3898.6709   13.3516    0.1277
3899.1313   13.3669    0.2422
3899.3937   13.3533    0.1405
3898.5853   13.3490    0.1084
3898.5134   13.3489    0.1071
3898.4538   13.3417    0.0537
3898.8106   13.3487    0.1059
3899.1646   13.3596    0.1880
3899.6625   13.3479    0.1003
3899.9312   13.3621    0.2068
3899.5185   13.3530    0.1386
3899.8630   13.3609    0.1978
3900.2009   13.3645    0.2241
3899.3078   13.3408    0.0465
3898.9476   13.3419    0.0548
3899.2311   13.3528    0.1367
3896.0509   13.3278   -0.0505
3895.9070   13.2846   -0.3747
3895.7859   13.3081   -0.1985
3896.2807   13.3153   -0.1448
3896.5277   13.3016   -0.2472
3895.6870   13.3120   -0.1692
3895.6130   13.2978   -0.2761
3895.5631   13.2553   -0.5946
3895.5378   13.2411   -0.7010
3895.8928   13.2751   -0.4459
3896.2390   13.2790   -0.4169
3896.1898   13.2735   -0.4577
3896.7939   13.2999   -0.2603
3897.0716   13.3167   -0.1337
3896.6043   13.2899   -0.3352
3896.9781   13.3112   -0.1750
3896.9049   13.3209   -0.1023
3897.3628   13.3167   -0.1339
3897.6644   13.3164   -0.1359
3896.4107   13.2888   -0.3434
3896.0403   13.3190   -0.1169
3896.3141   13.2789   -0.4174
3895.5378   13.2621   -0.5433
3895.5631   13.3180   -0.1245
3895.6130   13.3062   -0.2125
3895.6870   13.3329   -0.0122
3895.8928   13.3219   -0.0953
3896.1898   13.2982   -0.2724
3896.2390   13.3020   -0.2444
3895.7859   13.3563    0.1631
3895.9070   13.3475    0.0968
3896.0509   13.3721    0.2812
3896.2807   13.3324   -0.0164
3896.5277   13.3063   -0.2120
3896.6043   13.3034   -0.2334
3896.9049   13.3064   -0.2109
3896.9781   13.2919   -0.3203
3896.7939   13.2879   -0.3497
3897.0716   13.2920   -0.3191
3897.3628   13.3031   -0.2363
3897.6644   13.3109   -0.1774
3896.3141   13.3220   -0.0940
3896.0403   13.3101   -0.1832
3896.4107   13.3101   -0.1833
3897.9915   13.3377    0.0232
3898.3098   13.3277   -0.0517
3897.9189   13.3199   -0.1103
3898.2744   13.3341   -0.0032
3898.2567   13.3285   -0.0456
3898.6343   13.3279   -0.0503
3898.9613   13.3312   -0.0249
3897.9189   13.3324   -0.0160
3898.2567   13.3306   -0.0297
3898.2744   13.3465    0.0894
3897.9915   13.3514    0.1264
3898.3098   13.3572    0.1701
3898.6343   13.3563    0.1630
3898.9613   13.3429    0.0627
3899.2938   13.3317   -0.0212
3899.6214   13.3355    0.0070
3899.2938   13.3476    0.0975
3899.6214   13.3391    0.0340
3899.9471   13.3445    0.0748
3898.9468   13.3293   -0.0395
3898.5998   13.3368    0.0167
3898.9468   13.3408    0.0467
3897.6082   13.3314   -0.0237
3897.2310   13.3471    0.0940
3896.8645   13.3337   -0.0067
3897.5704   13.3431    0.0643
3897.5514   13.3404    0.0436
3896.5056   13.2883   -0.3469
3896.1658   13.2844   -0.3759
3895.8419   13.2586   -0.5699
3896.1658   13.3023   -0.2421
3896.5056   13.3069   -0.2076
3897.5514   13.3277   -0.0517
3897.5704   13.3452    0.0799
3896.8645   13.3161   -0.1382
3897.2310   13.3244   -0.0762
3897.6082   13.3332   -0.0106
3897.1916   13.3282   -0.0477
3896.8416   13.3192   -0.1150
3896.8416   13.3189   -0.1176
3901.5808   13.3494    0.1114
3901.5013   13.3471    0.0936
3901.4250   13.3460    0.0856
3901.3524   13.3471    0.0943
3901.7236   13.3422    0.0571
3902.0022   13.3358    0.0092
3901.9352   13.3420    0.0555
3901.2836   13.3404    0.0440
3901.2194   13.3333   -0.0092
3901.1599   13.3331   -0.0111
3901.1053   13.3351    0.0037
3901.4648   13.3440    0.0704
3901.7527   13.3487    0.1061
3901.6994   13.3486    0.1054
3902.1376   13.3343   -0.0023
3902.3798   13.3317   -0.0216
3902.3260   13.3415    0.0522
3902.0244   13.3494    0.1113
3902.2737   13.3463    0.0882
3902.2233   13.3427    0.0610
3902.5017   13.3492    0.1097
3902.7062   13.3583    0.1780
3902.6633   13.3574    0.1711
3901.8721   13.3428    0.0621
3901.5865   13.3479    0.0997
3901.8112   13.3482    0.1024
3901.0559   13.3353    0.0055
3901.0124   13.3292   -0.0404
3900.9745   13.3319   -0.0201
3900.9425   13.3276   -0.0523
3901.2777   13.3291   -0.0407
3901.5662   13.3176   -0.1269
3901.5319   13.3407    0.0464
3900.9168   13.3318   -0.0206
3900.8972   13.3278   -0.0507
3900.8839   13.3157   -0.1418
3900.8769   13.2980   -0.2740
3901.1786   13.3191   -0.1157
3901.4608   13.3387    0.0313
3901.4481   13.3389    0.0329
3901.7765   13.3681    0.2511
3902.0304   13.3455    0.0822
3902.0057   13.3603    0.1927
3901.7316   13.3653    0.2306
3901.9846   13.3653    0.2308
3901.9670   13.3354    0.0065
3902.2211   13.3629    0.2121
3902.4389   13.3422    0.0576
3902.4208   13.3618    0.2044
3901.5040   13.3667    0.2411
3901.2165   13.3337   -0.0066
3901.4803   13.3562    0.1623
3902.8163   13.3598    0.1895
3902.9752   13.3547    0.1506
3902.9476   13.3500    0.1158
3902.7546   13.3302   -0.0328
3902.9205   13.3326   -0.0146
3902.8941   13.3306   -0.0298
3903.0633   13.3485    0.1043
3903.1816   13.3466    0.0901
3903.1625   13.3417    0.0533
3902.6967   13.3227   -0.0886
3902.8685   13.3181   -0.1235
3902.8439   13.3207   -0.1039
3902.6438   13.3359    0.0104
3902.8203   13.3321   -0.0183
3902.7980   13.3350    0.0033
3902.9752   13.3143   -0.1517
3903.1069   13.3032   -0.2349
3903.0895   13.3104   -0.1811
3903.2456   13.3346    0.0002
3903.3215   13.3366    0.0150
3903.3107   13.3289   -0.0422
3903.2158   13.3124   -0.1664
3903.2994   13.3182   -0.1225
3903.2879   13.3046   -0.2247
3903.3584   13.3233   -0.0844
3903.3921   13.3295   -0.0383
3903.3884   13.3203   -0.1072
3903.1440   13.3296   -0.0372
3903.0179   13.3271   -0.0557
3903.1255   13.3182   -0.1231
3902.6276   13.3456    0.0824
3902.4152   13.3450    0.0780
3902.1812   13.3378    0.0243
3902.5928   13.3429    0.0624
3902.5592   13.3275   -0.0533
3901.9245   13.3409    0.0479
3901.6513   13.3426    0.0604
3901.3608   13.3358    0.0095
3901.6068   13.3200   -0.1091
3901.8411   13.3479    0.0996
3902.5268   13.3048   -0.2229
3902.4959   13.3138   -0.1555
3902.0651   13.3619    0.2051
3902.2730   13.3347    0.0011
3902.4665   13.3385    0.0292
3902.3408   13.3306   -0.0295
3902.1394   13.3434    0.0661
3902.1007   13.3435    0.0667
3900.8769   13.2749   -0.4475
3900.8839   13.2705   -0.4805
3900.8972   13.2672   -0.5055
3900.9168   13.2622   -0.5430
3901.1786   13.2657   -0.5164
3901.4481   13.2734   -0.4586
3901.4608   13.2582   -0.5724
3900.9425   13.2531   -0.6113
3900.9745   13.2582   -0.5725
3901.0124   13.2986   -0.2700
3901.0559   13.3029   -0.2376
3901.2777   13.2572   -0.5798
3901.5319   13.2547   -0.5986
3901.5662   13.2551   -0.5959
3901.7316   13.2694   -0.4887
3901.9670   13.2913   -0.3246
3901.9846   13.2844   -0.3763
3901.7765   13.2665   -0.5102
3902.0057   13.2788   -0.4184
3902.0304   13.2609   -0.5526
3902.2211   13.2870   -0.3566
3902.4208   13.3025   -0.2406
3902.4389   13.2954   -0.2940
3901.4803   13.2457   -0.6665
3901.2165   13.2485   -0.6455
3901.5040   13.2488   -0.6428
3901.1053   13.3213   -0.0993
3901.1599   13.3363    0.0128
3901.2194   13.3165   -0.1353
3901.2836   13.3350    0.0033
3901.4648   13.3268   -0.0582
3901.6994   13.3103   -0.1823
3901.7527   13.3087   -0.1939
3901.3524   13.3142   -0.1526
3901.4250   13.2912   -0.3254
3901.5013   13.3013   -0.2498
3901.5808   13.3000   -0.2589
3901.7236   13.2983   -0.2719
3901.9352   13.3273   -0.0542
3902.0022   13.3064   -0.2115
3902.0244   13.2921   -0.3187
3902.2233   13.2947   -0.2986
3902.2737   13.3085   -0.1952
3902.1376   13.3115   -0.1729
3902.3260   13.3060   -0.2144
3902.3798   13.3166   -0.1344
3902.5017   13.3129   -0.1626
3902.6633   13.3113   -0.1747
3902.7062   13.3263   -0.0620
3901.8112   13.3176   -0.1270
3901.5865   13.3317   -0.0216
3901.8721   13.3267   -0.0591
3902.6438   13.2932   -0.3099
3902.7980   13.3058   -0.2158
3902.8203   13.3018   -0.2454
3902.6967   13.3061   -0.2137
3902.8439   13.3067   -0.2089
3902.8685   13.3108   -0.1779
3902.9752   13.3168   -0.1333
3903.0895   13.3254   -0.0689
3903.1069   13.3239   -0.0802
3902.7546   13.3237   -0.0815
3902.8941   13.3133   -0.1598
3902.9205   13.3220   -0.0944
3902.8163   13.3108   -0.1785
3902.9476   13.3264   -0.0615
3902.9752   13.3283   -0.0470
3903.0633   13.3241   -0.0787
3903.1625   13.3301   -0.0336
3903.1816   13.3265   -0.0601
3903.2158   13.3277   -0.0514
3903.2879   13.3280   -0.0495
3903.2994   13.3306   -0.0296
3903.2456   13.3412    0.0495
3903.3107   13.3541    0.1462
3903.3215   13.3675    0.2472
3903.3584   13.3568    0.1671
3903.3884   13.3581    0.1763
3903.3921   13.3601    0.1918
3903.1255   13.3248   -0.0733
3903.0179   13.3166   -0.1351
3903.1440   13.3232   -0.0854
3902.4665   13.2812   -0.4002
3902.2730   13.2731   -0.4613
3902.0651   13.2480   -0.6490
3902.4959   13.2899   -0.3351
3902.5268   13.3135   -0.1583
3901.8411   13.2598   -0.5606
3901.6068   13.2882   -0.3478
3901.3608   13.3055   -0.2180
3901.6513   13.3063   -0.2123
3901.9245   13.3166   -0.1345
3902.5592   13.3353    0.0056
3902.5928   13.3045   -0.2254
3902.1812   13.2913   -0.3245
3902.4152   13.2937   -0.3061
3902.6276   13.2863   -0.3619
3902.3408   13.3087   -0.1940
3902.1007   13.2679   -0.4998
3902.1394   13.2984   -0.2714
3903.4010   13.3183   -0.1221
3903.3921   13.3219   -0.0952
3903.3921   13.3169   -0.1327
3903.4010   13.3174   -0.1285
3903.3921   13.3188   -0.1185
3903.3921   13.3220   -0.0945
3903.3655   13.3176   -0.1272
3903.3215   13.3142   -0.1524
3903.3215   13.3180   -0.1246
3903.4010   13.3042   -0.2274
3903.3921   13.3125   -0.1655
3903.3921   13.3229   -0.0873
3903.4010   13.3142   -0.1529
3903.3921   13.3145   -0.1508
3903.3921   13.3169   -0.1328
3903.3655   13.3154   -0.1434
3903.3214   13.3198   -0.1107
3903.3214   13.3230   -0.0868
3903.2594   13.3191   -0.1160
3903.1816   13.3212   -0.1000
3903.1810   13.3215   -0.0980
3903.2593   13.3207   -0.1042
3903.1809   13.3254   -0.0688
3903.1814   13.3247   -0.0740
3903.0859   13.3298   -0.0356
3902.9752   13.3222   -0.0926
3902.9750   13.3331   -0.0108
3903.3211   13.3171   -0.1307
3903.3655   13.3213   -0.0996
3903.3211   13.3184   -0.1215
3903.4010   13.3165   -0.1358
3903.3921   13.3171   -0.1306
3903.3921   13.3327   -0.0140
3903.4010   13.3207   -0.1041
3903.3921   13.3460    0.0857
3903.3921   13.3319   -0.0200
3903.3655   13.3610    0.1979
3903.3214   13.3374    0.0209
3903.3214   13.3397    0.0387
3903.4010   13.3266   -0.0600
3903.3921   13.3267   -0.0591
3903.3921   13.3387    0.0311
3903.4010   13.3467    0.0907
3903.3921   13.3430    0.0631
3903.3921   13.3405    0.0447
3903.3655   13.3441    0.0718
3903.3215   13.3359    0.0099
3903.3215   13.3454    0.0809
3903.2593   13.3318   -0.0206
3903.1814   13.3394    0.0363
3903.1809   13.3219   -0.0952
3903.2594   13.3363    0.0129
3903.1810   13.3298   -0.0358
3903.1816   13.3376    0.0229
3903.0859   13.3256   -0.0672
3902.9750   13.3196   -0.1122
3902.9752   13.3281   -0.0487
3903.3211   13.3247   -0.0743
3903.3655   13.3274   -0.0535
3903.3211   13.3351    0.0042
3902.8419   13.3324   -0.0164
3902.7062   13.3436    0.0681
3902.7000   13.3342   -0.0025
3902.8345   13.3619    0.2049
3902.6959   13.3577    0.1731
3902.6938   13.3628    0.2118
3902.5438   13.3367    0.0157
3902.3798   13.3547    0.1511
3902.3748   13.3489    0.1075
3902.8345   13.3239   -0.0797
3902.6938   13.3521    0.1311
3902.6959   13.3329   -0.0127
3902.8419   13.3332   -0.0100
3902.7000   13.3411    0.0491
3902.7062   13.3354    0.0060
3902.5438   13.3470    0.0931
3902.3748   13.3399    0.0403
3902.3798   13.3371    0.0190
3902.1910   13.3448    0.0767
3902.0022   13.3388    0.0316
3901.9979   13.3417    0.0536
3902.1910   13.3385    0.0297
3901.9979   13.3398    0.0390
3902.0022   13.3346   -0.0000
3901.7939   13.3407    0.0460
3901.5808   13.3425    0.0596
3901.5808   13.3405    0.0447
3902.3711   13.3453    0.0806
3902.5392   13.3546    0.1505
3902.3711   13.3414    0.0513
3902.9702   13.3332   -0.0100
3903.0830   13.3326   -0.0148
3903.1791   13.3366    0.0154
3902.9670   13.3479    0.1003
3902.9654   13.3427    0.0609
3903.2592   13.3280   -0.0495
3903.3210   13.3177   -0.1268
3903.3655   13.3154   -0.1439
3903.3210   13.3229   -0.0876
3903.2592   13.3263   -0.0618
3902.9654   13.3320   -0.0195
3902.9670   13.3148   -0.1479
3903.1791   13.3197   -0.1115
3903.0830   13.3284   -0.0464
3902.9702   13.3378    0.0242
3903.0802   13.3308   -0.0281
3903.1785   13.3294   -0.0387
3903.1785   13.3251   -0.0711
3903.3884   13.3160   -0.1389
3903.3505   13.2989   -0.2672
3903.2879   13.2988   -0.2681
3903.3884   13.3113   -0.1747
3903.3884   13.3100   -0.1839
3903.1997   13.3043   -0.2271
3903.0885   13.3177   -0.1261
3902.9540   13.3287   -0.0443
3902.7976   13.3329   -0.0126
3903.0884   13.3086   -0.1948
3903.1995   13.2961   -0.2888
3903.0890   13.3087   -0.1940
3903.3884   13.2992   -0.2651
3903.3884   13.3050   -0.2221
3903.2877   13.2985   -0.2702
3903.3504   13.3207   -0.1042
3903.2877   13.3348    0.0015
3903.3884   13.3202   -0.1074
3903.3884   13.3123   -0.1670
3903.3505   13.2962   -0.2877
3903.2873   13.2964   -0.2864
3903.2873   13.2922   -0.3176
3902.6104   13.3450    0.0780
3902.4119   13.3633    0.2152
3902.1942   13.3462    0.0875
3901.9598   13.3315   -0.0230
3902.4059   13.3327   -0.0143
3902.5997   13.3398    0.0394
3902.4029   13.3307   -0.0287
3901.7064   13.3510    0.1235
3901.4420   13.3431    0.0640
3901.1644   13.3041   -0.2285
3901.4420   13.3029   -0.2372
3901.7064   13.2857   -0.3663
3902.4029   13.3438    0.0694
3902.5997   13.3533    0.1403
3902.4059   13.3608    0.1968
3901.9598   13.3029   -0.2376
3902.1942   13.3108   -0.1779
3902.4119   13.3336   -0.0075
3902.6104   13.3473    0.0958
3902.1875   13.3371    0.0191
3901.9544   13.3445    0.0741
3901.9544   13.3448    0.0767
3903.3884   13.3121   -0.1683
3903.3884   13.3141   -0.1537
3903.2877   13.2988   -0.2680
3903.3504   13.3027   -0.2393
3903.2877   13.3157   -0.1416
3903.3884   13.3150   -0.1471
3903.3884   13.3154   -0.1441
3903.0890   13.3488    0.1065
3903.1995   13.3363    0.0131
3903.0884   13.3505    0.1194
3902.7976   13.3431    0.0638
3902.9540   13.3340   -0.0040
3903.0885   13.3308   -0.0285
3903.1997   13.3519    0.1298
3903.3884   13.3247   -0.0740
3903.3884   13.3293   -0.0393
3903.2879   13.3449    0.0771
3903.3505   13.3219   -0.0952
3903.3884   13.3261   -0.0638
3903.3505   13.3159   -0.1399
3903.2873   13.3219   -0.0953
3903.2873   13.3332   -0.0102
3903.3504   13.3145   -0.1502
3903.2871   13.3196   -0.1123
3903.1993   13.3319   -0.0202
3903.2871   13.3162   -0.1374
3903.1993   13.3126   -0.1644
3903.0856   13.3413    0.0504
3902.9497   13.3370    0.0179
3902.7907   13.3359    0.0101
3902.7860   13.3487    0.1057
3902.7836   13.3456    0.0830
3903.0856   13.3202   -0.1075
3902.9497   13.3449    0.0776
3902.7836   13.3377    0.0237
3902.7860   13.3469    0.0923
3902.7907   13.3608    0.1965
3903.0847   13.3297   -0.0367
3903.0847   13.3381    0.0268
3902.9456   13.3438    0.0689
3901.5808   13.3430    0.0636
3901.5013   13.3365    0.0142
3902.0022   13.3118   -0.1711
3901.7236   13.3376    0.0230
3901.9352   13.3206   -0.1045
3901.4250   13.3326   -0.0151
3901.3524   13.3184   -0.1213
3902.3798   13.2954   -0.2935
3902.1376   13.3058   -0.2158
3902.3260   13.3056   -0.2172
3902.7062   13.3204   -0.1063
3902.5017   13.3005   -0.2556
3902.6633   13.2956   -0.2921
3902.2737   13.2880   -0.3494
3902.0244   13.2794   -0.4137
3902.2233   13.2697   -0.4865
3901.2836   13.3096   -0.1870
3901.2194   13.3012   -0.2505
3901.7527   13.2781   -0.4235
3901.4648   13.2837   -0.3814
3901.6994   13.2779   -0.4252
3901.1599   13.2854   -0.3686
3901.1053   13.2691   -0.4909
3901.5865   13.3057   -0.2163
3901.8721   13.3123   -0.1668
3901.8112   13.2924   -0.3160
3902.9752   13.3137   -0.1563
3902.8163   13.2899   -0.3349
3902.9476   13.2825   -0.3905
3903.1816   13.2862   -0.3630
3903.0633   13.2751   -0.4461
3903.1625   13.2799   -0.4102
3902.9205   13.2644   -0.5266
3902.7546   13.2564   -0.5864
3902.8941   13.2554   -0.5940
3903.3215   13.2851   -0.3712
3903.2456   13.2819   -0.3951
3903.3107   13.2814   -0.3988
3903.3921   13.2956   -0.2920
3903.3584   13.2854   -0.3690
3903.3884   13.2926   -0.3144
3903.2994   13.2831   -0.3862
3903.2158   13.2811   -0.4006
3903.2879   13.2860   -0.3641
3902.8685   13.2753   -0.4443
3902.6967   13.2754   -0.4435
3902.8439   13.2872   -0.3555
3903.1069   13.2846   -0.3748
3902.9752   13.2934   -0.3084
3903.0895   13.3016   -0.2475
3902.8203   13.2949   -0.2972
3902.6438   13.3177   -0.1263
3902.7980   13.3155   -0.1427
3903.0179   13.2613   -0.5497
3903.1440   13.2818   -0.3959
3903.1255   13.2733   -0.4594
3901.0559   13.2803   -0.4072
3901.0124   13.2964   -0.2862
3901.5662   13.2965   -0.2856
3901.2777   13.2992   -0.2652
3901.5319   13.3054   -0.2187
3900.9745   13.3077   -0.2012
3900.9425   13.3236   -0.0824
3902.0304   13.3108   -0.1779
3901.7765   13.3227   -0.0893
3902.0057   13.3393    0.0358
3902.4389   13.3432    0.0644
3902.2211   13.3368    0.0168
3902.4208   13.3549    0.1525
3901.9846   13.3496    0.1124
3901.7316   13.3608    0.1968
3901.9670   13.3488    0.1067
3900.9168   13.3622    0.2073
3900.8972   13.3918    0.4290
3901.4608   13.3823    0.3577
3901.1786   13.3975    0.4720
3901.4481   13.3886    0.4055
3900.8839   13.4142    0.5968
3900.8769   13.3902    0.4170
3901.2165   13.3464    0.0890
3901.5040   13.3500    0.1158
3901.4803   13.3676    0.2474
3901.3608   13.2733   -0.4597
3901.6513   13.2803   -0.4067
3901.9245   13.2674   -0.5037
3901.6068   13.2739   -0.4550
3901.8411   13.2857   -0.3665
3902.1812   13.2545   -0.6002
3902.4152   13.2662   -0.5124
3902.6276   13.2670   -0.5068
3902.5928   13.2589   -0.5672
3902.5592   13.2471   -0.6561
3902.0651   13.2925   -0.3157
3902.2730   13.3029   -0.2375
3902.5268   13.2560   -0.5888
3902.4959   13.2722   -0.4675
3902.4665   13.3107   -0.1789
3902.1007   13.2727   -0.4640
3902.1394   13.2530   -0.6114
3902.3408   13.2512   -0.6254
3903.3921   13.3007   -0.2542
3903.4010   13.3064   -0.2114
3903.3921   13.3120   -0.1689
3903.3215   13.3096   -0.1875
3903.3655   13.3171   -0.1307
3903.3215   13.3189   -0.1174
3903.3921   13.3277   -0.0515
3903.4010   13.3355    0.0073
3903.3921   13.3330   -0.0119
3903.1816   13.3163   -0.1368
3903.2594   13.3177   -0.1264
3903.1810   13.3174   -0.1290
3902.9752   13.3206   -0.1049
3903.0859   13.3168   -0.1334
3902.9750   13.3154   -0.1437
3903.1809   13.3175   -0.1279
3903.2593   13.3160   -0.1395
3903.1814   13.3070   -0.2068
3903.3921   13.3307   -0.0289
3903.4010   13.3413    0.0501
3903.3921   13.3260   -0.0641
3903.3214   13.3142   -0.1526
3903.3655   13.3171   -0.1310
3903.3214   13.3130   -0.1614
3903.3921   13.3206   -0.1047
3903.4010   13.3277   -0.0512
3903.3921   13.3204   -0.1063
3903.3655   13.3277   -0.0516
3903.3211   13.3211   -0.1010
3903.3211   13.3213   -0.0995
3902.7062   13.3171   -0.1307
3902.8419   13.3115   -0.1727
3902.7000   13.3103   -0.1817
3902.3798   13.3246   -0.0744
3902.5438   13.3186   -0.1199
3902.3748   13.3237   -0.0813
3902.6959   13.3111   -0.1762
3902.8345   13.3056   -0.2170
3902.6938   13.3141   -0.1533
3902.0022   13.3058   -0.2157
3902.1910   13.3196   -0.1120
3901.9979   13.3187   -0.1191
3901.5808   13.3090   -0.1917
3901.7939   13.3155   -0.1430
3901.5808   13.3111   -0.1756
3901.9979   13.3351    0.0039
3902.1910   13.3464    0.0887
3902.0022   13.3508    0.1215
3902.6938   13.3218   -0.0960
3902.8345   13.3163   -0.1373
3902.6959   13.3269   -0.0573
3902.3748   13.3525    0.1345
3902.5438   13.3500    0.1156
3902.3798   13.3815    0.3522
3902.7000   13.3430    0.0633
3902.8419   13.3334   -0.0088
3902.7062   13.3454    0.0810
3902.5392   13.3288   -0.0433
3902.3711   13.3306   -0.0299
3902.3711   13.3372    0.0198
3903.3921   13.3093   -0.1894
3903.4010   13.3175   -0.1283
3903.3921   13.3089   -0.1922
3903.3214   13.3071   -0.2057
3903.3655   13.3031   -0.2362
3903.3214   13.3071   -0.2059
3903.3921   13.3157   -0.1413
3903.4010   13.3182   -0.1224
3903.3921   13.3144   -0.1509
3903.1814   13.3111   -0.1757
3903.2593   13.3146   -0.1496
3903.1809   13.3158   -0.1409
3902.9750   13.3211   -0.1013
3903.0859   13.3100   -0.1842
3902.9752   13.3107   -0.1790
3903.1810   13.3141   -0.1537
3903.2594   13.3094   -0.1884
3903.1816   13.3041   -0.2288
3903.3921   13.3017   -0.2462
3903.4010   13.3069   -0.2078
3903.3921   13.3070   -0.2064
3903.3215   13.3315   -0.0229
3903.3655   13.3373    0.0201
3903.3215   13.3493    0.1105
3903.3921   13.3362    0.0125
3903.4010   13.3536    0.1427
3903.3921   13.3356    0.0081
3903.3655   13.3276   -0.0526
3903.3211   13.3087   -0.1941
3903.3211   13.3265   -0.0606
3903.3655   13.3079   -0.1997
3903.3210   13.3121   -0.1687
3903.2592   13.3086   -0.1950
3903.3210   13.3078   -0.2006
3903.2592   13.3074   -0.2038
3903.1791   13.3001   -0.2581
3903.0830   13.2976   -0.2772
3902.9702   13.3018   -0.2459
3902.9670   13.2959   -0.2898
3902.9654   13.3042   -0.2275
3903.1791   13.3041   -0.2287
3903.0830   13.3073   -0.2043
3902.9654   13.3069   -0.2078
3902.9670   13.3095   -0.1884
3902.9702   13.3177   -0.1263
3903.1785   13.3066   -0.2096
3903.1785   13.3027   -0.2389
3903.0802   13.3020   -0.2445
3900.8769   13.3615    0.2017
3900.8839   13.3589    0.1824
3901.4481   13.3627    0.2111
3901.1786   13.3548    0.1518
3901.4608   13.3407    0.0456
3900.8972   13.3554    0.1561
3900.9168   13.3330   -0.0120
3901.9670   13.3493    0.1104
3901.7316   13.3493    0.1106
3901.9846   13.3454    0.0813
3902.4208   13.3259   -0.0653
3902.2211   13.3361    0.0113
3902.4389   13.3292   -0.0405
3902.0057   13.3392    0.0347
3901.7765   13.3415    0.0522
3902.0304   13.3303   -0.0318
3900.9425   13.3125   -0.1656
3900.9745   13.3268   -0.0581
3901.5319   13.3310   -0.0268
3901.2777   13.3269   -0.0578
3901.5662   13.3260   -0.0642
3901.0124   13.3393    0.0355
3901.0559   13.3610    0.1982
3901.2165   13.3327   -0.0138
3901.4803   13.3350    0.0036
3901.5040   13.3335   -0.0077
3902.7980   13.3372    0.0194
3902.6438   13.3153   -0.1445
3902.8203   13.3336   -0.0076
3903.0895   13.3113   -0.1743
3902.9752   13.3253   -0.0694
3903.1069   13.3219   -0.0951
3902.8439   13.3257   -0.0665
3902.6967   13.3149   -0.1477
3902.8685   13.3177   -0.1262
3903.2879   13.3364    0.0139
3903.2158   13.3358    0.0090
3903.2994   13.3315   -0.0226
3903.3884   13.3385    0.0294
3903.3584   13.3267   -0.0587
3903.3921   13.3219   -0.0947
3903.3107   13.3331   -0.0107
3903.2456   13.3351    0.0039
3903.3215   13.3405    0.0446
3902.8941   13.3254   -0.0690
3902.7546   13.3481    0.1016
3902.9205   13.3532    0.1395
3903.1625   13.3442    0.0722
3903.0633   13.3414    0.0509
3903.1816   13.3592    0.1849
3902.9476   13.3430    0.0635
3902.8163   13.3379    0.0253
3902.9752   13.3300   -0.0343
3903.0179   13.3332   -0.0102
3903.1255   13.3516    0.1274
3903.1440   13.3471    0.0940
3901.1053   13.3467    0.0913
3901.1599   13.3111   -0.1763
3901.6994   13.3255   -0.0682
3901.4648   13.3268   -0.0580
3901.7527   13.3351    0.0041
3901.2194   13.3452    0.0800
3901.2836   13.3789    0.3323
3902.2233   13.2994   -0.2639
3902.0244   13.3294   -0.0390
3902.2737   13.3362    0.0125
3902.6633   13.3200   -0.1091
3902.5017   13.3394    0.0362
3902.7062   13.3179   -0.1249
3902.3260   13.3184   -0.1211
3902.1376   13.3380    0.0260
3902.3798   13.3460    0.0856
3901.3524   13.3557    0.1582
3901.4250   13.3479    0.1001
3901.9352   13.3502    0.1175
3901.7236   13.3592    0.1849
3902.0022   13.3675    0.2469
3901.5013   13.3512    0.1246
3901.5808   13.3631    0.2142
3901.5865   13.3340   -0.0040
3901.8112   13.3320   -0.0196
3901.8721   13.3290   -0.0415
3901.3608   13.3366    0.0149
3901.6068   13.3384    0.0290
3901.8411   13.3266   -0.0595
3901.6513   13.3281   -0.0486
3901.9245   13.3309   -0.0278
3902.0651   13.3316   -0.0219
3902.2730   13.3326   -0.0150
3902.4665   13.3165   -0.1352
3902.4959   13.3086   -0.1948
3902.5268   13.3425    0.0592
3902.1812   13.3275   -0.0532
3902.4152   13.3160   -0.1392
3902.5592   13.3406    0.0450
3902.5928   13.3303   -0.0324
3902.6276   13.3239   -0.0797
3902.1394   13.3292   -0.0399
3902.1007   13.3275   -0.0527
3902.3408   13.3335   -0.0078
3901.1644   13.3939    0.4450
3901.4420   13.3981    0.4766
3901.7064   13.3938    0.4441
3901.4420   13.3835    0.3672
3901.7064   13.3723    0.2830
3901.9598   13.3638    0.2192
3902.1942   13.3437    0.0684
3902.4119   13.3476    0.0981
3902.6104   13.3649    0.2272
3902.4059   13.3643    0.2230
3902.4029   13.3668    0.2417
3902.5997   13.3571    0.1693
3901.9598   13.3523    0.1326
3902.1942   13.3430    0.0634
3902.4029   13.3481    0.1014
3902.4059   13.3420    0.0555
3902.5997   13.3403    0.0428
3902.4119   13.3349    0.0024
3902.6104   13.3326   -0.0145
3901.9544   13.3743    0.2983
3901.9544   13.3840    0.3709
3902.1875   13.3647    0.2257
3902.7976   13.3530    0.1381
3902.9540   13.3196   -0.1119
3903.0885   13.3106   -0.1799
3903.1997   13.3093   -0.1897
3903.0884   13.3345   -0.0004
3903.0890   13.3451    0.0790
3903.1995   13.3363    0.0132
3903.2879   13.2920   -0.3190
3903.3505   13.2990   -0.2668
3903.3884   13.3112   -0.1752
3903.3884   13.3210   -0.1014
3903.3884   13.3269   -0.0572
3903.2877   13.3548    0.1519
3903.2877   13.3572    0.1698
3903.3504   13.3605    0.1941
3903.3884   13.3490    0.1083
3903.3884   13.3493    0.1105
3903.3884   13.3439    0.0703
3903.3884   13.3396    0.0376
3903.2873   13.3413    0.0503
3903.2873   13.3196   -0.1123
3903.3505   13.3376    0.0227
3902.7976   13.3298   -0.0355
3902.9540   13.3174   -0.1288
3903.0890   13.3262   -0.0626
3903.0884   13.3059   -0.2150
3903.1995   13.3226   -0.0898
3903.0885   13.2988   -0.2686
3903.1997   13.3081   -0.1987
3903.2877   13.3513    0.1255
3903.2877   13.3274   -0.0535
3903.3504   13.3410    0.0484
3903.3884   13.3333   -0.0095
3903.3884   13.3401    0.0414
3903.3884   13.3265   -0.0602
3903.3884   13.3125   -0.1655
3903.2879   13.3353    0.0054
3903.3505   13.3463    0.0882
3903.3884   13.3188   -0.1185
3903.3884   13.3416    0.0528
3903.3884   13.3615    0.2023
3903.2873   13.3257   -0.0664
3903.2873   13.3166   -0.1349
3903.3505   13.3192   -0.1153
3902.7907   13.2964   -0.2864
3902.7860   13.3367    0.0157
3902.7836   13.3491    0.1090
3902.9497   13.3321   -0.0188
3903.0856   13.3039   -0.2297
3902.7836   13.3458    0.0840
3902.7860   13.3563    0.1627
3902.7907   13.3612    0.1999
3902.9497   13.3569    0.1677
3903.0856   13.3594    0.1859
3903.1993   13.3544    0.1488
3903.2871   13.3699    0.2652
3903.1993   13.3652    0.2297
3903.2871   13.3794    0.3363
3903.3504   13.3593    0.1858
3903.0847   13.3413    0.0503
3902.9456   13.3324   -0.0162
3903.0847   13.3580    0.1760
3901.7939   13.3432    0.0644
3901.9979   13.3360    0.0106
3902.1910   13.3301   -0.0333
3901.9979   13.3251   -0.0710
3902.1910   13.3041   -0.2284
3902.3748   13.3279   -0.0504
3902.5438   13.3288   -0.0433
3902.7000   13.3351    0.0041
3902.8419   13.3626    0.2100
3902.6959   13.3321   -0.0183
3902.6938   13.3265   -0.0608
3902.8345   13.3364    0.0138
3902.3748   13.3079   -0.1997
3902.5438   13.3150   -0.1470
3902.6938   13.3348    0.0021
3902.6959   13.3229   -0.0877
3902.8345   13.3333   -0.0096
3902.7000   13.3136   -0.1573
3902.8419   13.3255   -0.0679
3902.3711   13.3133   -0.1593
3902.3711   13.3277   -0.0512
3902.5392   13.3279   -0.0504
3902.9750   13.3558    0.1592
3903.0859   13.3492    0.1095
3903.1810   13.3518    0.1291
3903.2594   13.3450    0.0780
3903.1809   13.3535    0.1417
3903.1814   13.3573    0.1702
3903.2593   13.3574    0.1711
3903.3215   13.3421    0.0565
3903.3655   13.3394    0.0360
3903.3921   13.3324   -0.0162
3903.4010   13.3295   -0.0376
3903.3921   13.3437    0.0684
3903.3921   13.3454    0.0816
3903.4010   13.3426    0.0601
3903.3214   13.3635    0.2168
3903.3214   13.3620    0.2061
3903.3655   13.3567    0.1658
3903.3921   13.3501    0.1163
3903.3921   13.3510    0.1236
3903.4010   13.3499    0.1152
3903.3921   13.3524    0.1334
3903.3921   13.3481    0.1016
3903.4010   13.3322   -0.0176
3903.3211   13.3582    0.1772
3903.3211   13.3505    0.1195
3903.3655   13.3508    0.1220
3902.9750   13.3443    0.0726
3903.0859   13.3194   -0.1135
3903.1814   13.3230   -0.0864
3903.1809   13.3240   -0.0791
3903.2593   13.3259   -0.0652
3903.1810   13.2937   -0.3065
3903.2594   13.2892   -0.3402
3903.3214   13.3411    0.0488
3903.3214   13.3122   -0.1675
3903.3655   13.3188   -0.1179
3903.3921   13.3242   -0.0777
3903.3921   13.3186   -0.1198
3903.4010   13.3111   -0.1761
3903.3921   13.2996   -0.2621
3903.3921   13.2987   -0.2686
3903.4010   13.2935   -0.3083
3903.3215   13.2862   -0.3624
3903.3655   13.2908   -0.3286
3903.3921   13.2992   -0.2650
3903.3921   13.2926   -0.3149
3903.4010   13.2911   -0.3261
3903.3921   13.2951   -0.2960
3903.4010   13.2961   -0.2885
3903.3211   13.2966   -0.2846
3903.3211   13.3223   -0.0923
3903.3655   13.3083   -0.1967
3902.9702   13.3199   -0.1100
3902.9670   13.3198   -0.1106
3902.9654   13.3423    0.0582
3903.0830   13.3180   -0.1245
3903.1791   13.3407    0.0459
3902.9654   13.3421    0.0564
3902.9670   13.3446    0.0756
3902.9702   13.3612    0.1995
3903.0830   13.3560    0.1610
3903.1791   13.3557    0.1582
3903.2592   13.3481    0.1017
3903.3210   13.3469    0.0925
3903.2592   13.3504    0.1190
3903.3210   13.3501    0.1167
3903.3655   13.3390    0.0332
3903.1785   13.3521    0.1315
3903.0802   13.3501    0.1163
3903.1785   13.3467    0.0910
3903.3884   13.3247   -0.0737
3903.3584   13.3155   -0.1432
3903.3107   13.3095   -0.1881
3903.2456   13.3101   -0.1833
3903.2994   13.3126   -0.1647
3903.2879   13.3088   -0.1935
3903.2158   13.3055   -0.2183
3903.1625   13.3126   -0.1647
3903.0633   13.3153   -0.1448
3902.9476   13.3190   -0.1168
3902.8163   13.3248   -0.0730
3902.9205   13.3110   -0.1770
3902.8941   13.3029   -0.2378
3902.7546   13.3045   -0.2254
3903.1069   13.2965   -0.2856
3903.0895   13.2896   -0.3372
3902.9752   13.2872   -0.3553
3902.8685   13.2917   -0.3214
3902.8439   13.2846   -0.3744
3902.6967   13.2849   -0.3727
3902.8203   13.2780   -0.4240
3902.7980   13.2707   -0.4791
3902.6438   13.2713   -0.4742
3903.1255   13.3031   -0.2363
3903.1440   13.3050   -0.2214
3903.0179   13.3038   -0.2308
3902.6633   13.3323   -0.0170
3902.5017   13.3409    0.0472
3902.3260   13.3352    0.0048
3902.1376   13.3340   -0.0042
3902.2737   13.3204   -0.1061
3902.2233   13.3108   -0.1786
3902.0244   13.3244   -0.0764
3901.9352   13.3399    0.0397
3901.7236   13.3373    0.0202
3901.5013   13.3373    0.0205
3901.2704   13.3428    0.0618
3901.4250   13.3358    0.0092
3901.3524   13.3326   -0.0148
3901.1095   13.3311   -0.0262
3901.7527   13.3308   -0.0279
3901.6994   13.2993   -0.2648
3901.4648   13.3095   -0.1881
3901.2836   13.3327   -0.0140
3901.2194   13.3167   -0.1340
3900.9654   13.3239   -0.0800
3901.1599   13.3036   -0.2319
3901.1053   13.2899   -0.3353
3900.8409   13.3025   -0.2407
3901.8112   13.3259   -0.0648
3901.8721   13.3256   -0.0670
3901.5865   13.3287   -0.0439
3902.4389   13.2599   -0.5597
3902.4208   13.2508   -0.6281
3902.2211   13.2497   -0.6367
3902.0304   13.2649   -0.5224
3902.0057   13.2538   -0.6053
3901.7765   13.2586   -0.5700
3901.9846   13.2438   -0.6805
3901.9670   13.2360   -0.7395
3901.7316   13.2504   -0.6310
3901.5662   13.2716   -0.4723
3901.5319   13.2624   -0.5415
3901.2777   13.2746   -0.4499
3901.0559   13.2882   -0.3474
3901.0124   13.2845   -0.3758
3900.7383   13.2886   -0.3445
3900.9745   13.2736   -0.4568
3900.9425   13.2536   -0.6069
3900.6596   13.2696   -0.4869
3901.4608   13.2594   -0.5634
3901.4481   13.2604   -0.5558
3901.1786   13.2632   -0.5348
3900.9168   13.2514   -0.6237
3900.8972   13.2553   -0.5948
3900.6063   13.2509   -0.6273
3900.8839   13.2578   -0.5760
3900.8769   13.2648   -0.5229
3900.5794   13.2431   -0.6862
3901.4803   13.2532   -0.6099
3901.5040   13.2565   -0.5855
3901.2165   13.2581   -0.5732
3902.4665   13.2784   -0.4212
3902.4959   13.2812   -0.4000
3902.5268   13.2873   -0.3543
3902.2730   13.2777   -0.4268
3902.0651   13.2730   -0.4617
3902.5592   13.2950   -0.2970
3902.5928   13.3060   -0.2142
3902.6276   13.3152   -0.1453
3902.4152   13.3060   -0.2139
3902.1812   13.3043   -0.2266
3901.8411   13.2704   -0.4811
3901.6068   13.2792   -0.4152
3901.9245   13.2968   -0.2834
3901.6513   13.2889   -0.3424
3901.3608   13.2849   -0.3725
3902.1007   13.2808   -0.4030
3902.3408   13.2903   -0.3316
3902.1394   13.2942   -0.3028
3903.3884   13.2939   -0.3053
3903.3584   13.2987   -0.2689
3903.2879   13.2940   -0.3039
3903.2994   13.2990   -0.2667
3903.2158   13.3014   -0.2490
3903.3107   13.3042   -0.2276
3903.2456   13.3065   -0.2102
3903.0895   13.2898   -0.3355
3903.1069   13.3095   -0.1881
3902.9752   13.3049   -0.2221
3902.7980   13.2739   -0.4551
3902.8203   13.2905   -0.3305
3902.6438   13.2764   -0.4363
3902.8439   13.3141   -0.1533
3902.8685   13.3296   -0.0370
3902.6967   13.3302   -0.0330
3903.1625   13.3173   -0.1291
3903.0633   13.3180   -0.1244
3902.8941   13.3267   -0.0588
3902.9205   13.3211   -0.1009
3902.7546   13.3290   -0.0415
3902.9476   13.3185   -0.1206
3902.8163   13.3214   -0.0991
3903.1440   13.3152   -0.1455
3903.1255   13.3114   -0.1739
3903.0179   13.3221   -0.0935
3902.4208   13.2554   -0.5935
3902.4389   13.2529   -0.6122
3902.2211   13.2582   -0.5727
3901.9670   13.2824   -0.3912
3901.9846   13.2839   -0.3797
3901.7316   13.2989   -0.2674
3902.0057   13.2801   -0.4088
3902.0304   13.2740   -0.4546
3901.7765   13.2879   -0.3499
3901.4481   13.2967   -0.2839
3901.4608   13.2954   -0.2938
3901.1786   13.2905   -0.3305
3900.8769   13.2741   -0.4536
3900.8839   13.2743   -0.4519
3900.5794   13.2584   -0.5711
3900.8972   13.2834   -0.3838
3900.9168   13.3021   -0.2431
3900.6063   13.2896   -0.3373
3901.5319   13.2955   -0.2928
3901.5662   13.2780   -0.4242
3901.2777   13.2946   -0.2994
3900.9425   13.3143   -0.1522
3900.9745   13.3173   -0.1293
3900.6596   13.3147   -0.1493
3901.0124   13.3047   -0.2240
3901.0559   13.2993   -0.2643
3900.7383   13.3143   -0.1520
3901.5040   13.3082   -0.1979
3901.4803   13.3087   -0.1940
3901.2165   13.3122   -0.1674
3902.6633   13.3208   -0.1030
3902.5017   13.3214   -0.0986
3902.2233   13.3219   -0.0948
3902.2737   13.3245   -0.0758
3902.0244   13.3084   -0.1959
3902.3260   13.3311   -0.0261
3902.1376   13.3140   -0.1541
3901.6994   13.2965   -0.2857
3901.7527   13.2922   -0.3175
3901.4648   13.2946   -0.2996
3901.1053   13.3009   -0.2526
3901.1599   13.2990   -0.2670
3900.8409   13.3038   -0.2304
3901.2194   13.2889   -0.3422
3901.2836   13.2828   -0.3884
3900.9654   13.2776   -0.4271
3901.9352   13.2963   -0.2872
3901.7236   13.2926   -0.3150
3901.3524   13.2792   -0.4153
3901.4250   13.2854   -0.3689
3901.1095   13.2750   -0.4467
3901.5013   13.2944   -0.3009
3901.2704   13.2928   -0.3131
3901.8721   13.2852   -0.3699
3901.8112   13.2861   -0.3634
3901.5865   13.2813   -0.3995
3902.6276   13.3245   -0.0758
3902.5928   13.3277   -0.0518
3902.5592   13.3241   -0.0784
3902.4152   13.3280   -0.0494
3902.1812   13.3199   -0.1098
3902.5268   13.3234   -0.0836
3902.4959   13.3017   -0.2467
3902.4665   13.2813   -0.3992
3902.2730   13.2777   -0.4268
3902.0651   13.2820   -0.3939
3901.9245   13.3002   -0.2577
3901.6513   13.2945   -0.3006
3901.8411   13.2693   -0.4892
3901.6068   13.2798   -0.4105
3901.3608   13.2920   -0.3194
3902.1394   13.3114   -0.1736
3902.3408   13.3192   -0.1153
3902.1007   13.2958   -0.2906
3903.3884   13.2914   -0.3235
3903.3884   13.2926   -0.3146
3903.3884   13.2837   -0.3812
3903.3505   13.2826   -0.3901
3903.2879   13.2798   -0.4110
3903.3884   13.2966   -0.2848
3903.3884   13.3032   -0.2355
3903.3884   13.3016   -0.2472
3903.3884   13.3110   -0.1767
3903.3504   13.2982   -0.2726
3903.2877   13.2939   -0.3050
3903.2877   13.2939   -0.3053
3903.1997   13.2593   -0.5643
3903.0885   13.2596   -0.5622
3903.1995   13.2911   -0.3262
3903.0884   13.2648   -0.5232
3903.0890   13.2759   -0.4400
3902.9540   13.2675   -0.5031
3902.7976   13.2652   -0.5203
3903.2873   13.2528   -0.6130
3903.3505   13.2795   -0.4127
3903.2873   13.2844   -0.3765
3903.3884   13.3165   -0.1357
3903.3884   13.3281   -0.0482
3903.3884   13.3451    0.0788
3903.3884   13.3439    0.0702
3903.3504   13.3303   -0.0322
3903.2877   13.3161   -0.1383
3903.2877   13.3173   -0.1298
3903.3884   13.3417    0.0538
3903.3884   13.3330   -0.0114
3903.3884   13.3297   -0.0368
3903.3505   13.3229   -0.0875
3903.2879   13.3092   -0.1899
3903.1995   13.2990   -0.2668
3903.0890   13.2820   -0.3940
3903.0884   13.2795   -0.4130
3903.1997   13.2959   -0.2899
3903.0885   13.2840   -0.3791
3902.9540   13.2745   -0.4507
3902.7976   13.2646   -0.5248
3903.2873   13.3159   -0.1399
3903.3505   13.3305   -0.0304
3903.2873   13.3125   -0.1654
3902.6104   13.2605   -0.5557
3902.4119   13.2521   -0.6185
3902.5997   13.2566   -0.5846
3902.4059   13.2612   -0.5500
3902.4029   13.2561   -0.5886
3902.1942   13.2765   -0.4352
3901.9598   13.2903   -0.3322
3902.5997   13.2401   -0.7083
3902.4029   13.2470   -0.6568
3902.4059   13.2333   -0.7597
3902.6104   13.2498   -0.6356
3902.4119   13.2401   -0.7082
3902.1942   13.2326   -0.7647
3901.9598   13.2314   -0.7736
3901.7064   13.2939   -0.3046
3901.4420   13.3046   -0.2247
3901.7064   13.2351   -0.7460
3901.4420   13.2739   -0.4547
3901.1644   13.2928   -0.3129
3901.9544   13.2924   -0.3160
3902.1875   13.2716   -0.4719
3901.9544   13.2512   -0.6250
3902.7907   13.2615   -0.5480
3902.9497   13.2721   -0.4685
3903.0856   13.2915   -0.3226
3902.7860   13.2651   -0.5207
3902.7836   13.2601   -0.5581
3903.1993   13.2923   -0.3169
3903.2871   13.2982   -0.2726
3903.3504   13.3066   -0.2094
3903.2871   13.3037   -0.2316
3903.1993   13.3051   -0.2209
3902.7836   13.2545   -0.6008
3902.7860   13.2554   -0.5939
3903.0856   13.2897   -0.3362
3902.9497   13.2715   -0.4733
3902.7907   13.2586   -0.5698
3902.9456   13.2681   -0.4982
3903.0847   13.2809   -0.4026
3903.0847   13.2769   -0.4324
3901.5808   13.3126   -0.1647
3901.5013   13.3133   -0.1595
3901.4250   13.3395    0.0369
3901.3524   13.3414    0.0509
3901.7236   13.3148   -0.1480
3902.0022   13.3124   -0.1661
3901.9352   13.3208   -0.1034
3901.2836   13.3536    0.1425
3901.2194   13.3372    0.0195
3901.1599   13.3177   -0.1268
3901.1053   13.3426    0.0605
3901.4648   13.3507    0.1213
3901.7527   13.3604    0.1937
3901.6994   13.3398    0.0394
3902.1376   13.3030   -0.2365
3902.3798   13.3094   -0.1889
3902.3260   13.3096   -0.1870
3902.0244   13.3296   -0.0372
3902.2737   13.3126   -0.1645
3902.2233   13.3400    0.0405
3902.5017   13.3248   -0.0729
3902.7062   13.3219   -0.0946
3902.6633   13.3142   -0.1524
3901.8721   13.3160   -0.1390
3901.5865   13.3200   -0.1093
3901.8112   13.3210   -0.1015
3901.0559   13.3591    0.1843
3901.0124   13.3414    0.0513
3900.9745   13.3738    0.2943
3900.9425   13.3973    0.4705
3901.2777   13.3347    0.0010
3901.5662   13.3248   -0.0731
3901.5319   13.3370    0.0180
3900.9168   13.3921    0.4314
3900.8972   13.3633    0.2154
3900.8839   13.3322   -0.0181
3900.8769   13.3150   -0.1471
3901.1786   13.3757    0.3081
3901.4608   13.4015    0.5023
3901.4481   13.3977    0.4736
3901.7765   13.3653    0.2303
3902.0304   13.3685    0.2548
3902.0057   13.3900    0.4156
3901.7316   13.3940    0.4459
3901.9846   13.4159    0.6097
3901.9670   13.4122    0.5819
3902.2211   13.3931    0.4390
3902.4389   13.3553    0.1554
3902.4208   13.3977    0.4732
3901.5040   13.3587    0.1811
3901.2165   13.3947    0.4513
3901.4803   13.3875    0.3970
3902.8163   13.3028   -0.2385
3902.9752   13.3164   -0.1365
3902.9476   13.2975   -0.2776
3902.7546   13.3164   -0.1359
3902.9205   13.2984   -0.2714
3902.8941   13.2850   -0.3720
3903.0633   13.2871   -0.3558
3903.1816   13.3061   -0.2132
3903.1625   13.2879   -0.3497
3902.6967   13.2955   -0.2933
3902.8685   13.3165   -0.1356
3902.8439   13.3241   -0.0784
3902.6438   13.3476    0.0980
3902.8203   13.3050   -0.2221
3902.7980   13.3418    0.0544
3902.9752   13.3304   -0.0311
3903.1069   13.3256   -0.0669
3903.0895   13.3463    0.0883
3903.2456   13.3025   -0.2403
3903.3215   13.3062   -0.2128
3903.3107   13.2916   -0.3225
3903.2158   13.3000   -0.2595
3903.2994   13.2816   -0.3971
3903.2879   13.2972   -0.2802
3903.3584   13.2825   -0.3904
3903.3921   13.2987   -0.2687
3903.3884   13.3072   -0.2050
3903.1440   13.2745   -0.4502
3903.0179   13.2790   -0.4164
3903.1255   13.2923   -0.3169
3902.6276   13.3008   -0.2534
3902.4152   13.3301   -0.0332
3902.1812   13.3382    0.0275
3902.5928   13.3358    0.0095
3902.5592   13.3347    0.0013
3901.9245   13.3328   -0.0131
3901.6513   13.3470    0.0936
3901.3608   13.3204   -0.1062
3901.6068   13.3490    0.1085
3901.8411   13.3462    0.0874
3902.5268   13.2959   -0.2898
3902.4959   13.3111   -0.1763
3902.0651   13.3443    0.0727
3902.2730   13.3285   -0.0453
3902.4665   13.3351    0.0040
3902.3408   13.3197   -0.1115
3902.1394   13.3231   -0.0861
3902.1007   13.3277   -0.0516
3900.8769   13.3580    0.1756
3900.8839   13.3497    0.1134
3900.8972   13.3611    0.1988
3900.9168   13.3685    0.2546
3901.1786   13.3413    0.0509
3901.4481   13.3563    0.1631
3901.4608   13.3337   -0.0062
3900.9425   13.3909    0.4226
3900.9745   13.3762    0.3120
3901.0124   13.3778    0.3245
3901.0559   13.3697    0.2633
3901.2777   13.3715    0.2772
3901.5319   13.3285   -0.0457
3901.5662   13.3519    0.1298
3901.7316   13.3133   -0.1591
3901.9670   13.3567    0.1662
3901.9846   13.3177   -0.1264
3901.7765   13.2942   -0.3030
3902.0057   13.2956   -0.2921
3902.0304   13.3070   -0.2070
3902.2211   13.3364    0.0139
3902.4208   13.3668    0.2415
3902.4389   13.3792    0.3347
3901.4803   13.3449    0.0772
3901.2165   13.3440    0.0707
3901.5040   13.3155   -0.1432
3901.1053   13.3507    0.1208
3901.1599   13.3306   -0.0298
3901.2194   13.3192   -0.1150
3901.2836   13.3426    0.0604
3901.4648   13.3214   -0.0988
3901.6994   13.3258   -0.0658
3901.7527   13.3311   -0.0261
3901.3524   13.3360    0.0107
3901.4250   13.3615    0.2022
3901.5013   13.3704    0.2689
3901.5808   13.3634    0.2162
3901.7236   13.3662    0.2370
3901.9352   13.3669    0.2423
3902.0022   13.3596    0.1880
3902.0244   13.3391    0.0343
3902.2233   13.3399    0.0400
3902.2737   13.3411    0.0486
3902.1376   13.3544    0.1485
3902.3260   13.3453    0.0806
3902.3798   13.3629    0.2126
3902.5017   13.3671    0.2437
3902.6633   13.3407    0.0462
3902.7062   13.3836    0.3675
3901.8112   13.3438    0.0691
3901.5865   13.3425    0.0596
3901.8721   13.3509    0.1223
3902.6438   13.3803    0.3432
3902.7980   13.3939    0.4446
3902.8203   13.3777    0.3232
3902.6967   13.3886    0.4052
3902.8439   13.3563    0.1628
3902.8685   13.3591    0.1839
3902.9752   13.3945    0.4497
3903.0895   13.3819    0.3547
3903.1069   13.3891    0.4090
3902.7546   13.3069   -0.2076
3902.8941   13.3629    0.2124
3902.9205   13.3357    0.0087
3902.8163   13.3012   -0.2501
3902.9476   13.3064   -0.2110
3902.9752   13.3129   -0.1628
3903.0633   13.3621    0.2068
3903.1625   13.3685    0.2544
3903.1816   13.3526    0.1350
3903.2158   13.3819    0.3548
3903.2879   13.3378    0.0241
3903.2994   13.3463    0.0880
3903.2456   13.3710    0.2729
3903.3107   13.3432    0.0649
3903.3215   13.3465    0.0892
3903.3584   13.3400    0.0408
3903.3884   13.3292   -0.0403
3903.3921   13.3474    0.0963
3903.1255   13.3934    0.4411
3903.0179   13.3683    0.2527
3903.1440   13.3836    0.3678
3902.4665   13.3697    0.2633
3902.2730   13.3134   -0.1589
3902.0651   13.2969   -0.2827
3902.4959   13.3422    0.0572
3902.5268   13.2947   -0.2988
3901.8411   13.3287   -0.0437
3901.6068   13.3338   -0.0057
3901.3608   13.3512    0.1249
3901.6513   13.3332   -0.0104
3901.9245   13.3453    0.0805
3902.5592   13.2935   -0.3080
3902.5928   13.3189   -0.1172
3902.1812   13.3252   -0.0700
3902.4152   13.3312   -0.0254
3902.6276   13.3240   -0.0789
3902.3408   13.3210   -0.1016
3902.1007   13.3161   -0.1386
3902.1394   13.3190   -0.1164
3903.4010   13.3323   -0.0171
3903.3921   13.3487    0.1059
3903.3921   13.3512    0.1246
3903.4010   13.3350    0.0031
3903.3921   13.3516    0.1277
3903.3921   13.3641    0.2214
3903.3655   13.3667    0.2411
3903.3215   13.3867    0.3909
3903.3215   13.3876    0.3980
3903.4010   13.3413    0.0507
3903.3921   13.3671    0.2438
3903.3921   13.3531    0.1389
3903.4010   13.3404    0.0439
3903.3921   13.3387    0.0313
3903.3921   13.3462    0.0872
3903.3655   13.3604    0.1940
3903.3214   13.3906    0.4205
3903.3214   13.3586    0.1800
3903.2594   13.4009    0.4976
3903.1816   13.3817    0.3532
3903.1810   13.3883    0.4027
3903.2593   13.3990    0.4835
3903.1809   13.3985    0.4794
3903.1814   13.3839    0.3702
3903.0859   13.3839    0.3700
3902.9752   13.3732    0.2897
3902.9750   13.3700    0.2656
3903.3211   13.3913    0.4253
3903.3655   13.3711    0.2737
3903.3211   13.3986    0.4803
3903.4010   13.3118   -0.1708
3903.3921   13.3296   -0.0370
3903.3921   13.3121   -0.1687
3903.4010   13.2853   -0.3691
3903.3921   13.3088   -0.1930
3903.3921   13.3000   -0.2594
3903.3655   13.3097   -0.1867
3903.3214   13.3190   -0.1170
3903.3214   13.3227   -0.0891
3903.4010   13.2993   -0.2647
3903.3921   13.3125   -0.1654
3903.3921   13.3122   -0.1674
3903.4010   13.3194   -0.1138
3903.3921   13.3256   -0.0669
3903.3921   13.3250   -0.0717
3903.3655   13.3240   -0.0790
3903.3215   13.3245   -0.0758
3903.3215   13.3254   -0.0688
3903.2593   13.3367    0.0162
3903.1814   13.3359    0.0100
3903.1809   13.3281   -0.0483
3903.2594   13.3350    0.0033
3903.1810   13.3293   -0.0393
3903.1816   13.3291   -0.0408
3903.0859   13.3211   -0.1008
3902.9750   13.3390    0.0334
3902.9752   13.3239   -0.0803
3903.3211   13.3135   -0.1583
3903.3655   13.3208   -0.1034
3903.3211   13.3252   -0.0701
3902.8419   13.3501    0.1167
3902.7062   13.3445    0.0744
3902.7000   13.3520    0.1307
3902.8345   13.3385    0.0298
3902.6959   13.3495    0.1119
3902.6938   13.3435    0.0669
3902.5438   13.3611    0.1993
3902.3798   13.3512    0.1247
3902.3748   13.3490    0.1081
3902.8345   13.3279   -0.0502
3902.6938   13.3341   -0.0032
3902.6959   13.3337   -0.0065
3902.8419   13.3374    0.0211
3902.7000   13.3395    0.0372
3902.7062   13.3453    0.0806
3902.5438   13.3366    0.0153
3902.3748   13.3357    0.0087
3902.3798   13.3324   -0.0159
3902.1910   13.3395    0.0372
3902.0022   13.3443    0.0729
3901.9979   13.3349    0.0024
3902.1910   13.3329   -0.0128
3901.9979   13.3314   -0.0237
3902.0022   13.3405    0.0448
3901.7939   13.3326   -0.0147
3901.5808   13.3322   -0.0178
3901.5808   13.3343   -0.0023
3902.3711   13.3401    0.0416
3902.5392   13.3448    0.0769
3902.3711   13.3307   -0.0293
3902.9702   13.3676    0.2477
3903.0830   13.3642    0.2219
3903.1791   13.3508    0.1221
3902.9670   13.3504    0.1186
3902.9654   13.3297   -0.0363
3903.2592   13.3419    0.0553
3903.3210   13.3308   -0.0284
3903.3655   13.3245   -0.0754
3903.3210   13.3173   -0.1297
3903.2592   13.3185   -0.1202
3902.9654   13.3263   -0.0618
3902.9670   13.3316   -0.0219
3903.1791   13.3266   -0.0595
3903.0830   13.3409    0.0475
3902.9702   13.3387    0.0308
3903.0802   13.3226   -0.0900
3903.1785   13.3300   -0.0339
3903.1785   13.3287   -0.0437
3903.3884   13.3139   -0.1552
3903.3505   13.3004   -0.2561
3903.2879   13.3153   -0.1443
3903.3884   13.3155   -0.1432
3903.3884   13.3441    0.0712
3903.1997   13.3438    0.0690
3903.0885   13.3247   -0.0737
3902.9540   13.3215   -0.0983
3902.7976   13.3437    0.0686
3903.0884   13.3401    0.0411
3903.1995   13.3703    0.2679
3903.0890   13.3926    0.4351
3903.3884   13.3624    0.2090
3903.3884   13.3535    0.1422
3903.2877   13.3654    0.2311
3903.3504   13.3447    0.0758
3903.2877   13.3759    0.3103
3903.3884   13.3410    0.0485
3903.3884   13.3448    0.0771
3903.3505   13.3619    0.2052
3903.2873   13.3393    0.0359
3903.2873   13.3687    0.2560
3902.6104   13.3893    0.4103
3902.4119   13.4095    0.5619
3902.1942   13.4177    0.6235
3901.9598   13.4171    0.6190
3902.4059   13.3900    0.4158
3902.5997   13.3675    0.2468
3902.4029   13.3495    0.1121
3901.7064   13.3936    0.4427
3901.4420   13.3790    0.3335
3901.1644   13.3549    0.1528
3901.4420   13.3582    0.1774
3901.7064   13.3801    0.3412
3902.4029   13.3403    0.0434
3902.5997   13.3336   -0.0073
3902.4059   13.3490    0.1080
3901.9598   13.3705    0.2695
3902.1942   13.3582    0.1776
3902.4119   13.3560    0.1605
3902.6104   13.3784    0.3290
3902.1875   13.3790    0.3331
3901.9544   13.3892    0.4094
3901.9544   13.3288   -0.0431
3903.3884   13.3268   -0.0579
3903.3884   13.3075   -0.2032
3903.2877   13.3395    0.0371
3903.3504   13.3141   -0.1538
3903.2877   13.3301   -0.0333
3903.3884   13.2920   -0.3191
3903.3884   13.2734   -0.4585
3903.0890   13.3533    0.1408
3903.1995   13.3503    0.1178
3903.0884   13.3364    0.0140
3902.7976   13.3681    0.2516
3902.9540   13.3692    0.2596
3903.0885   13.3703    0.2676
3903.1997   13.3563    0.1632
3903.3884   13.2876   -0.3520
3903.3884   13.3208   -0.1035
3903.2879   13.3199   -0.1098
3903.3505   13.3077   -0.2017
3903.3884   13.3184   -0.1212
3903.3505   13.3032   -0.2352
3903.2873   13.3156   -0.1419
3903.2873   13.3184   -0.1215
3903.3504   13.3462    0.0873
3903.2871   13.3641    0.2217
3903.1993   13.3799    0.3400
3903.2871   13.3709    0.2721
3903.1993   13.3817    0.3536
3903.0856   13.4030    0.5134
3902.9497   13.3606    0.1950
3902.7907   13.3556    0.1576
3902.7860   13.3830    0.3632
3902.7836   13.3500    0.1160
3903.0856   13.3689    0.2573
3902.9497   13.3418    0.0544
3902.7836   13.3292   -0.0402
3902.7860   13.3325   -0.0154
3902.7907   13.3341   -0.0033
3903.0847   13.3838    0.3693
3903.0847   13.4080    0.5506
3902.9456   13.3408    0.0466
3901.7939   13.3144   -0.1512
3901.9979   13.3308   -0.0285
3902.1910   13.3215   -0.0981
3901.9979   13.3140   -0.1544
3902.1910   13.3280   -0.0494
3902.3748   13.2950   -0.2964
3902.5438   13.3076   -0.2025
3902.7000   13.3186   -0.1195
3902.8419   13.3240   -0.0790
3902.6959   13.3215   -0.0978
3902.6938   13.3198   -0.1104
3902.8345   13.3103   -0.1820
3902.3748   13.3344   -0.0015
3902.5438   13.3322   -0.0174
3902.6938   13.3181   -0.1236
3902.6959   13.3299   -0.0353
3902.8345   13.3060   -0.2141
3902.7000   13.3228   -0.0882
3902.8419   13.3258   -0.0657
3902.3711   13.3376    0.0229
3902.3711   13.3032   -0.2353
3902.5392   13.3426    0.0600
3902.9750   13.3284   -0.0460
3903.0859   13.3298   -0.0358
3903.1810   13.3131   -0.1609
3903.2594   13.3170   -0.1317
3903.1809   13.3297   -0.0368
3903.1814   13.3220   -0.0941
3903.2593   13.3316   -0.0221
3903.3215   13.3224   -0.0914
3903.3655   13.3275   -0.0527
3903.3921   13.3035   -0.2330
3903.4010   13.3175   -0.1280
3903.3921   13.3435    0.0669
3903.3921   13.3550    0.1531
3903.4010   13.3493    0.1104
3903.3214   13.3189   -0.1174
3903.3214   13.2938   -0.3057
3903.3655   13.3110   -0.1764
3903.3921   13.3415    0.0518
3903.3921   13.3239   -0.0802
3903.4010   13.3307   -0.0291
3903.3921   13.3121   -0.1685
3903.3921   13.3108   -0.1784
3903.4010   13.3164   -0.1363
3903.3211   13.3353    0.0054
3903.3211   13.3247   -0.0740
3903.3655   13.3379    0.0251
3902.9750   13.3269   -0.0572
3903.0859   13.3225   -0.0902
3903.1814   13.3046   -0.2248
3903.1809   13.3196   -0.1124
3903.2593   13.3065   -0.2102
3903.1810   13.3255   -0.0676
3903.2594   13.3359    0.0102
3903.3214   13.2997   -0.2611
3903.3214   13.3017   -0.2465
3903.3655   13.2974   -0.2790
3903.3921   13.2988   -0.2685
3903.3921   13.2971   -0.2806
3903.4010   13.3095   -0.1876
3903.3921   13.3045   -0.2258
3903.3921   13.3063   -0.2117
3903.4010   13.3036   -0.2326
3903.3215   13.3536    0.1429
3903.3655   13.3550    0.1534
3903.3921   13.3135   -0.1578
3903.3921   13.3386    0.0301
3903.4010   13.3348    0.0017
3903.3921   13.3457    0.0836
3903.4010   13.3434    0.0665
3903.3211   13.3393    0.0354
3903.3211   13.3079   -0.2002
3903.3655   13.3106   -0.1794
3902.9702   13.3155   -0.1431
3902.9670   13.3098   -0.1858
3902.9654   13.2952   -0.2954
3903.0830   13.3173   -0.1293
3903.1791   13.2855   -0.3679
3902.9654   13.2829   -0.3872
3902.9670   13.3093   -0.1897
3902.9702   13.3224   -0.0914
3903.0830   13.3010   -0.2518
3903.1791   13.2991   -0.2662
3903.2592   13.2772   -0.4299
3903.3210   13.3007   -0.2536
3903.2592   13.3032   -0.2350
3903.3210   13.2974   -0.2788
3903.3655   13.3036   -0.2323
3903.1785   13.2986   -0.2700
3903.0802   13.2959   -0.2903
3903.1785   13.3029   -0.2372
3903.3884   13.3424    0.0585
3903.3584   13.3731    0.2888
3903.3107   13.3832    0.3650
3903.2456   13.3845    0.3743
3903.2994   13.3688    0.2567
3903.2879   13.3466    0.0902
3903.2158   13.3505    0.1193
3903.1625   13.3793    0.3353
3903.0633   13.3792    0.3347
3902.9476   13.3732    0.2894
3902.8163   13.3625    0.2095
3902.9205   13.3702    0.2669
3902.8941   13.3611    0.1987
3902.7546   13.3485    0.1044
3903.1069   13.3441    0.0714
3903.0895   13.3425    0.0593
3902.9752   13.3380    0.0256
3902.8685   13.3477    0.0987
3902.8439   13.3333   -0.0093
3902.6967   13.3330   -0.0114
3902.8203   13.3313   -0.0247
3902.7980   13.3374    0.0213
3902.6438   13.3331   -0.0108
3903.1255   13.3604    0.1934
3903.1440   13.3795    0.3369
3903.0179   13.3692    0.2596
3902.6633   13.3463    0.0883
3902.5017   13.3498    0.1143
3902.3260   13.3457    0.0838
3902.1376   13.3299   -0.0347
3902.2737   13.3444    0.0741
3902.2233   13.3399    0.0402
3902.0244   13.3310   -0.0269
3901.9352   13.3313   -0.0248
3901.7236   13.3330   -0.0116
3901.5013   13.3257   -0.0663
3901.2704   13.3206   -0.1045
3901.4250   13.3196   -0.1123
3901.3524   13.3092   -0.1902
3901.1095   13.3138   -0.1558
3901.7527   13.3211   -0.1011
3901.6994   13.3210   -0.1017
3901.4648   13.3074   -0.2039
3901.2836   13.3140   -0.1544
3901.2194   13.3075   -0.2033
3900.9654   13.3048   -0.2234
3901.1599   13.2987   -0.2686
3901.1053   13.2950   -0.2964
3900.8409   13.2944   -0.3011
3901.8112   13.3204   -0.1061
3901.8721   13.3256   -0.0671
3901.5865   13.3179   -0.1247
3902.4389   13.3250   -0.0719
3902.4208   13.3241   -0.0787
3902.2211   13.3298   -0.0354
3902.0304   13.3129   -0.1627
3902.0057   13.3143   -0.1517
3901.7765   13.3022   -0.2429
3901.9846   13.3148   -0.1485
3901.9670   13.3159   -0.1404
3901.7316   13.3088   -0.1935
3901.5662   13.3150   -0.1466
3901.5319   13.3074   -0.2038
3901.2777   13.3049   -0.2224
3901.0559   13.2978   -0.2756
3901.0124   13.2980   -0.2739
3900.7383   13.2922   -0.3174
3900.9745   13.2891   -0.3413
3900.9425   13.2851   -0.3711
3900.6596   13.2741   -0.4536
3901.4608   13.3094   -0.1889
3901.4481   13.3106   -0.1796
3901.1786   13.3034   -0.2340
3900.9168   13.2865   -0.3601
3900.8972   13.2898   -0.3359
3900.6063   13.2775   -0.4282
3900.8839   13.2909   -0.3274
3900.8769   13.2950   -0.2964
3900.5794   13.2838   -0.3809
3901.4803   13.3080   -0.1991
3901.5040   13.3000   -0.2593
3901.2165   13.3006   -0.2550
3902.4665   13.3205   -0.1056
3902.4959   13.3302   -0.0328
3902.5268   13.3353    0.0056
3902.2730   13.3283   -0.0469
3902.0651   13.3122   -0.1674
3902.5592   13.3387    0.0311
3902.5928   13.3444    0.0734
3902.6276   13.3543    0.1477
3902.4152   13.3395    0.0368
3902.1812   13.3318   -0.0209
3901.8411   13.3157   -0.1413
3901.6068   13.3199   -0.1099
3901.9245   13.3258   -0.0661
3901.6513   13.3177   -0.1264
3901.3608   13.3067   -0.2093
3902.1007   13.3231   -0.0857
3902.3408   13.3382    0.0271
3902.1394   13.3298   -0.0358
3903.3884   13.3333   -0.0097
3903.3584   13.3426    0.0602
3903.2879   13.3171   -0.1312
3903.2994   13.3291   -0.0410
3903.2158   13.3309   -0.0272
3903.3107   13.3340   -0.0039
3903.2456   13.3400    0.0410
3903.0895   13.3384    0.0287
3903.1069   13.3322   -0.0174
3902.9752   13.3313   -0.0246
3902.7980   13.3391    0.0343
3902.8203   13.3397    0.0388
3902.6438   13.3453    0.0805
3902.8439   13.3535    0.1419
3902.8685   13.3531    0.1393
3902.6967   13.3729    0.2878
3903.1625   13.3391    0.0339
3903.0633   13.3319   -0.0197
3902.8941   13.3441    0.0713
3902.9205   13.3376    0.0230
3902.7546   13.3346   -0.0000
3902.9476   13.3256   -0.0675
3902.8163   13.3239   -0.0803
3903.1440   13.3452    0.0799
3903.1255   13.3452    0.0798
3903.0179   13.3491    0.1092
3902.4208   13.3314   -0.0239
3902.4389   13.3349    0.0027
3902.2211   13.3360    0.0107
3901.9670   13.3320   -0.0194
3901.9846   13.3313   -0.0249
3901.7316   13.3372    0.0197
3902.0057   13.3361    0.0116
3902.0304   13.3424    0.0587
3901.7765   13.3396    0.0379
3901.4481   13.3227   -0.0891
3901.4608   13.3207   -0.1040
3901.1786   13.3163   -0.1372
3900.8769   13.3036   -0.2320
3900.8839   13.3130   -0.1618
3900.5794   13.2981   -0.2736
3900.8972   13.3110   -0.1765
3900.9168   13.3085   -0.1952
3900.6063   13.3045   -0.2256
3901.5319   13.3352    0.0046
3901.5662   13.3296   -0.0372
3901.2777   13.3209   -0.1022
3900.9425   13.3129   -0.1623
3900.9745   13.3137   -0.1561
3900.6596   13.3075   -0.2032
3901.0124   13.3100   -0.1844
3901.0559   13.3100   -0.1844
3900.7383   13.3039   -0.2301
3901.5040   13.3331   -0.0107
3901.4803   13.3259   -0.0650
3901.2165   13.3176   -0.1275
3902.6633   13.3246   -0.0749
3902.5017   13.3302   -0.0329
3902.2233   13.3155   -0.1430
3902.2737   13.3161   -0.1382
3902.0244   13.3084   -0.1960
3902.3260   13.3296   -0.0371
3902.1376   13.3236   -0.0822
3901.6994   13.3021   -0.2433
3901.7527   13.2993   -0.2643
3901.4648   13.2956   -0.2921
3901.1053   13.2956   -0.2924
3901.1599   13.2930   -0.3118
3900.8409   13.2939   -0.3047
3901.2194   13.2948   -0.2984
3901.2836   13.3049   -0.2228
3900.9654   13.3021   -0.2437
3901.9352   13.3213   -0.0997
3901.7236   13.3237   -0.0818
3901.3524   13.3121   -0.1685
3901.4250   13.3183   -0.1221
3901.1095   13.3175   -0.1276
3901.5013   13.3277   -0.0517
3901.2704   13.3298   -0.0359
3901.8721   13.3098   -0.1855
3901.8112   13.2999   -0.2600
3901.5865   13.3032   -0.2355
3902.6276   13.3225   -0.0902
3902.5928   13.3220   -0.0940
3902.5592   13.3356    0.0080
3902.4152   13.3190   -0.1167
3902.1812   13.3160   -0.1390
3902.5268   13.3521    0.1311
3902.4959   13.3465    0.0897
3902.4665   13.3387    0.0308
3902.2730   13.3376    0.0227
3902.0651   13.3443    0.0729
3901.9245   13.3112   -0.1750
3901.6513   13.3078   -0.2004
3901.8411   13.3385    0.0299
3901.6068   13.3219   -0.0950
3901.3608   13.3016   -0.2473
3902.1394   13.3190   -0.1169
3902.3408   13.3351    0.0042
3902.1007   13.3356    0.0079
3903.3884   13.3314   -0.0235
3903.3884   13.3137   -0.1562
3903.3884   13.2989   -0.2674
3903.3505   13.3218   -0.0958
3903.2879   13.3187   -0.1190
3903.3884   13.3054   -0.2188
3903.3884   13.3059   -0.2147
3903.3884   13.3207   -0.1040
3903.3884   13.3317   -0.0214
3903.3504   13.3131   -0.1608
3903.2877   13.3137   -0.1568
3903.2877   13.3067   -0.2088
3903.1997   13.3396    0.0378
3903.0885   13.3340   -0.0042
3903.1995   13.3304   -0.0311
3903.0884   13.3345   -0.0007
3903.0890   13.3242   -0.0775
3902.9540   13.3317   -0.0218
3902.7976   13.3428    0.0619
3903.2873   13.3106   -0.1796
3903.3505   13.2977   -0.2764
3903.2873   13.3147   -0.1489
3903.3884   13.3423    0.0576
3903.3884   13.3354    0.0065
3903.3884   13.3310   -0.0267
3903.3884   13.3329   -0.0122
3903.3504   13.3304   -0.0315
3903.2877   13.3281   -0.0483
3903.2877   13.3359    0.0104
3903.3884   13.3466    0.0904
3903.3884   13.3511    0.1237
3903.3884   13.3456    0.0830
3903.3505   13.3513    0.1253
3903.2879   13.3330   -0.0121
3903.1995   13.3295   -0.0382
3903.0890   13.3293   -0.0398
3903.0884   13.3234   -0.0837
3903.1997   13.3246   -0.0745
3903.0885   13.3294   -0.0389
3902.9540   13.3329   -0.0126
3902.7976   13.3300   -0.0343
3903.2873   13.3346    0.0005
3903.3505   13.3366    0.0154
3903.2873   13.3333   -0.0093
3902.6104   13.3352    0.0051
3902.4119   13.3302   -0.0324
3902.5997   13.3348    0.0016
3902.4059   13.3358    0.0096
3902.4029   13.3392    0.0346
3902.1942   13.3297   -0.0362
3901.9598   13.3176   -0.1271
3902.5997   13.3408    0.0468
3902.4029   13.3481    0.1015
3902.4059   13.3429    0.0626
3902.6104   13.3357    0.0087
3902.4119   13.3338   -0.0061
3902.1942   13.3263   -0.0622
3901.9598   13.3152   -0.1449
3901.7064   13.3193   -0.1145
3901.4420   13.3206   -0.1047
3901.7064   13.3106   -0.1796
3901.4420   13.3159   -0.1397
3901.1644   13.3088   -0.1932
3901.9544   13.3106   -0.1794
3902.1875   13.3251   -0.0710
3901.9544   13.3142   -0.1524
3902.7907   13.3342   -0.0031
3902.9497   13.3255   -0.0681
3903.0856   13.3302   -0.0324
3902.7860   13.3216   -0.0975
3902.7836   13.3325   -0.0153
3903.1993   13.3257   -0.0665
3903.2871   13.3167   -0.1341
3903.3504   13.3260   -0.0643
3903.2871   13.3258   -0.0658
3903.1993   13.3331   -0.0112
3902.7836   13.3336   -0.0073
3902.7860   13.3303   -0.0317
3903.0856   13.3313   -0.0244
3902.9497   13.3336   -0.0075
3902.7907   13.3266   -0.0595
3902.9456   13.3243   -0.0766
3903.0847   13.3177   -0.1263
3903.0847   13.3267   -0.0590
3901.5808   13.3915    0.4268
3901.5013   13.3948    0.4517
3901.4250   13.3694    0.2616
3901.3524   13.3836    0.3680
3901.7236   13.3863    0.3877
3902.0022   13.3620    0.2057
3901.9352   13.3608    0.1964
3901.2836   13.4028    0.5115
3901.2194   13.3670    0.2431
3901.1599   13.3580    0.1756
3901.1053   13.3771    0.3188
3901.4648   13.3636    0.2179
3901.7527   13.3671    0.2437
3901.6994   13.3769    0.3171
3902.1376   13.3622    0.2069
3902.3798   13.3640    0.2211
3902.3260   13.3337   -0.0063
3902.0244   13.3607    0.1960
3902.2737   13.3490    0.1083
3902.2233   13.3489    0.1078
3902.5017   13.3275   -0.0530
3902.7062   13.3685    0.2542
3902.6633   13.3142   -0.1524
3901.8721   13.3681    0.2512
3901.5865   13.3956    0.4574
3901.8112   13.3740    0.2955
3901.0559   13.3795    0.3373
3901.0124   13.4016    0.5029
3900.9745   13.3813    0.3502
3900.9425   13.3972    0.4694
3901.2777   13.3660    0.2356
3901.5662   13.3682    0.2525
3901.5319   13.3882    0.4019
3900.9168   13.3627    0.2111
3900.8972   13.3372    0.0197
3900.8839   13.3626    0.2105
3900.8769   13.3500    0.1158
3901.1786   13.3574    0.1711
3901.4608   13.3553    0.1558
3901.4481   13.3485    0.1045
3901.7765   13.4063    0.5378
3902.0304   13.3912    0.4250
3902.0057   13.3880    0.4005
3901.7316   13.3640    0.2204
3901.9846   13.3776    0.3229
3901.9670   13.3597    0.1883
3902.2211   13.3789    0.3323
3902.4389   13.3712    0.2744
3902.4208   13.3735    0.2921
3901.5040   13.3840    0.3704
3901.2165   13.3519    0.1302
3901.4803   13.3663    0.2384
3902.8163   13.3116   -0.1720
3902.9752   13.3481    0.1014
3902.9476   13.3080   -0.1989
3902.7546   13.3038   -0.2310
3902.9205   13.3008   -0.2529
3902.8941   13.2888   -0.3434
3903.0633   13.3142   -0.1528
3903.1816   13.3371    0.0189
3903.1625   13.3124   -0.1661
3902.6967   13.3385    0.0298
3902.8685   13.3100   -0.1839
3902.8439   13.3245   -0.0755
3902.6438   13.3802    0.3420
3902.8203   13.3597    0.1888
3902.7980   13.3460    0.0859
3902.9752   13.3112   -0.1754
3903.1069   13.3032   -0.2356
3903.0895   13.3068   -0.2084
3903.2456   13.3089   -0.1921
3903.3215   13.3100   -0.1840
3903.3107   13.3021   -0.2438
3903.2158   13.2830   -0.3870
3903.2994   13.2939   -0.3050
3903.2879   13.2762   -0.4381
3903.3584   13.3028   -0.2379
3903.3921   13.2905   -0.3304
3903.3884   13.3188   -0.1184
3903.1440   13.3009   -0.2528
3903.0179   13.2864   -0.3616
3903.1255   13.2797   -0.4112
3902.6276   13.2987   -0.2693
3902.4152   13.3326   -0.0145
3902.1812   13.3499    0.1149
3902.5928   13.3193   -0.1145
3902.5592   13.3532    0.1396
3901.9245   13.3844    0.3736
3901.6513   13.3822    0.3574
3901.3608   13.3824    0.3587
3901.6068   13.3817    0.3534
3901.8411   13.3804    0.3434
3902.5268   13.3640    0.2210
3902.4959   13.3601    0.1917
3902.0651   13.3803    0.3426
3902.2730   13.3625    0.2092
3902.4665   13.3519    0.1300
3902.3408   13.3910    0.4234
3902.1394   13.3803    0.3433
3902.1007   13.3869    0.3928
3900.8769   13.3636    0.2179
3900.8839   13.3689    0.2573
3900.8972   13.3649    0.2278
3900.9168   13.3737    0.2933
3901.1786   13.3648    0.2267
3901.4481   13.3676    0.2479
3901.4608   13.3657    0.2334
3900.9425   13.3984    0.4788
3900.9745   13.3679    0.2499
3901.0124   13.3834    0.3659
3901.0559   13.3647    0.2261
3901.2777   13.3755    0.3073
3901.5319   13.3601    0.1915
3901.5662   13.3688    0.2566
3901.7316   13.3927    0.4361
3901.9670   13.3776    0.3229
3901.9846   13.3851    0.3790
3901.7765   13.3506    0.1205
3902.0057   13.3626    0.2104
3902.0304   13.3460    0.0858
3902.2211   13.3637    0.2188
3902.4208   13.3521    0.1312
3902.4389   13.3377    0.0232
3901.4803   13.3889    0.4078
3901.2165   13.3913    0.4255
3901.5040   13.3836    0.3677
3901.1053   13.3552    0.1548
3901.1599   13.3552    0.1550
3901.2194   13.3688    0.2566
3901.2836   13.3875    0.3969
3901.4648   13.3733    0.2902
3901.6994   13.3698    0.2645
3901.7527   13.3706    0.2699
3901.3524   13.3659    0.2348
3901.4250   13.3776    0.3230
3901.5013   13.3752    0.3045
3901.5808   13.3901    0.4164
3901.7236   13.3945    0.4492
3901.9352   13.3859    0.3853
3902.0022   13.4129    0.5878
3902.0244   13.3783    0.3281
3902.2233   13.3738    0.2942
3902.2737   13.3772    0.3200
3902.1376   13.3935    0.4421
3902.3260   13.3825    0.3594
3902.3798   13.3805    0.3442
3902.5017   13.3620    0.2060
3902.6633   13.3407    0.0462
3902.7062   13.3433    0.0657
3901.8112   13.3780    0.3258
3901.5865   13.3663    0.2380
3901.8721   13.3825    0.3592
3902.6438   13.3232   -0.0850
3902.7980   13.3101   -0.1833
3902.8203   13.3065   -0.2108
3902.6967   13.3010   -0.2514
3902.8439   13.2849   -0.3722
3902.8685   13.2826   -0.3900
3902.9752   13.2902   -0.3330
3903.0895   13.2783   -0.4217
3903.1069   13.2803   -0.4070
3902.7546   13.3112   -0.1749
3902.8941   13.2769   -0.4322
3902.9205   13.2830   -0.3865
3902.8163   13.3118   -0.1707
3902.9476   13.2846   -0.3745
3902.9752   13.3006   -0.2547
3903.0633   13.2588   -0.5684
3903.1625   13.2512   -0.6255
3903.1816   13.2477   -0.6513
3903.2158   13.2525   -0.6152
3903.2879   13.2636   -0.5323
3903.2994   13.2268   -0.8078
3903.2456   13.2622   -0.5426
3903.3107   13.2646   -0.5250
3903.3215   13.2291   -0.7908
3903.3584   13.2538   -0.6056
3903.3884   13.2509   -0.6275
3903.3921   13.2536   -0.6071
3903.1255   13.2546   -0.5996
3903.0179   13.2560   -0.5890
3903.1440   13.2558   -0.5907
3902.4665   13.3287   -0.0442
3902.2730   13.3304   -0.0310
3902.0651   13.3378    0.0241
3902.4959   13.3026   -0.2397
3902.5268   13.3200   -0.1094
3901.8411   13.3503    0.1181
3901.6068   13.3572    0.1700
3901.3608   13.3596    0.1875
3901.6513   13.3586    0.1805
3901.9245   13.3632    0.2149
3902.5592   13.3272   -0.0555
3902.5928   13.3374    0.0211
3902.1812   13.3647    0.2262
3902.4152   13.3592    0.1849
3902.6276   13.3420    0.0561
3902.3408   13.3377    0.0239
3902.1007   13.3451    0.0786
3902.1394   13.3509    0.1226
3903.4010   13.3120   -0.1695
3903.3921   13.3150   -0.1468
3903.3921   13.2887   -0.3438
3903.4010   13.2545   -0.6003
3903.3921   13.2669   -0.5077
3903.3921   13.2547   -0.5993
3903.3655   13.2882   -0.3480
3903.3215   13.2963   -0.2866
3903.3215   13.2919   -0.3203
3903.4010   13.2645   -0.5257
3903.3921   13.2592   -0.5653
3903.3921   13.2718   -0.4709
3903.4010   13.2793   -0.4146
3903.3921   13.2727   -0.4640
3903.3921   13.2742   -0.4523
3903.3655   13.2742   -0.4529
3903.3214   13.2857   -0.3662
3903.3214   13.2817   -0.3966
3903.2594   13.2882   -0.3480
3903.1816   13.3128   -0.1632
3903.1810   13.2846   -0.3748
3903.2593   13.2836   -0.3825
3903.1809   13.2848   -0.3732
3903.1814   13.3000   -0.2593
3903.0859   13.3043   -0.2266
3902.9752   13.3081   -0.1983
3902.9750   13.3110   -0.1767
3903.3211   13.2763   -0.4371
3903.3655   13.2634   -0.5336
3903.3211   13.2708   -0.4783
3903.4010   13.2801   -0.4084
3903.3921   13.2805   -0.4051
3903.3921   13.2799   -0.4099
3903.4010   13.2892   -0.3402
3903.3921   13.2828   -0.3880
3903.3921   13.2979   -0.2751
3903.3655   13.2778   -0.4255
3903.3214   13.2864   -0.3612
3903.3214   13.2773   -0.4292
3903.4010   13.2896   -0.3373
3903.3921   13.2641   -0.5285
3903.3921   13.2446   -0.6743
3903.4010   13.2506   -0.6294
3903.3921   13.2382   -0.7230
3903.3921   13.2576   -0.5775
3903.3655   13.2403   -0.7067
3903.3215   13.2475   -0.6531
3903.3215   13.2575   -0.5778
3903.2593   13.2846   -0.3745
3903.1814   13.2956   -0.2924
3903.1809   13.2727   -0.4641
3903.2594   13.2593   -0.5642
3903.1810   13.2671   -0.5058
3903.1816   13.2682   -0.4980
3903.0859   13.2765   -0.4355
3902.9750   13.2879   -0.3501
3902.9752   13.2922   -0.3177
3903.3211   13.2680   -0.4989
3903.3655   13.2739   -0.4548
3903.3211   13.2510   -0.6269
3902.8419   13.3311   -0.0262
3902.7062   13.3560    0.1609
3902.7000   13.3614    0.2015
3902.8345   13.3299   -0.0348
3902.6959   13.3552    0.1544
3902.6938   13.3563    0.1631
3902.5438   13.3358    0.0096
3902.3798   13.3313   -0.0245
3902.3748   13.3356    0.0077
3902.8345   13.2942   -0.3026
3902.6938   13.3154   -0.1437
3902.6959   13.3126   -0.1644
3902.8419   13.3010   -0.2520
3902.7000   13.3071   -0.2057
3902.7062   13.3164   -0.1365
3902.5438   13.3359    0.0100
3902.3748   13.3455    0.0817
3902.3798   13.3475    0.0970
3902.1910   13.3374    0.0209
3902.0022   13.3400    0.0408
3901.9979   13.3497    0.1134
3902.1910   13.3532    0.1401
3901.9979   13.3652    0.2297
3902.0022   13.3759    0.3097
3901.7939   13.3737    0.2936
3901.5808   13.3624    0.2085
3901.5808   13.3882    0.4021
3902.3711   13.3355    0.0069
3902.5392   13.3156   -0.1420
3902.3711   13.3306   -0.0295
3902.9702   13.3142   -0.1528
3903.0830   13.3054   -0.2189
3903.1791   13.2853   -0.3691
3902.9670   13.3121   -0.1688
3902.9654   13.3306   -0.0300
3903.2592   13.2835   -0.3826
3903.3210   13.2748   -0.4483
3903.3655   13.2819   -0.3950
3903.3210   13.2804   -0.4066
3903.2592   13.2801   -0.4085
3902.9654   13.2853   -0.3697
3902.9670   13.2904   -0.3312
3903.1791   13.2798   -0.4104
3903.0830   13.2801   -0.4088
3902.9702   13.2934   -0.3086
3903.0802   13.2768   -0.4335
3903.1785   13.2841   -0.3788
3903.1785   13.2632   -0.5352
3903.3884   13.2941   -0.3036
3903.3505   13.2785   -0.4207
3903.2879   13.2869   -0.3576
3903.3884   13.2645   -0.5258
3903.3884   13.2548   -0.5979
3903.1997   13.3055   -0.2181
3903.0885   13.3252   -0.0700
3902.9540   13.3379    0.0249
3902.7976   13.3503    0.1178
3903.0884   13.3345   -0.0003
3903.1995   13.2999   -0.2602
3903.0890   13.3271   -0.0560
3903.3884   13.2659   -0.5148
3903.3884   13.2778   -0.4258
3903.2877   13.3296   -0.0373
3903.3504   13.2995   -0.2631
3903.2877   13.2940   -0.3041
3903.3884   13.2902   -0.3324
3903.3884   13.2968   -0.2836
3903.3505   13.2819   -0.3950
3903.2873   13.2832   -0.3853
3903.2873   13.3250   -0.0720
3902.6104   13.3571    0.1693
3902.4119   13.3624    0.2090
3902.1942   13.3566    0.1652
3901.9598   13.3563    0.1632
3902.4059   13.3622    0.2075
3902.5997   13.3650    0.2283
3902.4029   13.3486    0.1054
3901.7064   13.3548    0.1514
3901.4420   13.3514    0.1262
3901.1644   13.3685    0.2542
3901.4420   13.3660    0.2355
3901.7064   13.3613    0.2005
3902.4029   13.3576    0.1724
3902.5997   13.3431    0.0638
3902.4059   13.3309   -0.0274
3901.9598   13.3507    0.1208
3902.1942   13.3595    0.1872
3902.4119   13.3557    0.1588
3902.6104   13.3260   -0.0645
3902.1875   13.3477    0.0984
3901.9544   13.3563    0.1631
3901.9544   13.3590    0.1832
3903.3884   13.2899   -0.3352
3903.3884   13.2809   -0.4028
3903.2877   13.2831   -0.3861
3903.3504   13.3046   -0.2247
3903.2877   13.2887   -0.3440
3903.3884   13.2907   -0.3289
3903.3884   13.2811   -0.4006
3903.0890   13.3056   -0.2171
3903.1995   13.2853   -0.3693
3903.0884   13.2912   -0.3251
3902.7976   13.3136   -0.1574
3902.9540   13.2882   -0.3479
3903.0885   13.2857   -0.3663
3903.1997   13.2710   -0.4768
3903.3884   13.2806   -0.4050
3903.3884   13.2836   -0.3825
3903.2879   13.2680   -0.4994
3903.3505   13.2579   -0.5751
3903.3884   13.2747   -0.4492
3903.3505   13.2863   -0.3618
3903.2873   13.2964   -0.2861
3903.2873   13.2767   -0.4340
3903.3504   13.2871   -0.3562
3903.2871   13.2650   -0.5220
3903.1993   13.2864   -0.3615
3903.2871   13.2769   -0.4323
3903.1993   13.2824   -0.3911
3903.0856   13.3343   -0.0021
3902.9497   13.3536    0.1427
3902.7907   13.3393    0.0353
3902.7860   13.3570    0.1684
3902.7836   13.3590    0.1832
3903.0856   13.3007   -0.2540
3902.9497   13.3002   -0.2577
3902.7836   13.3325   -0.0157
3902.7860   13.3013   -0.2497
3902.7907   13.3099   -0.1850
3903.0847   13.2949   -0.2974
3903.0847   13.3123   -0.1672
3902.9456   13.3252   -0.0705
3901.7939   13.3912    0.4245
3901.9979   13.4002    0.4918
3902.1910   13.3904    0.4185
3901.9979   13.3851    0.3791
3902.1910   13.3548    0.1520
3902.3748   13.3585    0.1797
3902.5438   13.3556    0.1581
3902.7000   13.3498    0.1142
3902.8419   13.3484    0.1034
3902.6959   13.3354    0.0064
3902.6938   13.3275   -0.0529
3902.8345   13.3388    0.0320
3902.3748   13.3491    0.1090
3902.5438   13.3593    0.1856
3902.6938   13.3433    0.0655
3902.6959   13.3627    0.2106
3902.8345   13.3421    0.0562
3902.7000   13.3951    0.4536
3902.8419   13.3477    0.0982
3902.3711   13.3659    0.2348
3902.3711   13.3560    0.1608
3902.5392   13.3425    0.0595
3902.9750   13.3466    0.0903
3903.0859   13.3306   -0.0294
3903.1810   13.3320   -0.0192
3903.2594   13.3235   -0.0826
3903.1809   13.3463    0.0883
3903.1814   13.3382    0.0273
3903.2593   13.3347    0.0012
3903.3215   13.3142   -0.1527
3903.3655   13.3119   -0.1698
3903.3921   13.2911   -0.3261
3903.4010   13.2827   -0.3891
3903.3921   13.2985   -0.2703
3903.3921   13.2900   -0.3345
3903.4010   13.2730   -0.4616
3903.3214   13.3227   -0.0888
3903.3214   13.3376    0.0228
3903.3655   13.3307   -0.0290
3903.3921   13.3054   -0.2184
3903.3921   13.3199   -0.1102
3903.4010   13.3170   -0.1317
3903.3921   13.3264   -0.0611
3903.3921   13.3420    0.0560
3903.4010   13.3299   -0.0352
3903.3211   13.3326   -0.0144
3903.3211   13.3162   -0.1378
3903.3655   13.3130   -0.1621
3902.9750   13.3336   -0.0071
3903.0859   13.3268   -0.0586
3903.1814   13.2739   -0.4547
3903.1809   13.3278   -0.0509
3903.2593   13.3100   -0.1844
3903.1810   13.3506    0.1206
3903.2594   13.3486    0.1052
3903.3214   13.3229   -0.0872
3903.3214   13.2964   -0.2861
3903.3655   13.3012   -0.2502
3903.3921   13.3580    0.1760
3903.3921   13.3098   -0.1858
3903.4010   13.3160   -0.1391
3903.3921   13.3188   -0.1184
3903.3921   13.3294   -0.0387
3903.4010   13.3127   -0.1637
3903.3215   13.3574    0.1711
3903.3655   13.3486    0.1053
3903.3921   13.3413    0.0506
3903.3921   13.3617    0.2034
3903.4010   13.3418    0.0542
3903.3921   13.3608    0.1971
3903.4010   13.3474    0.0959
3903.3211   13.3540    0.1460
3903.3211   13.3229   -0.0873
3903.3655   13.3483    0.1033
3902.9702   13.3069   -0.2071
3902.9670   13.3302   -0.0329
3902.9654   13.3355    0.0073
3903.0830   13.2968   -0.2831
3903.1791   13.3050   -0.2216
3902.9654   13.3266   -0.0597
3902.9670   13.3364    0.0134
3902.9702   13.3396    0.0377
3903.0830   13.3314   -0.0241
3903.1791   13.3182   -0.1228
3903.2592   13.3262   -0.0629
3903.3210   13.3483    0.1028
3903.2592   13.3468    0.0918
3903.3210   13.3422    0.0574
3903.3655   13.3430    0.0634
3903.1785   13.3365    0.0144
3903.0802   13.3257   -0.0666
3903.1785   13.3230   -0.0866
3903.3884   13.2810   -0.4019
3903.3584   13.2870   -0.3567
3903.3107   13.2848   -0.3729
3903.2456   13.2788   -0.4180
3903.2994   13.2708   -0.4779
3903.2879   13.2496   -0.6375
3903.2158   13.2591   -0.5663
3903.1625   13.2967   -0.2837
3903.0633   13.3028   -0.2383
3902.9476   13.3014   -0.2490
3902.8163   13.3211   -0.1009
3902.9205   13.2956   -0.2926
3902.8941   13.2992   -0.2653
3902.7546   13.3173   -0.1297
3903.1069   13.2455   -0.6679
3903.0895   13.2509   -0.6276
3902.9752   13.2691   -0.4912
3902.8685   13.2678   -0.5006
3902.8439   13.2831   -0.3861
3902.6967   13.3139   -0.1549
3902.8203   13.2871   -0.3557
3902.7980   13.2871   -0.3562
3902.6438   13.3071   -0.2057
3903.1255   13.2589   -0.5675
3903.1440   13.2758   -0.4410
3903.0179   13.2675   -0.5028
3902.6633   13.3428    0.0617
3902.5017   13.3249   -0.0724
3902.3260   13.3271   -0.0559
3902.1376   13.3354    0.0064
3902.2737   13.3236   -0.0821
3902.2233   13.3215   -0.0982
3902.0244   13.3310   -0.0271
3901.9352   13.3362    0.0126
3901.7236   13.3439    0.0699
3901.5013   13.3560    0.1606
3901.2704   13.3646    0.2255
3901.4250   13.3503    0.1183
3901.3524   13.3536    0.1425
3901.1095   13.3566    0.1651
3901.7527   13.3398    0.0391
3901.6994   13.3430    0.0631
3901.4648   13.3528    0.1366
3901.2836   13.3545    0.1495
3901.2194   13.3596    0.1879
3900.9654   13.3619    0.2047
3901.1599   13.3644    0.2240
3901.1053   13.3685    0.2546
3900.8409   13.3670    0.2431
3901.8112   13.3339   -0.0049
3901.8721   13.3333   -0.0098
3901.5865   13.3455    0.0819
3902.4389   13.3404    0.0441
3902.4208   13.3307   -0.0287
3902.2211   13.3500    0.1155
3902.0304   13.3633    0.2154
3902.0057   13.3642    0.2223
3901.7765   13.3568    0.1668
3901.9846   13.3516    0.1275
3901.9670   13.3524    0.1334
3901.7316   13.3604    0.1940
3901.5662   13.3601    0.1916
3901.5319   13.3619    0.2053
3901.2777   13.3671    0.2443
3901.0559   13.3670    0.2430
3901.0124   13.3648    0.2265
3900.7383   13.3643    0.2233
3900.9745   13.3614    0.2009
3900.9425   13.3569    0.1673
3900.6596   13.3561    0.1614
3901.4608   13.3622    0.2073
3901.4481   13.3474    0.0965
3901.1786   13.3488    0.1070
3900.9168   13.3570    0.1680
3900.8972   13.3550    0.1534
3900.6063   13.3513    0.1252
3900.8839   13.3442    0.0725
3900.8769   13.3397    0.0385
3900.5794   13.3400    0.0409
3901.4803   13.3600    0.1910
3901.5040   13.3564    0.1634
3901.2165   13.3595    0.1867
3902.4665   13.3295   -0.0377
3902.4959   13.3221   -0.0936
3902.5268   13.3141   -0.1534
3902.2730   13.3314   -0.0241
3902.0651   13.3359    0.0103
3902.5592   13.2969   -0.2827
3902.5928   13.3019   -0.2451
3902.6276   13.3280   -0.0490
3902.4152   13.2989   -0.2676
3902.1812   13.3161   -0.1382
3901.8411   13.3521    0.1316
3901.6068   13.3585    0.1793
3901.9245   13.3368    0.0168
3901.6513   13.3506    0.1206
3901.3608   13.3676    0.2480
3902.1007   13.3324   -0.0159
3902.3408   13.3101   -0.1833
3902.1394   13.3218   -0.0956
3903.3884   13.3283   -0.0470
3903.3584   13.3300   -0.0346
3903.2879   13.3370    0.0182
3903.2994   13.3442    0.0719
3903.2158   13.3507    0.1209
3903.3107   13.3438    0.0695
3903.2456   13.3299   -0.0351
3903.0895   13.3361    0.0113
3903.1069   13.3435    0.0671
3902.9752   13.3474    0.0963
3902.7980   13.3320   -0.0190
3902.8203   13.3373    0.0202
3902.6438   13.3470    0.0932
3902.8439   13.3533    0.1403
3902.8685   13.3540    0.1454
3902.6967   13.3614    0.2009
3903.1625   13.3333   -0.0094
3903.0633   13.3272   -0.0549
3902.8941   13.3493    0.1105
3902.9205   13.3354    0.0060
3902.7546   13.3299   -0.0348
3902.9476   13.3277   -0.0517
3902.8163   13.3381    0.0263
3903.1440   13.3396    0.0374
3903.1255   13.3508    0.1218
3903.0179   13.3469    0.0926
3902.4208   13.3578    0.1745
3902.4389   13.3603    0.1931
3902.2211   13.3608    0.1965
3901.9670   13.3550    0.1529
3901.9846   13.3569    0.1675
3901.7316   13.3505    0.1198
3902.0057   13.3552    0.1551
3902.0304   13.3492    0.1101
3901.7765   13.3609    0.1975
3901.4481   13.3519    0.1302
3901.4608   13.3565    0.1643
3901.1786   13.3611    0.1987
3900.8769   13.3465    0.0896
3900.8839   13.3544    0.1490
3900.5794   13.3460    0.0858
3900.8972   13.3481    0.1015
3900.9168   13.3372    0.0201
3900.6063   13.3393    0.0357
3901.5319   13.3494    0.1110
3901.5662   13.3531    0.1392
3901.2777   13.3529    0.1373
3900.9425   13.3406    0.0456
3900.9745   13.3429    0.0627
3900.6596   13.3476    0.0980
3901.0124   13.3646    0.2256
3901.0559   13.3525    0.1342
3900.7383   13.3531    0.1388
3901.5040   13.3560    0.1607
3901.4803   13.3551    0.1543
3901.2165   13.3413    0.0507
3902.6633   13.3365    0.0146
3902.5017   13.3341   -0.0037
3902.2233   13.3391    0.0343
3902.2737   13.3383    0.0277
3902.0244   13.3384    0.0291
3902.3260   13.3319   -0.0197
3902.1376   13.3339   -0.0047
3901.6994   13.3503    0.1179
3901.7527   13.3441    0.0715
3901.4648   13.3499    0.1153
3901.1053   13.3396    0.0380
3901.1599   13.3388    0.0315
3900.8409   13.3414    0.0513
3901.2194   13.3458    0.0844
3901.2836   13.3453    0.0804
3900.9654   13.3402    0.0424
3901.9352   13.3343   -0.0022
3901.7236   13.3442    0.0723
3901.3524   13.3457    0.0833
3901.4250   13.3375    0.0217
3901.1095   13.3372    0.0201
3901.5013   13.3424    0.0588
3901.2704   13.3371    0.0193
3901.8721   13.3301   -0.0335
3901.8112   13.3368    0.0164
3901.5865   13.3413    0.0506
3902.6276   13.3369    0.0174
3902.5928   13.3326   -0.0145
3902.5592   13.3300   -0.0346
3902.4152   13.3435    0.0673
3902.1812   13.3429    0.0625
3902.5268   13.3483    0.1028
3902.4959   13.3548    0.1514
3902.4665   13.3532    0.1398
3902.2730   13.3527    0.1360
3902.0651   13.3554    0.1562
3901.9245   13.3433    0.0652
3901.6513   13.3462    0.0872
3901.8411   13.3553    0.1558
3901.6068   13.3490    0.1084
3901.3608   13.3486    0.1053
3902.1394   13.3414    0.0516
3902.3408   13.3472    0.0946
3902.1007   13.3525    0.1345
3903.3884   13.3229   -0.0876
3903.3884   13.3478    0.0996
3903.3884   13.3300   -0.0346
3903.3505   13.3336   -0.0076
3903.2879   13.3205   -0.1057
3903.3884   13.3155   -0.1432
3903.3884   13.2936   -0.3072
3903.3884   13.2989   -0.2673
3903.3884   13.3273   -0.0547
3903.3504   13.2805   -0.4057
3903.2877   13.2863   -0.3617
3903.2877   13.2842   -0.3777
3903.1997   13.3294   -0.0387
3903.0885   13.3177   -0.1267
3903.1995   13.2946   -0.2998
3903.0884   13.3003   -0.2566
3903.0890   13.2886   -0.3447
3902.9540   13.3098   -0.1857
3902.7976   13.3306   -0.0295
3903.2873   13.3139   -0.1551
3903.3505   13.3067   -0.2087
3903.2873   13.2929   -0.3127
3903.3884   13.3356    0.0075
3903.3884   13.3154   -0.1439
3903.3884   13.3127   -0.1638
3903.3884   13.3051   -0.2209
3903.3504   13.3016   -0.2475
3903.2877   13.3062   -0.2125
3903.2877   13.2856   -0.3670
3903.3884   13.2638   -0.5310
3903.3884   13.2663   -0.5116
3903.3884   13.2831   -0.3863
3903.3505   13.2581   -0.5733
3903.2879   13.2708   -0.4785
3903.1995   13.2738   -0.4560
3903.0890   13.2693   -0.4895
3903.0884   13.2810   -0.4019
3903.1997   13.2837   -0.3814
3903.0885   13.2706   -0.4800
3902.9540   13.2827   -0.3892
3902.7976   13.2883   -0.3473
3903.2873   13.2815   -0.3976
3903.3505   13.2777   -0.4264
3903.2873   13.2775   -0.4278
3902.6104   13.3303   -0.0324
3902.4119   13.3379    0.0248
3902.5997   13.3142   -0.1528
3902.4059   13.3298   -0.0357
3902.4029   13.3273   -0.0545
3902.1942   13.3487    0.1062
3901.9598   13.3475    0.0971
3902.5997   13.2954   -0.2937
3902.4029   13.3228   -0.0880
3902.4059   13.3299   -0.0352
3902.6104   13.3251   -0.0712
3902.4119   13.3296   -0.0370
3902.1942   13.3434    0.0662
3901.9598   13.3440    0.0708
3901.7064   13.3523    0.1333
3901.4420   13.3487    0.1060
3901.7064   13.3477    0.0989
3901.4420   13.3393    0.0355
3901.1644   13.3462    0.0876
3901.9544   13.3484    0.1035
3902.1875   13.3353    0.0058
3901.9544   13.3438    0.0692
3902.7907   13.3110   -0.1766
3902.9497   13.2821   -0.3937
3903.0856   13.2646   -0.5250
3902.7860   13.2999   -0.2601
3902.7836   13.2955   -0.2930
3903.1993   13.2670   -0.5064
3903.2871   13.2676   -0.5023
3903.3504   13.3156   -0.1419
3903.2871   13.2912   -0.3255
3903.1993   13.2833   -0.3848
3902.7836   13.2847   -0.3738
3902.7860   13.2861   -0.3634
3903.0856   13.2690   -0.4917
3902.9497   13.2642   -0.5280
3902.7907   13.2955   -0.2930
3902.9456   13.2657   -0.5166
3903.0847   13.2448   -0.6735
3903.0847   13.2389   -0.7175
3901.5808   13.3952    0.4548
3901.5013   13.3834    0.3660
3901.4250   13.4271    0.6942
3901.3524   13.4102    0.5669
3901.7236   13.4098    0.5640
3902.0022   13.3909    0.4224
3901.9352   13.3917    0.4282
3901.2836   13.4139    0.5950
3901.2194   13.4018    0.5046
3901.1599   13.3984    0.4787
3901.1053   13.3762    0.3125
3901.4648   13.4056    0.5327
3901.7527   13.4009    0.4974
3901.6994   13.4105    0.5695
3902.1376   13.4126    0.5853
3902.3798   13.4257    0.6833
3902.3260   13.4207    0.6458
3902.0244   13.4086    0.5550
3902.2737   13.4089    0.5575
3902.2233   13.4063    0.5383
3902.5017   13.4261    0.6861
3902.7062   13.4052    0.5296
3902.6633   13.3987    0.4813
3901.8721   13.3998    0.4890
3901.5865   13.3923    0.4327
3901.8112   13.4096    0.5625
3901.0559   13.3686    0.2555
3901.0124   13.3676    0.2474
3900.9745   13.3737    0.2938
3900.9425   13.3740    0.2957
3901.2777   13.3687    0.2559
3901.5662   13.3576    0.1725
3901.5319   13.3688    0.2565
3900.9168   13.3665    0.2392
3900.8972   13.3585    0.1795
3900.8839   13.3579    0.1747
3900.8769   13.3607    0.1962
3901.1786   13.3625    0.2091
3901.4608   13.3734    0.2914
3901.4481   13.3646    0.2254
3901.7765   13.3622    0.2073
3902.0304   13.3735    0.2920
3902.0057   13.3694    0.2609
3901.7316   13.3723    0.2827
3901.9846   13.3630    0.2130
3901.9670   13.3618    0.2045
3902.2211   13.3659    0.2347
3902.4389   13.3737    0.2937
3902.4208   13.3664    0.2384
3901.5040   13.3779    0.3251
3901.2165   13.3833    0.3656
3901.4803   13.3757    0.3082
3902.8163   13.3824    0.3589
3902.9752   13.3841    0.3717
3902.9476   13.3804    0.3437
3902.7546   13.3967    0.4657
3902.9205   13.3912    0.4250
3902.8941   13.3961    0.4616
3903.0633   13.3918    0.4292
3903.1816   13.3730    0.2880
3903.1625   13.3803    0.3428
3902.6967   13.4043    0.5232
3902.8685   13.3964    0.4638
3902.8439   13.3789    0.3325
3902.6438   13.3799    0.3398
3902.8203   13.3723    0.2831
3902.7980   13.3700    0.2661
3902.9752   13.3624    0.2087
3903.1069   13.3639    0.2199
3903.0895   13.3606    0.1955
3903.2456   13.3671    0.2440
3903.3215   13.3707    0.2713
3903.3107   13.3729    0.2874
3903.2158   13.3567    0.1657
3903.2994   13.3627    0.2113
3903.2879   13.3579    0.1749
3903.3584   13.3741    0.2961
3903.3921   13.3710    0.2731
3903.3884   13.3663    0.2377
3903.1440   13.3776    0.3228
3903.0179   13.3817    0.3538
3903.1255   13.3623    0.2081
3902.6276   13.3978    0.4746
3902.4152   13.4112    0.5750
3902.1812   13.4007    0.4958
3902.5928   13.3879    0.3998
3902.5592   13.4067    0.5408
3901.9245   13.4135    0.5917
3901.6513   13.3925    0.4341
3901.3608   13.3724    0.2840
3901.6068   13.3680    0.2509
3901.8411   13.3755    0.3071
3902.5268   13.4023    0.5077
3902.4959   13.3864    0.3885
3902.0651   13.3887    0.4060
3902.2730   13.3786    0.3304
3902.4665   13.3779    0.3246
3902.3408   13.4107    0.5708
3902.1394   13.4100    0.5661
3902.1007   13.3976    0.4729
3900.8769   13.3603    0.1927
3900.8839   13.3612    0.1999
3900.8972   13.3620    0.2056
3900.9168   13.3669    0.2423
3901.1786   13.3577    0.1738
3901.4481   13.3592    0.1850
3901.4608   13.3658    0.2339
3900.9425   13.3958    0.4593
3900.9745   13.3937    0.4435
3901.0124   13.3732    0.2899
3901.0559   13.3636    0.2178
3901.2777   13.3793    0.3355
3901.5319   13.3661    0.2365
3901.5662   13.3710    0.2730
3901.7316   13.3384    0.0284
3901.9670   13.3305   -0.0304
3901.9846   13.3253   -0.0695
3901.7765   13.3491    0.1092
3902.0057   13.3570    0.1682
3902.0304   13.3471    0.0939
3902.2211   13.3308   -0.0283
3902.4208   13.3261   -0.0638
3902.4389   13.3291   -0.0412
3901.4803   13.3526    0.1355
3901.2165   13.3635    0.2173
3901.5040   13.3590    0.1831
3901.1053   13.3763    0.3127
3901.1599   13.3534    0.1411
3901.2194   13.3393    0.0355
3901.2836   13.3548    0.1515
3901.4648   13.3526    0.1355
3901.6994   13.3551    0.1538
3901.7527   13.3503    0.1182
3901.3524   13.3515    0.1269
3901.4250   13.3562    0.1621
3901.5013   13.3664    0.2390
3901.5808   13.3687    0.2561
3901.7236   13.3462    0.0873
3901.9352   13.3413    0.0505
3902.0022   13.3490    0.1083
3902.0244   13.3501    0.1166
3902.2233   13.3569    0.1674
3902.2737   13.3471    0.0941
3902.1376   13.3418    0.0540
3902.3260   13.3497    0.1133
3902.3798   13.3484    0.1039
3902.5017   13.3413    0.0504
3902.6633   13.3488    0.1069
3902.7062   13.3349    0.0024
3901.8112   13.3411    0.0489
3901.5865   13.3515    0.1268
3901.8721   13.3441    0.0715
3902.6438   13.3356    0.0081
3902.7980   13.3477    0.0982
3902.8203   13.3511    0.1241
3902.6967   13.3828    0.3616
3902.8439   13.3590    0.1835
3902.8685   13.3961    0.4616
3902.9752   13.3558    0.1591
3903.0895   13.3546    0.1505
3903.1069   13.3576    0.1725
3902.7546   13.3535    0.1423
3902.8941   13.3743    0.2983
3902.9205   13.3596    0.1876
3902.8163   13.3557    0.1584
3902.9476   13.3436    0.0678
3902.9752   13.3622    0.2069
3903.0633   13.3668    0.2417
3903.1625   13.3748    0.3015
3903.1816   13.3647    0.2256
3903.2158   13.3562    0.1625
3903.2879   13.3659    0.2350
3903.2994   13.3654    0.2316
3903.2456   13.3634    0.2162
3903.3107   13.3881    0.4013
3903.3215   13.3692    0.2595
3903.3584   13.3768    0.3169
3903.3884   13.3730    0.2881
3903.3921   13.3791    0.3340
3903.1255   13.3645    0.2248
3903.0179   13.3886    0.4051
3903.1440   13.3712    0.2746
3902.4665   13.3557    0.1586
3902.2730   13.3544    0.1487
3902.0651   13.3501    0.1165
3902.4959   13.3699    0.2646
3902.5268   13.3584    0.1784
3901.8411   13.3699    0.2648
3901.6068   13.3678    0.2494
3901.3608   13.3632    0.2147
3901.6513   13.3551    0.1539
3901.9245   13.3506    0.1203
3902.5592   13.3548    0.1514
3902.5928   13.3582    0.1770
3902.1812   13.3551    0.1541
3902.4152   13.3501    0.1166
3902.6276   13.3495    0.1120
3902.3408   13.3538    0.1440
3902.1007   13.3579    0.1752
3902.1394   13.3763    0.3132
3903.4010   13.3600    0.1911
3903.3921   13.3633    0.2151
3903.3921   13.3644    0.2238
3903.4010   13.3588    0.1818
3903.3921   13.3509    0.1223
3903.3921   13.3586    0.1805
3903.3655   13.3529    0.1378
3903.3215   13.3466    0.0905
3903.3215   13.3416    0.0529
3903.4010   13.3508    0.1219
3903.3921   13.3529    0.1374
3903.3921   13.3530    0.1380
3903.4010   13.3541    0.1466
3903.3921   13.3510    0.1232
3903.3921   13.3507    0.1210
3903.3655   13.3521    0.1314
3903.3214   13.3538    0.1441
3903.3214   13.3429    0.0623
3903.2594   13.3481    0.1015
3903.1816   13.3439    0.0698
3903.1810   13.3461    0.0866
3903.2593   13.3492    0.1096
3903.1809   13.3474    0.0964
3903.1814   13.3501    0.1168
3903.0859   13.3466    0.0903
3902.9752   13.3436    0.0681
3902.9750   13.3417    0.0533
3903.3211   13.3538    0.1440
3903.3655   13.3556    0.1576
3903.3211   13.3555    0.1573
3903.4010   13.3633    0.2155
3903.3921   13.3550    0.1533
3903.3921   13.3603    0.1929
3903.4010   13.3433    0.0652
3903.3921   13.3522    0.1321
3903.3921   13.3414    0.0513
3903.3655   13.3576    0.1730
3903.3214   13.3529    0.1373
3903.3214   13.3610    0.1986
3903.4010   13.3247   -0.0739
3903.3921   13.3359    0.0100
3903.3921   13.3271   -0.0557
3903.4010   13.3593    0.1855
3903.3921   13.3458    0.0840
3903.3921   13.3691    0.2588
3903.3655   13.3317   -0.0212
3903.3215   13.3410    0.0482
3903.3215   13.3326   -0.0149
3903.2593   13.3607    0.1962
3903.1814   13.3637    0.2183
3903.1809   13.3489    0.1075
3903.2594   13.3383    0.0282
3903.1810   13.3456    0.0826
3903.1816   13.3365    0.0146
3903.0859   13.3452    0.0794
3902.9750   13.3414    0.0516
3902.9752   13.3350    0.0032
3903.3211   13.3452    0.0794
3903.3655   13.3438    0.0693
3903.3211   13.3390    0.0332
3902.8419   13.3375    0.0223
3902.7062   13.3336   -0.0075
3902.7000   13.3357    0.0081
3902.8345   13.3241   -0.0785
3902.6959   13.3295   -0.0378
3902.6938   13.3323   -0.0169
3902.5438   13.3332   -0.0105
3902.3798   13.3330   -0.0119
3902.3748   13.3340   -0.0042
3902.8345   13.3286   -0.0446
3902.6938   13.3292   -0.0404
3902.6959   13.3306   -0.0294
3902.8419   13.3332   -0.0100
3902.7000   13.3270   -0.0568
3902.7062   13.3300   -0.0340
3902.5438   13.3262   -0.0630
3902.3748   13.3332   -0.0103
3902.3798   13.3394    0.0365
3902.1910   13.3360    0.0107
3902.0022   13.3400    0.0405
3901.9979   13.3375    0.0220
3902.1910   13.3334   -0.0086
3901.9979   13.3321   -0.0183
3902.0022   13.3348    0.0017
3901.7939   13.3406    0.0451
3901.5808   13.3405    0.0443
3901.5808   13.3369    0.0176
3902.3711   13.3348    0.0018
3902.5392   13.3305   -0.0304
3902.3711   13.3271   -0.0562
3902.9702   13.3427    0.0608
3903.0830   13.3484    0.1039
3903.1791   13.3455    0.0823
3902.9670   13.3362    0.0121
3902.9654   13.3403    0.0427
3903.2592   13.3435    0.0671
3903.3210   13.3436    0.0675
3903.3655   13.3454    0.0816
3903.3210   13.3454    0.0810
3903.2592   13.3542    0.1469
3902.9654   13.3386    0.0305
3902.9670   13.3342   -0.0028
3903.1791   13.3499    0.1148
3903.0830   13.3467    0.0910
3902.9702   13.3377    0.0238
3903.0802   13.3481    0.1012
3903.1785   13.3484    0.1039
3903.1785   13.3507    0.1210
3903.3884   13.3608    0.1969
3903.3505   13.3655    0.2319
3903.2879   13.3586    0.1805
3903.3884   13.3585    0.1793
3903.3884   13.3556    0.1575
3903.1997   13.3646    0.2251
3903.0885   13.3649    0.2278
3902.9540   13.3686    0.2552
3902.7976   13.3596    0.1881
3903.0884   13.3582    0.1769
3903.1995   13.3628    0.2119
3903.0890   13.3738    0.2940
3903.3884   13.3578    0.1746
3903.3884   13.3537    0.1436
3903.2877   13.3613    0.2004
3903.3504   13.3674    0.2466
3903.2877   13.3621    0.2063
3903.3884   13.3528    0.1370
3903.3884   13.3543    0.1481
3903.3505   13.3625    0.2095
3903.2873   13.3638    0.2193
3903.2873   13.3611    0.1993
3902.6104   13.3559    0.1603
3902.4119   13.3587    0.1809
3902.1942   13.3563    0.1630
3901.9598   13.3590    0.1833
3902.4059   13.3610    0.1986
3902.5997   13.3717    0.2787
3902.4029   13.3642    0.2222
3901.7064   13.3574    0.1712
3901.4420   13.3601    0.1913
3901.1644   13.3627    0.2106
3901.4420   13.3529    0.1374
3901.7064   13.3381    0.0261
3902.4029   13.3622    0.2075
3902.5997   13.3556    0.1577
3902.4059   13.3588    0.1816
3901.9598   13.3475    0.0966
3902.1942   13.3521    0.1318
3902.4119   13.3598    0.1893
3902.6104   13.3528    0.1368
3902.1875   13.3480    0.1004
3901.9544   13.3530    0.1381
3901.9544   13.3444    0.0735
3903.3884   13.3491    0.1089
3903.3884   13.3577    0.1735
3903.2877   13.3477    0.0983
3903.3504   13.3325   -0.0153
3903.2877   13.3321   -0.0183
3903.3884   13.3444    0.0740
3903.3884   13.3396    0.0379
3903.0890   13.3282   -0.0476
3903.1995   13.3314   -0.0238
3903.0884   13.3441    0.0712
3902.7976   13.3360    0.0105
3902.9540   13.3476    0.0981
3903.0885   13.3574    0.1715
3903.1997   13.3601    0.1914
3903.3884   13.3205   -0.1054
3903.3884   13.3288   -0.0434
3903.2879   13.3484    0.1034
3903.3505   13.3467    0.0913
3903.3884   13.3516    0.1279
3903.3505   13.3233   -0.0846
3903.2873   13.3234   -0.0835
3903.2873   13.3314   -0.0241
3903.3504   13.3517    0.1282
3903.2871   13.3587    0.1811
3903.1993   13.3660    0.2361
3903.2871   13.3610    0.1985
3903.1993   13.3629    0.2127
3903.0856   13.3809    0.3477
3902.9497   13.3748    0.3014
3902.7907   13.3595    0.1873
3902.7860   13.3745    0.2995
3902.7836   13.3637    0.2186
3903.0856   13.3445    0.0744
3902.9497   13.3312   -0.0255
3902.7836   13.3430    0.0631
3902.7860   13.3373    0.0207
3902.7907   13.3555    0.1570
3903.0847   13.3659    0.2350
3903.0847   13.3751    0.3042
3902.9456   13.3583    0.1781
3901.7939   13.3998    0.4891
3901.9979   13.3858    0.3843
3902.1910   13.3797    0.3383
3901.9979   13.3922    0.4319
3902.1910   13.3855    0.3819
3902.3748   13.4014    0.5011
3902.5438   13.4190    0.6331
3902.7000   13.4164    0.6138
3902.8419   13.3848    0.3767
3902.6959   13.3975    0.4717
3902.6938   13.4165    0.6145
3902.8345   13.3918    0.4290
3902.3748   13.3754    0.3062
3902.5438   13.3608    0.1968
3902.6938   13.3849    0.3778
3902.6959   13.3748    0.3017
3902.8345   13.3815    0.3518
3902.7000   13.3605    0.1941
3902.8419   13.3455    0.0823
3902.3711   13.3925    0.4344
3902.3711   13.4001    0.4914
3902.5392   13.3976    0.4724
3902.9750   13.3772    0.3195
3903.0859   13.3853    0.3806
3903.1810   13.3772    0.3200
3903.2594   13.3662    0.2373
3903.1809   13.3777    0.3235
3903.1814   13.3802    0.3422
3903.2593   13.3718    0.2794
3903.3215   13.3633    0.2154
3903.3655   13.3750    0.3032
3903.3921   13.3753    0.3057
3903.4010   13.3693    0.2601
3903.3921   13.3773    0.3208
3903.3921   13.3701    0.2663
3903.4010   13.3683    0.2527
3903.3214   13.3619    0.2047
3903.3214   13.3635    0.2172
3903.3655   13.3491    0.1093
3903.3921   13.3575    0.1722
3903.3921   13.3473    0.0951
3903.4010   13.3574    0.1710
3903.3921   13.3369    0.0176
3903.3921   13.3294   -0.0385
3903.4010   13.3244   -0.0765
3903.3211   13.3607    0.1960
3903.3211   13.3638    0.2195
3903.3655   13.3575    0.1721
3902.9750   13.3248   -0.0729
3903.0859   13.3000   -0.2589
3903.1814   13.3217   -0.0968
3903.1809   13.3241   -0.0787
3903.2593   13.3063   -0.2121
3903.1810   13.2828   -0.3880
3903.2594   13.2642   -0.5275
3903.3214   13.3117   -0.1716
3903.3214   13.2980   -0.2742
3903.3655   13.2992   -0.2651
3903.3921   13.3306   -0.0295
3903.3921   13.3226   -0.0898
3903.4010   13.3060   -0.2145
3903.3921   13.2801   -0.4087
3903.3921   13.2707   -0.4786
3903.4010   13.2754   -0.4433
3903.3215   13.2410   -0.7014
3903.3655   13.2423   -0.6916
3903.3921   13.2569   -0.5827
3903.3921   13.2530   -0.6115
3903.4010   13.2588   -0.5681
3903.3921   13.2455   -0.6681
3903.4010   13.2512   -0.6250
3903.3211   13.2717   -0.4714
3903.3211   13.2837   -0.3813
3903.3655   13.2642   -0.5279
3902.9702   13.3576    0.1729
3902.9670   13.3668    0.2417
3902.9654   13.4018    0.5040
3903.0830   13.3529    0.1373
3903.1791   13.3495    0.1117
3902.9654   13.3778    0.3243
3902.9670   13.3892    0.4100
3902.9702   13.3715    0.2769
3903.0830   13.3736    0.2929
3903.1791   13.3815    0.3521
3903.2592   13.3246   -0.0750
3903.3210   13.3517    0.1285
3903.2592   13.3780    0.3260
3903.3210   13.3649    0.2273
3903.3655   13.3501    0.1162
3903.1785   13.3403    0.0431
3903.0802   13.3578    0.1741
3903.1785   13.3723    0.2831
3903.3884   13.3648    0.2271
3903.3584   13.3622    0.2074
3903.3107   13.3578    0.1745
3903.2456   13.3454    0.0816
3903.2994   13.3582    0.1774
3903.2879   13.3558    0.1589
3903.2158   13.3498    0.1141
3903.1625   13.3417    0.0533
3903.0633   13.3488    0.1070
3902.9476   13.3433    0.0654
3902.8163   13.3376    0.0224
3902.9205   13.3430    0.0630
3902.8941   13.3428    0.0620
3902.7546   13.3397    0.0383
3903.1069   13.3488    0.1070
3903.0895   13.3425    0.0592
3902.9752   13.3429    0.0623
3902.8685   13.3415    0.0521
3902.8439   13.3391    0.0342
3902.6967   13.3407    0.0459
3902.8203   13.3363    0.0131
3902.7980   13.3297   -0.0367
3902.6438   13.3329   -0.0127
3903.1255   13.3512    0.1250
3903.1440   13.3449    0.0776
3903.0179   13.3457    0.0837
3902.6633   13.3335   -0.0076
3902.5017   13.3318   -0.0207
3902.3260   13.3301   -0.0336
3902.1376   13.3324   -0.0164
3902.2737   13.3325   -0.0157
3902.2233   13.3363    0.0132
3902.0244   13.3400    0.0407
3901.9352   13.3326   -0.0148
3901.7236   13.3479    0.1000
3901.5013   13.3517    0.1282
3901.2704   13.3454    0.0810
3901.4250   13.3470    0.0933
3901.3524   13.3570    0.1679
3901.1095   13.3731    0.2893
3901.7527   13.3491    0.1093
3901.6994   13.3538    0.1443
3901.4648   13.3616    0.2028
3901.2836   13.3601    0.1912
3901.2194   13.3672    0.2445
3900.9654   13.3771    0.3187
3901.1599   13.3696    0.2626
3901.1053   13.3890    0.4082
3900.8409   13.3811    0.3487
3901.8112   13.3427    0.0609
3901.8721   13.3346    0.0004
3901.5865   13.3470    0.0932
3902.4389   13.3326   -0.0147
3902.4208   13.3260   -0.0642
3902.2211   13.3366    0.0156
3902.0304   13.3561    0.1612
3902.0057   13.3514    0.1259
3901.7765   13.3636    0.2176
3901.9846   13.3413    0.0505
3901.9670   13.3304   -0.0310
3901.7316   13.3441    0.0713
3901.5662   13.3807    0.3462
3901.5319   13.3748    0.3016
3901.2777   13.3916    0.4278
3901.0559   13.4068    0.5415
3901.0124   13.3981    0.4761
3900.7383   13.4106    0.5705
3900.9745   13.3907    0.4213
3900.9425   13.3777    0.3233
3900.6596   13.3835    0.3668
3901.4608   13.3437    0.0687
3901.4481   13.3301   -0.0336
3901.1786   13.3391    0.0340
3900.9168   13.3644    0.2241
3900.8972   13.3523    0.1332
3900.6063   13.3598    0.1895
3900.8839   13.3381    0.0264
3900.8769   13.3247   -0.0740
3900.5794   13.3360    0.0109
3901.4803   13.3558    0.1594
3901.5040   13.3684    0.2538
3901.2165   13.3692    0.2600
3902.4665   13.3390    0.0331
3902.4959   13.3408    0.0464
3902.5268   13.3440    0.0705
3902.2730   13.3455    0.0820
3902.0651   13.3570    0.1680
3902.5592   13.3422    0.0575
3902.5928   13.3376    0.0228
3902.6276   13.3349    0.0027
3902.4152   13.3356    0.0076
3902.1812   13.3407    0.0464
3901.8411   13.3700    0.2656
3901.6068   13.3750    0.3035
3901.9245   13.3495    0.1118
3901.6513   13.3635    0.2168
3901.3608   13.3851    0.3790
3902.1007   13.3556    0.1577
3902.3408   13.3437    0.0685
3902.1394   13.3471    0.0939
3903.3884   13.2680   -0.4992
3903.3584   13.2540   -0.6040
3903.2879   13.2552   -0.5954
3903.2994   13.2637   -0.5317
3903.2158   13.2668   -0.5084
3903.3107   13.2576   -0.5770
3903.2456   13.2731   -0.4609
3903.0895   13.3031   -0.2357
3903.1069   13.2625   -0.5405
3902.9752   13.2999   -0.2602
3902.7980   13.3146   -0.1499
3902.8203   13.3220   -0.0942
3902.6438   13.3041   -0.2284
3902.8439   13.3074   -0.2040
3902.8685   13.2758   -0.4408
3902.6967   13.2985   -0.2702
3903.1625   13.2850   -0.3715
3903.0633   13.2778   -0.4256
3902.8941   13.2921   -0.3181
3902.9205   13.3008   -0.2530
3902.7546   13.3209   -0.1021
3902.9476   13.2927   -0.3139
3902.8163   13.3080   -0.1994
3903.1440   13.2538   -0.6054
3903.1255   13.2715   -0.4727
3903.0179   13.2590   -0.5670
3902.4208   13.2807   -0.4039
3902.4389   13.2949   -0.2978
3902.2211   13.2768   -0.4335
3901.9670   13.2756   -0.4422
3901.9846   13.2741   -0.4533
3901.7316   13.2773   -0.4293
3902.0057   13.2782   -0.4226
3902.0304   13.2895   -0.3378
3901.7765   13.2820   -0.3941
3901.4481   13.2905   -0.3306
3901.4608   13.2813   -0.3994
3901.1786   13.2953   -0.2942
3900.8769   13.3158   -0.1404
3900.8839   13.3092   -0.1901
3900.5794   13.3226   -0.0901
3900.8972   13.2985   -0.2703
3900.9168   13.2937   -0.3065
3900.6063   13.3105   -0.1802
3901.5319   13.2897   -0.3361
3901.5662   13.3010   -0.2514
3901.2777   13.3003   -0.2573
3900.9425   13.2999   -0.2601
3900.9745   13.3076   -0.2024
3900.6596   13.3136   -0.1575
3901.0124   13.3165   -0.1353
3901.0559   13.3209   -0.1023
3900.7383   13.3274   -0.0541
3901.5040   13.2783   -0.4217
3901.4803   13.2767   -0.4340
3901.2165   13.2875   -0.3527
3902.6633   13.3258   -0.0655
3902.5017   13.3429    0.0625
3902.2233   13.3605    0.1944
3902.2737   13.3648    0.2269
3902.0244   13.3652    0.2300
3902.3260   13.3607    0.1962
3902.1376   13.3764    0.3135
3901.6994   13.3495    0.1119
3901.7527   13.3624    0.2084
3901.4648   13.3563    0.1627
3901.1053   13.3337   -0.0065
3901.1599   13.3443    0.0733
3900.8409   13.3396    0.0380
3901.2194   13.3600    0.1910
3901.2836   13.3769    0.3174
3900.9654   13.3613    0.2007
3901.9352   13.3888    0.4071
3901.7236   13.3946    0.4503
3901.3524   13.3947    0.4509
3901.4250   13.3982    0.4772
3901.1095   13.3899    0.4148
3901.5013   13.3928    0.4365
3901.2704   13.3898    0.4142
3901.8721   13.3892    0.4100
3901.8112   13.3757    0.3082
3901.5865   13.3832    0.3651
3902.6276   13.3337   -0.0062
3902.5928   13.3372    0.0200
3902.5592   13.3185   -0.1201
3902.4152   13.3495    0.1123
3902.1812   13.3485    0.1046
3902.5268   13.2946   -0.2999
3902.4959   13.3022   -0.2426
3902.4665   13.3012   -0.2506
3902.2730   13.2989   -0.2673
3902.0651   13.2997   -0.2617
3901.9245   13.3355    0.0073
3901.6513   13.3328   -0.0133
3901.8411   13.3084   -0.1959
3901.6068   13.3164   -0.1366
3901.3608   13.3245   -0.0758
3902.1394   13.3211   -0.1012
3902.3408   13.3109   -0.1775
3902.1007   13.3104   -0.1815
3903.3884   13.2396   -0.7124
3903.3884   13.2489   -0.6426
3903.3884   13.2604   -0.5559
3903.3505   13.2501   -0.6332
3903.2879   13.2788   -0.4184
3903.3884   13.2726   -0.4646
3903.3884   13.2992   -0.2651
3903.3884   13.2822   -0.3930
3903.3884   13.2857   -0.3667
3903.3504   13.2741   -0.4534
3903.2877   13.2833   -0.3841
3903.2877   13.2871   -0.3560
3903.1997   13.2991   -0.2662
3903.0885   13.3318   -0.0210
3903.1995   13.2967   -0.2842
3903.0884   13.3092   -0.1904
3903.0890   13.3083   -0.1970
3902.9540   13.3158   -0.1405
3902.7976   13.2989   -0.2674
3903.2873   13.2924   -0.3159
3903.3505   13.2728   -0.4635
3903.2873   13.2978   -0.2760
3903.3884   13.3115   -0.1727
3903.3884   13.3338   -0.0059
3903.3884   13.3493    0.1104
3903.3884   13.3563    0.1629
3903.3504   13.3372    0.0199
3903.2877   13.3194   -0.1135
3903.2877   13.3329   -0.0124
3903.3884   13.3597    0.1887
3903.3884   13.3663    0.2383
3903.3884   13.3672    0.2451
3903.3505   13.3632    0.2149
3903.2879   13.3550    0.1534
3903.1995   13.3342   -0.0025
3903.0890   13.3239   -0.0802
3903.0884   13.3328   -0.0130
3903.1997   13.3464    0.0886
3903.0885   13.3397    0.0383
3902.9540   13.3286   -0.0449
3902.7976   13.3245   -0.0753
3903.2873   13.3434    0.0661
3903.3505   13.3534    0.1409
3903.2873   13.3515    0.1272
3902.6104   13.2876   -0.3520
3902.4119   13.2729   -0.4628
3902.5997   13.2796   -0.4122
3902.4059   13.2771   -0.4309
3902.4029   13.2823   -0.3918
3902.1942   13.2808   -0.4028
3901.9598   13.2874   -0.3534
3902.5997   13.2905   -0.3308
3902.4029   13.2870   -0.3567
3902.4059   13.3019   -0.2448
3902.6104   13.3188   -0.1184
3902.4119   13.3151   -0.1458
3902.1942   13.3139   -0.1553
3901.9598   13.3153   -0.1443
3901.7064   13.2985   -0.2703
3901.4420   13.2990   -0.2670
3901.7064   13.3154   -0.1440
3901.4420   13.3141   -0.1537
3901.1644   13.3089   -0.1928
3901.9544   13.2978   -0.2760
3902.1875   13.2906   -0.3300
3901.9544   13.3032   -0.2354
3902.7907   13.2929   -0.3122
3902.9497   13.2994   -0.2637
3903.0856   13.3141   -0.1533
3902.7860   13.2908   -0.3279
3902.7836   13.2899   -0.3352
3903.1993   13.3013   -0.2495
3903.2871   13.2945   -0.3006
3903.3504   13.3010   -0.2516
3903.2871   13.3116   -0.1724
3903.1993   13.3063   -0.2121
3902.7836   13.2900   -0.3342
3902.7860   13.3043   -0.2270
3903.0856   13.3106   -0.1797
3902.9497   13.3144   -0.1509
3902.7907   13.3161   -0.1388
3902.9456   13.2925   -0.3154
3903.0847   13.2933   -0.3098
3903.0847   13.2991   -0.2658
3901.7939   13.3679    0.2502
3901.9979   13.3564    0.1634
3902.1910   13.3627    0.2113
3901.9979   13.3581    0.1769
3902.1910   13.3471    0.0937
3902.3748   13.3553    0.1558
3902.5438   13.3356    0.0080
3902.7000   13.3283   -0.0470
3902.8419   13.3179   -0.1252
3902.6959   13.3404    0.0436
3902.6938   13.3436    0.0681
3902.8345   13.3405    0.0445
3902.3748   13.3374    0.0210
3902.5438   13.3495    0.1116
3902.6938   13.3443    0.0731
3902.6959   13.3388    0.0321
3902.8345   13.3414    0.0516
3902.7000   13.3519    0.1300
3902.8419   13.3294   -0.0387
3902.3711   13.3552    0.1544
3902.3711   13.3624    0.2090
3902.5392   13.3451    0.0788
3902.9750   13.3122   -0.1678
3903.0859   13.3296   -0.0371
3903.1810   13.3589    0.1823
3903.2594   13.3467    0.0907
3903.1809   13.3312   -0.0256
3903.1814   13.3495    0.1121
3903.2593   13.3426    0.0602
3903.3215   13.3474    0.0964
3903.3655   13.3321   -0.0186
3903.3921   13.3262   -0.0624
3903.4010   13.3301   -0.0334
3903.3921   13.3343   -0.0018
3903.3921   13.3382    0.0272
3903.4010   13.3341   -0.0033
3903.3214   13.3470    0.0933
3903.3214   13.3396    0.0376
3903.3655   13.3360    0.0109
3903.3921   13.3384    0.0290
3903.3921   13.3334   -0.0084
3903.4010   13.3322   -0.0180
3903.3921   13.3273   -0.0549
3903.3921   13.3189   -0.1172
3903.4010   13.3136   -0.1572
3903.3211   13.3446    0.0750
3903.3211   13.3418    0.0539
3903.3655   13.3452    0.0799
3902.9750   13.3483    0.1029
3903.0859   13.3730    0.2884
3903.1814   13.3420    0.0558
3903.1809   13.3661    0.2363
3903.2593   13.3674    0.2464
3903.1810   13.3589    0.1825
3903.2594   13.3726    0.2851
3903.3214   13.3408    0.0466
3903.3214   13.3612    0.2000
3903.3655   13.3467    0.0912
3903.3921   13.3301   -0.0333
3903.3921   13.3329   -0.0123
3903.4010   13.3288   -0.0434
3903.3921   13.3731    0.2887
3903.3921   13.3856    0.3825
3903.4010   13.3807    0.3460
3903.3215   13.3677    0.2484
3903.3655   13.3677    0.2488
3903.3921   13.3703    0.2677
3903.3921   13.3637    0.2182
3903.4010   13.3686    0.2555
3903.3921   13.3904    0.4190
3903.4010   13.3796    0.3380
3903.3211   13.3777    0.3238
3903.3211   13.3812    0.3500
3903.3655   13.3788    0.3320
3902.9702   13.3303   -0.0320
3902.9670   13.3326   -0.0147
3902.9654   13.3417    0.0538
3903.0830   13.3361    0.0113
3903.1791   13.3345   -0.0008
3902.9654   13.3459    0.0847
3902.9670   13.3499    0.1153
3902.9702   13.3326   -0.0151
3903.0830   13.3520    0.1307
3903.1791   13.3557    0.1586
3903.2592   13.3367    0.0158
3903.3210   13.3378    0.0243
3903.2592   13.3403    0.0430
3903.3210   13.3316   -0.0223
3903.3655   13.3311   -0.0258
3903.1785   13.3307   -0.0289
3903.0802   13.3377    0.0232
3903.1785   13.3391    0.0343
3903.3884   13.3292   -0.0399
3903.3584   13.3448    0.0769
3903.3107   13.3387    0.0307
3903.2456   13.3185   -0.1201
3903.2994   13.3380    0.0257
3903.2879   13.3328   -0.0135
3903.2158   13.3244   -0.0763
3903.1625   13.3163   -0.1373
3903.0633   13.3358    0.0093
3902.9476   13.2975   -0.2777
3902.8163   13.3246   -0.0747
3902.9205   13.3245   -0.0753
3902.8941   13.3435    0.0669
3902.7546   13.3196   -0.1122
3903.1069   13.3100   -0.1843
3903.0895   13.2895   -0.3382
3902.9752   13.2913   -0.3246
3902.8685   13.3196   -0.1124
3902.8439   13.3002   -0.2577
3902.6967   13.3202   -0.1078
3902.8203   13.2799   -0.4099
3902.7980   13.2743   -0.4521
3902.6438   13.2850   -0.3714
3903.1255   13.3070   -0.2067
3903.1440   13.3130   -0.1620
3903.0179   13.3194   -0.1134
3902.6633   13.3490    0.1081
3902.5017   13.3685    0.2546
3902.3260   13.3800    0.3407
3902.1376   13.3725    0.2844
3902.2737   13.3792    0.3345
3902.2233   13.3633    0.2153
3902.0244   13.3696    0.2626
3901.9352   13.3635    0.2168
3901.7236   13.3401    0.0417
3901.5013   13.3101   -0.1838
3901.2704   13.2940   -0.3042
3901.4250   13.3173   -0.1295
3901.3524   13.3091   -0.1908
3901.1095   13.3159   -0.1401
3901.7527   13.3600    0.1909
3901.6994   13.3545    0.1492
3901.4648   13.3403    0.0429
3901.2836   13.3012   -0.2502
3901.2194   13.3198   -0.1109
3900.9654   13.3254   -0.0690
3901.1599   13.3424    0.0586
3901.1053   13.3404    0.0441
3900.8409   13.3454    0.0810
3901.8112   13.3618    0.2039
3901.8721   13.3643    0.2229
3901.5865   13.3280   -0.0492
3902.4389   13.3067   -0.2089
3902.4208   13.3072   -0.2052
3902.2211   13.3210   -0.1015
3902.0304   13.3311   -0.0261
3902.0057   13.3343   -0.0023
3901.7765   13.3457    0.0835
3901.9846   13.3354    0.0063
3901.9670   13.3442    0.0720
3901.7316   13.3502    0.1171
3901.5662   13.3402    0.0426
3901.5319   13.3471    0.0937
3901.2777   13.3482    0.1019
3901.0559   13.3417    0.0534
3901.0124   13.3486    0.1055
3900.7383   13.3500    0.1160
3900.9745   13.3521    0.1317
3900.9425   13.3531    0.1388
3900.6596   13.3559    0.1603
3901.4608   13.3612    0.1995
3901.4481   13.3619    0.2053
3901.1786   13.3650    0.2281
3900.9168   13.3598    0.1893
3900.8972   13.3621    0.2065
3900.6063   13.3593    0.1853
3900.8839   13.3658    0.2339
3900.8769   13.3676    0.2474
3900.5794   13.3658    0.2342
3901.4803   13.3557    0.1584
3901.5040   13.3506    0.1200
3901.2165   13.3553    0.1558
3902.4665   13.3045   -0.2256
3902.4959   13.3280   -0.0492
3902.5268   13.3458    0.0839
3902.2730   13.3269   -0.0576
3902.0651   13.3337   -0.0063
3902.5592   13.3360    0.0105
3902.5928   13.3262   -0.0625
3902.6276   13.3372    0.0197
3902.4152   13.3385    0.0294
3902.1812   13.3413    0.0502
3901.8411   13.3414    0.0513
3901.6068   13.3416    0.0527
3901.9245   13.3578    0.1744
3901.6513   13.3551    0.1539
3901.3608   13.3410    0.0484
3902.1007   13.3492    0.1097
3902.3408   13.3526    0.1353
3902.1394   13.3538    0.1442
3903.3884   13.3787    0.3309
3903.3584   13.3693    0.2606
3903.2879   13.3718    0.2792
3903.2994   13.3671    0.2442
3903.2158   13.3590    0.1836
3903.3107   13.3471    0.0941
3903.2456   13.3348    0.0020
3903.0895   13.3368    0.0171
3903.1069   13.3399    0.0398
3902.9752   13.3234   -0.0839
3902.7980   13.3137   -0.1568
3902.8203   13.3096   -0.1874
3902.6438   13.3089   -0.1922
3902.8439   13.3165   -0.1353
3902.8685   13.3295   -0.0377
3902.6967   13.3125   -0.1657
3903.1625   13.3355    0.0070
3903.0633   13.3310   -0.0270
3902.8941   13.3231   -0.0863
3902.9205   13.3198   -0.1111
3902.7546   13.3110   -0.1770
3902.9476   13.3270   -0.0570
3902.8163   13.3239   -0.0800
3903.1440   13.3380    0.0255
3903.1255   13.3359    0.0102
3903.0179   13.3334   -0.0091
3902.4208   13.3172   -0.1304
3902.4389   13.3218   -0.0961
3902.2211   13.3282   -0.0480
3901.9670   13.3356    0.0077
3901.9846   13.3379    0.0254
3901.7316   13.3482    0.1021
3902.0057   13.3372    0.0195
3902.0304   13.3317   -0.0214
3901.7765   13.3443    0.0730
3901.4481   13.3503    0.1177
3901.4608   13.3550    0.1532
3901.1786   13.3609    0.1974
3900.8769   13.3610    0.1986
3900.8839   13.3635    0.2167
3900.5794   13.3639    0.2197
3900.8972   13.3639    0.2203
3900.9168   13.3600    0.1907
3900.6063   13.3583    0.1783
3901.5319   13.3544    0.1485
3901.5662   13.3505    0.1195
3901.2777   13.3657    0.2338
3900.9425   13.3635    0.2168
3900.9745   13.3674    0.2463
3900.6596   13.3667    0.2410
3901.0124   13.3665    0.2394
3901.0559   13.3592    0.1845
3900.7383   13.3691    0.2593
3901.5040   13.3575    0.1717
3901.4803   13.3564    0.1639
3901.2165   13.3616    0.2024
3902.6633   13.3277   -0.0518
3902.5017   13.3302   -0.0327
3902.2233   13.3228   -0.0883
3902.2737   13.3241   -0.0784
3902.0244   13.3259   -0.0648
3902.3260   13.3273   -0.0543
3902.1376   13.3390    0.0329
3901.6994   13.3321   -0.0187
3901.7527   13.3345   -0.0004
3901.4648   13.3415    0.0524
3901.1053   13.3505    0.1192
3901.1599   13.3475    0.0967
3900.8409   13.3573    0.1706
3901.2194   13.3498    0.1143
3901.2836   13.3430    0.0629
3900.9654   13.3511    0.1240
3901.9352   13.3419    0.0548
3901.7236   13.3398    0.0396
3901.3524   13.3410    0.0485
3901.4250   13.3352    0.0049
3901.1095   13.3407    0.0458
3901.5013   13.3358    0.0090
3901.2704   13.3351    0.0038
3901.8721   13.3403    0.0426
3901.8112   13.3409    0.0472
3901.5865   13.3471    0.0938
3902.6276   13.3143   -0.1520
3902.5928   13.3112   -0.1754
3902.5592   13.3082   -0.1980
3902.4152   13.3107   -0.1787
3902.1812   13.3133   -0.1597
3902.5268   13.3099   -0.1853
3902.4959   13.3064   -0.2115
3902.4665   13.3090   -0.1917
3902.2730   13.3177   -0.1267
3902.0651   13.3279   -0.0501
3901.9245   13.3220   -0.0939
3901.6513   13.3300   -0.0344
3901.8411   13.3359    0.0098
3901.6068   13.3390    0.0334
3901.3608   13.3440    0.0711
3902.1394   13.3091   -0.1912
3902.3408   13.3099   -0.1852
3902.1007   13.3223   -0.0918
3903.3884   13.3871    0.3941
3903.3884   13.3862    0.3872
3903.3884   13.3703    0.2678
3903.3505   13.3823    0.3578
3903.2879   13.3600    0.1908
3903.3884   13.3785    0.3292
3903.3884   13.3639    0.2202
3903.3884   13.3311   -0.0262
3903.3884   13.3187   -0.1194
3903.3504   13.3387    0.0311
3903.2877   13.3455    0.0824
3903.2877   13.3117   -0.1716
3903.1997   13.3467    0.0909
3903.0885   13.3367    0.0163
3903.1995   13.3264   -0.0616
3903.0884   13.3251   -0.0708
3903.0890   13.3194   -0.1134
3902.9540   13.3172   -0.1306
3902.7976   13.3032   -0.2355
3903.2873   13.3560    0.1605
3903.3505   13.3618    0.2045
3903.2873   13.3418    0.0544
3903.3884   13.3036   -0.2319
3903.3884   13.3171   -0.1310
3903.3884   13.3199   -0.1098
3903.3884   13.3299   -0.0350
3903.3504   13.3131   -0.1609
3903.2877   13.3044   -0.2259
3903.2877   13.2980   -0.2741
3903.3884   13.3289   -0.0421
3903.3884   13.3331   -0.0111
3903.3884   13.3363    0.0133
3903.3505   13.3314   -0.0234
3903.2879   13.3131   -0.1612
3903.1995   13.2878   -0.3507
3903.0890   13.2959   -0.2900
3903.0884   13.2867   -0.3591
3903.1997   13.2953   -0.2945
3903.0885   13.2865   -0.3608
3902.9540   13.2781   -0.4238
3902.7976   13.2775   -0.4282
3903.2873   13.2884   -0.3461
3903.3505   13.3147   -0.1490
3903.2873   13.3003   -0.2571
3902.6104   13.3037   -0.2317
3902.4119   13.3147   -0.1489
3902.5997   13.3174   -0.1288
3902.4059   13.3213   -0.0993
3902.4029   13.3311   -0.0260
3902.1942   13.3262   -0.0624
3901.9598   13.3399    0.0400
3902.5997   13.3182   -0.1226
3902.4029   13.3391    0.0340
3902.4059   13.3295   -0.0378
3902.6104   13.2948   -0.2985
3902.4119   13.3196   -0.1123
3902.1942   13.3376    0.0228
3901.9598   13.3486    0.1054
3901.7064   13.3513    0.1257
3901.4420   13.3590    0.1831
3901.7064   13.3552    0.1544
3901.4420   13.3628    0.2116
3901.1644   13.3650    0.2282
3901.9544   13.3531    0.1392
3902.1875   13.3441    0.0717
3901.9544   13.3538    0.1442
3902.7907   13.2977   -0.2765
3902.9497   13.3049   -0.2223
3903.0856   13.3157   -0.1417
3902.7860   13.3007   -0.2542
3902.7836   13.3070   -0.2064
3903.1993   13.3067   -0.2093
3903.2871   13.3066   -0.2096
3903.3504   13.3090   -0.1921
3903.2871   13.3072   -0.2049
3903.1993   13.3089   -0.1926
3902.7836   13.3119   -0.1702
3902.7860   13.3015   -0.2478
3903.0856   13.3014   -0.2485
3902.9497   13.2979   -0.2753
3902.7907   13.2932   -0.3103
3902.9456   13.2990   -0.2668
3903.0847   13.2985   -0.2708
3903.0847   13.3016   -0.2476
3901.0664   13.2914   -0.3239
3900.9763   13.2904   -0.3312
3900.8898   13.2839   -0.3800
3900.8080   13.2702   -0.4828
3900.6688   13.3023   -0.2418
3900.4485   13.3228   -0.0882
3900.3506   13.3035   -0.2328
3900.7293   13.2702   -0.4828
3900.6571   13.2722   -0.4677
3900.5900   13.2889   -0.3422
3900.5289   13.3079   -0.2000
3900.3369   13.2712   -0.4752
3900.0841   13.2757   -0.4417
3900.0078   13.2775   -0.4278
3900.0190   13.3188   -0.1185
3899.7897   13.3384    0.0290
3899.6828   13.3317   -0.0212
3899.8309   13.2965   -0.2854
3899.5828   13.3210   -0.1014
3899.4909   13.3158   -0.1406
3899.3393   13.3482    0.1019
3899.1027   13.3539    0.1453
3898.9917   13.3515    0.1271
3900.2550   13.2911   -0.3258
3900.4926   13.2708   -0.4785
3900.1659   13.2792   -0.4149
3900.4689   13.3196   -0.1122
3900.4201   13.3154   -0.1435
3900.3776   13.3202   -0.1075
3900.3419   13.3165   -0.1353
3900.0916   13.3108   -0.1783
3899.8042   13.3136   -0.1573
3899.7556   13.3164   -0.1363
3900.3122   13.3058   -0.2156
3900.2903   13.2780   -0.4240
3900.2752   13.2580   -0.5741
3900.2674   13.2558   -0.5910
3899.9654   13.2795   -0.4128
3899.6530   13.3108   -0.1782
3899.6348   13.2883   -0.3466
3899.4099   13.3307   -0.0291
3899.1123   13.3349    0.0022
3899.0631   13.3269   -0.0577
3899.3366   13.3196   -0.1123
3899.0237   13.3238   -0.0810
3898.9945   13.3231   -0.0859
3898.7129   13.3319   -0.0198
3898.4073   13.3418    0.0544
3898.3625   13.3354    0.0060
3899.7122   13.3174   -0.1284
3900.0139   13.3143   -0.1522
3899.6778   13.3207   -0.1042
3898.6245   13.3622    0.2070
3898.4006   13.3600    0.1911
3898.2721   13.3611    0.1987
3898.4006   13.3578    0.1743
3898.1544   13.3566    0.1654
3898.0490   13.3618    0.2044
3897.9191   13.3618    0.2043
3897.6969   13.3612    0.1995
3897.5688   13.3623    0.2076
3898.2238   13.3550    0.1533
3897.9545   13.3632    0.2151
3897.8744   13.3605    0.1944
3898.0976   13.3537    0.1433
3897.8074   13.3600    0.1908
3897.7542   13.3487    0.1063
3897.5270   13.3564    0.1639
3897.2591   13.3615    0.2022
3897.1846   13.3562    0.1619
3897.2183   13.3639    0.2202
3897.0050   13.3579    0.1751
3896.8769   13.3592    0.1849
3897.0027   13.3650    0.2282
3896.7640   13.3594    0.1862
3896.6676   13.3606    0.1953
3896.5418   13.3521    0.1316
3896.3381   13.3450    0.0781
3896.2159   13.3474    0.0962
3897.4506   13.3605    0.1947
3897.6968   13.3595    0.1870
3897.3470   13.3623    0.2082
3898.8740   13.3501    0.1163
3899.1313   13.3339   -0.0048
3899.3937   13.3144   -0.1516
3898.7667   13.3538    0.1444
3898.6709   13.3545    0.1498
3899.6625   13.2976   -0.2770
3899.9312   13.2906   -0.3301
3900.2009   13.3069   -0.2072
3899.8630   13.3098   -0.1858
3899.5185   13.3200   -0.1095
3898.5853   13.3463    0.0878
3898.5134   13.3469    0.0922
3899.1646   13.3319   -0.0201
3898.8106   13.3369    0.0176
3898.4538   13.3459    0.0853
3898.9476   13.3317   -0.0212
3899.3078   13.3196   -0.1125
3899.2311   13.3205   -0.1051
3900.2674   13.2478   -0.6506
3900.2752   13.2505   -0.6306
3900.2903   13.2535   -0.6082
3900.3122   13.2673   -0.5048
3899.9654   13.2607   -0.5542
3899.6348   13.2712   -0.4755
3899.6530   13.2829   -0.3877
3900.3419   13.2781   -0.4237
3900.3776   13.2872   -0.3549
3900.4201   13.2934   -0.3089
3900.4689   13.2978   -0.2758
3900.0916   13.3053   -0.2197
3899.7556   13.3136   -0.1575
3899.8042   13.3224   -0.0910
3899.3366   13.3001   -0.2581
3898.9945   13.3104   -0.1816
3899.0237   13.3196   -0.1121
3899.4099   13.3209   -0.1021
3899.0631   13.3278   -0.0505
3899.1123   13.3383    0.0282
3898.7129   13.3371    0.0192
3898.3625   13.3417    0.0537
3898.4073   13.3515    0.1269
3899.6778   13.2929   -0.3128
3900.0139   13.2846   -0.3743
3899.7122   13.3007   -0.2541
3900.5289   13.3080   -0.1989
3900.5900   13.3158   -0.1405
3900.6571   13.3242   -0.0774
3900.7293   13.3280   -0.0496
3900.3369   13.3265   -0.0602
3900.0078   13.3289   -0.0427
3900.0841   13.3288   -0.0435
3900.8080   13.3304   -0.0316
3900.8898   13.3336   -0.0070
3900.9763   13.3385    0.0293
3901.0664   13.3358    0.0096
3900.6688   13.3315   -0.0230
3900.3506   13.3276   -0.0521
3900.4485   13.3242   -0.0778
3899.8309   13.3332   -0.0105
3899.4909   13.3397    0.0381
3899.5828   13.3339   -0.0052
3900.0190   13.3229   -0.0875
3899.6828   13.3317   -0.0211
3899.7897   13.3230   -0.0865
3899.3393   13.3369    0.0174
3898.9917   13.3427    0.0613
3899.1027   13.3400    0.0406
3900.1659   13.3284   -0.0466
3900.4926   13.3328   -0.0136
3900.2550   13.3273   -0.0547
3898.0976   13.3556    0.1577
3897.7542   13.3553    0.1553
3897.8074   13.3576    0.1725
3898.2238   13.3572    0.1697
3897.8744   13.3576    0.1726
3897.9545   13.3586    0.1805
3897.5270   13.3575    0.1720
3897.1846   13.3562    0.1621
3897.2591   13.3573    0.1703
3898.4006   13.3531    0.1391
3898.0490   13.3571    0.1691
3898.1544   13.3544    0.1486
3898.6245   13.3490    0.1080
3898.2721   13.3537    0.1436
3898.4006   13.3480    0.1004
3897.9191   13.3570    0.1685
3897.5688   13.3559    0.1601
3897.6969   13.3521    0.1316
3897.0027   13.3575    0.1720
3896.6676   13.3597    0.1883
3896.7640   13.3589    0.1824
3897.2183   13.3573    0.1702
3896.8769   13.3604    0.1940
3897.0050   13.3565    0.1648
3896.5418   13.3617    0.2035
3896.2159   13.3613    0.2004
3896.3381   13.3590    0.1835
3897.3470   13.3577    0.1737
3897.6968   13.3596    0.1874
3897.4506   13.3568    0.1667
3898.4538   13.3559    0.1598
3898.8106   13.3520    0.1306
3899.1646   13.3492    0.1101
3898.5134   13.3575    0.1717
3898.5853   13.3570    0.1686
3899.5185   13.3402    0.0422
3899.8630   13.3265   -0.0604
3900.2009   13.3138   -0.1557
3899.9312   13.3279   -0.0502
3899.6625   13.3415    0.0516
3898.6709   13.3550    0.1535
3898.7667   13.3508    0.1215
3899.3937   13.3451    0.0792
3899.1313   13.3467    0.0908
3898.8740   13.3459    0.0848
3898.9476   13.3534    0.1414
3899.2311   13.3516    0.1277
3899.3078   13.3496    0.1128
3895.8405   13.3434    0.0663
3895.7089   13.3341   -0.0036
3895.5386   13.3369    0.0174
3895.5506   13.3451    0.0790
3895.3904   13.3376    0.0227
3895.2655   13.3398    0.0389
3895.2494   13.3270   -0.0569
3895.1294   13.3287   -0.0437
3894.9756   13.3235   -0.0831
3895.3534   13.3372    0.0197
3895.1637   13.3390    0.0333
3895.0875   13.3370    0.0186
3895.2536   13.3498    0.1143
3895.0362   13.3475    0.0973
3895.0103   13.3508    0.1220
3894.8374   13.3407    0.0461
3894.6592   13.3333   -0.0098
3894.6055   13.3429    0.0626
3894.7149   13.3288   -0.0433
3894.6106   13.3327   -0.0140
3894.4745   13.3362    0.0125
3894.5001   13.3275   -0.0533
3894.3649   13.3318   -0.0207
3894.2830   13.3235   -0.0826
3894.2519   13.3406    0.0452
3894.1623   13.3410    0.0486
3894.0493   13.3423    0.0580
3894.8438   13.3248   -0.0734
3894.9939   13.3355    0.0071
3894.7380   13.3328   -0.0133
3895.2536   13.3545    0.1493
3895.0103   13.3524    0.1339
3895.0362   13.3545    0.1491
3895.3534   13.3551    0.1541
3895.0875   13.3556    0.1579
3895.1637   13.3545    0.1498
3894.8374   13.3553    0.1551
3894.6055   13.3553    0.1557
3894.6592   13.3547    0.1513
3895.5506   13.3559    0.1600
3895.2655   13.3555    0.1567
3895.3904   13.3562    0.1619
3895.8405   13.3607    0.1957
3895.5386   13.3577    0.1735
3895.7089   13.3588    0.1817
3895.2494   13.3575    0.1719
3894.9756   13.3561    0.1618
3895.1294   13.3563    0.1629
3894.5001   13.3567    0.1657
3894.2830   13.3566    0.1651
3894.3649   13.3599    0.1902
3894.7149   13.3581    0.1767
3894.4745   13.3615    0.2020
3894.6106   13.3581    0.1769
3894.2519   13.3622    0.2070
3894.0493   13.3766    0.3153
3894.1623   13.3673    0.2452
3894.7380   13.3575    0.1717
3894.9939   13.3567    0.1657
3894.8438   13.3570    0.1682
3893.8590   13.3438    0.0690
3893.7931   13.3476    0.0979
3893.6990   13.3445    0.0747
3893.7341   13.3478    0.0993
3893.6358   13.3420    0.0558
3893.6041   13.3488    0.1064
3893.5608   13.3452    0.0795
3893.5098   13.3556    0.1581
3893.4456   13.3496    0.1130
3893.7341   13.3560    0.1605
3893.6041   13.3578    0.1746
3893.6358   13.3562    0.1624
3893.8590   13.3693    0.2607
3893.6990   13.3597    0.1888
3893.7931   13.3707    0.2710
3893.5608   13.3639    0.2197
3893.4456   13.3584    0.1784
3893.5098   13.3737    0.2936
3893.3528   13.3537    0.1437
3893.3180   13.3541    0.1464
3893.2848   13.3535    0.1423
3893.3528   13.3626    0.2105
3893.2848   13.3610    0.1985
3893.3180   13.3823    0.3583
3893.2408   13.3587    0.1807
3893.2211   13.3367    0.0163
3893.2211   13.3706    0.2704
3893.4127   13.3512    0.1244
3893.4967   13.3535    0.1418
3893.4127   13.3603    0.1932
3893.9565   13.3435    0.0672
3894.0776   13.3350    0.0034
3894.2213   13.3353    0.0054
3893.8941   13.3460    0.0854
3893.8628   13.3484    0.1038
3894.3891   13.3454    0.0815
3894.5761   13.3488    0.1069
3894.7839   13.3510    0.1233
3894.5761   13.3517    0.1284
3894.3891   13.3559    0.1597
3893.8628   13.3553    0.1551
3893.8941   13.3580    0.1757
3894.2213   13.3556    0.1574
3894.0776   13.3563    0.1627
3893.9565   13.3655    0.2317
3894.0152   13.3511    0.1240
3894.1913   13.3473    0.0954
3894.1913   13.3543    0.1477
3896.0509   13.3489    0.1072
3896.2807   13.3544    0.1490
3896.5277   13.3601    0.1914
3895.9070   13.3490    0.1083
3895.7859   13.3489    0.1072
3896.7939   13.3611    0.1989
3897.0716   13.3539    0.1453
3897.3628   13.3474    0.0961
3897.6644   13.3444    0.0740
3896.9781   13.3489    0.1078
3896.6043   13.3531    0.1391
3896.9049   13.3539    0.1451
3895.6870   13.3438    0.0695
3895.6130   13.3386    0.0306
3896.2390   13.3491    0.1092
3895.8928   13.3484    0.1036
3896.1898   13.3554    0.1559
3895.5631   13.3496    0.1130
3895.5378   13.3529    0.1378
3896.0403   13.3499    0.1153
3896.4107   13.3571    0.1686
3896.3141   13.3496    0.1125
3897.9915   13.3324   -0.0161
3898.3098   13.3297   -0.0369
3898.6343   13.3239   -0.0797
3898.9613   13.3164   -0.1366
3898.2744   13.3263   -0.0622
3897.9189   13.3360    0.0110
3898.2567   13.3299   -0.0352
3899.2938   13.2996   -0.2621
3899.6214   13.2803   -0.4072
3899.9471   13.2584   -0.5710
3899.6214   13.2672   -0.5054
3899.2938   13.2862   -0.3628
3898.2567   13.3313   -0.0246
3897.9189   13.3433    0.0655
3898.2744   13.3321   -0.0182
3898.9613   13.3071   -0.2063
3898.6343   13.3226   -0.0897
3898.3098   13.3313   -0.0244
3897.9915   13.3453    0.0805
3898.5998   13.3168   -0.1333
3898.9468   13.3151   -0.1462
3898.9468   13.3044   -0.2259
3895.5378   13.3543    0.1479
3895.5631   13.3564    0.1638
3896.1898   13.3527    0.1358
3895.8928   13.3550    0.1533
3896.2390   13.3489    0.1074
3895.6130   13.3562    0.1624
3895.6870   13.3556    0.1576
3896.9049   13.3541    0.1461
3896.6043   13.3496    0.1128
3896.9781   13.3575    0.1719
3897.6644   13.3497    0.1136
3897.3628   13.3560    0.1611
3897.0716   13.3572    0.1700
3896.7939   13.3538    0.1444
3895.7859   13.3561    0.1614
3895.9070   13.3570    0.1679
3896.5277   13.3583    0.1782
3896.2807   13.3584    0.1790
3896.0509   13.3588    0.1816
3896.0403   13.3569    0.1676
3896.3141   13.3529    0.1374
3896.4107   13.3565    0.1649
3895.8419   13.3527    0.1358
3896.1658   13.3546    0.1503
3896.5056   13.3597    0.1882
3896.1658   13.3545    0.1492
3896.5056   13.3574    0.1714
3896.8645   13.3552    0.1547
3897.2310   13.3496    0.1126
3897.6082   13.3443    0.0733
3897.5704   13.3446    0.0754
3897.5514   13.3455    0.0821
3896.8645   13.3541    0.1466
3897.2310   13.3479    0.0999
3897.5514   13.3444    0.0735
3897.5704   13.3462    0.0871
3897.6082   13.3464    0.0888
3896.8416   13.3559    0.1599
3896.8416   13.3555    0.1568
3897.1916   13.3497    0.1138
3900.9763   13.3068   -0.2082
3900.6688   13.3437    0.0681
3900.3506   13.3318   -0.0208
3900.8898   13.3340   -0.0045
3900.8080   13.3328   -0.0131
3900.0190   13.3326   -0.0149
3899.6828   13.3433    0.0659
3899.3393   13.3601    0.1912
3898.9917   13.3594    0.1864
3899.5828   13.3455    0.0817
3899.8309   13.3296   -0.0371
3899.4909   13.3444    0.0740
3900.7293   13.3275   -0.0531
3900.6571   13.3348    0.0017
3900.0841   13.3230   -0.0868
3900.3369   13.3260   -0.0643
3900.0078   13.3277   -0.0515
3900.5900   13.3396    0.0376
3900.5289   13.3389    0.0322
3900.4926   13.3318   -0.0211
3900.2550   13.3259   -0.0647
3900.1659   13.3243   -0.0773
3898.6245   13.3595    0.1874
3898.2721   13.3623    0.2079
3897.9191   13.3606    0.1956
3897.5688   13.3509    0.1223
3898.1544   13.3600    0.1911
3898.4006   13.3579    0.1747
3898.0490   13.3575    0.1722
3897.2183   13.3520    0.1308
3896.8769   13.3529    0.1375
3896.5418   13.3457    0.0834
3896.2159   13.3401    0.0418
3896.7640   13.3471    0.0936
3897.0027   13.3462    0.0871
3896.6676   13.3422    0.0576
3897.9545   13.3531    0.1387
3898.2238   13.3524    0.1339
3897.8744   13.3475    0.0974
3897.2591   13.3451    0.0791
3897.5270   13.3443    0.0728
3897.1846   13.3466    0.0901
3897.8074   13.3450    0.0784
3898.0976   13.3449    0.0778
3897.7542   13.3415    0.0523
3897.6968   13.3522    0.1323
3897.4506   13.3520    0.1307
3897.3470   13.3467    0.0911
3900.4689   13.3485    0.1048
3900.4201   13.3503    0.1181
3899.8042   13.3507    0.1208
3900.0916   13.3519    0.1303
3899.7556   13.3572    0.1701
3900.3776   13.3513    0.1253
3900.3419   13.3552    0.1550
3899.1123   13.3587    0.1809
3899.4099   13.3562    0.1625
3899.0631   13.3533    0.1404
3898.4073   13.3452    0.0794
3898.7129   13.3468    0.0916
3898.3625   13.3502    0.1176
3899.0237   13.3461    0.0862
3899.3366   13.3557    0.1588
3898.9945   13.3565    0.1644
3900.3122   13.3574    0.1714
3900.2903   13.3625    0.2096
3899.6530   13.3668    0.2416
3899.9654   13.3713    0.2758
3899.6348   13.3671    0.2443
3900.2752   13.3682    0.2523
3900.2674   13.3629    0.2122
3900.0139   13.3558    0.1594
3899.7122   13.3542    0.1475
3899.6778   13.3542    0.1471
3900.2009   13.3375    0.0221
3899.9312   13.3338   -0.0055
3899.6625   13.3368    0.0169
3899.8630   13.3467    0.0907
3899.5185   13.3482    0.1023
3899.3937   13.3471    0.0943
3899.1313   13.3535    0.1417
3898.8740   13.3597    0.1883
3898.7667   13.3557    0.1588
3898.6709   13.3547    0.1512
3899.1646   13.3545    0.1493
3898.8106   13.3535    0.1418
3898.5853   13.3538    0.1445
3898.5134   13.3522    0.1323
3898.4538   13.3472    0.0948
3899.2311   13.3440    0.0710
3899.3078   13.3465    0.0892
3898.9476   13.3467    0.0907
3895.8405   13.3328   -0.0132
3895.5386   13.3330   -0.0116
3895.2494   13.3354    0.0061
3894.9756   13.3352    0.0046
3895.3904   13.3371    0.0191
3895.5506   13.3414    0.0509
3895.2655   13.3395    0.0369
3894.7149   13.3333   -0.0096
3894.4745   13.3389    0.0324
3894.2519   13.3436    0.0678
3894.0493   13.3478    0.0995
3894.3649   13.3438    0.0694
3894.5001   13.3452    0.0800
3894.2830   13.3486    0.1050
3895.1637   13.3435    0.0672
3895.3534   13.3452    0.0797
3895.0875   13.3480    0.1005
3894.6592   13.3479    0.0999
3894.8374   13.3508    0.1218
3894.6055   13.3522    0.1326
3895.0362   13.3511    0.1242
3895.2536   13.3485    0.1049
3895.0103   13.3482    0.1022
3894.9939   13.3403    0.0430
3894.8438   13.3373    0.0203
3894.7380   13.3437    0.0683
3893.8590   13.3497    0.1137
3893.6990   13.3560    0.1606
3893.5608   13.3547    0.1509
3893.4456   13.3507    0.1207
3893.6358   13.3471    0.0939
3893.7341   13.3469    0.0928
3893.6041   13.3444    0.0739
3893.3528   13.3476    0.0976
3893.2848   13.3425    0.0595
3893.2408   13.3435    0.0672
3893.2211   13.3468    0.0914
3893.2848   13.3474    0.0965
3893.3528   13.3465    0.0897
3893.3180   13.3460    0.0858
3893.6041   13.3537    0.1437
3893.7341   13.3530    0.1385
3893.6358   13.3560    0.1609
3893.4456   13.3598    0.1892
3893.5608   13.3579    0.1746
3893.5098   13.3610    0.1983
3893.6990   13.3535    0.1419
3893.8590   13.3538    0.1441
3893.7931   13.3520    0.1310
3893.4967   13.3507    0.1211
3893.4127   13.3430    0.0633
3893.4127   13.3512    0.1244
3895.0103   13.3423    0.0579
3895.2536   13.3502    0.1170
3895.0362   13.3359    0.0098
3894.6055   13.3511    0.1238
3894.8374   13.3359    0.0098
3894.6592   13.3501    0.1163
3895.0875   13.3406    0.0450
3895.3534   13.3511    0.1238
3895.1637   13.3502    0.1173
3894.2830   13.3516    0.1280
3894.5001   13.3543    0.1482
3894.3649   13.3537    0.1434
3894.0493   13.3538    0.1442
3894.2519   13.3539    0.1449
3894.1623   13.3537    0.1434
3894.4745   13.3542    0.1469
3894.7149   13.3651    0.2291
3894.6106   13.3671    0.2442
3895.2655   13.3625    0.2095
3895.5506   13.3625    0.2095
3895.3904   13.3667    0.2407
3894.9756   13.3717    0.2787
3895.2494   13.3687    0.2558
3895.1294   13.3678    0.2492
3895.5386   13.3644    0.2238
3895.8405   13.3725    0.2844
3895.7089   13.3686    0.2555
3894.9939   13.3580    0.1755
3894.7380   13.3536    0.1428
3894.8438   13.3587    0.1813
3894.7839   13.3441    0.0717
3894.5761   13.3501    0.1164
3894.3891   13.3507    0.1212
3894.5761   13.3499    0.1152
3894.3891   13.3531    0.1390
3894.2213   13.3517    0.1284
3894.0776   13.3534    0.1416
3893.9565   13.3518    0.1292
3893.8941   13.3515    0.1274
3893.8628   13.3483    0.1028
3894.2213   13.3519    0.1296
3894.0776   13.3525    0.1342
3893.8628   13.3513    0.1252
3893.8941   13.3533    0.1408
3893.9565   13.3530    0.1383
3894.1913   13.3514    0.1265
3894.1913   13.3503    0.1179
3894.0152   13.3524    0.1339
3900.2674   13.3642    0.2220
3900.2752   13.3622    0.2069
3899.6348   13.3603    0.1929
3899.9654   13.3585    0.1798
3899.6530   13.3617    0.2036
3900.2903   13.3581    0.1763
3900.3122   13.3583    0.1778
3898.9945   13.3597    0.1885
3899.3366   13.3652    0.2294
3899.0237   13.3578    0.1744
3898.3625   13.3615    0.2023
3898.7129   13.3545    0.1493
3898.4073   13.3529    0.1374
3899.0631   13.3554    0.1562
3899.4099   13.3575    0.1720
3899.1123   13.3570    0.1679
3900.3419   13.3595    0.1868
3900.3776   13.3646    0.2250
3899.7556   13.3597    0.1884
3900.0916   13.3640    0.2208
3899.8042   13.3644    0.2234
3900.4201   13.3645    0.2246
3900.4689   13.3642    0.2219
3900.0139   13.3587    0.1809
3899.6778   13.3611    0.1991
3899.7122   13.3571    0.1687
3897.7542   13.3534    0.1415
3898.0976   13.3504    0.1188
3897.8074   13.3554    0.1565
3897.1846   13.3571    0.1691
3897.5270   13.3615    0.2016
3897.2591   13.3589    0.1827
3897.8744   13.3598    0.1889
3898.2238   13.3646    0.2254
3897.9545   13.3603    0.1931
3896.6676   13.3647    0.2257
3897.0027   13.3642    0.2220
3896.7640   13.3688    0.2570
3896.2159   13.3727    0.2861
3896.5418   13.3611    0.1989
3896.3381   13.3513    0.1257
3896.8769   13.3485    0.1045
3897.2183   13.3488    0.1068
3897.0050   13.3284   -0.0461
3898.0490   13.3513    0.1256
3898.4006   13.3585    0.1795
3898.1544   13.3556    0.1580
3897.5688   13.3550    0.1533
3897.9191   13.3513    0.1252
3897.6969   13.3462    0.0872
3898.2721   13.3522    0.1323
3898.6245   13.3696    0.2627
3898.4006   13.3553    0.1557
3897.6968   13.3600    0.1909
3897.3470   13.3592    0.1846
3897.4506   13.3582    0.1770
3900.5289   13.3625    0.2093
3900.5900   13.3541    0.1468
3900.0078   13.3618    0.2039
3900.3369   13.3555    0.1572
3900.0841   13.3616    0.2030
3900.6571   13.3524    0.1336
3900.7293   13.3497    0.1132
3899.4909   13.3654    0.2309
3899.8309   13.3698    0.2644
3899.5828   13.3707    0.2710
3898.9917   13.3734    0.2913
3899.3393   13.3737    0.2937
3899.1027   13.3792    0.3350
3899.6828   13.3668    0.2416
3900.0190   13.3608    0.1966
3899.7897   13.3675    0.2469
3900.8080   13.3474    0.0965
3900.8898   13.3458    0.0841
3900.3506   13.3536    0.1430
3900.6688   13.3473    0.0956
3900.4485   13.3538    0.1445
3900.9763   13.3449    0.0774
3901.0664   13.3461    0.0861
3900.4926   13.3509    0.1228
3900.1659   13.3624    0.2084
3900.2550   13.3564    0.1634
3900.2009   13.3631    0.2139
3899.8630   13.3622    0.2072
3899.5185   13.3614    0.2014
3899.9312   13.3633    0.2155
3899.6625   13.3602    0.1923
3899.1646   13.3618    0.2041
3898.8106   13.3633    0.2153
3898.4538   13.3568    0.1667
3898.5134   13.3673    0.2452
3898.5853   13.3600    0.1909
3899.3937   13.3624    0.2091
3899.1313   13.3647    0.2256
3898.6709   13.3573    0.1707
3898.7667   13.3634    0.2165
3898.8740   13.3714    0.2761
3899.3078   13.3627    0.2109
3899.2311   13.3628    0.2120
3898.9476   13.3656    0.2327
3899.9471   13.3611    0.1993
3899.6214   13.3595    0.1874
3899.2938   13.3604    0.1936
3899.6214   13.3591    0.1842
3899.2938   13.3586    0.1800
3898.9613   13.3558    0.1594
3898.6343   13.3487    0.1063
3898.3098   13.3466    0.0902
3897.9915   13.3466    0.0902
3898.2744   13.3472    0.0945
3898.2567   13.3474    0.0959
3897.9189   13.3445    0.0745
3898.9613   13.3593    0.1852
3898.6343   13.3562    0.1621
3898.2567   13.3483    0.1031
3898.2744   13.3525    0.1346
3897.9189   13.3505    0.1194
3898.3098   13.3610    0.1983
3897.9915   13.3616    0.2028
3898.9468   13.3512    0.1249
3898.9468   13.3523    0.1330
3898.5998   13.3474    0.0964
3897.6644   13.3477    0.0986
3897.3628   13.3472    0.0951
3897.0716   13.3474    0.0965
3896.7939   13.3489    0.1073
3896.9781   13.3449    0.0778
3896.9049   13.3452    0.0800
3896.6043   13.3442    0.0722
3896.5277   13.3516    0.1274
3896.2807   13.3452    0.0798
3896.0509   13.3353    0.0056
3895.9070   13.3407    0.0457
3895.7859   13.3442    0.0726
3896.2390   13.3471    0.0938
3896.1898   13.3460    0.0858
3895.8928   13.3468    0.0916
3895.6870   13.3449    0.0778
3895.6130   13.3471    0.0938
3895.5631   13.3485    0.1045
3895.5378   13.3462    0.0872
3896.3141   13.3464    0.0889
3896.4107   13.3476    0.0975
3896.0403   13.3447    0.0762
3897.6644   13.3606    0.1949
3897.3628   13.3626    0.2103
3896.9049   13.3586    0.1800
3896.9781   13.3612    0.1997
3896.6043   13.3580    0.1757
3897.0716   13.3551    0.1537
3896.7939   13.3545    0.1493
3896.1898   13.3614    0.2015
3896.2390   13.3531    0.1393
3895.8928   13.3601    0.1916
3895.5378   13.3569    0.1672
3895.5631   13.3629    0.2125
3895.6130   13.3541    0.1467
3895.6870   13.3537    0.1436
3896.5277   13.3530    0.1379
3896.2807   13.3605    0.1945
3895.7859   13.3593    0.1855
3895.9070   13.3611    0.1989
3896.0509   13.3722    0.2826
3896.4107   13.3557    0.1582
3896.3141   13.3605    0.1944
3896.0403   13.3608    0.1970
3897.6082   13.3610    0.1983
3897.5704   13.3551    0.1538
3897.5514   13.3514    0.1265
3897.2310   13.3557    0.1585
3896.8645   13.3578    0.1742
3897.5514   13.3479    0.0997
3897.5704   13.3453    0.0809
3897.6082   13.3458    0.0843
3897.2310   13.3505    0.1196
3896.8645   13.3483    0.1032
3896.5056   13.3554    0.1563
3896.1658   13.3482    0.1022
3896.5056   13.3468    0.0918
3896.1658   13.3430    0.0631
3895.8419   13.3443    0.0728
3896.8416   13.3517    0.1284
3897.1916   13.3519    0.1298
3896.8416   13.3464    0.0884
3900.9763   13.3272   -0.0550
3900.8898   13.3243   -0.0772
3900.8080   13.3139   -0.1549
3900.6688   13.3262   -0.0626
3900.3506   13.3197   -0.1116
3900.7293   13.3026   -0.2399
3900.6571   13.2950   -0.2970
3900.5900   13.2923   -0.3168
3900.5289   13.2917   -0.3213
3900.3369   13.2951   -0.2957
3900.0841   13.2984   -0.2713
3900.0078   13.2924   -0.3162
3900.0190   13.3151   -0.1460
3899.6828   13.3208   -0.1031
3899.8309   13.3043   -0.2272
3899.5828   13.3140   -0.1546
3899.4909   13.3057   -0.2167
3899.3393   13.3260   -0.0641
3898.9917   13.3299   -0.0350
3900.2550   13.3127   -0.1637
3900.4926   13.3124   -0.1660
3900.1659   13.3058   -0.2158
3900.4689   13.2943   -0.3017
3900.4201   13.2913   -0.3245
3900.3776   13.2946   -0.2998
3900.3419   13.2942   -0.3029
3900.0916   13.2794   -0.4141
3899.8042   13.2774   -0.4284
3899.7556   13.2784   -0.4211
3900.3122   13.2928   -0.3131
3900.2903   13.2897   -0.3367
3900.2752   13.2892   -0.3399
3900.2674   13.2797   -0.4112
3899.9654   13.2775   -0.4276
3899.6530   13.2731   -0.4613
3899.6348   13.2729   -0.4625
3899.4099   13.2724   -0.4664
3899.1123   13.2805   -0.4056
3899.0631   13.2712   -0.4754
3899.3366   13.2664   -0.5115
3899.0237   13.2661   -0.5135
3898.9945   13.2667   -0.5090
3898.7129   13.2721   -0.4685
3898.4073   13.2868   -0.3582
3898.3625   13.2793   -0.4147
3899.7122   13.2759   -0.4401
3900.0139   13.2832   -0.3850
3899.6778   13.2733   -0.4593
3898.6245   13.3348    0.0017
3898.2721   13.3404    0.0434
3898.4006   13.3248   -0.0731
3898.1544   13.3313   -0.0244
3898.0490   13.3312   -0.0249
3897.9191   13.3444    0.0740
3897.5688   13.3469    0.0924
3898.2238   13.3054   -0.2188
3897.9545   13.3223   -0.0918
3897.8744   13.3137   -0.1564
3898.0976   13.2976   -0.2776
3897.8074   13.3072   -0.2054
3897.7542   13.3034   -0.2341
3897.5270   13.3182   -0.1225
3897.2591   13.3344   -0.0015
3897.1846   13.3228   -0.0879
3897.2183   13.3505    0.1194
3896.8769   13.3547    0.1512
3897.0027   13.3452    0.0796
3896.7640   13.3516    0.1274
3896.6676   13.3460    0.0858
3896.5418   13.3591    0.1842
3896.2159   13.3571    0.1691
3897.4506   13.3451    0.0792
3897.6968   13.3417    0.0535
3897.3470   13.3459    0.0851
3898.8740   13.3228   -0.0886
3899.1313   13.3148   -0.1484
3899.3937   13.3001   -0.2583
3898.7667   13.3223   -0.0919
3898.6709   13.3108   -0.1785
3899.6625   13.2945   -0.3002
3899.9312   13.2881   -0.3482
3900.2009   13.2863   -0.3617
3899.8630   13.2833   -0.3842
3899.5185   13.2838   -0.3810
3898.5853   13.2981   -0.2735
3898.5134   13.2977   -0.2762
3899.1646   13.2875   -0.3528
3898.8106   13.2903   -0.3317
3898.4538   13.2930   -0.3118
3898.9476   13.2994   -0.2635
3899.3078   13.2949   -0.2975
3899.2311   13.2929   -0.3123
3900.2674   13.2738   -0.4559
3900.2752   13.2708   -0.4780
3900.2903   13.2681   -0.4983
3900.3122   13.2597   -0.5614
3899.9654   13.2610   -0.5516
3899.6348   13.2599   -0.5602
3899.6530   13.2502   -0.6329
3900.3419   13.2643   -0.5272
3900.3776   13.2731   -0.4608
3900.4201   13.2868   -0.3583
3900.4689   13.2929   -0.3128
3900.0916   13.2770   -0.4315
3899.7556   13.2795   -0.4126
3899.8042   13.2824   -0.3914
3899.3366   13.2606   -0.5549
3898.9945   13.2606   -0.5548
3899.0237   13.2776   -0.4273
3899.4099   13.2803   -0.4069
3899.0631   13.2860   -0.3646
3899.1123   13.2836   -0.3821
3898.7129   13.2869   -0.3573
3898.3625   13.2952   -0.2953
3898.4073   13.3013   -0.2492
3899.6778   13.2600   -0.5593
3900.0139   13.2559   -0.5901
3899.7122   13.2721   -0.4687
3900.5289   13.2891   -0.3409
3900.5900   13.2939   -0.3049
3900.6571   13.2962   -0.2876
3900.7293   13.3006   -0.2544
3900.3369   13.2964   -0.2866
3900.0078   13.2946   -0.3001
3900.0841   13.3064   -0.2115
3900.8080   13.3062   -0.2127
3900.8898   13.3150   -0.1471
3900.9763   13.3112   -0.1756
3901.0664   13.3279   -0.0500
3900.6688   13.3045   -0.2257
3900.3506   13.2996   -0.2621
3900.4485   13.3052   -0.2199
3899.8309   13.3078   -0.2009
3899.4909   13.3134   -0.1588
3899.5828   13.3208   -0.1031
3900.0190   13.3165   -0.1351
3899.6828   13.3258   -0.0657
3899.7897   13.3169   -0.1328
3899.3393   13.3351    0.0038
3898.9917   13.3347    0.0013
3899.1027   13.3249   -0.0724
3900.1659   13.3019   -0.2453
3900.4926   13.2998   -0.2606
3900.2550   13.3043   -0.2270
3898.0976   13.3156   -0.1421
3897.7542   13.3255   -0.0679
3897.8074   13.3224   -0.0909
3898.2238   13.3191   -0.1163
3897.8744   13.3266   -0.0594
3897.9545   13.3327   -0.0140
3897.5270   13.3294   -0.0387
3897.1846   13.3257   -0.0669
3897.2591   13.3243   -0.0772
3898.4006   13.3350    0.0030
3898.0490   13.3327   -0.0142
3898.1544   13.3479    0.1000
3898.6245   13.3377    0.0236
3898.2721   13.3366    0.0151
3898.4006   13.3326   -0.0151
3897.9191   13.3382    0.0274
3897.5688   13.3298   -0.0356
3897.6969   13.3332   -0.0105
3897.0027   13.3311   -0.0260
3896.6676   13.3168   -0.1330
3896.7640   13.3229   -0.0878
3897.2183   13.3315   -0.0231
3896.8769   13.3352    0.0047
3897.0050   13.3300   -0.0344
3896.5418   13.3278   -0.0510
3896.2159   13.3161   -0.1384
3896.3381   13.3176   -0.1269
3897.3470   13.3374    0.0211
3897.6968   13.3304   -0.0314
3897.4506   13.3422    0.0574
3898.4538   13.3031   -0.2358
3898.8106   13.2926   -0.3148
3899.1646   13.2840   -0.3789
3898.5134   13.3079   -0.2002
3898.5853   13.3119   -0.1700
3899.5185   13.2789   -0.4175
3899.8630   13.2785   -0.4204
3900.2009   13.2837   -0.3815
3899.9312   13.2854   -0.3685
3899.6625   13.2965   -0.2853
3898.6709   13.3180   -0.1239
3898.7667   13.3262   -0.0630
3899.3937   13.3072   -0.2049
3899.1313   13.3208   -0.1029
3898.8740   13.3454    0.0815
3898.9476   13.3073   -0.2044
3899.2311   13.2916   -0.3223
3899.3078   13.2986   -0.2694
3895.8405   13.3552    0.1550
3895.5386   13.3533    0.1408
3895.5506   13.3465    0.0896
3895.3904   13.3484    0.1040
3895.2655   13.3459    0.0850
3895.2494   13.3513    0.1258
3894.9756   13.3541    0.1464
3895.3534   13.3493    0.1104
3895.1637   13.3501    0.1167
3895.0875   13.3472    0.0950
3895.2536   13.3463    0.0877
3895.0362   13.3511    0.1237
3895.0103   13.3360    0.0110
3894.8374   13.3490    0.1080
3894.6592   13.3501    0.1164
3894.6055   13.3459    0.0847
3894.7149   13.3509    0.1222
3894.4745   13.3582    0.1769
3894.5001   13.3559    0.1597
3894.3649   13.3634    0.2166
3894.2830   13.3650    0.2282
3894.2519   13.3674    0.2461
3894.0493   13.3849    0.3776
3894.8438   13.3505    0.1195
3894.9939   13.3465    0.0894
3894.7380   13.3504    0.1190
3895.2536   13.3073   -0.2044
3895.0103   13.3169   -0.1325
3895.0362   13.3013   -0.2492
3895.3534   13.2947   -0.2987
3895.0875   13.2970   -0.2814
3895.1637   13.3057   -0.2164
3894.8374   13.3053   -0.2196
3894.6055   13.3241   -0.0783
3894.6592   13.3147   -0.1486
3895.5506   13.2995   -0.2627
3895.2655   13.2928   -0.3135
3895.3904   13.2770   -0.4321
3895.8405   13.3029   -0.2378
3895.5386   13.2942   -0.3029
3895.7089   13.3094   -0.1888
3895.2494   13.2935   -0.3083
3894.9756   13.2982   -0.2726
3895.1294   13.3245   -0.0752
3894.5001   13.2953   -0.2943
3894.2830   13.3091   -0.1907
3894.3649   13.2927   -0.3141
3894.7149   13.2924   -0.3160
3894.4745   13.2905   -0.3303
3894.6106   13.3019   -0.2450
3894.2519   13.3059   -0.2150
3894.0493   13.3087   -0.1940
3894.1623   13.3076   -0.2025
3894.7380   13.2856   -0.3671
3894.9939   13.2805   -0.4051
3894.8438   13.2723   -0.4669
3893.8590   13.3789    0.3324
3893.6990   13.3752    0.3048
3893.7341   13.3671    0.2437
3893.6358   13.3736    0.2927
3893.6041   13.3671    0.2439
3893.5608   13.3771    0.3189
3893.4456   13.3757    0.3084
3893.7341   13.3528    0.1365
3893.6041   13.3648    0.2268
3893.6358   13.3472    0.0945
3893.8590   13.3157   -0.1417
3893.6990   13.3231   -0.0862
3893.7931   13.3173   -0.1292
3893.5608   13.3295   -0.0380
3893.4456   13.3417    0.0538
3893.5098   13.3292   -0.0399
3893.3528   13.3725    0.2848
3893.2848   13.3816    0.3525
3893.3528   13.3541    0.1468
3893.2848   13.3774    0.3215
3893.3180   13.3482    0.1024
3893.2408   13.3748    0.3020
3893.2211   13.3439    0.0704
3893.4127   13.3685    0.2547
3893.4967   13.3657    0.2336
3893.4127   13.3731    0.2890
3893.9565   13.3884    0.4039
3894.0776   13.3899    0.4147
3894.2213   13.3753    0.3054
3893.8941   13.3778    0.3244
3893.8628   13.3705    0.2698
3894.3891   13.3541    0.1467
3894.5761   13.3229   -0.0878
3894.7839   13.3105   -0.1801
3894.5761   13.3299   -0.0349
3894.3891   13.3418    0.0543
3893.8628   13.3462    0.0869
3893.8941   13.3284   -0.0465
3894.2213   13.3159   -0.1403
3894.0776   13.3157   -0.1412
3893.9565   13.3174   -0.1289
3894.0152   13.3558    0.1592
3894.1913   13.3789    0.3322
3894.1913   13.3436    0.0675
3896.0509   13.3517    0.1289
3896.2807   13.3438    0.0692
3896.5277   13.3370    0.0182
3895.9070   13.3427    0.0610
3895.7859   13.3472    0.0945
3896.7939   13.3203   -0.1066
3897.0716   13.3190   -0.1164
3897.3628   13.3113   -0.1748
3897.6644   13.2986   -0.2700
3896.9781   13.3120   -0.1691
3896.6043   13.3162   -0.1380
3896.9049   13.3128   -0.1633
3895.6870   13.3436    0.0678
3895.6130   13.3303   -0.0320
3896.2390   13.3111   -0.1756
3895.8928   13.3172   -0.1301
3896.1898   13.3071   -0.2063
3895.5631   13.3327   -0.0143
3895.5378   13.3345   -0.0008
3896.0403   13.3315   -0.0227
3896.4107   13.3232   -0.0854
3896.3141   13.3166   -0.1348
3897.9915   13.2896   -0.3369
3898.3098   13.2805   -0.4052
3898.6343   13.2713   -0.4744
3898.9613   13.2690   -0.4917
3898.2744   13.2817   -0.3965
3897.9189   13.2945   -0.3002
3898.2567   13.2872   -0.3549
3899.2938   13.2655   -0.5180
3899.6214   13.2649   -0.5223
3899.9471   13.2655   -0.5181
3899.6214   13.2604   -0.5559
3899.2938   13.2575   -0.5778
3898.2567   13.2813   -0.3991
3897.9189   13.3056   -0.2173
3898.2744   13.2923   -0.3167
3898.9613   13.2523   -0.6167
3898.6343   13.2711   -0.4761
3898.3098   13.2945   -0.3008
3897.9915   13.3092   -0.1906
3898.5998   13.2735   -0.4581
3898.9468   13.2704   -0.4812
3898.9468   13.2641   -0.5288
3895.5378   13.3179   -0.1252
3895.5631   13.3067   -0.2090
3896.1898   13.3207   -0.1040
3895.8928   13.3074   -0.2036
3896.2390   13.3135   -0.1580
3895.6130   13.2910   -0.3267
3895.6870   13.2961   -0.2887
3896.9049   13.3260   -0.0642
3896.6043   13.3214   -0.0984
3896.9781   13.3177   -0.1267
3897.6644   13.3211   -0.1006
3897.3628   13.3302   -0.0330
3897.0716   13.3141   -0.1538
3896.7939   13.3061   -0.2138
3895.7859   13.2920   -0.3195
3895.9070   13.3025   -0.2407
3896.5277   13.3218   -0.0959
3896.2807   13.3047   -0.2239
3896.0509   13.3154   -0.1434
3896.0403   13.2964   -0.2859
3896.3141   13.2910   -0.3265
3896.4107   13.2980   -0.2741
3895.8419   13.3250   -0.0719
3896.1658   13.3262   -0.0631
3896.5056   13.3116   -0.1723
3896.1658   13.3243   -0.0767
3896.5056   13.3247   -0.0739
3896.8645   13.3126   -0.1646
3897.2310   13.3089   -0.1922
3897.6082   13.2976   -0.2774
3897.5704   13.3008   -0.2531
3897.5514   13.3122   -0.1675
3896.8645   13.3211   -0.1007
3897.2310   13.3216   -0.0970
3897.5514   13.3138   -0.1556
3897.5704   13.3157   -0.1415
3897.6082   13.3155   -0.1432
3896.8416   13.3267   -0.0589
3896.8416   13.3242   -0.0780
3897.1916   13.3279   -0.0496
3900.9763   13.3301   -0.0336
3900.8898   13.3272   -0.0554
3900.8080   13.3411    0.0488
3900.6688   13.3211   -0.1008
3900.3506   13.3122   -0.1679
3900.7293   13.3320   -0.0194
3900.6571   13.3341   -0.0034
3900.5900   13.3449    0.0776
3900.5289   13.3471    0.0941
3900.3369   13.3323   -0.0171
3900.0841   13.3276   -0.0522
3900.0078   13.3409    0.0473
3900.0190   13.3210   -0.1020
3899.6828   13.3387    0.0306
3899.8309   13.3258   -0.0654
3899.5828   13.3281   -0.0481
3899.4909   13.3329   -0.0129
3899.3393   13.3388    0.0317
3898.9917   13.3305   -0.0302
3900.2550   13.3422    0.0575
3900.4926   13.3337   -0.0066
3900.1659   13.3270   -0.0564
3900.4689   13.3513    0.1255
3900.4201   13.3542    0.1469
3900.3776   13.3441    0.0716
3900.3419   13.3368    0.0167
3900.0916   13.3478    0.0989
3899.8042   13.3478    0.0993
3899.7556   13.3409    0.0478
3900.3122   13.3325   -0.0154
3900.2903   13.3457    0.0835
3900.2752   13.3480    0.1008
3900.2674   13.3435    0.0672
3899.9654   13.3422    0.0575
3899.6530   13.3390    0.0329
3899.6348   13.3470    0.0934
3899.4099   13.3414    0.0512
3899.1123   13.3540    0.1461
3899.0631   13.3299   -0.0348
3899.3366   13.3403    0.0431
3899.0237   13.3352    0.0046
3898.9945   13.3495    0.1122
3898.7129   13.3413    0.0505
3898.4073   13.3564    0.1638
3898.3625   13.3479    0.1002
3899.7122   13.3279   -0.0502
3900.0139   13.3350    0.0032
3899.6778   13.3347    0.0011
3898.6245   13.3353    0.0055
3898.2721   13.3343   -0.0017
3898.4006   13.3430    0.0634
3898.1544   13.3469    0.0927
3898.0490   13.3463    0.0879
3897.9191   13.3432    0.0647
3897.5688   13.3480    0.1005
3898.2238   13.3537    0.1437
3897.9545   13.3484    0.1037
3897.8744   13.3558    0.1591
3898.0976   13.3578    0.1741
3897.8074   13.3580    0.1759
3897.7542   13.3725    0.2845
3897.5270   13.3567    0.1661
3897.2591   13.3547    0.1511
3897.1846   13.3665    0.2397
3897.2183   13.3465    0.0894
3896.8769   13.3428    0.0620
3897.0027   13.3467    0.0912
3896.7640   13.3408    0.0465
3896.6676   13.3487    0.1060
3896.5418   13.3351    0.0044
3896.2159   13.3186   -0.1199
3897.4506   13.3409    0.0472
3897.6968   13.3445    0.0746
3897.3470   13.3445    0.0747
3898.8740   13.3308   -0.0281
3899.1313   13.3349    0.0023
3899.3937   13.3376    0.0226
3898.7667   13.3395    0.0372
3898.6709   13.3418    0.0543
3899.6625   13.3456    0.0824
3899.9312   13.3495    0.1123
3900.2009   13.3472    0.0946
3899.8630   13.3518    0.1292
3899.5185   13.3522    0.1323
3898.5853   13.3538    0.1440
3898.5134   13.3577    0.1734
3899.1646   13.3503    0.1179
3898.8106   13.3515    0.1269
3898.4538   13.3541    0.1462
3898.9476   13.3476    0.0979
3899.3078   13.3441    0.0719
3899.2311   13.3511    0.1239
3900.2674   13.3347    0.0012
3900.2752   13.3432    0.0644
3900.2903   13.3496    0.1130
3900.3122   13.3523    0.1330
3899.9654   13.3429    0.0627
3899.6348   13.3412    0.0499
3899.6530   13.3495    0.1119
3900.3419   13.3503    0.1176
3900.3776   13.3551    0.1540
3900.4201   13.3572    0.1698
3900.4689   13.3604    0.1936
3900.0916   13.3505    0.1195
3899.7556   13.3538    0.1444
3899.8042   13.3492    0.1096
3899.3366   13.3539    0.1452
3898.9945   13.3548    0.1519
3899.0237   13.3571    0.1692
3899.4099   13.3566    0.1656
3899.0631   13.3497    0.1132
3899.1123   13.3511    0.1242
3898.7129   13.3573    0.1703
3898.3625   13.3629    0.2127
3898.4073   13.3562    0.1620
3899.6778   13.3536    0.1429
3900.0139   13.3488    0.1071
3899.7122   13.3549    0.1529
3900.5289   13.3654    0.2311
3900.5900   13.3667    0.2409
3900.6571   13.3661    0.2366
3900.7293   13.3631    0.2138
3900.3369   13.3618    0.2043
3900.0078   13.3646    0.2255
3900.0841   13.3656    0.2331
3900.8080   13.3621    0.2062
3900.8898   13.3653    0.2304
3900.9763   13.3620    0.2060
3901.0664   13.3736    0.2929
3900.6688   13.3698    0.2642
3900.3506   13.3704    0.2684
3900.4485   13.3778    0.3240
3899.8309   13.3666    0.2400
3899.4909   13.3627    0.2112
3899.5828   13.3661    0.2364
3900.0190   13.3719    0.2801
3899.6828   13.3722    0.2821
3899.7897   13.3720    0.2806
3899.3393   13.3634    0.2163
3898.9917   13.3602    0.1924
3899.1027   13.3670    0.2433
3900.1659   13.3650    0.2284
3900.4926   13.3588    0.1820
3900.2550   13.3698    0.2642
3898.0976   13.3589    0.1824
3897.7542   13.3604    0.1940
3897.8074   13.3555    0.1568
3898.2238   13.3565    0.1648
3897.8744   13.3597    0.1887
3897.9545   13.3585    0.1793
3897.5270   13.3592    0.1845
3897.1846   13.3638    0.2195
3897.2591   13.3589    0.1826
3898.4006   13.3559    0.1596
3898.0490   13.3522    0.1324
3898.1544   13.3585    0.1797
3898.6245   13.3607    0.1961
3898.2721   13.3651    0.2292
3898.4006   13.3661    0.2363
3897.9191   13.3681    0.2517
3897.5688   13.3642    0.2225
3897.6969   13.3734    0.2913
3897.0027   13.3705    0.2698
3896.6676   13.3683    0.2533
3896.7640   13.3619    0.2048
3897.2183   13.3621    0.2063
3896.8769   13.3615    0.2019
3897.0050   13.3682    0.2523
3896.5418   13.3625    0.2095
3896.2159   13.3561    0.1615
3896.3381   13.3619    0.2048
3897.3470   13.3658    0.2345
3897.6968   13.3560    0.1604
3897.4506   13.3596    0.1875
3898.4538   13.3537    0.1432
3898.8106   13.3528    0.1369
3899.1646   13.3537    0.1439
3898.5134   13.3598    0.1893
3898.5853   13.3558    0.1593
3899.5185   13.3544    0.1490
3899.8630   13.3538    0.1442
3900.2009   13.3571    0.1689
3899.9312   13.3614    0.2010
3899.6625   13.3619    0.2050
3898.6709   13.3515    0.1273
3898.7667   13.3597    0.1889
3899.3937   13.3625    0.2094
3899.1313   13.3588    0.1817
3898.8740   13.3618    0.2042
3898.9476   13.3589    0.1825
3899.2311   13.3579    0.1752
3899.3078   13.3599    0.1903
3895.8405   13.3172   -0.1302
3895.5386   13.3260   -0.0642
3895.5506   13.3361    0.0113
3895.3904   13.3325   -0.0152
3895.2655   13.3462    0.0874
3895.2494   13.3320   -0.0191
3894.9756   13.3332   -0.0106
3895.3534   13.3346    0.0002
3895.1637   13.3281   -0.0486
3895.0875   13.3358    0.0091
3895.2536   13.3477    0.0987
3895.0362   13.3478    0.0995
3895.0103   13.3342   -0.0029
3894.8374   13.3437    0.0688
3894.6592   13.3385    0.0297
3894.6055   13.3354    0.0063
3894.7149   13.3169   -0.1328
3894.4745   13.2979   -0.2753
3894.5001   13.3391    0.0338
3894.3649   13.3330   -0.0118
3894.2830   13.3244   -0.0762
3894.2519   13.3017   -0.2463
3894.0493   13.3080   -0.1995
3894.8438   13.3369    0.0175
3894.9939   13.3380    0.0257
3894.7380   13.3300   -0.0344
3895.2536   13.3327   -0.0140
3895.0103   13.3423    0.0582
3895.0362   13.3461    0.0864
3895.3534   13.3438    0.0696
3895.0875   13.3455    0.0822
3895.1637   13.3524    0.1339
3894.8374   13.3518    0.1292
3894.6055   13.3564    0.1636
3894.6592   13.3648    0.2269
3895.5506   13.3536    0.1430
3895.2655   13.3530    0.1385
3895.3904   13.3605    0.1943
3895.8405   13.3564    0.1640
3895.5386   13.3544    0.1485
3895.7089   13.3552    0.1545
3895.2494   13.3574    0.1713
3894.9756   13.3632    0.2147
3895.1294   13.3535    0.1423
3894.5001   13.3773    0.3205
3894.2830   13.3796    0.3380
3894.3649   13.3781    0.3268
3894.7149   13.3647    0.2261
3894.4745   13.3649    0.2272
3894.6106   13.3636    0.2179
3894.2519   13.3703    0.2680
3894.0493   13.3806    0.3451
3894.1623   13.3627    0.2112
3894.7380   13.3679    0.2501
3894.9939   13.3581    0.1766
3894.8438   13.3639    0.2197
3893.8590   13.3175   -0.1279
3893.6990   13.3310   -0.0265
3893.7341   13.3626    0.2104
3893.6358   13.3746    0.3005
3893.6041   13.3789    0.3324
3893.5608   13.3541    0.1462
3893.4456   13.3782    0.3274
3893.7341   13.3882    0.4021
3893.6041   13.3860    0.3857
3893.6358   13.3887    0.4057
3893.8590   13.3903    0.4183
3893.6990   13.3883    0.4032
3893.7931   13.3687    0.2558
3893.5608   13.3855    0.3822
3893.4456   13.3821    0.3565
3893.5098   13.3745    0.2997
3893.3528   13.3804    0.3437
3893.2848   13.3659    0.2350
3893.3528   13.3750    0.3032
3893.2848   13.3706    0.2703
3893.3180   13.3604    0.1934
3893.2408   13.3669    0.2424
3893.2211   13.3527    0.1361
3893.4127   13.3651    0.2291
3893.4967   13.3815    0.3516
3893.4127   13.3910    0.4234
3893.9565   13.3346    0.0003
3894.0776   13.3394    0.0363
3894.2213   13.3393    0.0354
3893.8941   13.3457    0.0831
3893.8628   13.3655    0.2319
3894.3891   13.3513    0.1251
3894.5761   13.3521    0.1312
3894.7839   13.3474    0.0963
3894.5761   13.3619    0.2053
3894.3891   13.3616    0.2030
3893.8628   13.3997    0.4882
3893.8941   13.3884    0.4039
3894.2213   13.3794    0.3365
3894.0776   13.3855    0.3821
3893.9565   13.3909    0.4228
3894.0152   13.3727    0.2863
3894.1913   13.3648    0.2271
3894.1913   13.3719    0.2800
3896.0509   13.3060   -0.2139
3896.2807   13.3279   -0.0497
3896.5277   13.3589    0.1822
3895.9070   13.3272   -0.0549
3895.7859   13.3414    0.0509
3896.7939   13.3613    0.2008
3897.0716   13.3654    0.2313
3897.3628   13.3634    0.2160
3897.6644   13.3538    0.1440
3896.9781   13.3560    0.1605
3896.6043   13.3493    0.1101
3896.9049   13.3556    0.1580
3895.6870   13.3451    0.0793
3895.6130   13.3291   -0.0408
3896.2390   13.3290   -0.0414
3895.8928   13.3416    0.0531
3896.1898   13.3370    0.0180
3895.5631   13.3518    0.1294
3895.5378   13.3483    0.1031
3896.0403   13.3382    0.0274
3896.4107   13.3473    0.0956
3896.3141   13.3466    0.0905
3897.9915   13.3498    0.1143
3898.3098   13.3470    0.0932
3898.6343   13.3442    0.0725
3898.9613   13.3406    0.0453
3898.2744   13.3471    0.0941
3897.9189   13.3584    0.1786
3898.2567   13.3589    0.1827
3899.2938   13.3342   -0.0030
3899.6214   13.3333   -0.0096
3899.9471   13.3322   -0.0179
3899.6214   13.3359    0.0102
3899.2938   13.3460    0.0854
3898.2567   13.3619    0.2047
3897.9189   13.3673    0.2455
3898.2744   13.3570    0.1684
3898.9613   13.3434    0.0666
3898.6343   13.3538    0.1442
3898.3098   13.3597    0.1882
3897.9915   13.3652    0.2299
3898.5998   13.3578    0.1741
3898.9468   13.3416    0.0525
3898.9468   13.3539    0.1446
3895.5378   13.3371    0.0188
3895.5631   13.3411    0.0490
3896.1898   13.3644    0.2239
3895.8928   13.3414    0.0515
3896.2390   13.3453    0.0802
3895.6130   13.3346    0.0000
3895.6870   13.3438    0.0693
3896.9049   13.3712    0.2750
3896.6043   13.3487    0.1062
3896.9781   13.3497    0.1135
3897.6644   13.3687    0.2557
3897.3628   13.3592    0.1847
3897.0716   13.3480    0.1007
3896.7939   13.3555    0.1568
3895.7859   13.3505    0.1196
3895.9070   13.3588    0.1816
3896.5277   13.3605    0.1943
3896.2807   13.3600    0.1909
3896.0509   13.3583    0.1779
3896.0403   13.3449    0.0771
3896.3141   13.3421    0.0563
3896.4107   13.3498    0.1139
3895.8419   13.3496    0.1130
3896.1658   13.3437    0.0683
3896.5056   13.3397    0.0386
3896.1658   13.3517    0.1284
3896.5056   13.3541    0.1469
3896.8645   13.3403    0.0426
3897.2310   13.3508    0.1216
3897.6082   13.3464    0.0885
3897.5704   13.3578    0.1740
3897.5514   13.3586    0.1806
3896.8645   13.3581    0.1764
3897.2310   13.3634    0.2160
3897.5514   13.3688    0.2567
3897.5704   13.3556    0.1577
3897.6082   13.3665    0.2391
3896.8416   13.3534    0.1413
3896.8416   13.3522    0.1323
3897.1916   13.3650    0.2282
3900.9763   13.3814    0.3515
3900.8898   13.3808    0.3470
3900.8080   13.3781    0.3268
3900.6688   13.3796    0.3375
3900.3506   13.3746    0.3002
3900.7293   13.3682    0.2520
3900.6571   13.3570    0.1679
3900.5900   13.3470    0.0929
3900.5289   13.3377    0.0234
3900.3369   13.3538    0.1444
3900.0841   13.3581    0.1765
3900.0078   13.3488    0.1065
3900.0190   13.3687    0.2560
3899.6828   13.3668    0.2416
3899.8309   13.3643    0.2230
3899.5828   13.3596    0.1877
3899.4909   13.3600    0.1911
3899.3393   13.3636    0.2176
3898.9917   13.3654    0.2314
3900.2550   13.3704    0.2686
3900.4926   13.3729    0.2875
3900.1659   13.3661    0.2365
3900.4689   13.3318   -0.0208
3900.4201   13.3319   -0.0197
3900.3776   13.3371    0.0187
3900.3419   13.3320   -0.0195
3900.0916   13.3514    0.1262
3899.8042   13.3517    0.1282
3899.7556   13.3584    0.1785
3900.3122   13.3269   -0.0578
3900.2903   13.3285   -0.0455
3900.2752   13.3284   -0.0466
3900.2674   13.3343   -0.0017
3899.9654   13.3392    0.0345
3899.6530   13.3458    0.0842
3899.6348   13.3466    0.0903
3899.4099   13.3577    0.1737
3899.1123   13.3587    0.1812
3899.0631   13.3522    0.1322
3899.3366   13.3510    0.1231
3899.0237   13.3512    0.1248
3898.9945   13.3501    0.1163
3898.7129   13.3446    0.0751
3898.4073   13.3420    0.0555
3898.3625   13.3393    0.0355
3899.7122   13.3555    0.1568
3900.0139   13.3491    0.1088
3899.6778   13.3487    0.1063
3898.6245   13.3650    0.2282
3898.2721   13.3606    0.1954
3898.4006   13.3612    0.2000
3898.1544   13.3580    0.1755
3898.0490   13.3586    0.1804
3897.9191   13.3618    0.2041
3897.5688   13.3633    0.2158
3898.2238   13.3586    0.1803
3897.9545   13.3571    0.1689
3897.8744   13.3540    0.1458
3898.0976   13.3402    0.0425
3897.8074   13.3493    0.1106
3897.7542   13.3386    0.0304
3897.5270   13.3506    0.1202
3897.2591   13.3584    0.1789
3897.1846   13.3532    0.1400
3897.2183   13.3652    0.2295
3896.8769   13.3640    0.2209
3897.0027   13.3650    0.2285
3896.7640   13.3602    0.1920
3896.6676   13.3628    0.2115
3896.5418   13.3589    0.1824
3896.2159   13.3528    0.1369
3897.4506   13.3579    0.1748
3897.6968   13.3586    0.1805
3897.3470   13.3636    0.2180
3898.8740   13.3559    0.1601
3899.1313   13.3599    0.1899
3899.3937   13.3631    0.2140
3898.7667   13.3604    0.1936
3898.6709   13.3554    0.1563
3899.6625   13.3610    0.1981
3899.9312   13.3503    0.1178
3900.2009   13.3429    0.0628
3899.8630   13.3488    0.1066
3899.5185   13.3612    0.2001
3898.5853   13.3621    0.2064
3898.5134   13.3530    0.1384
3899.1646   13.3642    0.2222
3898.8106   13.3528    0.1366
3898.4538   13.3469    0.0926
3898.9476   13.3684    0.2541
3899.3078   13.3664    0.2388
3899.2311   13.3656    0.2324
3900.2674   13.3406    0.0450
3900.2752   13.3460    0.0857
3900.2903   13.3546    0.1501
3900.3122   13.3653    0.2304
3899.9654   13.3550    0.1534
3899.6348   13.3505    0.1192
3899.6530   13.3558    0.1594
3900.3419   13.3736    0.2927
3900.3776   13.3827    0.3607
3900.4201   13.3951    0.4543
3900.4689   13.3919    0.4300
3900.0916   13.3763    0.3129
3899.7556   13.3680    0.2510
3899.8042   13.3700    0.2657
3899.3366   13.3425    0.0592
3898.9945   13.3427    0.0609
3899.0237   13.3381    0.0268
3899.4099   13.3593    0.1851
3899.0631   13.3419    0.0550
3899.1123   13.3466    0.0899
3898.7129   13.3312   -0.0255
3898.3625   13.3099   -0.1852
3898.4073   13.3123   -0.1671
3899.6778   13.3505    0.1192
3900.0139   13.3675    0.2467
3899.7122   13.3696    0.2628
3900.5289   13.3825    0.3598
3900.5900   13.3798    0.3396
3900.6571   13.3812    0.3499
3900.7293   13.3757    0.3084
3900.3369   13.3779    0.3249
3900.0078   13.3776    0.3224
3900.0841   13.3766    0.3149
3900.8080   13.3807    0.3462
3900.8898   13.3743    0.2977
3900.9763   13.3567    0.1656
3900.6688   13.3575    0.1721
3900.3506   13.3615    0.2019
3899.8309   13.3783    0.3279
3899.4909   13.3874    0.3962
3899.5828   13.3803    0.3430
3900.0190   13.3657    0.2331
3899.6828   13.3760    0.3109
3899.3393   13.3837    0.3688
3898.9917   13.3764    0.3135
3900.1659   13.3702    0.2671
3900.4926   13.3688    0.2570
3900.2550   13.3647    0.2263
3898.0976   13.2963   -0.2873
3897.7542   13.2920   -0.3189
3897.8074   13.2925   -0.3156
3898.2238   13.3102   -0.1826
3897.8744   13.3004   -0.2561
3897.9545   13.3088   -0.1935
3897.5270   13.2959   -0.2897
3897.1846   13.2755   -0.4428
3897.2591   13.2804   -0.4064
3898.4006   13.3458    0.0846
3898.0490   13.3232   -0.0849
3898.1544   13.3396    0.0378
3898.6245   13.3654    0.2315
3898.2721   13.3437    0.0685
3897.9191   13.3382    0.0270
3897.5688   13.3311   -0.0259
3897.0027   13.2816   -0.3968
3896.6676   13.2983   -0.2722
3896.7640   13.3033   -0.2342
3897.2183   13.3083   -0.1971
3896.8769   13.3141   -0.1535
3896.5418   13.3206   -0.1045
3896.2159   13.3419    0.0553
3897.3470   13.2937   -0.3064
3897.6968   13.3149   -0.1477
3897.4506   13.3122   -0.1679
3898.4538   13.3155   -0.1430
3898.8106   13.3329   -0.0123
3899.1646   13.3523    0.1333
3898.5134   13.3191   -0.1157
3898.5853   13.3302   -0.0328
3899.5185   13.3633    0.2153
3899.8630   13.3682    0.2521
3900.2009   13.3776    0.3228
3899.9312   13.3741    0.2965
3899.6625   13.3744    0.2988
3898.6709   13.3487    0.1057
3898.7667   13.3679    0.2501
3899.3937   13.3829    0.3625
3899.1313   13.3822    0.3572
3898.8740   13.3736    0.2927
3898.9476   13.3516    0.1276
3899.2311   13.3602    0.1919
3899.3078   13.3714    0.2761
3895.8405   13.3490    0.1085
3895.5386   13.3510    0.1232
3895.5506   13.3576    0.1729
3895.3904   13.3564    0.1635
3895.2655   13.3583    0.1783
3895.2494   13.3601    0.1916
3894.9756   13.3604    0.1934
3895.3534   13.3610    0.1986
3895.1637   13.3559    0.1599
3895.0875   13.3605    0.1944
3895.2536   13.3629    0.2128
3895.0362   13.3649    0.2275
3895.0103   13.3600    0.1906
3894.8374   13.3612    0.1997
3894.6592   13.3590    0.1833
3894.6055   13.3624    0.2090
3894.7149   13.3634    0.2160
3894.4745   13.3602    0.1926
3894.5001   13.3643    0.2231
3894.3649   13.3606    0.1953
3894.2830   13.3640    0.2205
3894.2519   13.3529    0.1375
3894.0493   13.3456    0.0830
3894.8438   13.3690    0.2580
3894.9939   13.3578    0.1745
3894.7380   13.3633    0.2157
3895.2536   13.3564    0.1638
3895.0103   13.3558    0.1594
3895.0362   13.3569    0.1675
3895.3534   13.3581    0.1767
3895.0875   13.3556    0.1580
3895.1637   13.3654    0.2316
3894.8374   13.3577    0.1733
3894.6055   13.3672    0.2447
3894.6592   13.3676    0.2480
3895.5506   13.3663    0.2378
3895.2655   13.3720    0.2811
3895.3904   13.3674    0.2466
3895.8405   13.3597    0.1887
3895.5386   13.3643    0.2226
3895.2494   13.3637    0.2187
3894.9756   13.3721    0.2817
3894.5001   13.3693    0.2602
3894.2830   13.3616    0.2029
3894.3649   13.3652    0.2297
3894.7149   13.3697    0.2633
3894.4745   13.3614    0.2010
3894.2519   13.3569    0.1678
3894.0493   13.3530    0.1379
3894.7380   13.3836    0.3680
3894.9939   13.3776    0.3225
3894.8438   13.3846    0.3755
3893.8590   13.3412    0.0497
3893.6990   13.3411    0.0493
3893.7341   13.3549    0.1526
3893.6358   13.3338   -0.0059
3893.6041   13.3498    0.1144
3893.5608   13.3515    0.1270
3893.4456   13.3542    0.1470
3893.7341   13.3349    0.0026
3893.6041   13.3545    0.1496
3893.6358   13.3383    0.0283
3893.8590   13.3493    0.1105
3893.6990   13.3458    0.0840
3893.5608   13.3498    0.1144
3893.4456   13.3592    0.1844
3893.3528   13.3504    0.1185
3893.2848   13.3425    0.0593
3893.3528   13.3443    0.0728
3893.2848   13.3433    0.0653
3893.2408   13.3458    0.0839
3893.4127   13.3250   -0.0718
3893.4967   13.3364    0.0137
3893.4127   13.3367    0.0158
3893.9565   13.3390    0.0330
3894.0776   13.3642    0.2225
3894.2213   13.3453    0.0805
3893.8941   13.3597    0.1884
3893.8628   13.3457    0.0838
3894.3891   13.3545    0.1495
3894.5761   13.3610    0.1981
3894.7839   13.3602    0.1919
3894.5761   13.3610    0.1981
3894.3891   13.3611    0.1990
3893.8628   13.3399    0.0399
3893.8941   13.3475    0.0969
3894.2213   13.3577    0.1733
3894.0776   13.3549    0.1521
3893.9565   13.3536    0.1425
3894.0152   13.3437    0.0685
3894.1913   13.3533    0.1408
3894.1913   13.3564    0.1634
3896.0509   13.3500    0.1160
3896.2807   13.3570    0.1686
3896.5277   13.3647    0.2263
3895.9070   13.3538    0.1445
3895.7859   13.3620    0.2055
3896.7939   13.3545    0.1495
3897.0716   13.3471    0.0937
3897.3628   13.3348    0.0021
3897.6644   13.3290   -0.0414
3896.9781   13.3397    0.0386
3896.6043   13.3428    0.0617
3896.9049   13.3299   -0.0351
3895.6870   13.3655    0.2323
3895.6130   13.3690    0.2582
3896.2390   13.3498    0.1144
3895.8928   13.3567    0.1661
3896.1898   13.3350    0.0036
3895.5631   13.3601    0.1916
3895.5378   13.3513    0.1255
3896.0403   13.3687    0.2561
3896.4107   13.3561    0.1617
3896.3141   13.3603    0.1929
3897.9915   13.3277   -0.0513
3898.3098   13.3356    0.0079
3898.6343   13.3480    0.1006
3898.9613   13.3485    0.1044
3898.2744   13.3310   -0.0265
3897.9189   13.3194   -0.1137
3898.2567   13.3272   -0.0554
3899.2938   13.3574    0.1713
3899.6214   13.3472    0.0950
3899.9471   13.3401    0.0415
3899.6214   13.3475    0.0969
3899.2938   13.3532    0.1394
3898.2567   13.3229   -0.0876
3897.9189   13.3174   -0.1286
3898.2744   13.3180   -0.1246
3898.9613   13.3484    0.1037
3898.6343   13.3333   -0.0099
3898.3098   13.3137   -0.1563
3897.9915   13.3021   -0.2434
3898.5998   13.3372    0.0194
3898.9468   13.3479    0.1000
3898.9468   13.3502    0.1173
3895.5378   13.3435    0.0670
3895.5631   13.3367    0.0157
3896.1898   13.3031   -0.2362
3895.8928   13.3217   -0.0961
3896.2390   13.3027   -0.2392
3895.6130   13.3356    0.0077
3895.6870   13.3410    0.0486
3896.9049   13.2817   -0.3965
3896.6043   13.2899   -0.3348
3896.9781   13.2716   -0.4721
3897.6644   13.2873   -0.3543
3897.3628   13.2775   -0.4282
3897.0716   13.2717   -0.4716
3896.7939   13.2800   -0.4092
3895.7859   13.3463    0.0878
3895.9070   13.3479    0.0999
3896.5277   13.2945   -0.3002
3896.2807   13.3167   -0.1338
3896.0509   13.3402    0.0426
3896.0403   13.3170   -0.1319
3896.3141   13.3008   -0.2530
3896.4107   13.2984   -0.2716
3895.8419   13.3349    0.0028
3896.1658   13.3210   -0.1017
3896.5056   13.3222   -0.0929
3896.1658   13.3089   -0.1923
3896.5056   13.2963   -0.2873
3896.8645   13.3168   -0.1335
3897.2310   13.3220   -0.0945
3897.6082   13.3266   -0.0600
3897.5704   13.3160   -0.1393
3897.5514   13.3130   -0.1615
3896.8645   13.2855   -0.3677
3897.2310   13.2828   -0.3880
3897.5514   13.3069   -0.2073
3897.5704   13.2995   -0.2630
3897.6082   13.2966   -0.2846
3896.8416   13.2909   -0.3278
3896.8416   13.3014   -0.2489
3897.1916   13.3127   -0.1640
